USE x_shop_v2;

delete from cart;
delete from review;
delete from product;
delete from supplier;
delete from category;





INSERT INTO supplier (id, name, address, `version`) values (1, 'FPT Shop', 'Duy Tân, Hà Nội', 0);
INSERT INTO supplier (id, name, address, `version`) values (2, 'Xiamoi', 'Anhui, China', 0);
INSERT INTO supplier (id, name, address, `version`) values (3, 'Thế Giới Di Động', 'Hà Nội', 0);
INSERT INTO supplier (id, name, address, `version`) values (4, 'L''oreal', 'France', 0);
INSERT INTO supplier (id, name, address, `version`) values (5, 'Ponds', 'France', 0);
INSERT INTO supplier (id, name, address, `version`) values (6, 'Toshiba', 'Japan', 0);
INSERT INTO supplier (id, name, address, `version`) values (7, 'Azano', 'TP. Hồ Chí Minh', 0);
INSERT INTO supplier (id, name, address, `version`) values (8, 'Zara', 'Spain', 0);
INSERT INTO supplier (id, name, address, `version`) values (9, 'Salomon', 'American', 0);
INSERT INTO supplier (id, name, address, `version`) values (10, 'Electrolux', 'Germany', 0);

INSERT INTO category (id, name, parent_id, `level`) values( 1, 'Electronic Devices', NULL, 1);
INSERT INTO category (id, name, parent_id, `level`) values( 2, 'Electronic Accessories', NULL, 1);
INSERT INTO category (id, name, parent_id, `level`) values( 3, 'TV & Home Appliances', NULL, 1);
INSERT INTO category (id, name, parent_id, `level`) values( 4, 'Healthy & Beauty', NULL, 1);
INSERT INTO category (id, name, parent_id, `level`) values( 5, 'Babies & Toys', NULL, 1);
INSERT INTO category (id, name, parent_id, `level`) values( 6, 'Groceries & Pets', NULL, 1);
INSERT INTO category (id, name, parent_id, `level`) values( 7, 'Home & Lifestyle', NULL, 1);
INSERT INTO category (id, name, parent_id, `level`) values( 8, 'Woman''s Fashion', NULL, 1);
INSERT INTO category (id, name, parent_id, `level`) values( 9, 'Men''s Fashion', NULL, 1);
INSERT INTO category (id, name, parent_id, `level`) values( 10, 'Fashion Accessorie', NULL, 1);
INSERT INTO category (id, name, parent_id, `level`) values( 11, 'Sports & Travel', NULL, 1);
INSERT INTO category (id, name, parent_id, `level`) values( 12, 'Automotive & Motorcycles', NULL, 1);
INSERT INTO category (id, name, parent_id, `level`) values( 13, 'Mobiles', 1, 2);
INSERT INTO category (id, name, parent_id, `level`) values( 14, 'Tablets', 1, 2);
INSERT INTO category (id, name, parent_id, `level`) values( 15, 'Laptops', 1, 2);
INSERT INTO category (id, name, parent_id, `level`) values( 16, 'Desktops', 1, 2);
INSERT INTO category (id, name, parent_id, `level`) values( 17, 'Audio', 1, 2);
INSERT INTO category (id, name, parent_id, `level`) values( 18, 'Gaming Consoles', 1, 2);
INSERT INTO category (id, name, parent_id, `level`) values( 19, 'Action/Video Cameras', 1, 2);
INSERT INTO category (id, name, parent_id, `level`) values( 20, 'Security Cameras', 1, 2);
INSERT INTO category (id, name, parent_id, `level`) values( 21, 'Digital Cameras', 1, 2);
INSERT INTO category (id, name, parent_id, `level`) values( 22, 'Gadgets & App-enabled', 1, 2);
INSERT INTO category (id, name, parent_id, `level`) values( 23, 'Mobile Accessories', 2, 2);
INSERT INTO category (id, name, parent_id, `level`) values( 24, 'Computer Accessories', 2, 2);
INSERT INTO category (id, name, parent_id, `level`) values( 25, 'Network Components', 2, 2);
INSERT INTO category (id, name, parent_id, `level`) values( 26, 'Computer Components', 2, 2);
INSERT INTO category (id, name, parent_id, `level`) values( 27, 'Camera Accessories', 2, 2);
INSERT INTO category (id, name, parent_id, `level`) values( 28, 'Wearable', 2, 2);
INSERT INTO category (id, name, parent_id, `level`) values( 29, 'Storage', 2, 2);
INSERT INTO category (id, name, parent_id, `level`) values( 30, 'Console Accessories', 2, 2);
INSERT INTO category (id, name, parent_id, `level`) values( 31, 'Printers & Scanners', 2, 2);
INSERT INTO category (id, name, parent_id, `level`) values( 32, 'Tablet Accessories', 2, 2);
INSERT INTO category (id, name, parent_id, `level`) values( 33, 'TV & Video Devices', 3, 2);
INSERT INTO category (id, name, parent_id, `level`) values( 34, 'TV Accessories', 3, 2);
INSERT INTO category (id, name, parent_id, `level`) values( 35, 'Home Audio', 3, 2);
INSERT INTO category (id, name, parent_id, `level`) values( 36, 'Large Appliances', 3, 2);
INSERT INTO category (id, name, parent_id, `level`) values( 37, 'Small Kitchen Appliances', 3, 2);
INSERT INTO category (id, name, parent_id, `level`) values( 38, 'Cooling & Air Treatment', 3, 2);
INSERT INTO category (id, name, parent_id, `level`) values( 39, 'Vacuums & Floor Care', 3, 2);
INSERT INTO category (id, name, parent_id, `level`) values( 40, 'Iron & Sewing Machines', 3, 2);
INSERT INTO category (id, name, parent_id, `level`) values( 41, 'Personal Care Appliances', 3, 2);
INSERT INTO category (id, name, parent_id, `level`) values( 42, 'Parts & Accessories', 3, 2);
INSERT INTO category (id, name, parent_id, `level`) values( 43, 'Makeup', 4, 2);
INSERT INTO category (id, name, parent_id, `level`) values( 44, 'Skin Care', 4, 2);
INSERT INTO category (id, name, parent_id, `level`) values( 45, 'Hair Care', 4, 2);
INSERT INTO category (id, name, parent_id, `level`) values( 46, 'Beauty Tools', 4, 2);
INSERT INTO category (id, name, parent_id, `level`) values( 47, 'Fragrances', 4, 2);
INSERT INTO category (id, name, parent_id, `level`) values( 48, 'Men Care', 4, 2);
INSERT INTO category (id, name, parent_id, `level`) values( 49, 'Bath & Body', 4, 2);
INSERT INTO category (id, name, parent_id, `level`) values( 50, 'Food Supplements', 4, 2);
INSERT INTO category (id, name, parent_id, `level`) values( 51, 'Medical Supplies', 4, 2);
INSERT INTO category (id, name, parent_id, `level`) values( 52, 'Personal Care', 4, 2);
INSERT INTO category (id, name, parent_id, `level`) values( 53, 'Nursery', 5, 2);
INSERT INTO category (id, name, parent_id, `level`) values( 54, 'Feeding', 5, 2);
INSERT INTO category (id, name, parent_id, `level`) values( 55, 'Clothing & Accessories', 5, 2);
INSERT INTO category (id, name, parent_id, `level`) values( 56, 'Diapering & Potty', 5, 2);
INSERT INTO category (id, name, parent_id, `level`) values( 57, 'Baby Personal Care', 5, 2);
INSERT INTO category (id, name, parent_id, `level`) values( 58, 'Baby Gear', 5, 2);
INSERT INTO category (id, name, parent_id, `level`) values( 59, 'Baby & Toddler Toys', 5, 2);
INSERT INTO category (id, name, parent_id, `level`) values( 60, 'Figures & Collectibles', 5, 2);
INSERT INTO category (id, name, parent_id, `level`) values( 61, 'Sports & Outdoor Play', 5, 2);
INSERT INTO category (id, name, parent_id, `level`) values( 62, 'Remote Control & Vehicles', 5, 2);
INSERT INTO category (id, name, parent_id, `level`) values( 63, 'Breakfast', 6, 2);
INSERT INTO category (id, name, parent_id, `level`) values( 64, 'Dry & Packaged Foods', 6, 2);
INSERT INTO category (id, name, parent_id, `level`) values( 65, 'Beverages', 6, 2);
INSERT INTO category (id, name, parent_id, `level`) values( 66, 'Wines, Beers & Spirits', 6, 2);
INSERT INTO category (id, name, parent_id, `level`) values( 67, 'Laundry & Household', 6, 2);
INSERT INTO category (id, name, parent_id, `level`) values( 68, 'Candy & Chocolate', 6, 2);
INSERT INTO category (id, name, parent_id, `level`) values( 69, 'Tobacco', 6, 2);
INSERT INTO category (id, name, parent_id, `level`) values( 70, 'Snacks', 6, 2);
INSERT INTO category (id, name, parent_id, `level`) values( 71, 'Pet Supplies', 6, 2);
INSERT INTO category (id, name, parent_id, `level`) values( 72, 'Kitchen & Dining', 7, 2);
INSERT INTO category (id, name, parent_id, `level`) values( 73, 'Lighting', 7, 2);
INSERT INTO category (id, name, parent_id, `level`) values( 74, 'Bedding', 7, 2);
INSERT INTO category (id, name, parent_id, `level`) values( 75, 'Bath', 7, 2);
INSERT INTO category (id, name, parent_id, `level`) values( 76, 'Furniture', 7, 2);
INSERT INTO category (id, name, parent_id, `level`) values( 77, 'Decor', 7, 2);
INSERT INTO category (id, name, parent_id, `level`) values( 78, 'Tools, DIY & Outdoor', 7, 2);
INSERT INTO category (id, name, parent_id, `level`) values( 79, 'Stationery & Craft', 7, 2);
INSERT INTO category (id, name, parent_id, `level`) values( 80, 'Books', 7, 2);
INSERT INTO category (id, name, parent_id, `level`) values( 81, 'Music & Instruments', 7, 2);
INSERT INTO category (id, name, parent_id, `level`) values( 82, 'Clothing', 8, 2);
INSERT INTO category (id, name, parent_id, `level`) values( 83, 'Shoes', 8, 2);
INSERT INTO category (id, name, parent_id, `level`) values( 84, 'Bags', 8, 2);
INSERT INTO category (id, name, parent_id, `level`) values( 85, 'Accessories', 8, 2);
INSERT INTO category (id, name, parent_id, `level`) values( 86, 'Lingerie, Sleep & Lounge', 8, 2);
INSERT INTO category (id, name, parent_id, `level`) values( 87, 'Girls'' Clothing', 8, 2);
INSERT INTO category (id, name, parent_id, `level`) values( 88, 'Girls'' Shoes', 8, 2);
INSERT INTO category (id, name, parent_id, `level`) values( 89, 'Girls'' Accessories', 8, 2);
INSERT INTO category (id, name, parent_id, `level`) values( 90, 'Kids'' Bags', 8, 2);
INSERT INTO category (id, name, parent_id, `level`) values( 91, 'Clothing', 9, 2);
INSERT INTO category (id, name, parent_id, `level`) values( 92, 'Underwear', 9, 2);
INSERT INTO category (id, name, parent_id, `level`) values( 93, 'Shoes', 9, 2);
INSERT INTO category (id, name, parent_id, `level`) values( 94, 'Bags', 9, 2);
INSERT INTO category (id, name, parent_id, `level`) values( 95, 'Accessories', 9, 2);
INSERT INTO category (id, name, parent_id, `level`) values( 96, 'Boys'' Clothing', 9, 2);
INSERT INTO category (id, name, parent_id, `level`) values( 97, 'Boys'' Shoes', 9, 2);
INSERT INTO category (id, name, parent_id, `level`) values( 98, 'Boys'' Accessories', 9, 2);
INSERT INTO category (id, name, parent_id, `level`) values( 99, 'Kids'' Bags', 9, 2);
INSERT INTO category (id, name, parent_id, `level`) values( 100, 'Women''s Watches', 10, 2);
INSERT INTO category (id, name, parent_id, `level`) values( 101, 'Men''s Watches', 10, 2);
INSERT INTO category (id, name, parent_id, `level`) values( 102, 'Kids'' Watches', 10, 2);
INSERT INTO category (id, name, parent_id, `level`) values( 103, 'Sunglasses', 10, 2);
INSERT INTO category (id, name, parent_id, `level`) values( 104, 'Eyeglasses', 10, 2);
INSERT INTO category (id, name, parent_id, `level`) values( 105, 'Contact Lens', 10, 2);
INSERT INTO category (id, name, parent_id, `level`) values( 106, 'Women''s Jewellery', 10, 2);
INSERT INTO category (id, name, parent_id, `level`) values( 107, 'Men''s Jewellery', 10, 2);
INSERT INTO category (id, name, parent_id, `level`) values( 108, 'Eyewear Accessories', 10, 2);
INSERT INTO category (id, name, parent_id, `level`) values( 109, 'Travel', 11, 2);
INSERT INTO category (id, name, parent_id, `level`) values( 110, 'Exercise & Fitness', 11, 2);
INSERT INTO category (id, name, parent_id, `level`) values( 111, 'Outdoor Recreation', 11, 2);
INSERT INTO category (id, name, parent_id, `level`) values( 112, 'Men''s Clothing & Shoes', 11, 2);
INSERT INTO category (id, name, parent_id, `level`) values( 113, 'Women''s Clothing & Shoes', 11, 2);
INSERT INTO category (id, name, parent_id, `level`) values( 114, 'Racket Sports', 11, 2);
INSERT INTO category (id, name, parent_id, `level`) values( 115, 'Team Sports', 11, 2);
INSERT INTO category (id, name, parent_id, `level`) values( 116, 'Boxing & Martial Arts', 11, 2);
INSERT INTO category (id, name, parent_id, `level`) values( 117, 'Water Sports', 11, 2);
INSERT INTO category (id, name, parent_id, `level`) values( 118, 'Sports Accessories', 11, 2);
INSERT INTO category (id, name, parent_id, `level`) values( 119, 'Motorcycle', 12, 2);
INSERT INTO category (id, name, parent_id, `level`) values( 120, 'Automotive', 12, 2);
INSERT INTO category (id, name, parent_id, `level`) values( 121, 'Services & Installations', 12, 2);
INSERT INTO category (id, name, parent_id, `level`) values( 122, 'Motorcycle Riding Gear', 12, 2);
INSERT INTO category (id, name, parent_id, `level`) values( 123, 'Moto Oils & Fluids', 12, 2);
INSERT INTO category (id, name, parent_id, `level`) values( 124, 'Moto Parts & Spares', 12, 2);
INSERT INTO category (id, name, parent_id, `level`) values( 125, 'Exterior Auto Care', 12, 2);
INSERT INTO category (id, name, parent_id, `level`) values( 126, 'Auto Oils & Fluids', 12, 2);
INSERT INTO category (id, name, parent_id, `level`) values( 127, 'Auto Accessories', 12, 2);
INSERT INTO category (id, name, parent_id, `level`) values( 128, 'Wheel & Tire Installation', 12, 2);
INSERT INTO category (id, name, parent_id, `level`) values( 129, 'Traditional Laptops', 15, 3);
INSERT INTO category (id, name, parent_id, `level`) values( 130, 'Gaming', 15, 3);
INSERT INTO category (id, name, parent_id, `level`) values( 131, 'Macbooks', 15, 3);
INSERT INTO category (id, name, parent_id, `level`) values( 132, '2-in-1s', 15, 3);
INSERT INTO category (id, name, parent_id, `level`) values( 133, 'Live Sound & Stage Equipment', 17, 3);
INSERT INTO category (id, name, parent_id, `level`) values( 134, 'Home Entertainment', 17, 3);
INSERT INTO category (id, name, parent_id, `level`) values( 135, 'Portable Players', 17, 3);
INSERT INTO category (id, name, parent_id, `level`) values( 136, 'Smart Speakers', 17, 3);
INSERT INTO category (id, name, parent_id, `level`) values( 137, 'PlayStation Consoles', 18, 3);
INSERT INTO category (id, name, parent_id, `level`) values( 138, 'PlayStation Consoles', 18, 3);
INSERT INTO category (id, name, parent_id, `level`) values( 139, 'Playstation Games', 18, 3);
INSERT INTO category (id, name, parent_id, `level`) values( 140, 'Playstation Controllers', 18, 3);
INSERT INTO category (id, name, parent_id, `level`) values( 141, 'Nintendo Consoles', 18, 3);
INSERT INTO category (id, name, parent_id, `level`) values( 142, 'Nintendo Games', 18, 3);
INSERT INTO category (id, name, parent_id, `level`) values( 143, 'Nintendo Joy-Cons', 18, 3);
INSERT INTO category (id, name, parent_id, `level`) values( 144, 'Nintendo Screen Protectors', 18, 3);
INSERT INTO category (id, name, parent_id, `level`) values( 145, 'Xbox Consoles', 18, 3);
INSERT INTO category (id, name, parent_id, `level`) values( 146, 'Xbox Games', 18, 3);
INSERT INTO category (id, name, parent_id, `level`) values( 147, 'Other Gaming Consoles', 18, 3);
INSERT INTO category (id, name, parent_id, `level`) values( 148, 'Sports & Action Camera', 19, 3);
INSERT INTO category (id, name, parent_id, `level`) values( 149, 'Video Camera', 19, 3);
INSERT INTO category (id, name, parent_id, `level`) values( 150, 'Drones', 19, 3);
INSERT INTO category (id, name, parent_id, `level`) values( 151, '360 Cameras', 19, 3);
INSERT INTO category (id, name, parent_id, `level`) values( 152, 'Professional Video Camera', 19, 3);
INSERT INTO category (id, name, parent_id, `level`) values( 153, 'IP Security Cameras', 20, 3);
INSERT INTO category (id, name, parent_id, `level`) values( 154, 'CCTV Security Cameras', 20, 3);
INSERT INTO category (id, name, parent_id, `level`) values( 155, 'CCTV Security Systems', 20, 3);
INSERT INTO category (id, name, parent_id, `level`) values( 156, 'Dummy Cameras', 20, 3);
INSERT INTO category (id, name, parent_id, `level`) values( 157, 'IP Security Systems', 20, 3);
INSERT INTO category (id, name, parent_id, `level`) values( 158, 'Car Cameras', 20, 3);
INSERT INTO category (id, name, parent_id, `level`) values( 159, 'DSLR', 21, 3);
INSERT INTO category (id, name, parent_id, `level`) values( 160, 'Mirrorless', 21, 3);
INSERT INTO category (id, name, parent_id, `level`) values( 161, 'Instant Camera', 21, 3);
INSERT INTO category (id, name, parent_id, `level`) values( 162, 'Point & Shoot', 21, 3);
INSERT INTO category (id, name, parent_id, `level`) values( 163, 'Electronic Cigarettes', 22, 3);
INSERT INTO category (id, name, parent_id, `level`) values( 164, 'Walkie-Talkies', 22, 3);
INSERT INTO category (id, name, parent_id, `level`) values( 165, 'App-enabled Accessories', 22, 3);
INSERT INTO category (id, name, parent_id, `level`) values( 166, 'Laser Pointers', 22, 3);
INSERT INTO category (id, name, parent_id, `level`) values( 167, 'Dictionaries & Translators', 22, 3);
INSERT INTO category (id, name, parent_id, `level`) values( 168, 'Metal Detectors', 22, 3);
INSERT INTO category (id, name, parent_id, `level`) values( 169, 'Universal Chargers', 22, 3);
INSERT INTO category (id, name, parent_id, `level`) values( 170, 'Phone Cases', 23, 3);
INSERT INTO category (id, name, parent_id, `level`) values( 171, 'Prepaid Cards', 23, 3);
INSERT INTO category (id, name, parent_id, `level`) values( 172, 'Power Banks', 23, 3);
INSERT INTO category (id, name, parent_id, `level`) values( 173, 'Screen Protectors', 23, 3);
INSERT INTO category (id, name, parent_id, `level`) values( 174, 'Cables & Converters', 23, 3);
INSERT INTO category (id, name, parent_id, `level`) values( 175, 'Fashion Mobile Accessories', 23, 3);
INSERT INTO category (id, name, parent_id, `level`) values( 176, 'Wall Chargers', 23, 3);
INSERT INTO category (id, name, parent_id, `level`) values( 177, 'Phone Batteries', 23, 3);
INSERT INTO category (id, name, parent_id, `level`) values( 178, 'Tablet Accessories', 23, 3);
INSERT INTO category (id, name, parent_id, `level`) values( 179, 'Wireless Chargers', 23, 3);
INSERT INTO category (id, name, parent_id, `level`) values( 180, 'Keyboards', 24, 3);
INSERT INTO category (id, name, parent_id, `level`) values( 181, 'Mice', 24, 3);
INSERT INTO category (id, name, parent_id, `level`) values( 182, 'PC Audio', 24, 3);
INSERT INTO category (id, name, parent_id, `level`) values( 183, 'Software', 24, 3);
INSERT INTO category (id, name, parent_id, `level`) values( 184, 'Gadgets', 24, 3);
INSERT INTO category (id, name, parent_id, `level`) values( 185, 'Adapters & Cables', 24, 3);
INSERT INTO category (id, name, parent_id, `level`) values( 186, 'Monitors', 24, 3);
INSERT INTO category (id, name, parent_id, `level`) values( 187, 'Mousepads', 24, 3);
INSERT INTO category (id, name, parent_id, `level`) values( 188, 'Drawing Tools', 24, 3);
INSERT INTO category (id, name, parent_id, `level`) values( 189, 'Power Cord & Adaptors', 24, 3);
INSERT INTO category (id, name, parent_id, `level`) values( 190, 'Access Points', 25, 3);
INSERT INTO category (id, name, parent_id, `level`) values( 191, 'Range extender', 25, 3);
INSERT INTO category (id, name, parent_id, `level`) values( 192, 'Routers', 25, 3);
INSERT INTO category (id, name, parent_id, `level`) values( 193, 'Mobile Broadband', 25, 3);
INSERT INTO category (id, name, parent_id, `level`) values( 194, 'Wireless USB Adapters', 25, 3);
INSERT INTO category (id, name, parent_id, `level`) values( 195, 'Network adaptors', 25, 3);
INSERT INTO category (id, name, parent_id, `level`) values( 196, 'Switches', 25, 3);
INSERT INTO category (id, name, parent_id, `level`) values( 197, 'Network Interface Cards', 25, 3);
INSERT INTO category (id, name, parent_id, `level`) values( 198, 'Modems', 25, 3);
INSERT INTO category (id, name, parent_id, `level`) values( 199, 'Airport Routers', 25, 3);
INSERT INTO category (id, name, parent_id, `level`) values( 200, 'Graphic Cards', 26, 3);
INSERT INTO category (id, name, parent_id, `level`) values( 201, 'Desktop Casings', 26, 3);
INSERT INTO category (id, name, parent_id, `level`) values( 202, 'Motherboards', 26, 3);
INSERT INTO category (id, name, parent_id, `level`) values( 203, 'Fans & Heatsinks', 26, 3);
INSERT INTO category (id, name, parent_id, `level`) values( 204, 'Processors', 26, 3);
INSERT INTO category (id, name, parent_id, `level`) values( 205, 'RAM', 26, 3);
INSERT INTO category (id, name, parent_id, `level`) values( 206, 'Sound cards', 26, 3);
INSERT INTO category (id, name, parent_id, `level`) values( 207, 'Power Supply Units', 26, 3);
INSERT INTO category (id, name, parent_id, `level`) values( 208, 'Water Cooling System', 26, 3);
INSERT INTO category (id, name, parent_id, `level`) values( 209, 'Front Bay Devices', 26, 3);
INSERT INTO category (id, name, parent_id, `level`) values( 210, 'Memory Cards', 27, 3);
INSERT INTO category (id, name, parent_id, `level`) values( 211, 'Lenses', 27, 3);
INSERT INTO category (id, name, parent_id, `level`) values( 212, 'Tripods & Monopods', 27, 3);
INSERT INTO category (id, name, parent_id, `level`) values( 213, 'Batteries', 27, 3);
INSERT INTO category (id, name, parent_id, `level`) values( 214, 'Camera Cases, Covers and Bags', 27, 3);
INSERT INTO category (id, name, parent_id, `level`) values( 215, 'Battery Chargers', 27, 3);
INSERT INTO category (id, name, parent_id, `level`) values( 216, 'Action Camera Accessories', 27, 3);
INSERT INTO category (id, name, parent_id, `level`) values( 217, 'Flashes', 27, 3);
INSERT INTO category (id, name, parent_id, `level`) values( 218, 'Gimbals & Stabilizers', 27, 3);
INSERT INTO category (id, name, parent_id, `level`) values( 219, 'Instant Camera Films', 27, 3);
INSERT INTO category (id, name, parent_id, `level`) values( 220, 'Smartwatches', 28, 3);
INSERT INTO category (id, name, parent_id, `level`) values( 221, 'Fitness & Activity Trackers', 28, 3);
INSERT INTO category (id, name, parent_id, `level`) values( 222, 'Virtual Reality', 28, 3);
INSERT INTO category (id, name, parent_id, `level`) values( 223, 'Smartwatches Accessories', 28, 3);
INSERT INTO category (id, name, parent_id, `level`) values( 224, 'Smart Trackers', 28, 3);
INSERT INTO category (id, name, parent_id, `level`) values( 225, 'Fitness Tracker Accessories', 28, 3);
INSERT INTO category (id, name, parent_id, `level`) values( 226, 'Smart Glasses', 28, 3);
INSERT INTO category (id, name, parent_id, `level`) values( 227, 'Gesture Control', 28, 3);
INSERT INTO category (id, name, parent_id, `level`) values( 228, 'Flash Drives', 29, 3);
INSERT INTO category (id, name, parent_id, `level`) values( 229, 'Internal Solid State Drives', 29, 3);
INSERT INTO category (id, name, parent_id, `level`) values( 230, 'External Hard Drives', 29, 3);
INSERT INTO category (id, name, parent_id, `level`) values( 231, 'Internal Hard Drives', 29, 3);
INSERT INTO category (id, name, parent_id, `level`) values( 232, 'OTG Drives', 29, 3);
INSERT INTO category (id, name, parent_id, `level`) values( 233, 'External Solid State Drives', 29, 3);
INSERT INTO category (id, name, parent_id, `level`) values( 234, 'Storage for Mac', 29, 3);
INSERT INTO category (id, name, parent_id, `level`) values( 235, 'PlayStation Controllers', 30, 3);
INSERT INTO category (id, name, parent_id, `level`) values( 236, 'PlayStation Bags', 30, 3);
INSERT INTO category (id, name, parent_id, `level`) values( 237, 'PlayStation Chargers', 30, 3);
INSERT INTO category (id, name, parent_id, `level`) values( 238, 'Nintendo Joy-Cons', 30, 3);
INSERT INTO category (id, name, parent_id, `level`) values( 239, 'Nintendo Covers', 30, 3);
INSERT INTO category (id, name, parent_id, `level`) values( 240, 'Nintendo Screen Protectors', 30, 3);
INSERT INTO category (id, name, parent_id, `level`) values( 241, 'Xbox Controllers', 30, 3);
INSERT INTO category (id, name, parent_id, `level`) values( 242, 'Xbox Chargers', 30, 3);
INSERT INTO category (id, name, parent_id, `level`) values( 243, 'Other Gaming Accessories', 30, 3);
INSERT INTO category (id, name, parent_id, `level`) values( 244, 'Printers', 31, 3);
INSERT INTO category (id, name, parent_id, `level`) values( 245, 'Scanners', 31, 3);
INSERT INTO category (id, name, parent_id, `level`) values( 246, 'Ink & Toners', 31, 3);
INSERT INTO category (id, name, parent_id, `level`) values( 247, '3D Printing', 31, 3);
INSERT INTO category (id, name, parent_id, `level`) values( 248, 'Printer memory modules', 31, 3);
INSERT INTO category (id, name, parent_id, `level`) values( 249, 'Printer cutter', 31, 3);
INSERT INTO category (id, name, parent_id, `level`) values( 250, 'Fax machines', 31, 3);
INSERT INTO category (id, name, parent_id, `level`) values( 251, 'Printer stands', 31, 3);
INSERT INTO category (id, name, parent_id, `level`) values( 252, 'Cases & Covers', 31, 3);
INSERT INTO category (id, name, parent_id, `level`) values( 253, 'Keyboards', 31, 3);
INSERT INTO category (id, name, parent_id, `level`) values( 254, 'Stylus Pens', 31, 3);
INSERT INTO category (id, name, parent_id, `level`) values( 255, 'Gaming', 16, 3);
INSERT INTO category (id, name, parent_id, `level`) values( 256, 'All-In-One', 16, 3);
INSERT INTO category (id, name, parent_id, `level`) values( 257, 'DIY', 16, 3);
INSERT INTO category (id, name, parent_id, `level`) values( 258, 'Headphones & Headsets', 17, 3);
INSERT INTO category (id, name, parent_id, `level`) values( 259, 'PlayStation Controllers', 30, 3);
INSERT INTO category (id, name, parent_id, `level`) values( 260, 'Knives & Accessories', 71, 3);
INSERT INTO category (id, name, parent_id, `level`) values( 261, 'Kitchen Storage & Accessories', 71, 3);
INSERT INTO category (id, name, parent_id, `level`) values( 262, 'Dinnerware', 71, 3);
INSERT INTO category (id, name, parent_id, `level`) values( 263, 'Drinkware', 71, 3);
INSERT INTO category (id, name, parent_id, `level`) values( 264, 'Coffee & Tea', 71, 3);
INSERT INTO category (id, name, parent_id, `level`) values( 265, 'Serveware', 71, 3);
INSERT INTO category (id, name, parent_id, `level`) values( 266, 'Bakeware', 71, 3);
INSERT INTO category (id, name, parent_id, `level`) values( 267, 'Cookware', 71, 3);
INSERT INTO category (id, name, parent_id, `level`) values( 268, 'Kitchen Utensils', 71, 3);
INSERT INTO category (id, name, parent_id, `level`) values( 269, 'Kitchen & Table Linen', 71, 3);
INSERT INTO category (id, name, parent_id, `level`) values( 270, 'Light Bulbs', 72, 3);
INSERT INTO category (id, name, parent_id, `level`) values( 271, 'Wall Lights & Sconces', 72, 3);
INSERT INTO category (id, name, parent_id, `level`) values( 272, 'Lamp Shades', 72, 3);
INSERT INTO category (id, name, parent_id, `level`) values( 273, 'Table Lamps', 72, 3);
INSERT INTO category (id, name, parent_id, `level`) values( 274, 'Specialty Lighting', 72, 3);
INSERT INTO category (id, name, parent_id, `level`) values( 275, 'Floor Lamps', 72, 3);
INSERT INTO category (id, name, parent_id, `level`) values( 276, 'Outdoor Lighting', 72, 3);
INSERT INTO category (id, name, parent_id, `level`) values( 277, 'Rechargeable & Flashlights', 72, 3);
INSERT INTO category (id, name, parent_id, `level`) values( 278, 'Ceiling Lights', 72, 3);
INSERT INTO category (id, name, parent_id, `level`) values( 279, 'Lighting Fixtures & Components', 72, 3);
INSERT INTO category (id, name, parent_id, `level`) values( 280, 'Bedding Sets', 73, 3);
INSERT INTO category (id, name, parent_id, `level`) values( 281, 'Bed Sheets', 73, 3);
INSERT INTO category (id, name, parent_id, `level`) values( 282, 'Comforters, Quilts & Duvets', 73, 3);
INSERT INTO category (id, name, parent_id, `level`) values( 283, 'Blankets & Throws', 73, 3);
INSERT INTO category (id, name, parent_id, `level`) values( 284, 'Pillows & Bolsters', 73, 3);
INSERT INTO category (id, name, parent_id, `level`) values( 285, 'Bedding Accessories', 73, 3);
INSERT INTO category (id, name, parent_id, `level`) values( 286, 'Bed Runners & Skirts', 73, 3);
INSERT INTO category (id, name, parent_id, `level`) values( 287, 'Mattress Pads', 73, 3);
INSERT INTO category (id, name, parent_id, `level`) values( 288, 'Pillow Cases', 73, 3);
INSERT INTO category (id, name, parent_id, `level`) values( 289, 'Mattress Protectors', 73, 3);
INSERT INTO category (id, name, parent_id, `level`) values( 290, 'Bathrobes', 74, 3);
INSERT INTO category (id, name, parent_id, `level`) values( 291, 'Bathroom Scales', 74, 3);
INSERT INTO category (id, name, parent_id, `level`) values( 292, 'Towel Rails & Warmers', 74, 3);
INSERT INTO category (id, name, parent_id, `level`) values( 293, 'Shower Caddies & Hangers', 74, 3);
INSERT INTO category (id, name, parent_id, `level`) values( 294, 'Bathroom Mirrors', 74, 3);
INSERT INTO category (id, name, parent_id, `level`) values( 295, 'Bathroom Shelving', 74, 3);
INSERT INTO category (id, name, parent_id, `level`) values( 296, 'Bath Towels', 74, 3);
INSERT INTO category (id, name, parent_id, `level`) values( 297, 'Shower Curtains', 74, 3);
INSERT INTO category (id, name, parent_id, `level`) values( 298, 'Bath Mats', 74, 3);
INSERT INTO category (id, name, parent_id, `level`) values( 299, 'Bathroom Counter Storage', 74, 3);
INSERT INTO category (id, name, parent_id, `level`) values( 300, 'Kids Furniture', 75, 3);
INSERT INTO category (id, name, parent_id, `level`) values( 301, 'Kitchen & Dining Furniture', 75, 3);
INSERT INTO category (id, name, parent_id, `level`) values( 302, 'Hallway & Entry Furniture', 75, 3);
INSERT INTO category (id, name, parent_id, `level`) values( 303, 'Outdoor Furniture', 75, 3);
INSERT INTO category (id, name, parent_id, `level`) values( 304, 'Gaming Furniture', 75, 3);
INSERT INTO category (id, name, parent_id, `level`) values( 305, 'Living Room Furniture', 75, 3);
INSERT INTO category (id, name, parent_id, `level`) values( 306, 'Home Office Furniture', 75, 3);
INSERT INTO category (id, name, parent_id, `level`) values( 307, 'Bedroom Furniture', 75, 3);
INSERT INTO category (id, name, parent_id, `level`) values( 308, 'Storage & Organisation', 75, 3);
INSERT INTO category (id, name, parent_id, `level`) values( 309, 'Candles & Candleholders', 76, 3);
INSERT INTO category (id, name, parent_id, `level`) values( 310, 'Artificial Flowers & Plants', 76, 3);
INSERT INTO category (id, name, parent_id, `level`) values( 311, 'Clocks', 76, 3);
INSERT INTO category (id, name, parent_id, `level`) values( 312, 'Wall Stickers & Decals', 76, 3);
INSERT INTO category (id, name, parent_id, `level`) values( 313, 'Cushions & Covers', 76, 3);
INSERT INTO category (id, name, parent_id, `level`) values( 314, 'Mirrors', 76, 3);
INSERT INTO category (id, name, parent_id, `level`) values( 315, 'Picture Frames', 76, 3);
INSERT INTO category (id, name, parent_id, `level`) values( 316, 'Vases & Vessels', 76, 3);
INSERT INTO category (id, name, parent_id, `level`) values( 317, 'Curtains', 76, 3);
INSERT INTO category (id, name, parent_id, `level`) values( 318, 'Rugs & Carpets', 76, 3);
INSERT INTO category (id, name, parent_id, `level`) values( 319, 'Electrical', 77, 3);
INSERT INTO category (id, name, parent_id, `level`) values( 320, 'Lawn & Garden', 77, 3);
INSERT INTO category (id, name, parent_id, `level`) values( 321, 'Hardware', 77, 3);
INSERT INTO category (id, name, parent_id, `level`) values( 322, 'Hand Tools', 77, 3);
INSERT INTO category (id, name, parent_id, `level`) values( 323, 'Power Tools', 77, 3);
INSERT INTO category (id, name, parent_id, `level`) values( 324, 'Outdoor', 77, 3);
INSERT INTO category (id, name, parent_id, `level`) values( 325, 'Fixtures & Plumbing', 77, 3);
INSERT INTO category (id, name, parent_id, `level`) values( 326, 'Painting & Decorating', 77, 3);
INSERT INTO category (id, name, parent_id, `level`) values( 327, 'Ladders & Workbenches', 77, 3);
INSERT INTO category (id, name, parent_id, `level`) values( 328, 'Tool Storage & Shelving', 77, 3);
INSERT INTO category (id, name, parent_id, `level`) values( 329, 'Packaging & Cartons', 78, 3);
INSERT INTO category (id, name, parent_id, `level`) values( 330, 'Writing & Correction', 78, 3);
INSERT INTO category (id, name, parent_id, `level`) values( 331, 'Sewing', 78, 3);
INSERT INTO category (id, name, parent_id, `level`) values( 332, 'School & Office Equipment', 78, 3);
INSERT INTO category (id, name, parent_id, `level`) values( 333, 'Gifts & Wrapping', 78, 3);
INSERT INTO category (id, name, parent_id, `level`) values( 334, 'Paper Products', 78, 3);
INSERT INTO category (id, name, parent_id, `level`) values( 335, 'Art Supplies', 78, 3);
INSERT INTO category (id, name, parent_id, `level`) values( 336, 'Craft Supplies', 78, 3);
INSERT INTO category (id, name, parent_id, `level`) values( 337, 'Engish eBooks', 79, 3);
INSERT INTO category (id, name, parent_id, `level`) values( 338, 'Chinese eBooks', 79, 3);
INSERT INTO category (id, name, parent_id, `level`) values( 339, 'Local eBooks', 79, 3);
INSERT INTO category (id, name, parent_id, `level`) values( 340, 'Calendars', 79, 3);
INSERT INTO category (id, name, parent_id, `level`) values( 341, 'English Books', 79, 3);
INSERT INTO category (id, name, parent_id, `level`) values( 342, 'Chinese Books', 79, 3);
INSERT INTO category (id, name, parent_id, `level`) values( 343, 'Local Books', 79, 3);
INSERT INTO category (id, name, parent_id, `level`) values( 344, 'Magazines', 79, 3);
INSERT INTO category (id, name, parent_id, `level`) values( 345, 'Music', 80, 3);
INSERT INTO category (id, name, parent_id, `level`) values( 346, 'Band & Orchestra', 80, 3);
INSERT INTO category (id, name, parent_id, `level`) values( 347, 'Drums & Percussion', 80, 3);
INSERT INTO category (id, name, parent_id, `level`) values( 348, 'Keyboards & Pianos', 80, 3);
INSERT INTO category (id, name, parent_id, `level`) values( 349, 'DJ, Karaoke & Electronic Music', 80, 3);
INSERT INTO category (id, name, parent_id, `level`) values( 350, 'Guitars', 80, 3);
INSERT INTO category (id, name, parent_id, `level`) values( 351, 'Bass Guitars', 80, 3);
INSERT INTO category (id, name, parent_id, `level`) values( 352, 'Traditional instruments', 80, 3);
INSERT INTO category (id, name, parent_id, `level`) values( 353, 'Woodwind', 80, 3);
INSERT INTO category (id, name, parent_id, `level`) values( 354, 'Instrument Accessories', 80, 3);
INSERT INTO category (id, name, parent_id, `level`) values( 355, 'Smart Televisions', 33, 3);
INSERT INTO category (id, name, parent_id, `level`) values( 356, 'LED Televisions', 33, 3);
INSERT INTO category (id, name, parent_id, `level`) values( 357, 'Projectors', 33, 3);
INSERT INTO category (id, name, parent_id, `level`) values( 358, 'OLED Televisions', 33, 3);
INSERT INTO category (id, name, parent_id, `level`) values( 359, 'QLED Televisions', 33, 3);
INSERT INTO category (id, name, parent_id, `level`) values( 360, 'LCD Televisions', 33, 3);
INSERT INTO category (id, name, parent_id, `level`) values( 361, 'Media Players', 33, 3);
INSERT INTO category (id, name, parent_id, `level`) values( 362, 'Blu-Ray/DVD Players', 33, 3);
INSERT INTO category (id, name, parent_id, `level`) values( 363, 'Projector Accessories', 33, 3);
INSERT INTO category (id, name, parent_id, `level`) values( 364, 'Home Entertainment', 35, 3);
INSERT INTO category (id, name, parent_id, `level`) values( 365, 'Live Sound & Stage Equipment', 35, 3);
INSERT INTO category (id, name, parent_id, `level`) values( 366, 'Portable Players', 35, 3);
INSERT INTO category (id, name, parent_id, `level`) values( 367, 'Washing Machines', 36, 3);
INSERT INTO category (id, name, parent_id, `level`) values( 368, 'Refrigerators', 36, 3);
INSERT INTO category (id, name, parent_id, `level`) values( 369, 'Air Conditioners', 36, 3);
INSERT INTO category (id, name, parent_id, `level`) values( 370, 'Microwaves & Parts', 36, 3);
INSERT INTO category (id, name, parent_id, `level`) values( 371, 'Ovens', 36, 3);
INSERT INTO category (id, name, parent_id, `level`) values( 372, 'Water Dispensers', 36, 3);
INSERT INTO category (id, name, parent_id, `level`) values( 373, 'Range Hoods', 36, 3);
INSERT INTO category (id, name, parent_id, `level`) values( 374, 'Freezers', 36, 3);
INSERT INTO category (id, name, parent_id, `level`) values( 375, 'Cooktops & Ranges', 36, 3);
INSERT INTO category (id, name, parent_id, `level`) values( 376, 'Water Heaters', 36, 3);
INSERT INTO category (id, name, parent_id, `level`) values( 377, 'Rice Cookers', 37, 3);
INSERT INTO category (id, name, parent_id, `level`) values( 378, 'Food Preparation', 37, 3);
INSERT INTO category (id, name, parent_id, `level`) values( 379, 'Electric Kettles', 37, 3);
INSERT INTO category (id, name, parent_id, `level`) values( 380, 'Juicers & Fruit Extractors', 37, 3);
INSERT INTO category (id, name, parent_id, `level`) values( 381, 'Fryers', 37, 3);
INSERT INTO category (id, name, parent_id, `level`) values( 382, 'Coffee Machines', 37, 3);
INSERT INTO category (id, name, parent_id, `level`) values( 383, 'Electric Pressure cookers', 37, 3);
INSERT INTO category (id, name, parent_id, `level`) values( 384, 'Water Purifiers', 37, 3);
INSERT INTO category (id, name, parent_id, `level`) values( 385, 'Electric Contact Grills', 37, 3);
INSERT INTO category (id, name, parent_id, `level`) values( 386, 'Fans', 38, 3);
INSERT INTO category (id, name, parent_id, `level`) values( 387, 'Air Conditioners', 38, 3);
INSERT INTO category (id, name, parent_id, `level`) values( 388, 'Air Coolers', 38, 3);
INSERT INTO category (id, name, parent_id, `level`) values( 389, 'Air Purifiers', 38, 3);
INSERT INTO category (id, name, parent_id, `level`) values( 390, 'Dehumidifiers', 38, 3);
INSERT INTO category (id, name, parent_id, `level`) values( 391, 'Humidifiers', 38, 3);
INSERT INTO category (id, name, parent_id, `level`) values( 392, 'Air Purifier Parts & Accessories', 38, 3);
INSERT INTO category (id, name, parent_id, `level`) values( 393, 'Vacuum Cleaners', 39, 3);
INSERT INTO category (id, name, parent_id, `level`) values( 394, 'Electric Brooms', 39, 3);
INSERT INTO category (id, name, parent_id, `level`) values( 395, 'Floor Polishers', 39, 3);
INSERT INTO category (id, name, parent_id, `level`) values( 396, 'Steam Mops', 39, 3);
INSERT INTO category (id, name, parent_id, `level`) values( 397, 'Vacuum Cleaner Parts & Accessories', 39, 3);
INSERT INTO category (id, name, parent_id, `level`) values( 398, 'Irons', 40, 3);
INSERT INTO category (id, name, parent_id, `level`) values( 399, 'Garment Steamers', 40, 3);
INSERT INTO category (id, name, parent_id, `level`) values( 400, 'Sewing Machines', 40, 3);
INSERT INTO category (id, name, parent_id, `level`) values( 401, 'Hair Styling Appliances', 41, 3);
INSERT INTO category (id, name, parent_id, `level`) values( 402, 'Shavers', 41, 3);
INSERT INTO category (id, name, parent_id, `level`) values( 403, 'Electric Toothbrushes', 41, 3);
INSERT INTO category (id, name, parent_id, `level`) values( 404, 'Air Purifiers', 41, 3);
INSERT INTO category (id, name, parent_id, `level`) values( 405, 'Water Purifiers', 41, 3);
INSERT INTO category (id, name, parent_id, `level`) values( 406, 'Specialty Cookware Accessories', 42, 3);
INSERT INTO category (id, name, parent_id, `level`) values( 407, 'Washer & Dryer Parts & Accessories', 42, 3);
INSERT INTO category (id, name, parent_id, `level`) values( 408, 'Water Purifiers & Filters Accessories', 42, 3);
INSERT INTO category (id, name, parent_id, `level`) values( 409, 'Cooktop Parts & Accessories', 42, 3);
INSERT INTO category (id, name, parent_id, `level`) values( 410, 'Sewing Machine Parts & Accessories', 42, 3);
INSERT INTO category (id, name, parent_id, `level`) values( 411, 'Cooktops & Ranges', 42, 3);
INSERT INTO category (id, name, parent_id, `level`) values( 412, 'Refrigerator Parts & Accessories', 42, 3);
INSERT INTO category (id, name, parent_id, `level`) values( 413, 'Coffee Machine Accessories', 42, 3);
INSERT INTO category (id, name, parent_id, `level`) values( 414, 'Air Conditioner Accessories', 42, 3);
INSERT INTO category (id, name, parent_id, `level`) values( 415, 'Fan Parts & Accessories', 42, 3);
INSERT INTO category (id, name, parent_id, `level`) values( 416, 'Eyes', 43, 3);
INSERT INTO category (id, name, parent_id, `level`) values( 417, 'Face', 43, 3);
INSERT INTO category (id, name, parent_id, `level`) values( 418, 'Lips', 43, 3);
INSERT INTO category (id, name, parent_id, `level`) values( 419, 'Nails', 43, 3);
INSERT INTO category (id, name, parent_id, `level`) values( 420, 'Makeup Accessories', 43, 3);
INSERT INTO category (id, name, parent_id, `level`) values( 421, 'Makeup Removers', 43, 3);
INSERT INTO category (id, name, parent_id, `level`) values( 422, 'Makeup Palettes & Sets', 43, 3);
INSERT INTO category (id, name, parent_id, `level`) values( 423, 'Makeup Brushes & Sets', 43, 3);
INSERT INTO category (id, name, parent_id, `level`) values( 424, 'Body', 43, 3);
INSERT INTO category (id, name, parent_id, `level`) values( 425, 'Moisturizers and Cream', 44, 3);
INSERT INTO category (id, name, parent_id, `level`) values( 426, 'Dermacare', 44, 3);
INSERT INTO category (id, name, parent_id, `level`) values( 427, 'Eye Care', 44, 3);
INSERT INTO category (id, name, parent_id, `level`) values( 428, 'Serum & Essence', 44, 3);
INSERT INTO category (id, name, parent_id, `level`) values( 429, 'Lip Balm and Treatment', 44, 3);
INSERT INTO category (id, name, parent_id, `level`) values( 430, 'Sunscreen and Aftersun', 44, 3);
INSERT INTO category (id, name, parent_id, `level`) values( 431, 'Face Mask & Packs', 44, 3);
INSERT INTO category (id, name, parent_id, `level`) values( 432, 'Face Scrubs & Exfoliators', 44, 3);
INSERT INTO category (id, name, parent_id, `level`) values( 433, 'Toner & Mists', 44, 3);
INSERT INTO category (id, name, parent_id, `level`) values( 434, 'Facial Cleansers', 44, 3);
INSERT INTO category (id, name, parent_id, `level`) values( 435, 'Hair Treatments', 43, 3);
INSERT INTO category (id, name, parent_id, `level`) values( 436, 'Shampoo', 43, 3);
INSERT INTO category (id, name, parent_id, `level`) values( 437, 'Conditioner', 43, 3);
INSERT INTO category (id, name, parent_id, `level`) values( 438, 'Hair Brushes & Combs', 43, 3);
INSERT INTO category (id, name, parent_id, `level`) values( 439, 'Hair Accessories', 43, 3);
INSERT INTO category (id, name, parent_id, `level`) values( 440, 'Gifts & Value Sets', 43, 3);
INSERT INTO category (id, name, parent_id, `level`) values( 441, 'Hair Styling', 43, 3);
INSERT INTO category (id, name, parent_id, `level`) values( 442, 'Hair Coloring', 43, 3);
INSERT INTO category (id, name, parent_id, `level`) values( 443, 'Wig & Hair Extensions & Pads', 43, 3);
INSERT INTO category (id, name, parent_id, `level`) values( 444, 'Face Skin Care Tools', 45, 3);
INSERT INTO category (id, name, parent_id, `level`) values( 445, 'Body Skin Care Tools', 45, 3);
INSERT INTO category (id, name, parent_id, `level`) values( 446, 'Curling Irons & Wands', 45, 3);
INSERT INTO category (id, name, parent_id, `level`) values( 447, 'Foot Relief Accessories & Tools', 45, 3);
INSERT INTO category (id, name, parent_id, `level`) values( 448, 'Hair Removal Appliances', 45, 3);
INSERT INTO category (id, name, parent_id, `level`) values( 449, 'Hair Removal Accessories', 45, 3);
INSERT INTO category (id, name, parent_id, `level`) values( 450, 'Flat Irons', 45, 3);
INSERT INTO category (id, name, parent_id, `level`) values( 451, 'Multi-stylers', 45, 3);
INSERT INTO category (id, name, parent_id, `level`) values( 452, 'Body Slimming & Electric Massagers', 45, 3);
INSERT INTO category (id, name, parent_id, `level`) values( 453, 'Hair Dryers', 45, 3);
INSERT INTO category (id, name, parent_id, `level`) values( 454, 'Women', 46, 3);
INSERT INTO category (id, name, parent_id, `level`) values( 455, 'Men', 46, 3);
INSERT INTO category (id, name, parent_id, `level`) values( 456, 'Unisex', 46, 3);
INSERT INTO category (id, name, parent_id, `level`) values( 457, 'Deodorants', 47, 3);
INSERT INTO category (id, name, parent_id, `level`) values( 458, 'Men Health', 47, 3);
INSERT INTO category (id, name, parent_id, `level`) values( 459, 'Sexual Health', 47, 3);
INSERT INTO category (id, name, parent_id, `level`) values( 460, 'Bath & Body', 47, 3);
INSERT INTO category (id, name, parent_id, `level`) values( 461, 'Foot Care', 48, 3);
INSERT INTO category (id, name, parent_id, `level`) values( 462, 'Hand Care', 48, 3);
INSERT INTO category (id, name, parent_id, `level`) values( 463, 'Breast Care', 48, 3);
INSERT INTO category (id, name, parent_id, `level`) values( 464, 'Sun Care for Body', 48, 3);
INSERT INTO category (id, name, parent_id, `level`) values( 465, 'Aromatherapy', 48, 3);
INSERT INTO category (id, name, parent_id, `level`) values( 466, 'Bath & Body Accessories', 48, 3);
INSERT INTO category (id, name, parent_id, `level`) values( 467, 'Body Moisturizers', 48, 3);
INSERT INTO category (id, name, parent_id, `level`) values( 468, 'Hair Removal', 48, 3);
INSERT INTO category (id, name, parent_id, `level`) values( 469, 'Body Scrubs', 48, 3);
INSERT INTO category (id, name, parent_id, `level`) values( 470, 'Body Soaps & Shower Gels', 48, 3);
INSERT INTO category (id, name, parent_id, `level`) values( 471, 'Well Being', 49, 3);
INSERT INTO category (id, name, parent_id, `level`) values( 472, 'Sports Nutrition', 49, 3);
INSERT INTO category (id, name, parent_id, `level`) values( 473, 'Pregnancy Care', 49, 3);
INSERT INTO category (id, name, parent_id, `level`) values( 474, 'Weight Management', 49, 3);
INSERT INTO category (id, name, parent_id, `level`) values( 475, 'Fat Blockers & Burners', 49, 3);
INSERT INTO category (id, name, parent_id, `level`) values( 476, 'Men Health', 49, 3);
INSERT INTO category (id, name, parent_id, `level`) values( 477, 'Beauty Supplements', 49, 3);
INSERT INTO category (id, name, parent_id, `level`) values( 478, 'Slimming Beverages', 49, 3);
INSERT INTO category (id, name, parent_id, `level`) values( 479, 'Multivitamins', 49, 3);
INSERT INTO category (id, name, parent_id, `level`) values( 480, 'Medical Tests', 50, 3);
INSERT INTO category (id, name, parent_id, `level`) values( 481, 'Scale & Body Fat Analyzers', 50, 3);
INSERT INTO category (id, name, parent_id, `level`) values( 482, 'Injury Support and Braces', 50, 3);
INSERT INTO category (id, name, parent_id, `level`) values( 483, 'Health Accessories', 50, 3);
INSERT INTO category (id, name, parent_id, `level`) values( 484, 'First Aid Supplies', 50, 3);
INSERT INTO category (id, name, parent_id, `level`) values( 485, 'Hospital Beds', 50, 3);
INSERT INTO category (id, name, parent_id, `level`) values( 486, 'Nebulizer & Aspirators', 50, 3);
INSERT INTO category (id, name, parent_id, `level`) values( 487, 'Health Monitors & Tests', 50, 3);
INSERT INTO category (id, name, parent_id, `level`) values( 488, 'Wheelchairs', 50, 3);
INSERT INTO category (id, name, parent_id, `level`) values( 489, 'Personal Safety & Security', 51, 3);
INSERT INTO category (id, name, parent_id, `level`) values( 490, 'Oral Care', 51, 3);
INSERT INTO category (id, name, parent_id, `level`) values( 491, 'Sexual Wellness', 51, 3);
INSERT INTO category (id, name, parent_id, `level`) values( 492, 'Deodorants', 51, 3);
INSERT INTO category (id, name, parent_id, `level`) values( 493, 'Eye Care', 51, 3);
INSERT INTO category (id, name, parent_id, `level`) values( 494, 'Adult Diapers & Incontinence', 51, 3);
INSERT INTO category (id, name, parent_id, `level`) values( 495, 'Feminine Care', 51, 3);
INSERT INTO category (id, name, parent_id, `level`) values( 496, 'Electrical Safety', 52, 3);
INSERT INTO category (id, name, parent_id, `level`) values( 497, 'Storage & Organization', 52, 3);
INSERT INTO category (id, name, parent_id, `level`) values( 498, 'Mattresses & Bedding', 52, 3);
INSERT INTO category (id, name, parent_id, `level`) values( 499, 'Bathroom Safety', 52, 3);
INSERT INTO category (id, name, parent_id, `level`) values( 500, 'Sanitizers', 52, 3);
INSERT INTO category (id, name, parent_id, `level`) values( 501, 'Monitors', 52, 3);
INSERT INTO category (id, name, parent_id, `level`) values( 502, 'Crib Netting', 52, 3);
INSERT INTO category (id, name, parent_id, `level`) values( 503, 'Baby Furniture', 52, 3);
INSERT INTO category (id, name, parent_id, `level`) values( 504, 'Gates & Doorways', 52, 3);
INSERT INTO category (id, name, parent_id, `level`) values( 505, 'Nursery Décor', 52, 3);
INSERT INTO category (id, name, parent_id, `level`) values( 506, 'Bottle-Feeding', 53, 3);
INSERT INTO category (id, name, parent_id, `level`) values( 507, 'Utensils', 53, 3);
INSERT INTO category (id, name, parent_id, `level`) values( 508, 'Breastfeeding', 53, 3);
INSERT INTO category (id, name, parent_id, `level`) values( 509, 'Beverages', 53, 3);
INSERT INTO category (id, name, parent_id, `level`) values( 510, 'Food Blenders', 53, 3);
INSERT INTO category (id, name, parent_id, `level`) values( 511, 'Breast Pumps', 53, 3);
INSERT INTO category (id, name, parent_id, `level`) values( 512, 'Highchairs & Booster Seats', 53, 3);
INSERT INTO category (id, name, parent_id, `level`) values( 513, 'Pillows & Stools', 53, 3);
INSERT INTO category (id, name, parent_id, `level`) values( 514, 'Milk Formula', 53, 3);
INSERT INTO category (id, name, parent_id, `level`) values( 515, 'Baby & Toddler Foods', 53, 3);
INSERT INTO category (id, name, parent_id, `level`) values( 516, 'Girl Clothing', 54, 3);
INSERT INTO category (id, name, parent_id, `level`) values( 517, 'Girl Shoes', 54, 3);
INSERT INTO category (id, name, parent_id, `level`) values( 518, 'Girl Swim Wear', 54, 3);
INSERT INTO category (id, name, parent_id, `level`) values( 519, 'Boy Clothing', 54, 3);
INSERT INTO category (id, name, parent_id, `level`) values( 520, 'Boy Shoes', 54, 3);
INSERT INTO category (id, name, parent_id, `level`) values( 521, 'Boy Swim Wear', 54, 3);
INSERT INTO category (id, name, parent_id, `level`) values( 522, 'New Born Unisex (0 - 6 mnths)', 54, 3);
INSERT INTO category (id, name, parent_id, `level`) values( 523, 'Bodysuits & One-Pieces', 54, 3);
INSERT INTO category (id, name, parent_id, `level`) values( 524, 'Sets & Packs', 54, 3);
INSERT INTO category (id, name, parent_id, `level`) values( 525, 'Changing Tables, Pads & Kits', 55, 3);
INSERT INTO category (id, name, parent_id, `level`) values( 526, 'Diapering Care', 55, 3);
INSERT INTO category (id, name, parent_id, `level`) values( 527, 'Potty Training', 55, 3);
INSERT INTO category (id, name, parent_id, `level`) values( 528, 'Creams & Ointments', 55, 3);
INSERT INTO category (id, name, parent_id, `level`) values( 529, 'Wipes & Holders', 55, 3);
INSERT INTO category (id, name, parent_id, `level`) values( 530, 'Disposable Diapers', 55, 3);
INSERT INTO category (id, name, parent_id, `level`) values( 531, 'Cloth Diapers & Accessories', 55, 3);
INSERT INTO category (id, name, parent_id, `level`) values( 532, 'Diaper Bags', 55, 3);
INSERT INTO category (id, name, parent_id, `level`) values( 533, 'Stackers & Caddies', 55, 3);
INSERT INTO category (id, name, parent_id, `level`) values( 534, 'Grooming & Healthcare Kits', 56, 3);
INSERT INTO category (id, name, parent_id, `level`) values( 535, 'Bubble Bath', 56, 3);
INSERT INTO category (id, name, parent_id, `level`) values( 536, 'Skin Care', 56, 3);
INSERT INTO category (id, name, parent_id, `level`) values( 537, 'Bathing Tubs & Seats', 56, 3);
INSERT INTO category (id, name, parent_id, `level`) values( 538, 'Sun Protection', 56, 3);
INSERT INTO category (id, name, parent_id, `level`) values( 539, 'Shampoo & Conditioners', 56, 3);
INSERT INTO category (id, name, parent_id, `level`) values( 540, 'Washcloths & Towels', 56, 3);
INSERT INTO category (id, name, parent_id, `level`) values( 541, 'Non-Slip Bath Mats', 56, 3);
INSERT INTO category (id, name, parent_id, `level`) values( 542, 'Aromatherapy', 56, 3);
INSERT INTO category (id, name, parent_id, `level`) values( 543, 'Soaps, Cleansers & Bodywash', 56, 3);
INSERT INTO category (id, name, parent_id, `level`) values( 544, 'Harnesses & Leashes', 57, 3);
INSERT INTO category (id, name, parent_id, `level`) values( 545, 'Backpacks & Carriers', 57, 3);
INSERT INTO category (id, name, parent_id, `level`) values( 546, 'Car Seats', 57, 3);
INSERT INTO category (id, name, parent_id, `level`) values( 547, 'Walkers', 57, 3);
INSERT INTO category (id, name, parent_id, `level`) values( 548, 'Swings, Jumpers & Bouncers', 57, 3);
INSERT INTO category (id, name, parent_id, `level`) values( 549, 'Bicycle Child Seats & Trailers', 57, 3);
INSERT INTO category (id, name, parent_id, `level`) values( 550, 'Playards & Playpens', 57, 3);
INSERT INTO category (id, name, parent_id, `level`) values( 551, 'Travel Systems', 57, 3);
INSERT INTO category (id, name, parent_id, `level`) values( 552, 'Kids Bag', 57, 3);
INSERT INTO category (id, name, parent_id, `level`) values( 553, 'Strollers', 57, 3);
INSERT INTO category (id, name, parent_id, `level`) values( 554, 'Harnesses & Leashes', 57, 3);
INSERT INTO category (id, name, parent_id, `level`) values( 555, 'Backpacks & Carriers', 57, 3);
INSERT INTO category (id, name, parent_id, `level`) values( 556, 'Car Seats', 57, 3);
INSERT INTO category (id, name, parent_id, `level`) values( 557, 'Walkers', 57, 3);
INSERT INTO category (id, name, parent_id, `level`) values( 558, 'Swings, Jumpers & Bouncers', 57, 3);
INSERT INTO category (id, name, parent_id, `level`) values( 559, 'Bicycle Child Seats & Trailers', 57, 3);
INSERT INTO category (id, name, parent_id, `level`) values( 560, 'Playards & Playpens', 57, 3);
INSERT INTO category (id, name, parent_id, `level`) values( 561, 'Travel Systems', 57, 3);
INSERT INTO category (id, name, parent_id, `level`) values( 562, 'Kids Bag', 57, 3);
INSERT INTO category (id, name, parent_id, `level`) values( 563, 'Strollers', 57, 3);
INSERT INTO category (id, name, parent_id, `level`) values( 564, 'Crib Toys & Attachments', 58, 3);
INSERT INTO category (id, name, parent_id, `level`) values( 565, 'Bath Toys', 58, 3);
INSERT INTO category (id, name, parent_id, `level`) values( 566, 'Blocks', 58, 3);
INSERT INTO category (id, name, parent_id, `level`) values( 567, 'Electronics', 58, 3);
INSERT INTO category (id, name, parent_id, `level`) values( 568, 'Basic & Life Skills Toys', 58, 3);
INSERT INTO category (id, name, parent_id, `level`) values( 569, 'STEM Toys', 58, 3);
INSERT INTO category (id, name, parent_id, `level`) values( 570, 'Early Development Toys', 58, 3);
INSERT INTO category (id, name, parent_id, `level`) values( 571, 'Indoor Climbers & Play Structures', 58, 3);
INSERT INTO category (id, name, parent_id, `level`) values( 572, 'Reading & Writing', 58, 3);
INSERT INTO category (id, name, parent_id, `level`) values( 573, 'Activity Gym & Playmats', 58, 3);
INSERT INTO category (id, name, parent_id, `level`) values( 574, 'Collectibles', 59, 3);
INSERT INTO category (id, name, parent_id, `level`) values( 575, 'Action Figures', 59, 3);
INSERT INTO category (id, name, parent_id, `level`) values( 576, 'Mini - Figures', 59, 3);
INSERT INTO category (id, name, parent_id, `level`) values( 577, 'Video Game Characters', 59, 3);
INSERT INTO category (id, name, parent_id, `level`) values( 578, 'Play Sets & Playground Equipment', 60, 3);
INSERT INTO category (id, name, parent_id, `level`) values( 579, 'Trampolines', 60, 3);
INSERT INTO category (id, name, parent_id, `level`) values( 580, 'Kites & Wind Spinners', 60, 3);
INSERT INTO category (id, name, parent_id, `level`) values( 581, 'Swimming Pool & Water Toys', 60, 3);
INSERT INTO category (id, name, parent_id, `level`) values( 582, 'Outdoor Toys', 60, 3);
INSERT INTO category (id, name, parent_id, `level`) values( 583, 'Play Tents & Tunnels', 60, 3);
INSERT INTO category (id, name, parent_id, `level`) values( 584, 'Playhouses', 60, 3);
INSERT INTO category (id, name, parent_id, `level`) values( 585, 'Inflatable Bouncers', 60, 3);
INSERT INTO category (id, name, parent_id, `level`) values( 586, 'Lawn Games', 60, 3);
INSERT INTO category (id, name, parent_id, `level`) values( 587, 'Sports Play', 60, 3);
INSERT INTO category (id, name, parent_id, `level`) values( 588, 'Play Trains & Railway Sets', 61, 3);
INSERT INTO category (id, name, parent_id, `level`) values( 589, 'Drones & Accessories', 61, 3);
INSERT INTO category (id, name, parent_id, `level`) values( 590, 'Helicopters', 61, 3);
INSERT INTO category (id, name, parent_id, `level`) values( 591, 'Play Vehicles', 61, 3);
INSERT INTO category (id, name, parent_id, `level`) values( 592, 'Die-Cast Vehicles', 61, 3);
INSERT INTO category (id, name, parent_id, `level`) values( 593, 'RC Vehicles & Batteries', 61, 3);
INSERT INTO category (id, name, parent_id, `level`) values( 594, 'Granola', 62, 3);
INSERT INTO category (id, name, parent_id, `level`) values( 595, 'Pancake & Waffle Mixes', 62, 3);
INSERT INTO category (id, name, parent_id, `level`) values( 596, 'Jams, Honey & Spreads', 62, 3);
INSERT INTO category (id, name, parent_id, `level`) values( 597, 'Adult Cereals', 62, 3);
INSERT INTO category (id, name, parent_id, `level`) values( 598, 'Instant Breakfast Drinks', 62, 3);
INSERT INTO category (id, name, parent_id, `level`) values( 599, 'Cereal Bars', 62, 3);
INSERT INTO category (id, name, parent_id, `level`) values( 600, 'Oatmeals', 62, 3); 
INSERT INTO category (id, name, parent_id, `level`) values( 601, 'Noodles, Pasta & Rice', 63, 3);
INSERT INTO category (id, name, parent_id, `level`) values( 602, 'Powdered drink mixes', 64, 3);
INSERT INTO category (id, name, parent_id, `level`) values( 603, 'Hot Chocolate', 64, 3);
INSERT INTO category (id, name, parent_id, `level`) values( 604, '3-in-1 Coffee', 64, 3);
INSERT INTO category (id, name, parent_id, `level`) values( 605, 'Asian Health Drinks', 64, 3);
INSERT INTO category (id, name, parent_id, `level`) values( 606, 'Water', 64, 3); 
INSERT INTO category (id, name, parent_id, `level`) values( 607, 'Soft Drinks', 64,  3);
INSERT INTO category (id, name, parent_id, `level`) values( 608, 'Juices', 64, 3);
INSERT INTO category (id, name, parent_id, `level`) values( 609, 'Cordials & Syrups', 64,  3);
INSERT INTO category (id, name, parent_id, `level`) values( 610, 'UHT, Milk & Milk Powder', 64, 3);
INSERT INTO category (id, name, parent_id, `level`) values( 611, 'Black Tea', 64, 3);
INSERT INTO category (id, name, parent_id, `level`) values( 612, 'Beer', 65, 3);
INSERT INTO category (id, name, parent_id, `level`) values( 613, 'Cider', 65, 3);
INSERT INTO category (id, name, parent_id, `level`) values( 614, 'Cleaning', 66, 3);
INSERT INTO category (id, name, parent_id, `level`) values( 615, 'Pest Control', 66, 3);
INSERT INTO category (id, name, parent_id, `level`) values( 616, 'Household Sundries', 66, 3);
INSERT INTO category (id, name, parent_id, `level`) values( 617, 'Laundry', 66, 3);
INSERT INTO category (id, name, parent_id, `level`) values( 618, 'Paper & Tissue', 66, 3); 
INSERT INTO category (id, name, parent_id, `level`) values( 619, 'Dishwashing', 66,  3);
INSERT INTO category (id, name, parent_id, `level`) values( 620, 'AirCare', 66, 3);
INSERT INTO category (id, name, parent_id, `level`) values( 621, 'Nuts & Fruits', 67,  3);
INSERT INTO category (id, name, parent_id, `level`) values( 622, 'Caramels & Toffee', 67, 3);
INSERT INTO category (id, name, parent_id, `level`) values( 623, 'Chewing Gum & Mints', 67, 3);
INSERT INTO category (id, name, parent_id, `level`) values( 624, 'Candy Assortments', 67, 3);
INSERT INTO category (id, name, parent_id, `level`) values( 625, 'Marshamallows', 67, 3);
INSERT INTO category (id, name, parent_id, `level`) values( 626, 'Festive Boxes', 67, 3);
INSERT INTO category (id, name, parent_id, `level`) values( 627, 'Chocolate', 67, 3);
INSERT INTO category (id, name, parent_id, `level`) values( 628, 'Bars', 67, 3); 
INSERT INTO category (id, name, parent_id, `level`) values( 629, 'Other Sweets', 67, 3);
INSERT INTO category (id, name, parent_id, `level`) values( 630, 'Nuts & Fruits', 67,  3);
INSERT INTO category (id, name, parent_id, `level`) values( 631, 'Caramels & Toffee', 67, 3);
INSERT INTO category (id, name, parent_id, `level`) values( 632, 'Chewing Gum & Mints', 67, 3);
INSERT INTO category (id, name, parent_id, `level`) values( 633, 'Candy Assortments', 67, 3);
INSERT INTO category (id, name, parent_id, `level`) values( 634, 'Marshamallows', 67, 3);
INSERT INTO category (id, name, parent_id, `level`) values( 635, 'Festive Boxes', 67, 3);
INSERT INTO category (id, name, parent_id, `level`) values( 636, 'Chocolate', 67, 3);
INSERT INTO category (id, name, parent_id, `level`) values( 637, 'Bars', 67, 3); 
INSERT INTO category (id, name, parent_id, `level`) values( 638, 'Other Sweets', 67, 3);
INSERT INTO category (id, name, parent_id, `level`) values( 639, 'Lighters & Matches', 68, 3); 
INSERT INTO category (id, name, parent_id, `level`) values( 640, 'Cigarettes', 68, 3);
INSERT INTO category (id, name, parent_id, `level`) values( 641, 'Biscuits', 69,  3);
INSERT INTO category (id, name, parent_id, `level`) values( 642, 'Crackers', 69, 3);
INSERT INTO category (id, name, parent_id, `level`) values( 643, 'Cookies', 69, 3);
INSERT INTO category (id, name, parent_id, `level`) values( 644, 'Chips & Crisps', 69, 3);
INSERT INTO category (id, name, parent_id, `level`) values( 645, 'Nuts', 69, 3);
INSERT INTO category (id, name, parent_id, `level`) values( 646, 'Local Specialty', 69, 3);
INSERT INTO category (id, name, parent_id, `level`) values( 647, 'Seaweed Laver', 69, 3);
INSERT INTO category (id, name, parent_id, `level`) values( 648, 'dried Fruit & Vegetable Chips', 69, 3); 
INSERT INTO category (id, name, parent_id, `level`) values( 649, 'Others Snacks', 69, 3);
INSERT INTO category (id, name, parent_id, `level`) values( 650, 'Fish', 70, 3);
INSERT INTO category (id, name, parent_id, `level`) values( 651, 'Bird', 70, 3);
INSERT INTO category (id, name, parent_id, `level`) values( 652, 'Dog', 70, 3);
INSERT INTO category (id, name, parent_id, `level`) values( 653, 'Cat', 70, 3); 
INSERT INTO category (id, name, parent_id, `level`) values( 654, 'Small Pet', 70, 3);
INSERT INTO category (id, name, parent_id, `level`) values( 655, 'Dresses', 81, 3);
INSERT INTO category (id, name, parent_id, `level`) values( 656, 'Skirts', 81, 3);
INSERT INTO category (id, name, parent_id, `level`) values( 657, 'Tops', 81, 3);
INSERT INTO category (id, name, parent_id, `level`) values( 658, 'Jackets & Coats', 81, 3); 
INSERT INTO category (id, name, parent_id, `level`) values( 659, 'Hoodies & Sweatshirts', 81, 3);
INSERT INTO category (id, name, parent_id, `level`) values( 660, 'Sweaters & Cardigans', 81, 3);
INSERT INTO category (id, name, parent_id, `level`) values( 661, 'Jeans', 81, 3);
INSERT INTO category (id, name, parent_id, `level`) values( 662, 'Pants & Leggings', 81, 3);
INSERT INTO category (id, name, parent_id, `level`) values( 663, 'Shorts', 81, 3); 
INSERT INTO category (id, name, parent_id, `level`) values( 664, 'Socks & Tights', 81, 3);
INSERT INTO category (id, name, parent_id, `level`) values( 665, 'Sneakers', 82, 3);
INSERT INTO category (id, name, parent_id, `level`) values( 666, 'Heels', 82, 3);
INSERT INTO category (id, name, parent_id, `level`) values( 667, 'Flat Shoes', 82, 3);
INSERT INTO category (id, name, parent_id, `level`) values( 668, 'Wedges', 82, 3); 
INSERT INTO category (id, name, parent_id, `level`) values( 669, 'Boots', 82, 3);
INSERT INTO category (id, name, parent_id, `level`) values( 670, 'Sandals', 82, 3);
INSERT INTO category (id, name, parent_id, `level`) values( 671, 'Slides & Flip Flops', 82, 3);
INSERT INTO category (id, name, parent_id, `level`) values( 672, 'Shoes Accessories', 82, 3);
INSERT INTO category (id, name, parent_id, `level`) values( 673, 'Backpacks', 83, 3);
INSERT INTO category (id, name, parent_id, `level`) values( 674, 'Cross Body & Shoulder Bags', 83, 3);
INSERT INTO category (id, name, parent_id, `level`) values( 675, 'Top-Handle Bags', 83, 3);
INSERT INTO category (id, name, parent_id, `level`) values( 676, 'Tote Bags', 83, 3); 
INSERT INTO category (id, name, parent_id, `level`) values( 677, 'Wallets & Accessories', 83, 3);
INSERT INTO category (id, name, parent_id, `level`) values( 678, 'Clutches', 83, 3);
INSERT INTO category (id, name, parent_id, `level`) values( 679, 'Umbrellas', 84, 3);
INSERT INTO category (id, name, parent_id, `level`) values( 680, 'Gloves', 84, 3);
INSERT INTO category (id, name, parent_id, `level`) values( 681, 'Scarves', 84, 3);
INSERT INTO category (id, name, parent_id, `level`) values( 682, 'Hats & Caps', 84, 3);
INSERT INTO category (id, name, parent_id, `level`) values( 683, 'Hair Accessories', 84, 3);
INSERT INTO category (id, name, parent_id, `level`) values( 684, 'Belts', 84, 3); 
INSERT INTO category (id, name, parent_id, `level`) values( 685, 'Others', 84, 3); 
INSERT INTO category (id, name, parent_id, `level`) values( 686, 'Bras', 85, 3);
INSERT INTO category (id, name, parent_id, `level`) values( 687, 'Panties', 85, 3);
INSERT INTO category (id, name, parent_id, `level`) values( 688, 'Shapewear', 85, 3);
INSERT INTO category (id, name, parent_id, `level`) values( 689, 'Lingerie Sets', 85, 3);
INSERT INTO category (id, name, parent_id, `level`) values( 690, 'Sleep & Loungewear', 85, 3);
INSERT INTO category (id, name, parent_id, `level`) values( 691, 'Robes', 85, 3); 
INSERT INTO category (id, name, parent_id, `level`) values( 692, 'Camisoles & Slips', 85, 3); 
INSERT INTO category (id, name, parent_id, `level`) values( 693, 'Sexy Lingerie', 85, 3); 
INSERT INTO category (id, name, parent_id, `level`) values( 694, 'Bodysuits', 85, 3); 
INSERT INTO category (id, name, parent_id, `level`) values( 695, 'Accessories', 85, 3); 
INSERT INTO category (id, name, parent_id, `level`) values( 696, 'Tops', 86, 3);
INSERT INTO category (id, name, parent_id, `level`) values( 697, 'Hoodies', 86, 3);
INSERT INTO category (id, name, parent_id, `level`) values( 698, 'Jackets & Coats', 86, 3);
INSERT INTO category (id, name, parent_id, `level`) values( 699, 'Dresses', 86, 3);
INSERT INTO category (id, name, parent_id, `level`) values( 700, 'Swimsuits', 86, 3);
INSERT INTO category (id, name, parent_id, `level`) values( 701, 'Underwear & Sleepwear', 86, 3); 
INSERT INTO category (id, name, parent_id, `level`) values( 702, 'Bottoms', 86, 3); 
INSERT INTO category (id, name, parent_id, `level`) values( 703, 'Socks & Tights', 86, 3); 
INSERT INTO category (id, name, parent_id, `level`) values( 704, 'Flip Flops, Slides & Sandals', 87, 3); 
INSERT INTO category (id, name, parent_id, `level`) values( 705, 'Boots', 87, 3); 
INSERT INTO category (id, name, parent_id, `level`) values( 706, 'Flats & Slip-Ons', 87, 3);
INSERT INTO category (id, name, parent_id, `level`) values( 707, 'Formal Shoes', 87, 3);
INSERT INTO category (id, name, parent_id, `level`) values( 708, 'Sneakers', 87, 3);
INSERT INTO category (id, name, parent_id, `level`) values( 709, 'Shoes Accessories', 87, 3);
INSERT INTO category (id, name, parent_id, `level`) values( 710, 'Umbrellas & Rainwear', 88, 3);
INSERT INTO category (id, name, parent_id, `level`) values( 711, 'Gloves, Scarves & Cold Weather', 88, 3); 
INSERT INTO category (id, name, parent_id, `level`) values( 712, 'Hats & Caps', 88, 3);
INSERT INTO category (id, name, parent_id, `level`) values( 713, 'Hair Accessories', 88, 3); 
INSERT INTO category (id, name, parent_id, `level`) values( 714, 'Belts', 88, 3); 
INSERT INTO category (id, name, parent_id, `level`) values( 715, 'Backpacks Trolley', 89, 3);
INSERT INTO category (id, name, parent_id, `level`) values( 716, 'Backpacks', 89, 3); 
INSERT INTO category (id, name, parent_id, `level`) values( 717, 'Bags', 89, 3);
INSERT INTO category (id, name, parent_id, `level`) values( 718, 'Accessories', 89, 3); 
INSERT INTO category (id, name, parent_id, `level`) values( 719, 'Jackets & Coats', 90, 3);
INSERT INTO category (id, name, parent_id, `level`) values( 720, 'Casual Tops', 90, 3); 
INSERT INTO category (id, name, parent_id, `level`) values( 721, 'Polo Shirts', 90, 3);
INSERT INTO category (id, name, parent_id, `level`) values( 722, 'Shirts', 90, 3); 
INSERT INTO category (id, name, parent_id, `level`) values( 723, 'Hoodies & Sweatshirts', 90, 3); 
INSERT INTO category (id, name, parent_id, `level`) values( 724, 'Sweaters & Cardigans', 90, 3);
INSERT INTO category (id, name, parent_id, `level`) values( 725, 'Jeans', 90, 3); 
INSERT INTO category (id, name, parent_id, `level`) values( 726, 'Pants', 90, 3);
INSERT INTO category (id, name, parent_id, `level`) values( 727, 'Shorts', 90, 3);
INSERT INTO category (id, name, parent_id, `level`) values( 728, 'Suits', 90, 3);
INSERT INTO category (id, name, parent_id, `level`) values( 729, 'Briefs', 91, 3); 
INSERT INTO category (id, name, parent_id, `level`) values( 730, 'Trunks & Boxers', 91, 3);
INSERT INTO category (id, name, parent_id, `level`) values( 731, 'Nightwear', 91, 3);
INSERT INTO category (id, name, parent_id, `level`) values( 732, 'Thongs & Others', 91, 3);
INSERT INTO category (id, name, parent_id, `level`) values( 733, 'Sneakers', 92, 3); 
INSERT INTO category (id, name, parent_id, `level`) values( 734, 'Formal Shoes', 92, 3);
INSERT INTO category (id, name, parent_id, `level`) values( 735, 'Slip-Ons & Loafers', 92, 3);
INSERT INTO category (id, name, parent_id, `level`) values( 736, 'Flip Flops & Sandals', 92, 3);
INSERT INTO category (id, name, parent_id, `level`) values( 737, 'Boots', 92, 3);
INSERT INTO category (id, name, parent_id, `level`) values( 738, 'Shoes Accessories', 92, 3);
INSERT INTO category (id, name, parent_id, `level`) values( 739, 'Fashion backpacks', 93, 3); 
INSERT INTO category (id, name, parent_id, `level`) values( 740, 'Business Bags', 93, 3);
INSERT INTO category (id, name, parent_id, `level`) values( 741, 'Crossbody Bags', 93, 3);
INSERT INTO category (id, name, parent_id, `level`) values( 742, 'Messenger Bags', 93, 3);
INSERT INTO category (id, name, parent_id, `level`) values( 743, 'Tote Bags', 93, 3);
INSERT INTO category (id, name, parent_id, `level`) values( 744, 'Wallets & Accessories', 93, 3);
INSERT INTO category (id, name, parent_id, `level`) values( 745, 'Belts', 94, 3); 
INSERT INTO category (id, name, parent_id, `level`) values( 746, 'Socks', 94, 3);
INSERT INTO category (id, name, parent_id, `level`) values( 747, 'Hats & Caps', 94, 3);
INSERT INTO category (id, name, parent_id, `level`) values( 748, 'Scarves', 94, 3);
INSERT INTO category (id, name, parent_id, `level`) values( 749, 'Gloves', 94, 3);
INSERT INTO category (id, name, parent_id, `level`) values( 750, 'Ties & Bow Ties', 94, 3);
INSERT INTO category (id, name, parent_id, `level`) values( 751, 'Umbrellas', 94, 3);
INSERT INTO category (id, name, parent_id, `level`) values( 752, 'Braces', 94, 3);
INSERT INTO category (id, name, parent_id, `level`) values( 753, 'T-Shirts & Shirts', 95, 3); 
INSERT INTO category (id, name, parent_id, `level`) values( 754, 'Hoodies', 95, 3);
INSERT INTO category (id, name, parent_id, `level`) values( 755, 'Jackets & Coats', 95, 3);
INSERT INTO category (id, name, parent_id, `level`) values( 756, 'Sweaters & Cardigans', 95, 3);
INSERT INTO category (id, name, parent_id, `level`) values( 757, 'Swim Wear', 95, 3);
INSERT INTO category (id, name, parent_id, `level`) values( 758, 'Underwear & Socks', 95, 3);
INSERT INTO category (id, name, parent_id, `level`) values( 759, 'Sleepwear', 95, 3);
INSERT INTO category (id, name, parent_id, `level`) values( 760, 'Pants & Jeans', 95, 3);
INSERT INTO category (id, name, parent_id, `level`) values( 761, 'Shorts', 95, 3);
INSERT INTO category (id, name, parent_id, `level`) values( 762, 'Flip Flops, Slides & Sandals', 96, 3); 
INSERT INTO category (id, name, parent_id, `level`) values( 763, 'Boots', 96, 3);
INSERT INTO category (id, name, parent_id, `level`) values( 764, 'Formal Shoes', 96, 3);
INSERT INTO category (id, name, parent_id, `level`) values( 765, 'Slip-Ons & Loafers', 96, 3);
INSERT INTO category (id, name, parent_id, `level`) values( 766, 'Sneakers', 96, 3);
INSERT INTO category (id, name, parent_id, `level`) values( 767, 'Shoes Accessories', 96, 3);
INSERT INTO category (id, name, parent_id, `level`) values( 768, 'Umbrellas & Rainwear', 97, 3); 
INSERT INTO category (id, name, parent_id, `level`) values( 769, 'Gloves, Scarves & Cold Weather', 97, 3);
INSERT INTO category (id, name, parent_id, `level`) values( 770, 'Hats & Caps', 97, 3);
INSERT INTO category (id, name, parent_id, `level`) values( 771, 'Belts', 97, 3);
INSERT INTO category (id, name, parent_id, `level`) values( 772, 'Others', 97, 3);
INSERT INTO category (id, name, parent_id, `level`) values( 773, 'Backpacks Trolley', 98, 3); 
INSERT INTO category (id, name, parent_id, `level`) values( 774, 'Backpacks', 98, 3);
INSERT INTO category (id, name, parent_id, `level`) values( 775, 'Bags', 98, 3);
INSERT INTO category (id, name, parent_id, `level`) values( 776, 'Accessories', 98, 3);
INSERT INTO category (id, name, parent_id, `level`) values( 777, 'Casual', 99, 3); 
INSERT INTO category (id, name, parent_id, `level`) values( 778, 'Business', 99, 3);
INSERT INTO category (id, name, parent_id, `level`) values( 779, 'Sports', 99, 3);
INSERT INTO category (id, name, parent_id, `level`) values( 780, 'Fashion', 99, 3);
INSERT INTO category (id, name, parent_id, `level`) values( 781, 'Accessories', 99, 3);
INSERT INTO category (id, name, parent_id, `level`) values( 782, 'Casual', 100, 3); 
INSERT INTO category (id, name, parent_id, `level`) values( 783, 'Business', 100, 3);
INSERT INTO category (id, name, parent_id, `level`) values( 784, 'Sports', 100, 3);
INSERT INTO category (id, name, parent_id, `level`) values( 785, 'Fashion', 100, 3);
INSERT INTO category (id, name, parent_id, `level`) values( 786, 'Accessories', 100, 3);
INSERT INTO category (id, name, parent_id, `level`) values( 787, 'Girl''s Watches', 101, 3);
INSERT INTO category (id, name, parent_id, `level`) values( 788, 'Boy''s Watches', 101, 3);
INSERT INTO category (id, name, parent_id, `level`) values( 789, 'Girl''s Sunglasses', 102, 3);
INSERT INTO category (id, name, parent_id, `level`) values( 790, 'Women''s Sunglasses', 102, 3);
INSERT INTO category (id, name, parent_id, `level`) values( 791, 'Kids''Sunglasses', 102, 3);
INSERT INTO category (id, name, parent_id, `level`) values( 792, 'Girl''s Eyeglasses', 103, 3);
INSERT INTO category (id, name, parent_id, `level`) values( 793, 'Women''s Eyeglasses', 103, 3);
INSERT INTO category (id, name, parent_id, `level`) values( 794, 'Kids''Eyeglasses', 103, 3);
INSERT INTO category (id, name, parent_id, `level`) values( 795, 'Clear Contact Lens', 104, 3);
INSERT INTO category (id, name, parent_id, `level`) values( 796, 'Color Contact Lens', 104, 3);
INSERT INTO category (id, name, parent_id, `level`) values( 797, 'Contact Lens Care', 104, 3);
INSERT INTO category (id, name, parent_id, `level`) values( 798, 'Eye Drops', 104, 3);
INSERT INTO category (id, name, parent_id, `level`) values( 799, 'Fine Jewellery', 105, 3);
INSERT INTO category (id, name, parent_id, `level`) values( 800, 'Fashion Jewellery', 105, 3);
INSERT INTO category (id, name, parent_id, `level`) values( 801, 'Fine Jewellery', 106, 3);
INSERT INTO category (id, name, parent_id, `level`) values( 802, 'Fashion Jewellery', 106, 3);
INSERT INTO category (id, name, parent_id, `level`) values( 803, 'Eyewear screwdriver', 107, 3);
INSERT INTO category (id, name, parent_id, `level`) values( 804, 'Eyewear case', 107, 3);
INSERT INTO category (id, name, parent_id, `level`) values( 805, 'Mirror cloth', 107, 3);
INSERT INTO category (id, name, parent_id, `level`) values( 806, 'Cleaning solution', 107, 3);
INSERT INTO category (id, name, parent_id, `level`) values( 807, 'Laptop Bags', 108, 3);
INSERT INTO category (id, name, parent_id, `level`) values( 808, 'Luggage', 108, 3);
INSERT INTO category (id, name, parent_id, `level`) values( 809, 'Travel Accessories', 108, 3);
INSERT INTO category (id, name, parent_id, `level`) values( 810, 'Cardio Equipment', 109, 3);
INSERT INTO category (id, name, parent_id, `level`) values( 811, 'Strength Training Equipment', 109, 3);
INSERT INTO category (id, name, parent_id, `level`) values( 812, 'Weight', 109, 3);
INSERT INTO category (id, name, parent_id, `level`) values( 813, 'Yoga', 109, 3);
INSERT INTO category (id, name, parent_id, `level`) values( 814, 'Pilates', 109, 3);
INSERT INTO category (id, name, parent_id, `level`) values( 815, 'Running', 109, 3);
INSERT INTO category (id, name, parent_id, `level`) values( 816, 'Cycling', 110, 3);
INSERT INTO category (id, name, parent_id, `level`) values( 817, 'Fishing', 110, 3);
INSERT INTO category (id, name, parent_id, `level`) values( 818, 'Camping & Hiking', 110, 3);
INSERT INTO category (id, name, parent_id, `level`) values( 819, 'Climbing', 110, 3);
INSERT INTO category (id, name, parent_id, `level`) values( 820, 'Golf', 110, 3);
INSERT INTO category (id, name, parent_id, `level`) values( 821, 'Inline & Roller Skates', 110, 3);
INSERT INTO category (id, name, parent_id, `level`) values( 822, 'Skateboards', 110, 3);
INSERT INTO category (id, name, parent_id, `level`) values( 823, 'Scooters', 110, 3);
INSERT INTO category (id, name, parent_id, `level`) values( 824, 'Shooting', 110, 3);
INSERT INTO category (id, name, parent_id, `level`) values( 825, 'Shoes', 111, 3);
INSERT INTO category (id, name, parent_id, `level`) values( 826, 'Clothing', 111, 3);
INSERT INTO category (id, name, parent_id, `level`) values( 827, 'Accessories', 111, 3);
INSERT INTO category (id, name, parent_id, `level`) values( 828, 'Sports & Outdoors', 111, 3);
INSERT INTO category (id, name, parent_id, `level`) values( 829, 'Shoes', 112, 3);
INSERT INTO category (id, name, parent_id, `level`) values( 830, 'Clothing', 112, 3);
INSERT INTO category (id, name, parent_id, `level`) values( 831, 'Accessories', 112, 3);
INSERT INTO category (id, name, parent_id, `level`) values( 832, 'Sports & Outdoors', 112, 3);
INSERT INTO category (id, name, parent_id, `level`) values( 833, 'Rackets', 113, 3);
INSERT INTO category (id, name, parent_id, `level`) values( 834, 'Bats', 113, 3);
INSERT INTO category (id, name, parent_id, `level`) values( 835, 'Rackets', 113, 3);
INSERT INTO category (id, name, parent_id, `level`) values( 836, 'Shuttlecocks', 113, 3);
INSERT INTO category (id, name, parent_id, `level`) values( 837, 'Table Tennis Balls', 113, 3);
INSERT INTO category (id, name, parent_id, `level`) values( 838, 'Tennis Balls', 113, 3);
INSERT INTO category (id, name, parent_id, `level`) values( 839, 'Squash', 113, 3);
INSERT INTO category (id, name, parent_id, `level`) values( 840, 'Basketball', 114, 3);
INSERT INTO category (id, name, parent_id, `level`) values( 841, 'Volleyball', 114, 3);
INSERT INTO category (id, name, parent_id, `level`) values( 842, 'Football', 114, 3);
INSERT INTO category (id, name, parent_id, `level`) values( 843, 'Baseball', 114, 3);
INSERT INTO category (id, name, parent_id, `level`) values( 844, 'Rugby', 114, 3);
INSERT INTO category (id, name, parent_id, `level`) values( 845, 'Sepak Takraw', 114, 3);
INSERT INTO category (id, name, parent_id, `level`) values( 846, 'Cheerleading', 114, 3);
INSERT INTO category (id, name, parent_id, `level`) values( 847, 'Cricket', 114, 3);
INSERT INTO category (id, name, parent_id, `level`) values( 848, 'Hockey', 114, 3);
INSERT INTO category (id, name, parent_id, `level`) values( 849, 'Gymnastics', 114, 3);
INSERT INTO category (id, name, parent_id, `level`) values( 850, 'Martial Art Equipment', 115, 3);
INSERT INTO category (id, name, parent_id, `level`) values( 851, 'Boxing Gym Equipment', 115, 3);
INSERT INTO category (id, name, parent_id, `level`) values( 852, 'Punching Bags & Accessories', 115, 3);
INSERT INTO category (id, name, parent_id, `level`) values( 853, 'Hand Wraps', 115, 3);
INSERT INTO category (id, name, parent_id, `level`) values( 854, 'Kicking Targets', 115, 3);
INSERT INTO category (id, name, parent_id, `level`) values( 855, 'Martial Art Uniform', 115, 3);
INSERT INTO category (id, name, parent_id, `level`) values( 856, 'Protective Gear', 115, 3);
INSERT INTO category (id, name, parent_id, `level`) values( 857, 'Boxing Gloves', 115, 3);
INSERT INTO category (id, name, parent_id, `level`) values( 858, 'MMA Gloves', 115, 3);
INSERT INTO category (id, name, parent_id, `level`) values( 859, 'Boxing Pads', 115, 3);
INSERT INTO category (id, name, parent_id, `level`) values( 860, 'Swimming', 116, 3);
INSERT INTO category (id, name, parent_id, `level`) values( 861, 'Boating', 116, 3);
INSERT INTO category (id, name, parent_id, `level`) values( 862, 'Diving & Snorkeling', 116, 3);
INSERT INTO category (id, name, parent_id, `level`) values( 863, 'Boarding', 116, 3);
INSERT INTO category (id, name, parent_id, `level`) values( 864, 'Tubing & Towables', 116, 3);
INSERT INTO category (id, name, parent_id, `level`) values( 865, 'Life Jackets', 116, 3);
INSERT INTO category (id, name, parent_id, `level`) values( 866, 'Dry Bags', 116, 3);
INSERT INTO category (id, name, parent_id, `level`) values( 867, 'Water Bottles', 117, 3);
INSERT INTO category (id, name, parent_id, `level`) values( 868, 'Straps & Accessories', 117, 3);
INSERT INTO category (id, name, parent_id, `level`) values( 869, 'Air Pumps', 117, 3);
INSERT INTO category (id, name, parent_id, `level`) values( 870, 'Cycling', 117, 3);
INSERT INTO category (id, name, parent_id, `level`) values( 871, 'Swimming', 117, 3);
INSERT INTO category (id, name, parent_id, `level`) values( 872, 'Running', 117, 3);
INSERT INTO category (id, name, parent_id, `level`) values( 873, 'Hiking', 117, 3);
INSERT INTO category (id, name, parent_id, `level`) values( 874, 'Fitness', 117, 3);
INSERT INTO category (id, name, parent_id, `level`) values( 875, 'Supports & Braces', 117, 3);
INSERT INTO category (id, name, parent_id, `level`) values( 876, 'First Aid Kits', 117, 3);
INSERT INTO category (id, name, parent_id, `level`) values( 877, 'Scooters', 118, 3);
INSERT INTO category (id, name, parent_id, `level`) values( 878, 'Standard Bikes', 118, 3);
INSERT INTO category (id, name, parent_id, `level`) values( 879, 'Sportbikes', 118, 3);
INSERT INTO category (id, name, parent_id, `level`) values( 880, 'Cruiser Bikes', 118, 3);
INSERT INTO category (id, name, parent_id, `level`) values( 881, 'Electric Bikes', 118, 3);
INSERT INTO category (id, name, parent_id, `level`) values( 882, 'ATVs & UTVs', 118, 3);
INSERT INTO category (id, name, parent_id, `level`) values( 883, 'Touring Bikes', 118, 3);
INSERT INTO category (id, name, parent_id, `level`) values( 884, 'Custom Bikes', 118, 3);
INSERT INTO category (id, name, parent_id, `level`) values( 885, 'Exterior Vehicle Care', 119, 3);
INSERT INTO category (id, name, parent_id, `level`) values( 886, 'Auto Oils & Fluids', 119, 3);
INSERT INTO category (id, name, parent_id, `level`) values( 887, 'Auto Tools & Equipment', 119, 3);
INSERT INTO category (id, name, parent_id, `level`) values( 888, 'Auto Parts & Spares', 119, 3);
INSERT INTO category (id, name, parent_id, `level`) values( 889, 'Exterior Accessories', 119, 3);
INSERT INTO category (id, name, parent_id, `level`) values( 890, 'Interior Accessories', 119, 3);
INSERT INTO category (id, name, parent_id, `level`) values( 891, 'Interior Vehicle Care', 119, 3);
INSERT INTO category (id, name, parent_id, `level`) values( 892, 'Car Electronics Accessories', 119, 3);
INSERT INTO category (id, name, parent_id, `level`) values( 893, 'GPS', 119, 3);
INSERT INTO category (id, name, parent_id, `level`) values( 894, 'Wheels & Tires Installations', 120, 3);
INSERT INTO category (id, name, parent_id, `level`) values( 895, 'Cleaning Sevices', 120, 3);
INSERT INTO category (id, name, parent_id, `level`) values( 896, 'Body & Paint', 120, 3);
INSERT INTO category (id, name, parent_id, `level`) values( 897, 'Battery & Electronic', 120, 3);
INSERT INTO category (id, name, parent_id, `level`) values( 898, 'Engine services', 120, 3);
INSERT INTO category (id, name, parent_id, `level`) values( 899, 'Brakes', 120, 3);
INSERT INTO category (id, name, parent_id, `level`) values( 900, 'Accessory Installation', 120, 3);
INSERT INTO category (id, name, parent_id, `level`) values( 901, 'Alignment & Steering', 120, 3);
INSERT INTO category (id, name, parent_id, `level`) values( 902, 'Helmet', 122, 3);
INSERT INTO category (id, name, parent_id, `level`) values( 903, 'Helmets Accessories', 122, 3);
INSERT INTO category (id, name, parent_id, `level`) values( 904, 'Gloves', 122, 3);
INSERT INTO category (id, name, parent_id, `level`) values( 905, 'Chest & Back Protectors', 122, 3);
INSERT INTO category (id, name, parent_id, `level`) values( 906, 'Knee & Shin Protection', 122, 3);
INSERT INTO category (id, name, parent_id, `level`) values( 907, 'Eyewear', 122, 3);
INSERT INTO category (id, name, parent_id, `level`) values( 908, 'Rainwear', 122, 3);
INSERT INTO category (id, name, parent_id, `level`) values( 909, 'Rain Jackets', 122, 3);
INSERT INTO category (id, name, parent_id, `level`) values( 910, 'Face Masks', 122, 3);
INSERT INTO category (id, name, parent_id, `level`) values( 911, 'Jackets & Vests', 122, 3);
INSERT INTO category (id, name, parent_id, `level`) values( 912, 'Cycle Engine Oil', 121, 3);
INSERT INTO category (id, name, parent_id, `level`) values( 913, 'Racing Oils', 121, 3);
INSERT INTO category (id, name, parent_id, `level`) values( 914, 'Brake Fluid', 121, 3);
INSERT INTO category (id, name, parent_id, `level`) values( 915, 'Gear Oils', 121, 3);
INSERT INTO category (id, name, parent_id, `level`) values( 916, 'Lubricants & Solvents', 121, 3);
INSERT INTO category (id, name, parent_id, `level`) values( 917, 'Moto Batteries & Accessories', 122, 3);
INSERT INTO category (id, name, parent_id, `level`) values( 918, 'Moto Tools & Maintenance', 122, 3);
INSERT INTO category (id, name, parent_id, `level`) values( 919, 'Moto Electronics', 122, 3);
INSERT INTO category (id, name, parent_id, `level`) values( 920, 'Moto Tires & Wheels', 122, 3);
INSERT INTO category (id, name, parent_id, `level`) values( 921, 'Moto Exterior Accessories', 122, 3);
INSERT INTO category (id, name, parent_id, `level`) values( 922, 'Moto Parts & Spares', 122, 3);
INSERT INTO category (id, name, parent_id, `level`) values( 923, 'Cleaners and Kits', 123, 3);
INSERT INTO category (id, name, parent_id, `level`) values( 924, 'Car Polishes & Waxes', 123, 3);
INSERT INTO category (id, name, parent_id, `level`) values( 925, 'Paints & Primers', 123, 3);
INSERT INTO category (id, name, parent_id, `level`) values( 926, 'Finishing', 123, 3);
INSERT INTO category (id, name, parent_id, `level`) values( 927, 'Polishing & Rubbing Compounds', 123, 3);
INSERT INTO category (id, name, parent_id, `level`) values( 928, 'Polishing & Waxing Kits', 123, 3);
INSERT INTO category (id, name, parent_id, `level`) values( 929, 'Glass Care', 123, 3);
INSERT INTO category (id, name, parent_id, `level`) values( 930, 'Tire & Wheel Care', 123, 3);
INSERT INTO category (id, name, parent_id, `level`) values( 931, 'Water Blades', 123, 3);
INSERT INTO category (id, name, parent_id, `level`) values( 932, 'Oils', 124, 3);
INSERT INTO category (id, name, parent_id, `level`) values( 933, 'Cleaners', 124, 3);
INSERT INTO category (id, name, parent_id, `level`) values( 934, 'Adhesives', 124, 3);
INSERT INTO category (id, name, parent_id, `level`) values( 935, 'Antifreezes & Coolants', 124, 3);
INSERT INTO category (id, name, parent_id, `level`) values( 936, 'Additives', 124, 3);
INSERT INTO category (id, name, parent_id, `level`) values( 937, 'Transmission Fluids', 124, 3);
INSERT INTO category (id, name, parent_id, `level`) values( 938, 'Greases & Lubricants', 124, 3);
INSERT INTO category (id, name, parent_id, `level`) values( 939, 'Windshield Washer Fluids', 124, 3);
INSERT INTO category (id, name, parent_id, `level`) values( 940, 'Brake Fluids', 124, 3);
INSERT INTO category (id, name, parent_id, `level`) values( 941, 'Radiator Conditioners & Protectants', 124, 3);
INSERT INTO category (id, name, parent_id, `level`) values( 942, 'Covers', 125, 3);
INSERT INTO category (id, name, parent_id, `level`) values( 943, 'Air Fresheners', 125, 3);
INSERT INTO category (id, name, parent_id, `level`) values( 944, 'Key Chains', 125, 3);
INSERT INTO category (id, name, parent_id, `level`) values( 945, 'Consoles & Organizers', 125, 3);
INSERT INTO category (id, name, parent_id, `level`) values( 946, 'Gauges', 125, 3);
INSERT INTO category (id, name, parent_id, `level`) values( 947, 'Steering Wheels & Accessories', 125, 3);
INSERT INTO category (id, name, parent_id, `level`) values( 948, 'Floor Mats & Cargo Liners', 125, 3);
INSERT INTO category (id, name, parent_id, `level`) values( 949, 'Deflectors & Shields', 125, 3);
INSERT INTO category (id, name, parent_id, `level`) values( 950, 'Towing Products & Winches', 125, 3);
INSERT INTO category (id, name, parent_id, `level`) values( 951, 'Sun Protection', 125, 3);
INSERT INTO category (id, name, parent_id, `level`) values( 952, 'Cables', 34, 3);
INSERT INTO category (id, name, parent_id, `level`) values( 953, 'TV Receivers', 34, 3);
INSERT INTO category (id, name, parent_id, `level`) values( 954, 'TV Remote Controllers', 34, 3);
INSERT INTO category (id, name, parent_id, `level`) values( 955, 'Antennas', 34, 3);
INSERT INTO category (id, name, parent_id, `level`) values( 956, 'TV Adapters', 34, 3);
INSERT INTO category (id, name, parent_id, `level`) values( 957, 'Wall Mounts & Protectors', 34, 3);
INSERT INTO category (id, name, parent_id, `level`) values( 958, '3D Glasses', 34, 3);
INSERT INTO category (id, name, parent_id, `level`) values( 959, 'Soundbars', 35, 3);
INSERT INTO category (id, name, parent_id, `level`) values( 960, 'Karaoke Systems', 35, 3);
INSERT INTO category (id, name, parent_id, `level`) values( 961, 'Condoms', 47, 3);
INSERT INTO category (id, name, parent_id, `level`) values( 962, 'Shaving & Grooming', 47, 3);
INSERT INTO category (id, name, parent_id, `level`) values( 963, 'Skin Care', 47, 3);
INSERT INTO category (id, name, parent_id, `level`) values( 964, 'Hair Care', 47, 3);
INSERT INTO category (id, name, parent_id, `level`) values( 965, 'Sports Nutrition', 47, 3);

INSERT INTO product (id, name, short_desc, full_desc, category_id, brand_name, status, weight, available_item, unit_price, discount_percent, avg_rating, img_url, total_rating, supplier_id) VALUES(130, 'Điện thoại Samsung Galaxy M20 (3GB/32GB) - Hãng phân phối chính thức', 'Điện thoại Samsung Galaxy M20 (3GB/32GB) - Hãng phân phối chính thức', '<pre>Màn hình vô cực Infinity-V mới đẹp mắt
Pin dung lượng cực lớn 5,000 mAh, có sạc nhanh
Cụm camera kép góc rộng 13Mp/5Mp, khẩu độ lớn F1.9/F2.2
Camera trước 8Mp khẩu độ F2.0
Mở khóa vân tay mặt sau
Hiệu năng ổn định với dòng chip mới Exynos 7904</pre>', 13, 'Samsung', 'USED', 7.488342236386711, 39, 4290000, 14, 4.8, 'https://vn-test-11.slatic.net/p/e08fba8bc7899ad5286b6c422311f3d2.jpg;https://vn-test-11.slatic.net/p/bcdcdde0712ba38f9e0b14450d06ebf0.jpg;https://vn-test-11.slatic.net/p/f336ce1e5a4bea2a42fdc18a8b99324a.jpg;', 45, 4);

INSERT INTO review (id, product_id, reviewer, rating, `comment`) VALUES(1300, 130, 'Phuong T.', 0, 'hàng nguyên seal, chưa kh bảo hành. đóng gói cẩn thận, giao hàng rất nhanh. :). laz kích hoạt bảo hành giúp mình nhé.');

INSERT INTO review (id, product_id, reviewer, rating, `comment`) VALUES(1301, 130, 'Trần V.', 3, 'giao nhanh, máy đẹp, hàng chính hãng, đóng gói kỹ, giá tốt nhất lúc mua');

INSERT INTO review (id, product_id, reviewer, rating, `comment`) VALUES(1302, 130, 'Lua N.', 4, 'đăng kí bảo hành giúp mình nha');

INSERT INTO review (id, product_id, reviewer, rating, `comment`) VALUES(1303, 130, 'Lazada Customer', 1, 'kích hoạt bảo hành dùm mình nhé.');

INSERT INTO review (id, product_id, reviewer, rating, `comment`) VALUES(1304, 130, 'Ac L.', 3, 'Kích hoạt dùm bảo hành ạ.');

INSERT INTO product (id, name, short_desc, full_desc, category_id, brand_name, status, weight, available_item, unit_price, discount_percent, avg_rating, img_url, total_rating, supplier_id) VALUES(131, 'Điện thoại Itel S42 - Hàng chính hãng', 'Điện thoại Itel S42 - Hàng chính hãng', '<pre>Màn hình tràn viền</pre>', 13, 'Itel', 'NEW', 4.196062832321235, 9, 1830000, 14, 4.8, 'https://vn-test-11.slatic.net/p/2359586a3bc4a473217dfe7f969e4128.jpg;https://vn-test-11.slatic.net/p/dba472c30a9af9ee9ba336c6ffcb6f82.jpg;https://vn-test-11.slatic.net/p/6ce36c7420972746bad9882f4e3e2e1b.jpg;https://vn-test-11.slatic.net/p/0d9f0524a7ad9a7f85e349f40bcf7d87.jpg;https://vn-test-11.slatic.net/p/c484ae44df8915eae7c47775807eba4a.jpg;https://vn-test-11.slatic.net/p/e9af503d0c2f24c4980a53846dae0d0f.jpg;https://vn-test-11.slatic.net/p/c639b9aabc29825c6c5a5f37a21cf228.jpg;', 73, 4);

INSERT INTO review (id, product_id, reviewer, rating, `comment`) VALUES(1315, 131, 'mai H.', 1, 'rất tốt cho 1,830k ( đây là cái thứ 2)');

INSERT INTO review (id, product_id, reviewer, rating, `comment`) VALUES(1311, 131, 'Quách T.', 1, 'Sản phẩm quá đẹp, hài lòng và giao hàng rất nhanh');

INSERT INTO review (id, product_id, reviewer, rating, `comment`) VALUES(1312, 131, 'mai H.', 2, 'giá 1.830k là khá ổn. hiện tại rất tốt...');

INSERT INTO review (id, product_id, reviewer, rating, `comment`) VALUES(1313, 131, 'quan L.', 1, 'tạm cho 4* dùng xem thế nào');

INSERT INTO review (id, product_id, reviewer, rating, `comment`) VALUES(1314, 131, 'pham S.', 1, 'Sản phẩm vượt sự mong đợi so với sản phẩm cùng phân khúc . Cảm ứng mượt tốc độ chạy nhanh với ram 3g và chíp 425 hàng hiệu . Mới xài chưa biết chất lượng thế nào sau một thời gian sẽ đánh giá tiếp.Itel 42 cầm vừa tay và được nhà sản xuất chau chuốt rất ưng ý với sản phẩm này . Cảm ơn Lazada đẫ bán hàng chất lương. Chúc Lazada ngày càng làm ăn phát đạt');

INSERT INTO product (id, name, short_desc, full_desc, category_id, brand_name, status, weight, available_item, unit_price, discount_percent, avg_rating, img_url, total_rating, supplier_id) VALUES(132, 'Xiaomi Redmi 6A 16GB Ram 2GB – Hãng phân phối chính thức', 'Xiaomi Redmi 6A 16GB Ram 2GB – Hãng phân phối chính thức', '<pre>CHƯƠNG TRÌNH GIẢM GIÁ ĐẶC BIỆT DUY NHẤT NGÀY 11.11 XEM BÊN DƯỚI
Đổi mới trong vòng 30 ngày nếu phần cứng có vấn đề tại các điểm bảo hành DGW
Hàng mới chính hãng, nguyên seal 100%
Màn hình Tràn viền 5.45" 18:9 display
Độ phân giải màn hình 1440 x 720 pixels
Camera trước 5M
Camera sau 13M
Face ID unlock
Tốc độ CPU 2.0 GHz
Chipset Mediatek Helio A22
CPU Mediatek Helio A22
RAM 2GB ROM 16GB
Pin 3000mAh</pre>', 13, 'Xiaomi', 'NEW', 5.925612537100701, 24, 2190000, 14, 4.6, 'https://vn-test-11.slatic.net/p/18c6a86e163a9d4ebbbf30b6e5984635.jpg;https://vn-test-11.slatic.net/original/fb94557aed6a6b6a11b46f81e799358d.jpg;https://vn-test-11.slatic.net/original/ffe8ae80e8e001da6bd2c9329728cd6e.jpg;https://vn-test-11.slatic.net/original/6e5878cfab1f5c109d05d66053a261f1.jpg;', 923, 3);

INSERT INTO review (id, product_id, reviewer, rating, `comment`) VALUES(1320, 132, 'Minh T.', 2, 'Máy đẹp như hình. Đang nghiên cứu thêm hướng dẫn sử dụng, tuy nhiên bỏ sim vào kiểm tra nhanh thì thấy ok. Giao hàng nhanh.');

INSERT INTO review (id, product_id, reviewer, rating, `comment`) VALUES(1321, 132, 'Mia T.', 1, 'Máy như hình nguyên seal, đóng gói chắc chắn. Mua được giá 0đ là quá tuyệt. Tuy nhiên làm máy phụ sử dụng nhẹ thì được. Dùng vài ngày thấy hơi chậm và giật lag.');

INSERT INTO review (id, product_id, reviewer, rating, `comment`) VALUES(1322, 132, 'Linh Q.', 3, '0đ nhưng dùng tốt');

INSERT INTO review (id, product_id, reviewer, rating, `comment`) VALUES(1323, 132, 'Thanh T.', 0, 'Mua voi giá 0 đ hôm bua lắc đc mã giam giá 2 cũ r mua đc voi gia 0 đ full box lun');

INSERT INTO review (id, product_id, reviewer, rating, `comment`) VALUES(1324, 132, 'Lazada Customer', 1, 'Sản phẩm hình thức đẹp, hoạt động mượt mà, rất xứng với số tiền bỏ ra.');

INSERT INTO product (id, name, short_desc, full_desc, category_id, brand_name, status, weight, available_item, unit_price, discount_percent, avg_rating, img_url, total_rating, supplier_id) VALUES(133, '[ĐỘC VÀ LẠ] Điện Thoại Mini X8, điện thoại mini siêu nhỏ V8, điện thoại 2 sim, điện thoại học sinh [Goodshop4u]', '[ĐỘC VÀ LẠ] Điện Thoại Mini X8, điện thoại mini siêu nhỏ V8, điện thoại 2 sim, điện thoại học sinh [Goodshop4u]', '<pre>Bạn hoàn toàn có thể dùngđiện thoại mini siêu nhỏ SATREND X8để thực hiện các cuộc gọi cũng như nghe nhạc.
Nhờ kích thước siêu nhỏ vậy nên bạn hoàn toàn có thể mang theo dễ dàng khi đi chơi, đi công tác, du lịch.
Hỗ trợ thay đổi giọng nói rất thú vị(Đàn ông, đàn bà, trẻ con)
Ghi âm cuộc gọi
Hỗ trợ thẻ nhớ lên tới 32Gb
Điện thoại có 5 màu sắc để bạn chọn lựa cho phù hợp với nhu cầu đó là trắng, đen, vàng, đỏ và xanh.
Giao màu ngẫu nhiên</pre>', 13, 'No Brand', 'NEW', 7.993169371537446, 89, 399000, 14, 4.5, 'https://vn-test-11.slatic.net/p/31162680c66cc5f4310fc95f93625b10.jpg;https://vn-test-11.slatic.net/p/197ac0e9550b020e083554e9c464d1ab.jpg;https://vn-test-11.slatic.net/p/49559dbb66d9be6564570f76c76bee4e.jpg;https://vn-test-11.slatic.net/p/c98239875a01126c035bb9ba7872b4c4.jpg;https://vn-test-11.slatic.net/p/5a0d02291dc8948f1d83a55229e83e61.jpg;https://vn-test-11.slatic.net/p/12b2e4282928021d2c9eaec3bb93edf6.jpg;https://vn-test-11.slatic.net/p/d3b2b46a72fcc76acc782ac20ee2d606.jpg;https://vn-test-11.slatic.net/p/bc30206bf28164bde6ecccc95ce56d5a.jpg;', 28, 5);

INSERT INTO review (id, product_id, reviewer, rating, `comment`) VALUES(1330, 133, 'Nguyễn V.', 1, 'Tuyệt vời ông mặt trời. Sao k có chế độ rung nhỉ');

INSERT INTO review (id, product_id, reviewer, rating, `comment`) VALUES(1331, 133, 'Thành T.', 1, 'mẫu mã cũng khá đẹp, có điều lúc ng ta gọi đến bấm chấp nhận thì hay báo lỗi mạng ko nge đc, có lúc bị lúc ko nhưng thôi tạm chấp nhận.');

INSERT INTO review (id, product_id, reviewer, rating, `comment`) VALUES(1332, 133, 'Night Y.', 2, 'Hàng đẹp, nhưng pin yếu quá, sạc đầy mà để không được có nửa ngày, tính tiền thì hơi bèo dù nó có độc và lạ thiệt');

INSERT INTO review (id, product_id, reviewer, rating, `comment`) VALUES(1333, 133, 'Hữu T.', 2, 'rất tốt. cu con nhà mình rất thích. thanks shop');

INSERT INTO review (id, product_id, reviewer, rating, `comment`) VALUES(1334, 133, 'Hoàng S.', 4, 'Đẹp và tiện. Rất nhiều chức năng hay');

INSERT INTO product (id, name, short_desc, full_desc, category_id, brand_name, status, weight, available_item, unit_price, discount_percent, avg_rating, img_url, total_rating, supplier_id) VALUES(134, 'Điện Thoại Iphon 4 8GB QT', 'Điện Thoại Iphon 4 8GB QT', '<pre>Màn hình
Công nghệ màn hìnhLED-backlit IPS LCD
Độ phân giảiDVGA (640 x 960 pixels)
Màn hình rộng3.5"
Mặt kính cảm ứngKính thường
Camera sau
Độ phân giải5 MP
Quay phimQuay phim HD 720p@30fps
Đèn FlashCó
Chụp ảnh nâng cao
Camera trước
Độ phân giảiVGA (0.3 MP)
VideocallCó
Thông tin khác
Hệ điều hành - CPU
Hệ điều hànhiOS 7.0
Chipset (hãng SX CPU)Apple A4
Tốc độ CPU1 GHz
Chip đồ họa (GPU)PowerVR SGX535
Bộ nhớ & Lưu trữ
RAM
Bộ nhớ trong8 GB
Bộ nhớ còn lại (khả dụng)5,5 GB
Thẻ nhớ ngoài
Kết nối
Mạng di động
SIM1 Micro SIM
Wifi
GPS
Bluetooth
Cổng kết nối/sạcUSB 2.0
Jack tai nghe3.5 mm
Kết nối khácKhông
Thiết kế & Trọng lượng
Thiết kếNguyên khối
Chất liệuHợp kim nhôm
Kích thướcDài 115.2 mm - Ngang 58.6 mm - Dày 9.3 mm
Trọng lượng137
Thông tin pin & Sạc
Dung lượng pin1420 mAh
Loại pinPin chuẩn Li-Po
Công nghệ pin
Tiện ích
Bảo mật nâng cao
Tính năng đặc biệt
Ghi âmCó
RadioKhông
Xem phim3GP,MP4,WMV
Nghe nhạcMP3,WAV,WMA,AAC,AAC+,AAC++</pre>', 13, 'OEM', 'USED', 4.370288840144172, 67, 550000, 14, 0.0, 'https://vn-test-11.slatic.net/p/d3967784749288634cae8956e61e6baa.jpg;https://vn-test-11.slatic.net/p/b33f6cb482c15c3769c38b8e048b845f.jpg;https://vn-test-11.slatic.net/p/f3331de757649422fe99e1777f42c3c4.jpg;https://vn-test-11.slatic.net/p/8d3a46ea9644fda1463c8b23db316a05.jpg;', 0, 8);

INSERT INTO product (id, name, short_desc, full_desc, category_id, brand_name, status, weight, available_item, unit_price, discount_percent, avg_rating, img_url, total_rating, supplier_id) VALUES(135, 'Di Động Bán Chạy nhất năm 5.7 inch Dual HD Camera Điện Thoại Thông Minh Android 6.0 IPS FULL Màn Hình GSM/WCDMA', 'Di Động Bán Chạy nhất năm 5.7 inch Dual HD Camera Điện Thoại Thông Minh Android 6.0 IPS FULL Màn Hình GSM/WCDMA', '<pre>Sáng tạo này camera là thích hợp cho cùng nhạy cảm ánh sáng của mắt người, các máy ảnh mới của ảnh chụp trong điều kiện ánh sáng yếu và sáng ánh sáng được sắc nét hơn và thực tế hơn.
Nó thích nghi với bất kỳ loại độ sáng, từ mạnh đến xấu, và từ ngày nay, bạn có thể thể hiện nghệ thuật khía cạnh và tái tạo chi tiết xung quanh tại bất kỳ thời điểm nào trong ngày hoặc ban đêm.
Chia sẻ hình ảnh và video ngay lập tức với xã hội phần mềm. Cho bạn luôn cảm thấy ở nhà.
Với âm thanh loa công nghệ, điện thoại thông minh sẽ cung cấp âm thanh Dolby Atmos với âm thanh rõ ràng.
Mới kích thước âm thanh đã đến. Dolby Atmos sẽ bao quanh bạn với 3D âm thanh, Cách ngâm bạn trong ngoạn mục kinh nghiệm, giống như trong rạp chiếu phim.</pre>', 13, 'Beauties', 'USED', 9.557447142225634, 40, 800400, 14, 4.3, 'https://my-test-11.slatic.net/p/fa825f006862619d9a5421ccb1b5c055.jpg;https://my-test-11.slatic.net/p/25dc0d8969ff5fee6d6721b2310cac8f.jpg;https://my-test-11.slatic.net/p/ee96c8b3305e5d29e50ef94ed404143f.jpg;https://my-test-11.slatic.net/p/82a8abdea7f4fdef753f552957b44b45.jpg;https://my-test-11.slatic.net/p/2377d349834cb5e33b47e68b2e92b9a9.jpg;https://my-test-11.slatic.net/p/0d76755facc733d9bb191bc52c712043.jpg;https://my-test-11.slatic.net/p/dc57de93301d81e00ca67fb23ca19cf9.jpg;https://my-test-11.slatic.net/p/4af2c9bf8eabe27bcb692af43547a5bc.jpg;', 6, 6);

INSERT INTO review (id, product_id, reviewer, rating, `comment`) VALUES(1350, 135, 'Lazada Customer', 0, '-Giống với mô tả :95% (trừ điểm ở camera hơi mờ)
-Màu sắc :đẹp
-Kích cỡ :hoàn hảo
-Cảm ứng cũng khá mượt
-Nói chung là hài lòng. Cũng chả hiểu sao hầu như ai cũng than phiền về lazada nhỉ?');

INSERT INTO review (id, product_id, reviewer, rating, `comment`) VALUES(1351, 135, 'Tuan N.', 3, '');

INSERT INTO product (id, name, short_desc, full_desc, category_id, brand_name, status, weight, available_item, unit_price, discount_percent, avg_rating, img_url, total_rating, supplier_id) VALUES(136, 'Điện thoại OPPO F9- Thiết kế sang trọng- Đẳng cấp selfie (Bảo hành toàn quốc trong vòng 12 tháng)', 'Điện thoại OPPO F9- Thiết kế sang trọng- Đẳng cấp selfie (Bảo hành toàn quốc trong vòng 12 tháng)', '<pre>Thông số kỹ thuật
Màn hình: LTPS LCD, 6.3", Full HD+
Hệ điều hành: ColorOS 5.2 (Android 8.1)
Camera sau: 16 MP và 2 MP (2 camera)
Camera trước: 25 MP
CPU: MediaTek Helio P60 8 nhân 64-bit
RAM: 4 GB
Bộ nhớ trong: 64 GB
Thẻ nhớ: MicroSD, hỗ trợ tối đa 256 GB
Thẻ SIM:
2 Nano SIM, Hỗ trợ 4G</pre>', 13, 'No Brand', 'USED', 3.1248300906643878, 45, 2290000, 14, 0.0, 'https://vn-test-11.slatic.net/p/0a53acf9037196a873b5b98b568fc5ff.jpg;https://vn-test-11.slatic.net/p/e20a68f7f4447654978acf3ebaecd062.jpg;https://vn-test-11.slatic.net/p/58e29e40f8665987c66795ce6f9aab9e.jpg;https://vn-test-11.slatic.net/p/e397eeb33588a8a70581a59331de2e69.jpg;', 0, 4);

INSERT INTO product (id, name, short_desc, full_desc, category_id, brand_name, status, weight, available_item, unit_price, discount_percent, avg_rating, img_url, total_rating, supplier_id) VALUES(137, 'Điện thoại iphonex 64gb', 'Điện thoại iphonex 64gb', '<pre>Màn hình:LTPS LCD, 5.8", Full HD+
Hệ điều hành:ColorOS 5.2 (Android 8.0)
Camera sau:16 MP và 2 MP (2 camera)
Camera trước:25 MP
CPU:MediaTek Helio P60 8 nhân 64-bit
RAM:3GB
Bộ nhớ trong: 128 GB</pre>', 13, 'OEM', 'USED', 2.0902471433041168, 4, 2800000, 14, 0.0, 'https://vn-test-11.slatic.net/p/8e046cb992dcccacab79ede5db26538e.jpg;https://vn-test-11.slatic.net/p/98e01f506c098c975e35dfb4bc81c1aa.jpg;https://vn-test-11.slatic.net/p/b3bc0917894ca89df2065cc92fa26166.jpg;', 0, 7);

INSERT INTO product (id, name, short_desc, full_desc, category_id, brand_name, status, weight, available_item, unit_price, discount_percent, avg_rating, img_url, total_rating, supplier_id) VALUES(138, 'Điện Thoại Vtretu (Vertu) V01 - V02 Sang Trọng Đẳng Cấp Hàng Fullbox', 'Điện Thoại Vtretu (Vertu) V01 - V02 Sang Trọng Đẳng Cấp Hàng Fullbox', '<pre>Vtretu đã tạo cơn sốt cho thị trường điện thoại thời trang giá rẻ. Nay sản phẩmVtretu tiếp tục ra mắt hứa hẹn trở thành trào lưu tiếp cho người dùng yêu mến các dòng điện thoại có thiết kế đơn giản nhưng lại sang trọng. Với thiết kế vỏ kim loại không thay đổi, tuy nhiên Vtretu V02 sở hữu 2 bên vuông vức khác với kiểu cong bo của V01. Điều này mang tới sự khỏe khoắn mà không kém phần sang chảnh.Dung lượng pin 1.580 mAh dính liền đàm thoại và nghe gọi từ 2 đến 3 ngày. Còn chần chừ gì với một chiếc Vtretu đặc sắc này.Thông số kỹ thuật điện thoại Vtretu V02 (Vertu):- Nghe nhạc: có- 2 Sim 2 sóng- Tùy chỉnh hình nền, màn hình tiết kiệm pin.- Màn hình: Độ phân giải: 176 x 220 pixels.Màn hình màu 260,000- Pin: Thời gian chờ 2-4 ngày- Hỗ trợ loa ngoài.- Nhạc chuông đa âm.- Hỗ trợ nhạc chuông MP3- Kích thước: 13 x 4.5 x 1.8 (cm)- Kích thước màn hình: 1,8 inch- Màu: đen - vàng- Bộ máy bao gồm:1 máy, 1 cáp sạc, 1 củ sạc, que chọc sim- Tình trạng: Mới 100%LƯU Ý: KHÔNG NÊN LẮP THẺ NHỚ VÌ DỄ BỊ KẸT THẺ NHỚ. CHỈ NÊN DÙNG 2 SimĐIỆN THOẠI MỚI 100% ĐƯỢC DÁN CHỐNG XƯỚC MẶT TRÊN VÀ DƯỚI!!!Màu sắc: Quí khách đặt hàng ghi rõ màu sắc cụ thể để tiện cho việc đóng và ship hàngVtretu V01: đen - vàngVtretu V02: đen</pre>', 13, 'VERTUS', 'NEW', 6.614149237973904, 69, 499000, 14, 4.2, 'https://vn-test-11.slatic.net/p/5eb08330334bb01c63ccfc30d8f63065.jpg;https://vn-test-11.slatic.net/p/6cce381391f6a76d60a7ab6103759e15.jpg;https://vn-test-11.slatic.net/p/a062fdff03626d98e46ea1273af7976e.jpg;https://vn-test-11.slatic.net/p/347bc581ed7530484a45e9a30608a02c.jpg;https://vn-test-11.slatic.net/p/fd0550d73270deb8ea5ac164f83978fd.jpg;https://vn-test-11.slatic.net/p/2ec092f64545a78cb8a79fb6b0d11206.jpg;', 9, 6);

INSERT INTO review (id, product_id, reviewer, rating, `comment`) VALUES(1380, 138, 'Nguyen D.', 1, 'Sản phẩm đúng với hình ảnh.
Kích thước đúng với hình ảnh.
Kích thước Shop quảng cáo bị nhầm:( Kích thước: 13 x 4.5 x 1.8cm ). (Đây là ý kiến của riêng Tôi).');

INSERT INTO review (id, product_id, reviewer, rating, `comment`) VALUES(1381, 138, 'Lương Đ.', 1, 'máy bị lỗi rồi ko dùng đc');

INSERT INTO review (id, product_id, reviewer, rating, `comment`) VALUES(1382, 138, 'Phuocthanh1509 T.', 4, 'ok');

INSERT INTO product (id, name, short_desc, full_desc, category_id, brand_name, status, weight, available_item, unit_price, discount_percent, avg_rating, img_url, total_rating, supplier_id) VALUES(139, 'Điện thoại Sharp R1S (3GB/32GB) 5.5 inch, 4G, Pin 5000mAh - Hàng nhập khẩu mới 100%', 'Điện thoại Sharp R1S (3GB/32GB) 5.5 inch, 4G, Pin 5000mAh - Hàng nhập khẩu mới 100%', '<pre>Thông số, cấu hình Sharp R1sMàn hình HD, 5.5", 1280 x 720 pixelCPU MediaTek MTK6750 (4 nhân 1.5GHz Cortex-A53 + 4 nhân 1.0GHz Cortex-A53)RAM 3 GBHệ điều hành Android 7.0 (Nougat)Camera chính 12.0 MP + 5.0 MP (Camera kép), Quay phim FullHD 1080p@30fps Camera phụ 5.0 MPBộ nhớ trong 32 GBThẻ nhớ ngoài đến 256GBDung lượng pin 5000 mAhHỗ trợ Vân tay</pre>', 13, 'Sharp', 'USED', 9.76629351405763, 58, 2190000, 14, 4.7, 'https://vn-test-11.slatic.net/original/ca0cfdfb2da566c415366380cb910a0b.jpg;https://vn-test-11.slatic.net/original/2e6ab40a142f6ad0efc9603a9006aae9.jpg;https://vn-test-11.slatic.net/original/101cb956ac5a1657c87e62650248f82d.jpg;', 19, 9);

INSERT INTO review (id, product_id, reviewer, rating, `comment`) VALUES(1390, 139, 'Nguyễn H.', 0, 'Đang test thử đến ngày thứ 3. N/x ban đầu: cảm ứng vân tay tốt, pin trâu, cấu hình quá tốt trong tầm giá, quan trọng hơn: shop hỗ trợ nhiệt tình.');

INSERT INTO review (id, product_id, reviewer, rating, `comment`) VALUES(1391, 139, 'Lê V.', 0, 'Sản phẩm tốt, nguyên đai, nguyên kiện, tuy nhiên pin xuống hơi nhanh so với tầm 5000 mA, nhưng vẫn ổn có thể do chạy Android 7. Nhìn chung thuộc diện khá tốt');

INSERT INTO review (id, product_id, reviewer, rating, `comment`) VALUES(1392, 139, 'Tong', 0, 'hàng đẹp chất lượng');

INSERT INTO review (id, product_id, reviewer, rating, `comment`) VALUES(1393, 139, 'Duc N.', 3, 'sử dụng được một tuần thấy ổn pin trâu nói chung trong tầm giá 2,5tr thì quá tốt cho một chiếc máy');

INSERT INTO review (id, product_id, reviewer, rating, `comment`) VALUES(1394, 139, 'pham H.', 1, 'Đã nhận hàng được 1 tuần. Ấn tượng ban đầu là tốt. Tuy nhiên cầm hơi trơn ko được chắc tay lắm!');

INSERT INTO product (id, name, short_desc, full_desc, category_id, brand_name, status, weight, available_item, unit_price, discount_percent, avg_rating, img_url, total_rating, supplier_id) VALUES(1310, 'Nokia 6300 main zin (tặng pin + sạc)', 'Nokia 6300 main zin (tặng pin + sạc)', '<pre>Main chính hãng Nokia 6300, vỏ làm lại mới
Cam kết chỉ bán hàng MAIN 100% NOKIA
Phụ kiện: 1 pin ZIN + 1 cáp sạc
Bảo hành 12 tháng, đổi máy trong 7 ngày nếu bị lỗi của NSX
Giao nhận và bảo hành toàn quốc</pre>', 13, 'No Brand', 'NEW', 7.499767520851913, 87, 309000, 14, 5.0, 'https://vn-test-11.slatic.net/p/6290ea86e9cf8be6bc977b52f9ce1f78.jpg;https://vn-test-11.slatic.net/p/40d8290a7b298df00e869d532ffc40ed.jpg;https://vn-test-11.slatic.net/p/bccdbfafa475a9d24d31be87335d35b4.jpg;', 1, 8);

INSERT INTO review (id, product_id, reviewer, rating, `comment`) VALUES(13100, 1310, 'Tiến N.', 0, 'ok');

INSERT INTO product (id, name, short_desc, full_desc, category_id, brand_name, status, weight, available_item, unit_price, discount_percent, avg_rating, img_url, total_rating, supplier_id) VALUES(1311, 'Điện thoại Xiaomi Redmi Note 7Ram 3GB + 32GB Camera Khủng 48MP+5MP - Hàng Nhập Khẩu (Tặng kèm Ốp+Kính 9D Full+Tai nghe)', 'Điện thoại Xiaomi Redmi Note 7Ram 3GB + 32GB Camera Khủng 48MP+5MP - Hàng Nhập Khẩu (Tặng kèm Ốp+Kính 9D Full+Tai nghe)', '<pre>SẢN PHẨM ĐƯỢC HỖ TRỢ MIỄN PHÍ VẬN CHUYỂN
Model: Xiaomi Redmi Note 7Ram 3Gb+32Gb hàng nhập khẩu, tặng kèm Ốp lưng hãng + Kính 9D Full màn hình + Tai nghe
Lưu ý sản phẩm là mới 100% nguyên Seal nên Shop ko hỗ trợ up Rom tiếng việt để đảm bảo sản phẩm nguyên bản nguyên gốc từ hãng Xiaomi. Sau khi Active chỉ có ngôn ngữ Tiếng Anh và Tiếng Trung, cài đặt được ngay CH PLAY để sử dụng (Sau khi unlock từ 15-30 ngày mới up được Rom Tiếng Việt, Shop sẽ tư vấn các vấn đề về up Rom Tiếng Việt khi các bạn nhận máy)
Đặc biệt ngoài Camera kép siêu khủng 48MP+5MP sản phẩm này có thêm tính năng chống bụi và chống thấm nước
Màn hình: IPS LCD, 6.3", Full HD+
Chip Qualcomn Snapdragon 660 (8 nhân) chiến mượt mà mọi loại game
Hệ điều hành: Android 9.0 (Pie)
Dual Camera sau: 48 MP và 5 MP (2 camera)
Camera trước: 13 MP
Dung lượng pin: 4000 mAh
RAM: 3GB
Bộ nhớ trong: 32GB
Thẻ nhớ: MicroSD, hỗ trợ tối đa 256 GB
Thẻ SIM: 2 SIM Nano (SIM 2 chung khe thẻ nhớ),Hỗ trợ 4G
Ngôn ngữ: Tiếng Anh, Tiếng Trung</pre>', 13, 'Xiaomi', 'NEW', 9.271087142043594, 95, 4050000, 14, 5.0, 'https://vn-test-11.slatic.net/p/57f28fd56dd3c773fdf259dca80faf84.jpg;https://vn-test-11.slatic.net/p/c794c95e0f266cf7c71f761b4554eccf.jpg;https://vn-test-11.slatic.net/p/13344d8c9ba4f3b2f97c1b7ad7cf6583.jpg;https://vn-test-11.slatic.net/p/f6855884ee49ae6cfcddf4ddb2ad1261.jpg;https://vn-test-11.slatic.net/p/64e0cc4e01e74522ccc91124a497ca60.jpg;https://vn-test-11.slatic.net/p/e4d705312852807cc6b769d8f3b0b3ee.jpg;https://vn-test-11.slatic.net/p/69d9f9ae6dd2e70f8b21968c2d3deaf9.jpg;https://vn-test-11.slatic.net/p/6fd5a72f7f6fa79fd1201dca804a0579.jpg;', 2, 8);

INSERT INTO review (id, product_id, reviewer, rating, `comment`) VALUES(13110, 1311, 'Nguyễn T.', 0, 'khá ngon check chính mã chính hãng, bắt wifi khá trâu');

INSERT INTO product (id, name, short_desc, full_desc, category_id, brand_name, status, weight, available_item, unit_price, discount_percent, avg_rating, img_url, total_rating, supplier_id) VALUES(1312, 'Điện Thoại giá rẻ G11 2 sim, tặng tai nghe, ốp lưng, miếng dán màn hình', 'Điện Thoại giá rẻ G11 2 sim, tặng tai nghe, ốp lưng, miếng dán màn hình', '<pre>- Hỗ trợ 2 sim- Hỗ trợ wifi, 3g- Sử dụng được đầy đủ tất cả các ứng dụng giải trí- Pin 2000mah- Bộ nhớ trong 8GB</pre>', 13, 'OEM', 'NEW', 5.604697013362125, 86, 999000, 14, 5.0, 'https://vn-test-11.slatic.net/p/d05373f3e1b2294434e8f92b24970d7d.jpg;https://vn-test-11.slatic.net/p/44f133df225782b8374fa46dcb73b6c1.jpg;https://vn-test-11.slatic.net/p/2a8ee4417adf55a5219fdd885d009d1e.jpg;', 3, 3);

INSERT INTO product (id, name, short_desc, full_desc, category_id, brand_name, status, weight, available_item, unit_price, discount_percent, avg_rating, img_url, total_rating, supplier_id) VALUES(1313, 'Điện thoại SamsungGalaxyA7 (2018) - sale cực sốc - Chiếc điện thoại Samsung đầu tiên sở hữu 3 camera', 'Điện thoại SamsungGalaxyA7 (2018) - sale cực sốc - Chiếc điện thoại Samsung đầu tiên sở hữu 3 camera', '<pre>Màn hình
Công nghệ màn hìnhSuper AMOLED
Độ phân giảiFull HD+ (1080 x 2220 Pixels)
Màn hình rộng6.0"
Mặt kính cảm ứngKính cường lực Gorilla Glass 3
Camera sau
Độ phân giải24 MP, 8 MP và 5 MP (3 camera)
Quay phimQuay phim FullHD 1080p@30fps
Đèn FlashCó
Chụp ảnh nâng caoChụp ảnh xóa phông,Chế độ Slow Motion,A.I Camera,Tự động lấy nét,Chạm lấy nét,Nhận diện khuôn mặt,HDR,Panorama,Làm đẹp (Beautify),Chế độ chụp chuyên nghiệp (Pro)
Camera trước
Độ phân giải24 MP
VideocallHỗ trợ VideoCall thông qua ứng dụng
Thông tin khácNhận diện khuôn mặt,Chế độ làm đẹp,Quay video Full HD,Tự động lấy nét,Đèn Flash trợ sáng,Camera góc rộng,Selfie ngược sáng HDR,Sticker AR (biểu tượng thực tế ảo),Quay video HD
Hệ điều hành - CPU
Hệ điều hànhAndroid 8.0 (Oreo)
Chipset (hãng SX CPU)Exynos 7885 8 nhân 64-bit
Tốc độ CPU2 nhân 2.2 GHz Cortex-A73 & 6 nhân 1.6 GHz Cortex-A53
Chip đồ họa (GPU)Mali™ G71
Bộ nhớ & Lưu trữ
RAM4 GB
Bộ nhớ trong64 GB
Bộ nhớ còn lại (khả dụng)Khoảng 49 GB
Thẻ nhớ ngoàiMicroSD, hỗ trợ tối đa 512 GB
Kết nối
Mạng di động3G, 4G LTE Cat 6
SIM2 Nano SIM
WifiWi-Fi 802.11 a/b/g/n/ac,Wi-Fi Direct,Wi-Fi hotspot
GPSA-GPS,GLONASS
BluetoothLE,A2DP,v5.0
Cổng kết nối/sạcMicro USB
Jack tai nghe3.5 mm
Kết nối khácNFC
Thiết kế & Trọng lượng
Thiết kếNguyên khối
Chất liệuKhung kim loại + mặt lưng nhựa giả kính
Kích thướcDài 159.8 mm - Ngang 76.8 mm - Dày 7.5 mm
Trọng lượng168 g
Thông tin pin & Sạc
Dung lượng pin3300 mAh
Loại pinPin chuẩn Li-Ion
Công nghệ pinTiết kiệm pin
Tiện ích
Bảo mật nâng caoMở khóa bằng vân tay,Mở khóa bằng khuôn mặt
Tính năng đặc biệtNhân bản ứng dụngTrợ lý ảo Samsung BixbyMàn hình luôn hiển thị AODMặt kính 2.5DChặn tin nhắnChặn cuộc gọiĐèn pinDolby Audio™Ghi âm cuộc gọi
Ghi âmCó, microphone chuyên dụng chống ồn
RadioCó
Xem phim3GP,MP4,AVI,WMV
Nghe nhạcAMR,Midi,MP3,WAV,WMA,AAC,OGG,FLAC</pre>', 13, 'SZOEM', 'NEW', 3.5240407387575585, 44, 2190000, 14, 0.0, 'https://vn-test-11.slatic.net/p/a483696e00c8f993187e3b4cd9ca6731.jpg;https://vn-test-11.slatic.net/p/0fe630d537670260f5b115a159d63a90.jpg;https://vn-test-11.slatic.net/p/d73fb59c72ebe3145c0603855cf3794f.jpg;https://vn-test-11.slatic.net/p/2a4545b7000e40c8a10d69e9d567ce48.jpg;https://vn-test-11.slatic.net/p/981adc2ce0bdd77c68a74e066ae2e4be.jpg;https://vn-test-11.slatic.net/p/10feff447046ad6b15d2847655a02b13.jpg;https://vn-test-11.slatic.net/p/5d8a49fd5907ca1e2700558d73a5a514.jpg;https://vn-test-11.slatic.net/p/8efc2d55ead8ac5db8f61380065c363f.jpg;', 0, 3);

INSERT INTO product (id, name, short_desc, full_desc, category_id, brand_name, status, weight, available_item, unit_price, discount_percent, avg_rating, img_url, total_rating, supplier_id) VALUES(1314, 'Điện thoại 4s 8GB', 'Điện thoại 4s 8GB', '<pre>Điện thoại 4s 8GB Quốc tế Zin
Băng tần - Sim 2G/3G, HSPA
Chip đồ họa ( GPU )PowerVR SGX535
CPU Cortex-A8
Bộ nhớ trong 16GB
Cảm biến Accelerometer, gyro, proximity, compass
RAM 512 MB
Màn hình IPS LCD 3.5", DVGA
Mới 97%
Camera trước 0.3 MP
Camera sau 5.0 MP
Pin Li-Po 1420 mAh
Sim 1 Micro SIM
Màu sắc Đen, Trắng</pre>', 13, 'China Phone', 'NEW', 4.737575443709321, 63, 645000, 14, 0.0, 'https://vn-test-11.slatic.net/p/5070eeb12712e235059d44d8883c84a2.jpg;https://vn-test-11.slatic.net/p/ff920f819d6af791a025f741fa2e6a33.jpg;https://vn-test-11.slatic.net/p/5e54ea2951e9d3df442a21618c11af67.jpg;', 0, 5);

INSERT INTO product (id, name, short_desc, full_desc, category_id, brand_name, status, weight, available_item, unit_price, discount_percent, avg_rating, img_url, total_rating, supplier_id) VALUES(1315, 'Điện Thoại Xiaomi Mi 4 Ram 3Gb Rom 16Gb - Tặng kèm ốp lưng, Tai nghe , Kính cường lực - Có sẵn Tiếng Việt', 'Điện Thoại Xiaomi Mi 4 Ram 3Gb Rom 16Gb - Tặng kèm ốp lưng, Tai nghe , Kính cường lực - Có sẵn Tiếng Việt', '<pre>SẢN PHẨM ĐƯỢC HỖ TRỢ MIỄN PHÍ VẬN CHUYỂN
Hàng nhập khẩu chính hãng, mới Full box nguyên seal, có sẵn Tiếng Việt + CH Play
Màn hình: Full HD, 5", 1080 x 1920 pixels
Hệ điều hành: Android 6.0.1
Camera sau: 13 MP, HDR
Camera trước:8 MP
Vi xử lý: Qualcomm Snapdragon 801, 4 Nhân, 2.5 GHz
RAM: 3GB
Bộ nhớ trong:16 GB
Thẻ SIM: 1 SIM, Micro SIM
Dung lượng pin: 3080 mAh</pre>', 13, 'Xiaomi', 'USED', 4.358020809844083, 18, 1519000, 14, 4.5, 'https://vn-test-11.slatic.net/p/d3400a89a1e5a177b1c0167708fdb34b.jpg;https://vn-test-11.slatic.net/p/f472520fabc216170f535a3e1f467ad0.jpg;https://vn-test-11.slatic.net/p/36828ca4036b24a293d88ddbb422e8a1.jpg;https://vn-test-11.slatic.net/p/520b91455d539d1bf8d401ca6576c7b8.jpg;', 27, 8);

INSERT INTO review (id, product_id, reviewer, rating, `comment`) VALUES(13150, 1315, 'Hùng K.', 0, 'Bán hàng dởm, kém chất lượng vừa mua về đã hỏng cục sạc. Hứa đổi mà mất hút. Shop làm ăn như vậy thì nên bỏ đy.');

INSERT INTO review (id, product_id, reviewer, rating, `comment`) VALUES(13151, 1315, 'Hiếu', 0, 'Nơi nào bán chẳng có bảo hành. ');

INSERT INTO review (id, product_id, reviewer, rating, `comment`) VALUES(13152, 1315, 'Hợp T.', 2, 'máy ngon nhưng mà rom chir16g thôi ko có bổ nhớ ngoài nha ae');

INSERT INTO review (id, product_id, reviewer, rating, `comment`) VALUES(13153, 1315, 'Trâm N.', 0, '');

INSERT INTO review (id, product_id, reviewer, rating, `comment`) VALUES(13154, 1315, 'ĐINH V.', 1, 'điện thoại gọi điện quá nhỏ, mua về chưa đc 1 tháng đã bị chai pin, vào mạng chậm. Nhân viên kinh doanh vui lòng gọi điện hỗ trợ đổi trả hàng, chứ như thế này thì là quá tệ');

INSERT INTO product (id, name, short_desc, full_desc, category_id, brand_name, status, weight, available_item, unit_price, discount_percent, avg_rating, img_url, total_rating, supplier_id) VALUES(1316, 'Xiaomi Redmi Note 7Ram 3GB 32GB - Hàng nhập khẩu', 'Xiaomi Redmi Note 7Ram 3GB 32GB - Hàng nhập khẩu', '<pre>Màn hình : 6.3 inches, 1080 x 2340 pixels, 19.5:9 ratio (~409 ppi density)
Băng tần – sim : 2G/3G/4G – 2 Sim
CPU : Qualcomm SDM660 Snapdragon 660 (14 nm)
Bộ nhớ trong : 32 GB
Ram : 3GB
Cảm Biến : Vân tay
Pin : 4000 mAh
Camera trước : 13MP
Camera Sau :48MP + 5MP
Hệ điều hành : Android 9.0 (Pie); MIUI 10
Ngôn ngữ : Tiếng anh , tiếng trung (Sản phẩm nguyên seal)</pre>', 13, 'Xiaomi', 'NEW', 2.7971974275701874, 66, 3990000, 14, 0.0, 'https://vn-test-11.slatic.net/p/549db89a6dddff4d789421c9d7f34049.jpg;https://vn-test-11.slatic.net/p/9038b5aeda249d0eacd6b765d38c29a5.jpg;https://vn-test-11.slatic.net/p/6965f30d2c46e5901e27de4a82abef8d.jpg;', 0, 5);

INSERT INTO product (id, name, short_desc, full_desc, category_id, brand_name, status, weight, available_item, unit_price, discount_percent, avg_rating, img_url, total_rating, supplier_id) VALUES(1317, 'Điện thoại Samsung A7 - Bảo hành 12 tháng- Full box (tặng kèm tai nghe BT)', 'Điện thoại Samsung A7 - Bảo hành 12 tháng- Full box (tặng kèm tai nghe BT)', '<pre>Thông số kỹ thuật
Màn hình: Super AMOLED, 6.0", Full HD+
Hệ điều hành: Android 8.0 (Oreo)
Camera sau: 24 MP, 8 MP và 5 MP (3 camera)
Camera trước: 24 MP
CPU: Exynos 7885 8 nhân 64-bit
RAM: 4 GB
Bộ nhớ trong: 64 GB
Thẻ nhớ: MicroSD, hỗ trợ tối đa 512 GB
Thẻ SIM:
2 Nano SIM, Hỗ trợ 4G</pre>', 13, 'Samsung', 'NEW', 3.221462153388952, 29, 2666000, 14, 0.0, 'https://vn-test-11.slatic.net/p/fce78746821341b6d4f33e9e920f1ed5.jpg;https://vn-test-11.slatic.net/p/17677c7a4d10e85396b2055370517704.jpg;https://vn-test-11.slatic.net/p/624e9490739ce0972966d1d7d6e1c402.jpg;https://vn-test-11.slatic.net/p/8fa7fd002c37988b7997364d93d6ade0.jpg;', 0, 6);

INSERT INTO product (id, name, short_desc, full_desc, category_id, brand_name, status, weight, available_item, unit_price, discount_percent, avg_rating, img_url, total_rating, supplier_id) VALUES(1318, 'Điện Thoại ZIP8 + Tặng Kèm 1 Đèn Led USB+ Ram 1G', 'Điện Thoại ZIP8 + Tặng Kèm 1 Đèn Led USB+ Ram 1G', '<pre>** GIAO HÀNG NGẪU NHIÊN LV6+ HOẶC ZIP8**
- MTK 6580 Quad core 1.3Ghz
- Màn hình: IPS 5” QHD.
- RAM 1GB.
- Bộ nhớ trong 4GB.
- Hệ điều hành: Android 5.1
- Kết nối Wifi, 3G, GPRS, Bluetooth.
- Camera: Camera trước 2MP, camera sau 5MP
- Dung lượng pin 1800mAh.
- Kích thước 144.5*72.5*7.5mm.- Bộ sản phẩm: máy, pin, sạc, tay nghe, ốp lưng, HDSDTẶNG KÈM 1 ĐÈN LED USB</pre>', 13, 'Zip Mobile', 'NEW', 4.46608728684528, 100, 965000, 14, 4.2, 'https://vn-test-11.slatic.net/original/6fea219bf18845f65f0680fc0d470192.jpg;https://vn-test-11.slatic.net/p/2/dien-thoai-zip8-tang-kem-1-ao-thun-ram-1g-4570-87382114-f106706a585c3b6c5a334465e19782c8-catalog.jpg;https://vn-test-11.slatic.net/original/00e456cd685da1396339f64b16946e20.jpg;https://vn-test-11.slatic.net/original/318f2f6e822df163b4bbe7f564b3f1a5.jpg;https://vn-test-11.slatic.net/original/36031bd47ee824baec14e487fd9baa51.jpg;', 13, 1);

INSERT INTO review (id, product_id, reviewer, rating, `comment`) VALUES(13180, 1318, 'My D.', 1, 'Sản phẩm bị lỗi ko như quảng cáo');

INSERT INTO review (id, product_id, reviewer, rating, `comment`) VALUES(13181, 1318, 'nguyễn T.', 4, 'đt ok dùng mướt giao hàng nhanh hơn thời hạn');

INSERT INTO review (id, product_id, reviewer, rating, `comment`) VALUES(13182, 1318, 'sung S.', 0, 'phu kien dai du may giống nhu mo ta  hai long');

INSERT INTO review (id, product_id, reviewer, rating, `comment`) VALUES(13183, 1318, 'Hoa H.', 3, '');

INSERT INTO review (id, product_id, reviewer, rating, `comment`) VALUES(13184, 1318, 'Quang M.', 2, 'Quá tệ');

INSERT INTO product (id, name, short_desc, full_desc, category_id, brand_name, status, weight, available_item, unit_price, discount_percent, avg_rating, img_url, total_rating, supplier_id) VALUES(1319, 'Điện Thoại OPPO F9 128GB', 'Điện Thoại OPPO F9 128GB', '<pre>Màn hình:LTPS LCD, 6.3", Full HD+
Hệ điều hành:ColorOS 5.2 (Android 8.0)
Camera sau:16 MP và 2 MP (2 camera)
Camera trước:25 MP
CPU:MediaTek Helio P60 8 nhân 64-bit
RAM:6 GB
Bộ nhớ trong: 128 GB
Thẻ nhớ:MicroSD, hỗ trợ tối đa 256 GB
Thẻ SIM:2 Nano SIM,Hỗ trợ 4GDung lượng pin:3400 mAh,có sạc nhanh</pre>', 13, 'OEM', 'USED', 6.095038777685852, 19, 2450000, 14, 0.0, 'https://vn-test-11.slatic.net/p/38b9d1b7baa0d7dd5af5c9a68421df65.jpg;https://vn-test-11.slatic.net/p/b1935f97fff295af6fc0bd64d0114a57.jpg;https://vn-test-11.slatic.net/p/bf1f6b010332ee07f395283d2cace285.jpg;https://vn-test-11.slatic.net/p/6443ed71816fa60580b4e82bfac50a6e.jpg;', 0, 6);

INSERT INTO product (id, name, short_desc, full_desc, category_id, brand_name, status, weight, available_item, unit_price, discount_percent, avg_rating, img_url, total_rating, supplier_id) VALUES(1320, 'Điện thoại cổ Nokia 6300 (main zin + bảo hành 1 năm + có pin và sạc)', 'Điện thoại cổ Nokia 6300 (main zin + bảo hành 1 năm + có pin và sạc)', '<pre>Main chính hãng Nokia 6300, vỏ làm lại mới
Cam kết chỉ bán hàng MAIN 100% NOKIA
Phụ kiện: 1 pin ZIN + 1 cáp sạc
Bảo hành 12 tháng, đổi máy trong 7 ngày nếu bị lỗi của NSX
Giao nhận và bảo hành toàn quốc</pre>', 13, 'No Brand', 'NEW', 1.1286545150950433, 30, 330000, 14, 3.7, 'https://vn-test-11.slatic.net/p/8abf490db26bb6ad74290d38290dbe16.jpg;https://vn-test-11.slatic.net/p/00acf1d0409ee6b186c5546fd88a8a97.jpg;https://vn-test-11.slatic.net/p/e6d1e9f71e09d039d01ad5102ad881c9.jpg;', 3, 7);

INSERT INTO product (id, name, short_desc, full_desc, category_id, brand_name, status, weight, available_item, unit_price, discount_percent, avg_rating, img_url, total_rating, supplier_id) VALUES(1321, 'Lenovo Z5 Pro 64GB Ram 6GB (Đen) - Hàng nhập khẩu', 'Lenovo Z5 Pro 64GB Ram 6GB (Đen) - Hàng nhập khẩu', '<pre>Màn hình: 6.39 inches, 100.2 cm2(~88.5% screen-to-body ratio)
Hệ điều hành: Android 8.1 (Oreo)
Camera sau: 16 MP + 24 MP
Camera trước: Mechanical pop-up 16 MP, f/2.2; Mechanical pop-up 8 MP
CPU: Qualcomm SDM710 Snapdragon 710 (10 nm)
RAM: 6GB
Bộ nhớ trong: 64 GB
Thẻ SIM: 2 sim
Dung lượng pin: 3300 mAh
Ngôn ngữ : Tiếng Anh , Tiếng Trung</pre>', 13, 'Lenovo', 'USED', 6.169660144150648, 76, 7790000, 14, 5.0, 'https://vn-test-11.slatic.net/p/cb96f8ed0485cf8609d50c47d06d0dfc.jpg;https://vn-test-11.slatic.net/p/d4e9cace49186045712891eccb0ce1e0.jpg;https://vn-test-11.slatic.net/p/e16d712cc7613b49ae1b8f22a0e9e821.jpg;https://vn-test-11.slatic.net/p/faa8c9f1d15f87e64cff392b6df8e754.jpg;https://vn-test-11.slatic.net/p/7ab5e77521bebbf81b689d10e17cb827.jpg;', 2, 8);

INSERT INTO product (id, name, short_desc, full_desc, category_id, brand_name, status, weight, available_item, unit_price, discount_percent, avg_rating, img_url, total_rating, supplier_id) VALUES(1322, 'Xiaomi Redmi 5 32GB Ram 3GB (Đen) - Hãng phân phối chính thức', 'Xiaomi Redmi 5 32GB Ram 3GB (Đen) - Hãng phân phối chính thức', '<pre>Đổi mới trong vòng 30ngày nếu phần cứng có vấn đề tại các điểm bảo hành DGCare
Tặng thêm 3 tháng bảo hành - Thời gian bảo hành lên tới 15 tháng
Tặng 1 ốp lưng Silicon trong suốt đi kèm trong hộp điện thoại
Hàng mới chính hãng, nguyên seal 100%
Màn hình: IPS LCD, 5.7", HD+
Hệ điều hành: Android 7.1
Camera sau: 12 MP
Camera trước: 5 MP
CPU: Qualcomm Snapdragon 450
RAM: 3 GB, ROM: 32 GB
Thẻ nhớ: MicroSD, hỗ trợ tối đa 256 GB
Thẻ SIM: Nano SIM & Micro SIM, Hỗ trợ 4G
Dung lượng pin: 3300 mAh
Phiên bản quốc tế (global) đã cài sẵn tiếng Việt và CH Play</pre>', 13, 'Xiaomi', 'NEW', 1.8735496123614919, 39, 2900000, 14, 4.5, 'https://vn-test-11.slatic.net/p/e4fe5f60abf33ef12b9efa8e8396787f.jpg;https://vn-test-11.slatic.net/original/f39413c9b17a2c9e0e4143c1ea525974.jpg;https://vn-test-11.slatic.net/original/5b44a53082a8e0bb1309bb64288f71e3.jpg;https://vn-test-11.slatic.net/p/2/xiaomi-redmi-5-32gb-ram-3gb-den-hang-phan-phoi-chinh-thuc-4772-74470953-3aa0d46c9cfc6c578cbc01c398808670.jpg;https://vn-test-11.slatic.net/p/2/xiaomi-redmi-5-32gb-ram-3gb-den-hang-phan-phoi-chinh-thuc-4772-74470953-8a2afd40d3ccf88d8bc4994958f7156e.jpg;https://vn-test-11.slatic.net/p/2/xiaomi-redmi-5-32gb-ram-3gb-den-hang-phan-phoi-chinh-thuc-4772-74470953-7092523bbbd2d814d15ae10863020e53.jpg;', 593, 5);

INSERT INTO review (id, product_id, reviewer, rating, `comment`) VALUES(13220, 1322, 'Đỗ P.', 2, 'lần đầu tiên mua hàng trên lazada đợi 2 ngày hàng tới điện thoại rất đẹp ngon.mua hôm sale 2tr3.');

INSERT INTO review (id, product_id, reviewer, rating, `comment`) VALUES(13221, 1322, 'Nguyễn L.', 1, 'ưu: pin trâu, xử lý nhanh, đẹp. nhược: màn hình ko có độ tươi, cài đặt dính quảng cáo của mi, ko có màu khác. dùng 1 tuần chưa đăng ký bảo hành. tạm ổn trong tầm giá 23. sản phẩm chính hãng digiworld phân phối.');

INSERT INTO review (id, product_id, reviewer, rating, `comment`) VALUES(13222, 1322, 'Lê T.', 2, 'Hộp nguyên seal, Nhưng vừa bóc hộp đã thấy điện thoại bị nứt vỡ 1 miếng nhỏ ngay rìa màn hình, gọi hỏi đổi trả thì bộ phận đổi trả đang ngừng hoạt động.');

INSERT INTO review (id, product_id, reviewer, rating, `comment`) VALUES(13223, 1322, 'Lazada Customer', 3, 'đã nhận dc hàng và test có vẻ ổn');

INSERT INTO review (id, product_id, reviewer, rating, `comment`) VALUES(13224, 1322, 'Phạm M.', 3, 'Mình đặt sản phẩm ngày 09/03 mà 10/03 đã nhận được hàng, rất nhanh chóng. Về điện thoại chạy đa nhiệm khá mượt, màn hình độ sáng rõ với tỉ lệ màn hìn mới 18:9 nhìn khá đã mắt. Tuy màn hình chỉ 5.7" nhưng cầm vừa tay. Máy ảnh chụp khá ổn. Tóm lại là quá tốt với mức giá. Cảm ơn lazada.');

INSERT INTO product (id, name, short_desc, full_desc, category_id, brand_name, status, weight, available_item, unit_price, discount_percent, avg_rating, img_url, total_rating, supplier_id) VALUES(1323, 'Điện Thoại Xiaomi Redmi Note 3 Ram 3gb Rom 32Gb - Tặng kèm Kính cương lực, Ốp lưng, Tai Nghe - Có sẵn Tiếng Việt', 'Điện Thoại Xiaomi Redmi Note 3 Ram 3gb Rom 32Gb - Tặng kèm Kính cương lực, Ốp lưng, Tai Nghe - Có sẵn Tiếng Việt', '<pre>SẢN PHẨM ĐƯỢC HỖ TRỢ MIỄN PHÍ VẬN CHUYỂN
Hàng nhập khẩu chính hãng, mới Full box nguyên seal, có sẵn Tiếng Việt + CH Play
Màn hình :Công nghệ màn hình IPS LCD
Độ phân giải: Full HD (1080 x 1920 pixels)
Màn hình rộng :5.5"
Mặt kính cảm ứng :Kính cường lực
Camera sau :Độ phân giải13 MP
Quay phim :Quay phim FullHD 1080p@30fps
Đèn Flash :Đèn LED 2 tông màu
Chụp ảnh nâng cao :Tự động lấy nét,Gắn thẻ địa lý,Chạm lấy nét,Nhận diện khuôn mặt,HDR,Panorama
Camera trước :Độ phân giải5 MP
Videocall :Có
Thông tin khác :Không
Hệ điều hành - CPU :Hệ điều hànhAndroid 5.1 (Lollipop)
Chipset (hãng SX CPU
Tốc độ CPU 2.2 GHz
Chip đồ họa MediaTek Helio X10
Bộ nhớ & Lưu trữ :RAM3 GB
Bộ nhớ trong :32 GB
Thẻ nhớ ngoài
Kết nối
Mạng di động :Có hỗ trợ 4G
SIM 2Micro SIM
WifiWi-Fi 802.11 a/b/g/n/ac,Dual-band,Wi-Fi Direct,Wi-Fi hotspot
GPSA-GPS,GLONASS
Bluetooth A2DP,LE
Cổng kết nối/sạcMicro USB
Jack tai nghe3.5 mm
Kết nối khácOTG
Thiết kế & Trọng lượng
Thiết kế Pin liền
Chất liệu Hợp kim Nhôm + Magie
Kích thướcDài 150 - Ngang 76 - Dày 8.7 mm
Trọng lượng: 164 g
Thông tin pin & Sạc
Dung lượng pin4000 mAh
Loại pinPin chuẩn Li-Ion</pre>', 13, 'Xiaomi', 'NEW', 1.404502386494023, 39, 1945000, 14, 5.0, 'https://vn-test-11.slatic.net/p/a903961b3faa92744b5b00b748ffea9c.jpg;https://vn-test-11.slatic.net/p/eb49e0157251ec24543b3ed90875481d.jpg;https://vn-test-11.slatic.net/p/2c9e590972f3850513564dc6e29713eb.jpg;https://vn-test-11.slatic.net/p/6c934f899beb448b1cc2cd5cea6e150d.jpg;https://vn-test-11.slatic.net/p/94998b265c66f79376cc9642fd6a2396.jpg;https://vn-test-11.slatic.net/p/5216acca416e6d25afd28015a1f37b78.jpg;', 4, 3);

INSERT INTO review (id, product_id, reviewer, rating, `comment`) VALUES(13230, 1323, 'Poy L.', 3, 'hàng mới full box , hiện tại đang xài tốt');

INSERT INTO product (id, name, short_desc, full_desc, category_id, brand_name, status, weight, available_item, unit_price, discount_percent, avg_rating, img_url, total_rating, supplier_id) VALUES(1324, 'OPPO A3s - Hãng phân phối chính thức', 'OPPO A3s - Hãng phân phối chính thức', '<pre>Camera trước: 8 MP (Hỗ trợ công nghệ A.I).
Camera sau: 13 MP + 2 MP (Camera kép)
CPU: Qualcomm SDM450 8 nhân, 1.8GHz
Pin: 4230mAh
Màn hình: 6.2 inch (màn hình siêu tràn)
Độ phân giải 1520 x 720 (HD+)
A3s có 2 phiên bản: RAM 2GB ROM 16GB và RAM 3GB ROM 32GB</pre>', 13, 'OPPO', 'USED', 7.914613106300503, 28, 3290000, 14, 5.0, 'https://vn-test-11.slatic.net/p/d4d5f4e375260dd191d6a95a1e4da5e5.jpg;https://vn-test-11.slatic.net/p/74cdadf831af55d84a5b65b8e93d1793.jpg;https://vn-test-11.slatic.net/original/30c35192b56d561506c8501a9c16845f.jpg;https://vn-test-11.slatic.net/original/a03afb1d56deb7c335808e3d82e4678a.jpg;https://vn-test-11.slatic.net/original/49f9e75111b923c452826c37a1205107.jpg;https://vn-test-11.slatic.net/original/665a8190125db94439c7b23d617ba03c.jpg;https://vn-test-11.slatic.net/p/c74495827bf2e013607258cfa1561f24.jpg;https://vn-test-11.slatic.net/p/9ea8cc2f6ec9e8010b9b53995cb8f9e2.jpg;', 8, 2);

INSERT INTO review (id, product_id, reviewer, rating, `comment`) VALUES(13240, 1324, 'Truong N.', 3, 'Sản phẩm rất tốt mới 100%. Đóng gói cẩn thận.');

INSERT INTO review (id, product_id, reviewer, rating, `comment`) VALUES(13241, 1324, 'Đặng T.', 2, 'máy dùng tốt.giao hàng nhanh');

INSERT INTO review (id, product_id, reviewer, rating, `comment`) VALUES(13242, 1324, 'Quyết H.', 4, 'tạm được');

INSERT INTO product (id, name, short_desc, full_desc, category_id, brand_name, status, weight, available_item, unit_price, discount_percent, avg_rating, img_url, total_rating, supplier_id) VALUES(1325, 'Điện thoại cổ Nokia E71 vỏ kim loại bàn phím QWERTY', 'Điện thoại cổ Nokia E71 vỏ kim loại bàn phím QWERTY', '<pre>Kiểu máy: Nokia E71
Màn hình: 2.36 inch, màn hình 16 triệu màu
Camera: 3.15MP
Thẻ nhớ ngoài: 8GB
Dung lượng pin: 1500mAh
Multimedia: nghe nhạc MP3, FM, Bluetooth
Thời gian bảo hành: 12 tháng
Phụ kiện, quà tặng: bộ sạc</pre>', 13, 'No Brand', 'NEW', 7.831525091983023, 38, 439000, 14, 0.0, 'https://vn-test-11.slatic.net/p/a369882330f4771d5e8b7bc11aae079b.jpg;https://vn-test-11.slatic.net/p/09ce584fc77a6c186b677e329eb2f37b.jpg;https://vn-test-11.slatic.net/p/f1aff4347b3e7dde5ebf78abb6f7495f.jpg;', 0, 3);

INSERT INTO product (id, name, short_desc, full_desc, category_id, brand_name, status, weight, available_item, unit_price, discount_percent, avg_rating, img_url, total_rating, supplier_id) VALUES(1326, 'Điện thoại Samsung Galaxy Note 9 - Hãng phân phối chính thức', 'Điện thoại Samsung Galaxy Note 9 - Hãng phân phối chính thức', '<pre>Sản phẩm Chính hãng, Mới 100%, Nguyên seal
Thiết kế: Nguyên khối, Màn hình vô cực không viền
Màn hình: 6.4 inch Full HD+
Camera Trước: 8MP
Camera Sau: 12 MP Dual-camera
CPU: Exynos 9810 8 nhân 64 bit
Bộ nhớ: 128GB/512GB
Dung lượng pin siêu vượt trội: 4000 mAh</pre>', 13, 'Samsung', 'NEW', 3.548456374179315, 97, 21990000, 14, 4.7, 'https://vn-test-11.slatic.net/original/b735e265d1b0f2c9b277c3317b6d793c.jpg;https://vn-test-11.slatic.net/original/b93c1cdf7c12ae55cfc689cebb832ffa.jpg;https://vn-test-11.slatic.net/original/33034fa0a4ddccc0252eef32c6824bca.jpg;https://vn-test-11.slatic.net/original/9fcf1ecacc22451417efe2f6f1946965.jpg;https://vn-test-11.slatic.net/original/b906056ca1d3c2bff29c9f038532cb94.jpg;https://vn-test-11.slatic.net/original/f78f7eb4468756bed1da615b49f3afa4.jpg;', 97, 4);

INSERT INTO review (id, product_id, reviewer, rating, `comment`) VALUES(13260, 1326, 'Lý D.', 1, 'hàng chính hãng, nhờ shop kích hoạt bảo hành điện tử giúp,  xin cám ơn. (đã gửi số imei đến tổng đài 6060 nhưng tin nhắn báo chưa đăng ký bảo hành điện tử)');

INSERT INTO review (id, product_id, reviewer, rating, `comment`) VALUES(13261, 1326, 'Vũ N.', 2, 'cảm ơn Recess company Ltd! Cảm ơn Lazada. Hàng quá chuẩn và cảm giác bóc  seal thật hồi hộp. Nhờ shop kích hoạt bảo hành điện tử giúp nhé!');

INSERT INTO review (id, product_id, reviewer, rating, `comment`) VALUES(13262, 1326, 'Sa K.', 0, 'Hàng tốt, đóng gói kỹ. Nhưng về phần đơn vị vận chuyển chỉ đáng ở mức 3/10 mà thôi');

INSERT INTO review (id, product_id, reviewer, rating, `comment`) VALUES(13263, 1326, 'Nguyễn Đ.', 4, 'Máy ngon sài tốt. Lâu nay sài iPhone giờ chuyển qua Samsung đúng là hài lòng. Chụp ảnh tốt, pin trâu, hướng tới công việc nhiều hơn. Ngoài ra còn được 4 vé phòng chờ hạng thương gia. Bút Spen quá đỉnh. Hộp nguyên seal. Mình chọn dịch vụ giao hàng nhanh. Đặt lúc 9h sáng 11h đã có chỉ 2 tiếng. Quá đỉnh cho cái giá 18tr.');

INSERT INTO review (id, product_id, reviewer, rating, `comment`) VALUES(13264, 1326, 'Phạm L.', 1, 'Giao hàng nhanh, nv giao cẩn thận. Note 9 dùng nhạy, pin trâu, rất nhiều chức năng, chụp hình đẹp. Giá tốt.');

INSERT INTO product (id, name, short_desc, full_desc, category_id, brand_name, status, weight, available_item, unit_price, discount_percent, avg_rating, img_url, total_rating, supplier_id) VALUES(1327, 'Apple iPhone 6s Plus 32GB', 'Apple iPhone 6s Plus 32GB', '<pre>Hàng chính hãng, mã hàng VN/A
Màn hình: 5.5", Retina HD
Hệ điều hành: iOS 11
RAM: 2 GB, ROM: 32 GB
Camera: 12 MP, Selfie: 5 MP
PIN: 2750 mAh</pre>', 13, 'Apple', 'USED', 5.936080918188497, 31, 9290000, 14, 4.5, 'https://vn-test-11.slatic.net/original/a4686ca718a7643f2ed5bebb3c20a3de.jpg;https://vn-test-11.slatic.net/original/aa52ed6e5a958411068e759cdb06d503.jpg;https://vn-test-11.slatic.net/original/4f53d3e6916b734d7ebd72529f80a97d.jpg;', 76, 6);

INSERT INTO review (id, product_id, reviewer, rating, `comment`) VALUES(13270, 1327, 'Nguyễn N.', 2, 'Hàng full box.chinh hãng chưa active.trong mục đặc tính và hỏi nhân viên nói là không có tai nghe nhưng nhận hàng vẫn có đầy đủ.rẻ hơn các hệ thống bán hàng khác ~1tr.lần đầu tiên mua món hàng giá trị lớn vậy trên lzd.thank lzd');

INSERT INTO review (id, product_id, reviewer, rating, `comment`) VALUES(13271, 1327, 'lê T.', 2, 'Giao hàng rất nhanh, nhưng rất tiếc là sản phẩm không được như ý, khi nhận cuộc gọi tiếng rất bé như nói thầm không thể nghe được. Không biết phải xử lý thế nào, đề nghị LAZADA hướng dẫn');

INSERT INTO review (id, product_id, reviewer, rating, `comment`) VALUES(13272, 1327, 'mangokaka', 1, 'Tôi đã kích hoạt được thiết bị nhưng sao tôi không thấy thông tin kích hoạt trên trang chủ của apple?');

INSERT INTO review (id, product_id, reviewer, rating, `comment`) VALUES(13273, 1327, 'Lazada Customer', 4, 'Mình nhận được hàng rất nhanh. Hàng nguyên hộp, nguyên seal. Kiểm tra IP VN/A, serial No,Imei khớp đúng ,hàng rất ok, giá tốt nữa. Rất hài lòng.');

INSERT INTO review (id, product_id, reviewer, rating, `comment`) VALUES(13274, 1327, 'Nguyen T.', 0, 'Thỉnh thoảng gọi ko nghe được bên kia nói gì mình cần cửa hàng có biện pháp sử lý cho mình nha');

INSERT INTO product (id, name, short_desc, full_desc, category_id, brand_name, status, weight, available_item, unit_price, discount_percent, avg_rating, img_url, total_rating, supplier_id) VALUES(1328, 'ip XS MAX', 'ip XS MAX', '<pre>Màn hình
Công nghệ màn hìnhOLED
Độ phân giải1242 x 2688 Pixels
Màn hình rộng6.5"
Mặt kính cảm ứngKính oleophobic (ion cường lực)
Camera sau
Độ phân giải2 camera 12 MP
Quay phimQuay phim FullHD 1080p@30fps, Quay phim FullHD 1080p@60fps, Quay phim FullHD 1080p@120fps, Quay phim FullHD 1080p@240fps, Quay phim 4K 2160p@24fps, Quay phim 4K 2160p@30fps, Quay phim 4K 2160p@60fps
Đèn Flash4 đèn LED (2 tông màu)
Chụp ảnh nâng caoZoom quang học (Camera kép), Chụp ảnh xóa phông, Chế độ Slow Motion, Chế độ chụp ban đêm (ánh sáng yếu), A.I Camera, Điều chỉnh khẩu độ, Tự động lấy nét, Chạm lấy nét, Nhận diện khuôn mặt, HDR, Panorama, Chống rung quang học (OIS)
Camera trước
Độ phân giải7 MP
VideocallCó
Thông tin khácSelfie ngược sáng HDR, Camera góc rộng, Nhận diện khuôn mặt, Quay video Full HD
Hệ điều hành - CPU
Hệ điều hành 
Chipset (hãng SX CPU) 
Tốc độ CPU2 nhân 2.5 GHz Vortex & 4 nhân 1.6 GHz Tempest
Chip đồ họa (GPU)Apple GPU 4 nhân
Bộ nhớ & Lưu trữ
RAM4 GB
Bộ nhớ trong64 GB
Bộ nhớ còn lại (khả dụng)Khoảng 57 GB
Thẻ nhớ ngoàiKhông
Kết nối
Mạng di độngHỗ trợ 4G
SIMNano SIM & eSIM
WifiWi-Fi 802.11 a/b/g/n/ac, Dual-band, Wi-Fi hotspot
GPSA-GPS, GLONASS
BluetoothLE, A2DP, v5.0
Cổng kết nối/sạcLightning
Jack tai ngheKhông
Kết nối khácNFC, OTG
Thiết kế & Trọng lượng
Thiết kếNguyên khối
Chất liệuKhung thép không gỉ + mặt kính cường lực
Kích thướcDài 157.5 mm - Ngang 77.4 mm - Dày 7.7 mm
Trọng lượng208 g
Thông tin pin & Sạc
Dung lượng pin3174 mAh
Loại pinPin chuẩn Li-Ion
Công nghệ pinTiết kiệm pin, Sạc pin nhanh, Sạc pin không dây
Tiện ích
Bảo mật nâng caoNhận diện khuôn mặt Face ID
Tính năng đặc biệtChuẩn Kháng nước, Chuẩn kháng bụiSạc pin nhanhApple Pay3D Touch
Ghi âmCó, microphone chuyên dụng chống ồn
RadioKhông
Xem phimH.265, 3GP, MP4, AVI, WMV, H.263, H.264(MPEG4-AVC)
Nghe nhạcLossless, Midi, MP3, WAV, WMA9, WMA, AAC, AAC+, AAC++, eAAC+
Thông tin khác</pre>', 13, 'One', 'NEW', 5.148834700921999, 34, 3090000, 14, 0.0, 'https://vn-test-11.slatic.net/p/c96b5eba886a2328b808e7a89f0011c0.jpg;https://vn-test-11.slatic.net/p/6cedfe7f50a2a9c35920c4078ed76d85.jpg;https://vn-test-11.slatic.net/p/ad8d81729bc74c80ecab3778edbcd6ae.jpg;https://vn-test-11.slatic.net/p/c35f2e45e2cea4987380374b26a2cff2.jpg;https://vn-test-11.slatic.net/p/c1eba05c1383abae22674e34f6ea0dd3.jpg;https://vn-test-11.slatic.net/p/9354c7092216213c4bfa19b794ad884f.jpg;https://vn-test-11.slatic.net/p/227015bf177f0ce12eb0987602798c11.jpg;https://vn-test-11.slatic.net/p/01e2d951576c312115bea1a1a0158c8f.jpg;', 0, 9);

INSERT INTO product (id, name, short_desc, full_desc, category_id, brand_name, status, weight, available_item, unit_price, discount_percent, avg_rating, img_url, total_rating, supplier_id) VALUES(1329, 'Giao phối 20 Pro 4 GB + ROM 64 GB Nhận Dạng Khuôn Mặt Điện Thoại Thông Minh Màn Hình Cảm Ứng 6.1 Inch -- Xanh/Vàng /Đen', 'Giao phối 20 Pro 4 GB + ROM 64 GB Nhận Dạng Khuôn Mặt Điện Thoại Thông Minh Màn Hình Cảm Ứng 6.1 Inch -- Xanh/Vàng /Đen', '<pre>Màu sắc: Xanh/Vàng/Đen
Số hiệu: Mate20 Pro
Thương hiệu: Chưa Xác Định
Nền tảng: MTK6763 Octa Core
Màn hình: 6.1 "HD
Camera: 5MP + 13MP
Những người khác: Hệ ĐIỀU HÀNH Android OS 8.0 Hệ Thống
Bộ nhớ: RAM 4G + ROM 64 GB</pre>', 13, 'Không xác định', 'NEW', 4.211178171079331, 73, 2071000, 14, 0.0, 'https://my-test-11.slatic.net/p/d644a618df1120d109690b5f7b5ead30.jpg;https://my-test-11.slatic.net/p/743cfc59631543d43fc100c5ecd4d142.jpg;https://my-test-11.slatic.net/p/382cd760d5574d28667b963d7a67b01f.jpg;https://my-test-11.slatic.net/p/f71f1ddf61cc8659ad4c85bdeba9c318.jpg;https://my-test-11.slatic.net/p/3eeb429118b6a2f5f69c61adffb81596.jpg;https://my-test-11.slatic.net/p/2536c9f1c7f0f46a661d59b4dab5ece2.jpg;https://my-test-11.slatic.net/p/74dfb98b9c5d1ba44cd10bbc33e870b5.jpg;https://my-test-11.slatic.net/p/a8a0e728a461c7619102aec1ee21be53.jpg;', 0, 8);

INSERT INTO product (id, name, short_desc, full_desc, category_id, brand_name, status, weight, available_item, unit_price, discount_percent, avg_rating, img_url, total_rating, supplier_id) VALUES(1330, 'Apple iPhone XS Max', 'Apple iPhone XS Max', '<pre>Mã hàng VN/A dành cho thị trường Việt NamHàng mới 100%, chính hãng, nguyên seal
Màn hình Super Retina 6.5"
Thiết kế hoàn toàn bằng kính cường lực và thép không gỉ, chống nước và chống bụi
Chip Inteligent A12 Bionic chip mạnh mẽ và thông minh nhất từng có trên một chiếc điện thoại thông minh
Camera kép 12MP với OIS kép, chế độ chụp Chân dung, hiệu ứng Chiếu sáng chân dung và video 4K tốc độ tối đa 60fps
Xác thực bảo mật bằng Face ID thế hệ mới
Sạc không dây - hỗ trợ sạc nhanh</pre>', 13, 'Apple', 'USED', 3.7077441301697585, 62, 29990000, 14, 4.7, 'https://vn-test-11.slatic.net/original/14a2bfc5860bf1d4fb8eb7ed724da646.jpg;https://vn-test-11.slatic.net/original/a4e5fc9339be99428aede0c7cbd4c9b5.jpg;https://vn-test-11.slatic.net/p/e43ce8140840d34812910b3bdd3c4aff.jpg;https://vn-test-11.slatic.net/p/313ccb607c24cd1b49e63e71bedec1f8.jpg;https://vn-test-11.slatic.net/p/0213ad98c4624eb4b1e3e52c5410a863.jpg;https://vn-test-11.slatic.net/p/8b60605f7012ec234b8a390984799ab0.jpg;https://vn-test-11.slatic.net/p/2f7cf7cf0d0a0132e0221173cfd727bf.jpg;', 46, 9);

INSERT INTO review (id, product_id, reviewer, rating, `comment`) VALUES(13300, 1330, 'Nguyễn Đ.', 1, 'Hàng chuẩn giao nhanh');

INSERT INTO review (id, product_id, reviewer, rating, `comment`) VALUES(13301, 1330, 'can', 1, 'mua về sài cũng tạm tạm cho con nhỏ chơi đua xe nó thích lắm tầm tiền nay v là ổn rồi k nên đòi hỏi hơn đ');

INSERT INTO review (id, product_id, reviewer, rating, `comment`) VALUES(13302, 1330, 'Nguyen P.', 3, 'Màu vàng xỉn xỉn xấu vãi, bám vân tay nhìn cứ bẩn bẩn
Nên lấy màu trắng cho sáng bóng ko bám vết bẩn
Hàng xịn, chính hãng, nguyên seal giao nhanh ngay trong buổi sáng');

INSERT INTO review (id, product_id, reviewer, rating, `comment`) VALUES(13303, 1330, 'Lazada Customer', 2, 'Máy đẹp, nguyên seal, hàng chuẩn VN/A nhưng đóng gói không kỹ, giao hàng hơi lâu.');

INSERT INTO review (id, product_id, reviewer, rating, `comment`) VALUES(13304, 1330, 'Lazada Customer', 0, 'Hàng chuẩn VN/A phụ kiện zin fullbox...Bên lazada nên xem lại cách gói hàng nhé cái dt gần 30tr mà bọc có 1 lớp nilong khi nhận hàng bị cấn hộp hết trơn à');

INSERT INTO product (id, name, short_desc, full_desc, category_id, brand_name, status, weight, available_item, unit_price, discount_percent, avg_rating, img_url, total_rating, supplier_id) VALUES(1331, 'Điện thoại MÀN HÌNH TRÀN VIVK R5 TẶNG 6 (Tặng Túi Chống Nước + Áo Mưa + Jack chống bụi + Khăn Lau + Ốp Lưng + Đế Chưng)', 'Điện thoại MÀN HÌNH TRÀN VIVK R5 TẶNG 6 (Tặng Túi Chống Nước + Áo Mưa + Jack chống bụi + Khăn Lau + Ốp Lưng + Đế Chưng)', '<pre>TẶNG 6(Tặng Túi Chống Nước +Áo Mưa + Jack chống bụi + Khăn Lau + Ốp Lưng + Đế Chưng)THÔNG TIN CHI TIẾT
- Màn hình: IPS 5.5” HD 960*540.
- RAM 1GB.
- Bộ nhớ trong 8GB.
- Hệ điều hành: Android 6.0
-Khe sim: 2 micro sim- CPU: MTK 6580A Quad Core 1.3 Ghz
- Kết nối Wifi, 3G, GPRS, GPS, Bluetooth.
- Camera: Camera trước 2.0MP, camera sau 8.0MP có đèn flash.
- Dung lượng pin: 2400mAh
- Màu:black,gold.blue.red- Kích thước: 144,5*72.5*7.5mmLưu ý: 100 ngày Lổi là Đổi chỉ áp dụng cho những máy lỗi do nhà sản xuất, không áp dụng cho phụ kiện và hộp.</pre>', 13, 'VIVK', 'USED', 6.501988367750701, 40, 1489000, 14, 4.2, 'https://vn-test-11.slatic.net/p/2/dien-thoai-thong-minh-vivk-r5-100-ngay-loi-la-doi-9891-89847742-6dd597ffc3ca65fc7c16e2b04bbe9eb2-catalog.jpg;https://vn-test-11.slatic.net/p/8bf23334fa13c36f707a5ba838a768a5.jpg;https://vn-test-11.slatic.net/p/ba0e1cc634cf95171bf8b1985d0e02db.jpg;', 6, 5);

INSERT INTO review (id, product_id, reviewer, rating, `comment`) VALUES(13310, 1331, 'Hoang P.', 0, 'dt rat nhanh het pin. mặt dù ko sự dụng cũng het pin. pin giong bị chay');

INSERT INTO review (id, product_id, reviewer, rating, `comment`) VALUES(13311, 1331, 'Phát T.', 4, 'nói chung là xài đc vì cái giá như thế thì quá rẻ r nên cux ko đòi hỏi nhìu nếu thắc mắc về gắn thẻ sim gấp thì gỡ ra tâm của cái sim r gắn qua bên phải của máy nha');

INSERT INTO review (id, product_id, reviewer, rating, `comment`) VALUES(13312, 1331, 'Lê N.', 1, 'Được');

INSERT INTO product (id, name, short_desc, full_desc, category_id, brand_name, status, weight, available_item, unit_price, discount_percent, avg_rating, img_url, total_rating, supplier_id) VALUES(1332, 'Điện thoại Xiaomi Redmi Note 7Ram 4GB+64GB Camera 48MP+5MP - Hàng nhập khẩu (Tặng kèm Ốp+Kính 9D Full+Tai nghe)', 'Điện thoại Xiaomi Redmi Note 7Ram 4GB+64GB Camera 48MP+5MP - Hàng nhập khẩu (Tặng kèm Ốp+Kính 9D Full+Tai nghe)', '<pre>SẢN PHẨM ĐƯỢC HỖ TRỢ MIỄN PHÍ VẬN CHUYỂN
Model: Xiaomi Redmi Note 7Ram 4Gb + 64Gb hàng nhập khẩu, tặng kèm Ốp lưng hãng + Kính 9D Full màn hình + Tai nghe
Lưu ý sản phẩm là mới 100% nguyên Seal nên Shop ko hỗ trợ up Rom tiếng việt để đảm bảo sản phẩm nguyên bản nguyên gốc từ hãng Xiaomi. Sau khi Active chỉ có ngôn ngữ Tiếng Anh và Tiếng Trung, cài đặt được ngay CH PLAY để sử dụng (Sau khi unlock từ 15-30 ngày mới up được Rom Tiếng Việt, Shop sẽ tư vấn các vấn đề về up Rom Tiếng Việt khi các bạn nhận máy)
Đặc biệt ngoài Camera kép siêu khủng 48MP+5MP sản phẩm này có thêm tính năng chống bụi và chống thấm nước.
Màn hình: IPS LCD, 6.3", Full HD+
Chip Qualcomn Snapdragon 660 (8 nhân) chiến mượt mà mọi loại game
Hệ điều hành: Android 9.0 (Pie)
Dual Camera sau: 48 MP và 5 MP (2 camera)
Camera trước: 13 MP
Dung lượng pin: 4000 mAh
RAM: 4GB
Bộ nhớ trong: 64GB
Thẻ nhớ: MicroSD, hỗ trợ tối đa 256 GB
Thẻ SIM: 2 SIM Nano (SIM 2 chung khe thẻ nhớ),Hỗ trợ 4G
Ngôn ngữ: Tiếng Anh, Tiếng Trung</pre>', 13, 'Xiaomi', 'NEW', 1.6248005400523995, 78, 4659000, 14, 5.0, 'https://vn-test-11.slatic.net/p/22de7183cf47cd38aeeacc72f693cd43.jpg;https://vn-test-11.slatic.net/p/be076ebe567ef9eff1de6c84706eae25.jpg;https://vn-test-11.slatic.net/p/b75f120828e6816afd1a6c51a418e6e9.jpg;https://vn-test-11.slatic.net/p/c794c95e0f266cf7c71f761b4554eccf.jpg;https://vn-test-11.slatic.net/p/6fd5a72f7f6fa79fd1201dca804a0579.jpg;https://vn-test-11.slatic.net/p/d8a657548f7de7d2276b6af651937729.jpg;https://vn-test-11.slatic.net/p/69d9f9ae6dd2e70f8b21968c2d3deaf9.jpg;https://vn-test-11.slatic.net/p/e4d705312852807cc6b769d8f3b0b3ee.jpg;', 1, 9);

INSERT INTO review (id, product_id, reviewer, rating, `comment`) VALUES(13320, 1332, 'nguyen H.', 4, 'đt tốt. sẽ ủng hộ thêm nếu có nhu cầu.');

INSERT INTO product (id, name, short_desc, full_desc, category_id, brand_name, status, weight, available_item, unit_price, discount_percent, avg_rating, img_url, total_rating, supplier_id) VALUES(1333, 'Điện thoại SamsungGalaxyS10Plus - siêu phẩm mới - Sale cực sốc', 'Điện thoại SamsungGalaxyS10Plus - siêu phẩm mới - Sale cực sốc', '<pre>Samsung  Galaxy S10 Plus là thế hệ dòng S đầu tiên được trang bị thiết kế “nốt ruồi” như đồn đoán và kì vọng. Đây cũng là dòng máy mang đến 3 tuỳ chọn cho người dùng, nhưng dù là phiên bản thấp nhất vẫn nhận cấu hình tương đương các bản cao cấp hơn. Thiết kế “Fullscreen” tràn viền xuất hiệnTừ thế hệ Galaxy S9, thiết kế của dòng S series đã được Samsung làm rất mỏng, để tạo khoảng không trải nghiệm lớn trên màn hình cho người dùng. Nhưng trên Galaxy S10 và Galaxy S10 Plus chứng kiến sự hiện diện của kiểu viền màn hình siêu mỏng ở cả 4 góc, khiến người dùng gần như thấy máy như một thực tế không viền, dạng fullscreen, hiển thị cực kì rộng rãi. Với S10 Plus, đây sẽ là điểm cộng sáng giá trong đấu trường công nghệ, ở phân khúc cao cấp thời điểm này. Bởi đây là tính năng đang khá được ưa chuộng và có thể sắp trở thành xu thế trên flagship sắp tới.Màn hình cong 3D, độ phân giải Quad HD+ Từ trước đến nay, Samsung luôn được đánh giá cao trong hiển thị, với màn hình và tỷ lệ này S10 - S10 Plus sẽ không làm người dùng thất vọng, xứng đáng trở thành những smartphone chơi game tuyệt đỉnh, xem phim chất lượng, trải nghiệm tốt. Cấu hình xếp top, vượt qua mọi thử thách đa nhiệmĐiểm đặc biệt trên Samsung S10 năm nay là với phiên bản thấp nhất là S10 Lite thì cấu hình vẫn như nhau, tức là dù giá rẻ hơn nhưng người dùng vẫn có cơ hội trải nghiệm thông số khủng. Cụ thể, Samsung S10 - S10 Plus sẽ được tích hợp con chip Exynos 9820 8 nhân, RAM 6GB. Ngoài ra sẽ có thêm tuỳ chọn Snapdragon 845 cho các phiên bản như Samsung Galaxy S10 Mỹ. Bộ ba Samsung Galaxy S10 chính hãng xách tay sẽ chạy trên nền tảng Android 9 Pie, hỗ trợ 2 sim với bản chạy Exynos và 1 SIM 1 thẻ nhớ với bản chạy Snapdragon. Hứa hẹn với sự đột phá trong cấu hình này, S10 sẽ không ngán bất cứ thách thức đa nhiệm nào, thậm chí còn xử lý với tốc độ đáng nể. Tiếp tục là 6 camera trên một smartphone SamsungKhông phải ngẫu nhiên, Samsung lại để Galaxy S10 Lite, S10 và S10 Plus thiết kế “nốt ruồi” ở mặt trước. Đây chính là khu vực tích hợp 2 camera selfie - cũng là smartphone đầu tiên có camera selfie dạng kép. 12MP và 8MP ở camera trước cùng với những tích hợp chỉnh sửa, làm đẹp, S10-S10 Plus sẽ mang đến chất lượng ảnh trên cả tuyệt vời. Samsung S10 Plus, sẽ được tích hợp đến 4 camera phía sau, tiếp tục giống cách Samsung làm trên Galaxy A9 2018. Dung lượng pin lên đến 4000mAhCùng với sự khác nhau về tiết diện màn hình, Galaxy S10 Lite giá rẻ, S10 xách tay và S10 Plus sẽ có sự khác biệt về viên pin, lần lượt là 3100mAh, 3500mAh và 4000mAh. Cùng với đó là tính năng sạc nhanh và có thể sạc không dây cho các thiết bị khác. Di Động Việt là đối tác toàn diện của Samsung, các sản phẩm S10 Lite, S10 và S10 Plus đều được cam kết về chất lượng, thời gian bảo hành chính hãng toàn quốc. Mức giá Samsung Galaxy S10 - Galaxy S10 Plus 2 SIM sẽ luôn luôn cao hơn bản 1 SIM, đây là lý do mà người dùng cần nên cân nhắc.</pre>', 13, 'SZOEM', 'USED', 8.297143767362641, 80, 2199000, 14, 0.0, 'https://vn-test-11.slatic.net/p/2a535a00ba01fef1e0ca35982c5d31e4.jpg;https://vn-test-11.slatic.net/p/a3ab7af9c46f62a44caba6234bd1df9a.jpg;https://vn-test-11.slatic.net/p/08502dfe852d95d8169d3e2100e573cf.jpg;', 0, 3);

INSERT INTO product (id, name, short_desc, full_desc, category_id, brand_name, status, weight, available_item, unit_price, discount_percent, avg_rating, img_url, total_rating, supplier_id) VALUES(1334, 'Honor 7C 32GB RAM 3GB', 'Honor 7C 32GB RAM 3GB', '<pre>Kích thước màn hình:5.99"Độ phân giải màn hình :HD+ (720 x 1440 Pixels)Hệ điều hành :Android 8.0 (Oreo)Chip xử lý (CPU):Qualcomm Snapdragon 450RAM:3GBMáy ảnh chính:13 MP và 2 MP (2 camera)Bộ nhớ trong:32 GBDung lượng pin (mAh):3000mAh</pre>', 13, 'Honor', 'USED', 8.149280893638801, 93, 2790000, 14, 4.7, 'https://vn-test-11.slatic.net/p/6bd373879d66c59998736490d89463cc.jpg;https://vn-test-11.slatic.net/original/d157c29cda456ebd0ec78bb31c7a39dc.jpg;https://vn-test-11.slatic.net/original/6774e2f0bdb03d7c2d3114409e69b5f2.jpg;https://vn-test-11.slatic.net/original/3ab3865fc68995a02f9457c754ca1214.jpg;https://vn-test-11.slatic.net/original/5ad3d384eb01b8bb4835526bbad7e369.jpg;https://vn-test-11.slatic.net/original/ed0f31f06ac248f2dfa64f50806fec66.jpg;https://vn-test-11.slatic.net/original/3aaf8180bd5aa02c586b40dd1854fea0.jpg;https://vn-test-11.slatic.net/original/ddfa3e2bc29ebd5cfad35aa8ae9e95af.jpg;', 205, 3);

INSERT INTO review (id, product_id, reviewer, rating, `comment`) VALUES(13340, 1334, 'Nguyễn V.', 1, 'nhận máy thì lướt thấy rất êm, khá ok, nhưng đến tối mình bấm cập nhật phần mềm thì máy thành ra thế này, ko hiểu luôn. gọi tổng đài thì đc biết là lỗi phần mềm. Nay mai nếu ko muốn mất thgian đợi chuyển máy đi bảo hành thì đành phải mất công chạy lên trung tâm để chạy lại phần mềm. Xui quá!');

INSERT INTO review (id, product_id, reviewer, rating, `comment`) VALUES(13341, 1334, 'quanghuy', 4, 'mình mua lúc sale với giá 2190k , test máy thì mình thấy chỉ phù hợp với giá sale này :)) vì mình so sánh với redmi 5 thì âm thanh nghe rất chán , pin 3000 nhưng hụt khá nhanh , k có chụp đêm - phơi sáng , chip giống redmi 5 nhưng thấy chạy k bằng , tốc độ mạng và wifi k ổn định khi chơi game');

INSERT INTO review (id, product_id, reviewer, rating, `comment`) VALUES(13342, 1334, 'Thien', 0, 'Pin sạc hơi bị nhanh. Xài mượt, âm thanh to rõ, pin trâu, sóng mạnh ổn định. Đã nhận hàng được 2 ngày giờ mới lên đánh giá, rất hài lòng!');

INSERT INTO review (id, product_id, reviewer, rating, `comment`) VALUES(13343, 1334, 'mai', 1, 'Mình xài vài ngày rồi, máy chạy tốt không nóng máy, nhanh, màn hình lớn nhìn sang. Trước giờ mình cũng xài điện thoại của honor đều thấy ưng ý. Giao hàng nhanh, thái độ của nhân viên nhiệt tình dễ thương. Vote ủng hộ');

INSERT INTO review (id, product_id, reviewer, rating, `comment`) VALUES(13344, 1334, 'Ken T.', 2, 'Tôi đã ko tin lầm lazada và cty honor,sản phẩm giao nhanh chóng,đóng gói kỹ lưỡng, nhân viên giao hàng vui vẻ nhiệt tình, chiếc honor tôi mới nhận đẹp không tì vết,màu xanh cực phong cách,loa to hơn con GR5 2017 nhiều ,đáng để mua,nhưng tôi không biết làm sao kích hoạt bảo hành và máy báo nâng cấp thì tôi có nên nâng cấp không???? và nếu lấy củ sạc đầu ra 5v- 2A thì có được không???');

INSERT INTO product (id, name, short_desc, full_desc, category_id, brand_name, status, weight, available_item, unit_price, discount_percent, avg_rating, img_url, total_rating, supplier_id) VALUES(1335, '[Độc lạ-Phong cách-Xu hướng mới nhất] Điện thoại siêu xe Ferrari F15, Tiếng Việt , 2 sim, 2 sóng, hỗ trợ thẻ nhớ, camera', '[Độc lạ-Phong cách-Xu hướng mới nhất] Điện thoại siêu xe Ferrari F15, Tiếng Việt , 2 sim, 2 sóng, hỗ trợ thẻ nhớ, camera', '<pre>Tên sản phẩm: Điện thoại siêu xe NEWMIND F15
Thiết kếtrẻ trung, kiểu dángsang trọng
Hỗ trợ tiếng Việt, 2 sim 2 sóng mãnh mẽ
Nghe nhạc dễ dàng bởi máy hỗ trợ hầu hết các phần mở rộng MP3
Hỗ trợ thẻ nhớ ngoài lên đến 8GB
Màu sắc: Đen, Vàng Gold</pre>', 13, 'No Brand', 'USED', 8.969015773765184, 92, 438600, 14, 4.7, 'https://vn-test-11.slatic.net/p/0121c2801da63c34a9fe5f5b6b1dad48.jpg;https://vn-test-11.slatic.net/p/15f956bd0fc1799eb17f4d5735a37e23.jpg;https://vn-test-11.slatic.net/p/1a93832510bcdf2c55d73c5ff5df220c.jpg;https://vn-test-11.slatic.net/p/086a646639a82928b510ec0fb5a78087.jpg;https://vn-test-11.slatic.net/p/0047e206a5ed4f8c10e2bb6a34825a2b.jpg;https://vn-test-11.slatic.net/p/598b3dedf2203a4a9569b7f6a2d95631.jpg;https://vn-test-11.slatic.net/p/5c58613e7ffeb033cf87e188f0ebaafa.jpg;https://vn-test-11.slatic.net/p/cbedcab90e0ae59bdf6e84c5b5b843a3.jpg;', 6, 7);

INSERT INTO review (id, product_id, reviewer, rating, `comment`) VALUES(13350, 1335, 'Phương K.', 4, 'Điện thoai đẹp, màu sắc rất là sang, âm thanh nghe tốt. nếu như có thêm nhiều tính năng thì quá tuyệt');

INSERT INTO product (id, name, short_desc, full_desc, category_id, brand_name, status, weight, available_item, unit_price, discount_percent, avg_rating, img_url, total_rating, supplier_id) VALUES(1336, 'Điện thoại Mini M8 siêu mỏng siêu nhỏ siêu độc', 'Điện thoại Mini M8 siêu mỏng siêu nhỏ siêu độc', '<pre>Tên sản phẩm: mini M8
Thiết kế mỏng & nhỏ & nhẹ, màu sắc thời trang
Hỗ trợ 1 SIM
Loa míc to rõ, pin dùng 1-3 ngày
Bảo hành 1 năm, giao hàng toàn quốc</pre>', 13, 'OEM', 'USED', 1.4890319784365347, 4, 369000, 14, 5.0, 'https://vn-test-11.slatic.net/p/7fc8fde0a2bd6e285f57504fa33a5741.jpg;https://vn-test-11.slatic.net/p/6c4809a41de1ea09a4d6679983f72e2c.jpg;https://vn-test-11.slatic.net/p/51227e7f41f0d203880c881b1b54cc8e.jpg;', 2, 4);

INSERT INTO product (id, name, short_desc, full_desc, category_id, brand_name, status, weight, available_item, unit_price, discount_percent, avg_rating, img_url, total_rating, supplier_id) VALUES(1337, 'Lenovo Z5s 64GB Ram 4GB - Hàng nhập khẩu', 'Lenovo Z5s 64GB Ram 4GB - Hàng nhập khẩu', '<pre>Màn hình : 6.3 inches,1080 x 2340 pixels, 19.5:9 ratio
Băng tần – sim : 2G/3G/4G – 2 Sim
CPU : Qualcomm SDM710 Snapdragon 710 (10 nm)
Bộ nhớ trong : 64 GB Ram : 4GB
Cảm Biến : Vân tay
Pin : 3300 mAh
Camera trước : 16MP
Camera Sau : 16MP + 8MP + 5MP
Hệ điều hành : Android 9.0 (Pie); ZUI 10</pre>', 13, 'Lenovo', 'NEW', 2.6605911424444106, 14, 5150000, 14, 0.0, 'https://vn-test-11.slatic.net/p/3239f1e7ee160b49e380f0d1892c57b7.jpg;https://vn-test-11.slatic.net/p/0b5f29cec03994a8ce6cb5c8f8f3e2d4.jpg;https://vn-test-11.slatic.net/p/222ea83b43d85dfac19ced5ff32f1527.jpg;https://vn-test-11.slatic.net/p/59d834e1abae2966f7853fb3457e9b6e.jpg;', 0, 7);

INSERT INTO product (id, name, short_desc, full_desc, category_id, brand_name, status, weight, available_item, unit_price, discount_percent, avg_rating, img_url, total_rating, supplier_id) VALUES(1338, 'ip XS MAX', 'ip XS MAX', '<pre>Màn hình
Công nghệ màn hìnhOLED
Độ phân giải1242 x 2688 Pixels
Màn hình rộng6.5"
Mặt kính cảm ứngKính oleophobic (ion cường lực)
Camera sau
Độ phân giải2 camera 12 MP
Quay phimQuay phim FullHD 1080p@30fps, Quay phim FullHD 1080p@60fps, Quay phim FullHD 1080p@120fps, Quay phim FullHD 1080p@240fps, Quay phim 4K 2160p@24fps, Quay phim 4K 2160p@30fps, Quay phim 4K 2160p@60fps
Đèn Flash4 đèn LED (2 tông màu)
Chụp ảnh nâng caoZoom quang học (Camera kép), Chụp ảnh xóa phông, Chế độ Slow Motion, Chế độ chụp ban đêm (ánh sáng yếu), A.I Camera, Điều chỉnh khẩu độ, Tự động lấy nét, Chạm lấy nét, Nhận diện khuôn mặt, HDR, Panorama, Chống rung quang học (OIS)
Camera trước
Độ phân giải7 MP
VideocallCó
Thông tin khácSelfie ngược sáng HDR, Camera góc rộng, Nhận diện khuôn mặt, Quay video Full HD
Hệ điều hành - CPU
Hệ điều hành 
Chipset (hãng SX CPU) 
Tốc độ CPU2 nhân 2.5 GHz Vortex & 4 nhân 1.6 GHz Tempest
Chip đồ họa (GPU)Apple GPU 4 nhân
Bộ nhớ & Lưu trữ
RAM4 GB
Bộ nhớ trong64 GB
Bộ nhớ còn lại (khả dụng)Khoảng 57 GB
Thẻ nhớ ngoàiKhông
Kết nối
Mạng di độngHỗ trợ 4G
SIMNano SIM & eSIM
WifiWi-Fi 802.11 a/b/g/n/ac, Dual-band, Wi-Fi hotspot
GPSA-GPS, GLONASS
BluetoothLE, A2DP, v5.0
Cổng kết nối/sạcLightning
Jack tai ngheKhông
Kết nối khácNFC, OTG
Thiết kế & Trọng lượng
Thiết kếNguyên khối
Chất liệuKhung thép không gỉ + mặt kính cường lực
Kích thướcDài 157.5 mm - Ngang 77.4 mm - Dày 7.7 mm
Trọng lượng208 g
Thông tin pin & Sạc
Dung lượng pin3174 mAh
Loại pinPin chuẩn Li-Ion
Công nghệ pinTiết kiệm pin, Sạc pin nhanh, Sạc pin không dây
Tiện ích
Bảo mật nâng caoNhận diện khuôn mặt Face ID
Tính năng đặc biệtChuẩn Kháng nước, Chuẩn kháng bụiSạc pin nhanhApple Pay3D Touch
Ghi âmCó, microphone chuyên dụng chống ồn
RadioKhông
Xem phimH.265, 3GP, MP4, AVI, WMV, H.263, H.264(MPEG4-AVC)
Nghe nhạcLossless, Midi, MP3, WAV, WMA9, WMA, AAC, AAC+, AAC++, eAAC+
Thông tin khác</pre>', 13, 'One', 'NEW', 2.364531544247346, 54, 3500000, 14, 0.0, 'https://vn-test-11.slatic.net/p/9354c7092216213c4bfa19b794ad884f.jpg;https://vn-test-11.slatic.net/p/6cedfe7f50a2a9c35920c4078ed76d85.jpg;https://vn-test-11.slatic.net/p/c96b5eba886a2328b808e7a89f0011c0.jpg;https://vn-test-11.slatic.net/p/c35f2e45e2cea4987380374b26a2cff2.jpg;https://vn-test-11.slatic.net/p/01e2d951576c312115bea1a1a0158c8f.jpg;https://vn-test-11.slatic.net/p/ad8d81729bc74c80ecab3778edbcd6ae.jpg;https://vn-test-11.slatic.net/p/c1eba05c1383abae22674e34f6ea0dd3.jpg;https://vn-test-11.slatic.net/p/227015bf177f0ce12eb0987602798c11.jpg;', 0, 2);

INSERT INTO product (id, name, short_desc, full_desc, category_id, brand_name, status, weight, available_item, unit_price, discount_percent, avg_rating, img_url, total_rating, supplier_id) VALUES(1339, 'Hàng mới về Huawei Y7 Pro 2019 3GB RAM 32GB ROM', 'Hàng mới về Huawei Y7 Pro 2019 3GB RAM 32GB ROM', '<pre>Huawei Y7 Pro 2019(DUB-LX2)
Màn hình
Công nghệ màn hình:IPS LCD
Độ phân giải:HD+ (720 x 1520 Pixels)
Màn hình rộng: 6.26"
Mặt kính cảm ứng:Mặt kính cong 2.5D
Camera sau
Độ phân giải: 13 MP và 2 MP (2 camera)
Quay phim:Quay phim FullHD 1080p@30fps
Đèn Flash :Có
Chụp ảnh nâng cao:A.I Camera,Chụp ảnh xóa phông,Tự động lấy nét,Chạm lấy nét,Nhận diện khuôn mặt,HDR,Panorama,Beautify
Camera trước
Độ phân giải: 8 MP
Videocall:Có
Thông tin khác:Nhận diện khuôn mặt,Chế độ làm đẹp,Tự động lấy nét,Quay video HD
Hệ điều hành - CPU
Hệ điều hành:Android 8.1 (Oreo)
Chipset (hãng SX CPU):Qualcomm Snapdragon 450 8 nhân 64-bit
Tốc độ CPU: 1.8 GHz
Chip đồ họa (GPU):Adreno 506
Bộ nhớ & Lưu trữ
RAM: 3 GB
Bộ nhớ trong: 32 GB
Bộ nhớ còn lại (khả dụng): Khoảng 23 GB
Thẻ nhớ ngoài:MicroSD, hỗ trợ tối đa 512 GB
Kết nối
Mạng di động:Hỗ trợ 4G
SIM:2 Nano SIM
Wifi:Wi-Fi 802.11 b/g/n,Wi-Fi hotspot
GPS:A-GPS,GLONASS
Bluetooth:LE,A2DP,v4.2
Cổng kết nối/sạc:Micro USB
Jack tai nghe: 3.5 mm
Kết nối khác: Không
Thiết kế & Trọng lượng
Thiết kế:Nguyên khối
Chất liệu: Nhựa
Thông tin pin & Sạc
Dung lượng pin: 4000 mAh
Loại pin:Pin chuẩn Li-Ion
Công nghệ pin:Tiết kiệm pin,Siêu tiết kiệm pin
Tiện ích
Bảo mật nâng cao:Mở khóa bằng khuôn mặt
Tính năng đặc biệt:Đa cửa sổ (chia đôi màn hình)
Ghi âm:Có, microphone chuyên dụng chống ồn
Radio: Có
Xem phim:3GP,MP4
Nghe nhạc:Midi,AMR,MP3,WAV,AAC,OGG,FLAC</pre>', 13, 'Huawei', 'NEW', 5.698055664807357, 32, 3870000, 14, 5.0, 'https://vn-test-11.slatic.net/p/53b511e839fed88295989c3ba5e299bf.jpg;https://vn-test-11.slatic.net/p/6ae2077c897789f4746a1ebe9c431ec2.jpg;https://vn-test-11.slatic.net/p/eba34d184c496116daa8611cceae4b48.jpg;https://vn-test-11.slatic.net/p/17f58c952c9c58d134431b620c782df4.jpg;https://vn-test-11.slatic.net/p/a5804f97368e34ff3bada3781965137c.jpg;https://vn-test-11.slatic.net/p/01be49b789c94ed6dca157164ef75b89.jpg;https://vn-test-11.slatic.net/p/f26c4e91abd5b8b0d8cc8c6d4e7852b9.jpg;', 9, 9);

INSERT INTO review (id, product_id, reviewer, rating, `comment`) VALUES(13390, 1339, 'Ngô Q.', 2, 'sản phẩm đẹp nguyên seal những hơi thất vọng về giao hàng tận 6 ngày còn lo');

INSERT INTO review (id, product_id, reviewer, rating, `comment`) VALUES(13391, 1339, 'Vũ Đ.', 3, 'Đóng gói sản phẩm chắc chắn còn được tặng kèm loa Bluetooth nhưng thời gian nhận Bluetooth hơi lâu hàng mới dùng thì thấy oke nhưng dùng lâu thì chưa biết thế nào nhưng được cái shop ưu tín cho 5*');

INSERT INTO review (id, product_id, reviewer, rating, `comment`) VALUES(13392, 1339, 'Hunglong V.', 0, 'Mình đã mua cái thứ hai cách nhau 5 ngày. Đến giờ này tạm đánh giá máy chạy nhanh, mượt mà, ngoại hình sang trong. Đặc biệt cái thứ hai mình đặt hàng tối 10/1 mà đến sáng 12/1 đã nhận được hàng rồi. Tuy nhiên, quà tặng kèm chờ dài cổ đến nay chưa thấy cái loa Bluetooth., Cảm ơn Lazada rất nhiều , ,');

INSERT INTO review (id, product_id, reviewer, rating, `comment`) VALUES(13393, 1339, 'Trần D.', 2, 'Mình đã nhận được 1 cái loa Bluetooth và đang chờ cái thứ hai cho đủ cặp. Loa nghe rất sướng. Âm thanh trong và rõ. Đêm khuya mà nghe thì ôi thôi rồi, gọi là mê ly luôn. cám ơn Huawei đã cung cấp cho 1 sp xuất sắc khởi đầu năm mới tốt đẹp, hanh thông ');

INSERT INTO review (id, product_id, reviewer, rating, `comment`) VALUES(13394, 1339, 'An C.', 2, 'Saomua dt gần 10 ngày rồi vẫn chưa thấy loa km');

INSERT INTO product (id, name, short_desc, full_desc, category_id, brand_name, status, weight, available_item, unit_price, discount_percent, avg_rating, img_url, total_rating, supplier_id) VALUES(140, 'Apple iPad 2018 Wi-Fi 128GB', 'Apple iPad 2018 Wi-Fi 128GB', '<pre>Màn hình Retina 9.7inch
Bộ vi xử lí A10 cho hiệu năng hoạt động mạnh mẽ
ROM 128GB
Camera 8 MP, FaceTime với độ phân giải HD
Touch ID
Hỗ trợ bút Apple Pencil</pre>', 14, 'Apple', 'USED', 6.382374864544571, 85, 9990000, 5, 4.5, 'https://vn-test-11.slatic.net/original/6099d3ca657c9b7817288c447634f480.jpg;https://vn-test-11.slatic.net/original/259fca20accd3a8744f8f430f2eaa56d.jpg;https://vn-test-11.slatic.net/original/73b00f738cfb6ba73a215650c3e6335e.jpg;https://vn-test-11.slatic.net/original/6b121285d4f50fe5d43ae73036aa4af9.jpg;https://vn-test-11.slatic.net/original/eafb1616158d98054b94a6fc88685ad4.jpg;', 12, 3);

INSERT INTO review (id, product_id, reviewer, rating, `comment`) VALUES(1400, 140, 'Ngô T.', 0, 'Lần đầu tiên mua một món hàng có giá trị như vậy trên Lazada, sản phẩm đóng gói cẩn thận, nhân viên hiao hàng thân thiện, kiểm tra serial, tình trạng máy, pin, màn hình.... ok hết. Sản phẩm của Lazmall nên cũng tên tâm phần nào, máy mình mã ZA/A. Ban đầu mình đặt nhầm màu xám nhưng bạn hỗ trợ viên của Lazada nói có thể huỷ và đặt lại, mình đặt lại màu bạc, giao hoả tốc khoảng 2-3h, rất rất ưng ý về sản phẩm này. Mua online mà được vậy thì tốt quá, chúc Lazada ngày càng thành công và phát triển!!!!');

INSERT INTO review (id, product_id, reviewer, rating, `comment`) VALUES(1401, 140, 'Lazada Customer', 3, 'hàng chuản apple nhng ngon bỏ rẻ. câ ơn lazada và bên giao hàng vì bảo quản và vận chuyển an toàn nha.');

INSERT INTO review (id, product_id, reviewer, rating, `comment`) VALUES(1402, 140, 'huỳnh P.', 3, 'sản phẩm tốt đúng mô tả , giao hàng nhanh');

INSERT INTO review (id, product_id, reviewer, rating, `comment`) VALUES(1403, 140, 'Trần T.', 2, 'ipad mã zp/a mở máy mới biết....');

INSERT INTO review (id, product_id, reviewer, rating, `comment`) VALUES(1404, 140, 'Al', 0, 'STILL THE BEST!!!');

INSERT INTO product (id, name, short_desc, full_desc, category_id, brand_name, status, weight, available_item, unit_price, discount_percent, avg_rating, img_url, total_rating, supplier_id) VALUES(141, 'Máy tính bảng Samsung Galaxy Tab A6 7.0" - Hàng phân phối chính hãng', 'Máy tính bảng Samsung Galaxy Tab A6 7.0" - Hàng phân phối chính hãng', '<pre>Màn hình lớn 7.0 inch cho những trải nghiệm tốt khi xem phim, ảnh
Hỗ trợ 2 camera giúp người dùng có những bức ảnh đẹp
Hỗ trợ mạng 4G/LTE giúp truy cập mạng nhanh hơn</pre>', 14, 'Samsung', 'NEW', 0.7846197408310038, 54, 3290000, 5, 5.0, 'https://vn-test-11.slatic.net/p/7082b87a0ede791223a8b7bdcde551ef.jpg;https://vn-test-11.slatic.net/p/2b78c2a848a7d82178dc39e70a5c8cba.jpg;https://vn-test-11.slatic.net/p/a200819fb9b378e46bea6d1c8cc780df.jpg;https://vn-test-11.slatic.net/p/c2adf429e96141d7c5a6c1948847545e.jpg;https://vn-test-11.slatic.net/p/032709339bae2d97d5650caf9062e739.jpg;https://vn-test-11.slatic.net/p/7ef60dfbf5aa20a090ecf0e7158eb6d4.jpg;', 4, 5);

INSERT INTO review (id, product_id, reviewer, rating, `comment`) VALUES(1410, 141, 'Lê B.', 3, 'Rất hài lòng');

INSERT INTO review (id, product_id, reviewer, rating, `comment`) VALUES(1411, 141, 'Phạm M.', 0, 'Hàng tốt trong tầm giá');

INSERT INTO product (id, name, short_desc, full_desc, category_id, brand_name, status, weight, available_item, unit_price, discount_percent, avg_rating, img_url, total_rating, supplier_id) VALUES(142, 'Apple iPad 2018 Wi-Fi + Cellular 32GB', 'Apple iPad 2018 Wi-Fi + Cellular 32GB', '<pre>Áp dụng cho khách hàng thanh toán bằng thẻ HSBCÁp dụng cho đơn hàng trên 3 triệu
Màn hình Retina 9.7inch
Bộ vi xử lí A10 cho hiệu năng hoạt động mạnh mẽ
ROM 32GB
Trang bị khay nano-SIM trên iPad 2018 Wi-Fi + Cellular
Camera 8 MP, FaceTime với độ phân giải HD
Touch ID
Hỗ trợ bút Apple Pencil</pre>', 14, 'Apple', 'NEW', 2.427919548196925, 81, 10490000, 5, 5.0, 'https://vn-test-11.slatic.net/original/854434013535c26d344ff1a6d2b89887.jpg;https://vn-test-11.slatic.net/original/036b82962428764a97f37a522d64202b.jpg;https://vn-test-11.slatic.net/original/73b00f738cfb6ba73a215650c3e6335e.jpg;', 11, 1);

INSERT INTO review (id, product_id, reviewer, rating, `comment`) VALUES(1420, 142, 'Tâm T.', 1, 'Hài lòng với cách đóng gói và chất lượng sp');

INSERT INTO review (id, product_id, reviewer, rating, `comment`) VALUES(1421, 142, 'Nhung T.', 4, 'Sản phẩm được giao nhanh chóng, đầy đủ bao bì còn niêm yết và đóng gói cẩn thận. Tôi rất hài lòng');

INSERT INTO review (id, product_id, reviewer, rating, `comment`) VALUES(1422, 142, 'Nguyễn V.', 0, 'Giao nhanh gói cẩn thận');

INSERT INTO review (id, product_id, reviewer, rating, `comment`) VALUES(1423, 142, 'Đào Đ.', 2, '');

INSERT INTO review (id, product_id, reviewer, rating, `comment`) VALUES(1424, 142, 'Trần M.', 2, 'Tốt');

INSERT INTO product (id, name, short_desc, full_desc, category_id, brand_name, status, weight, available_item, unit_price, discount_percent, avg_rating, img_url, total_rating, supplier_id) VALUES(143, 'Máy tính bảng 16Gb MATSUMA 10.1inch : 3G-Wifi-Bluetooth-GPS (Ram 1g, Rom 16G) + Tặng bao da', 'Máy tính bảng 16Gb MATSUMA 10.1inch : 3G-Wifi-Bluetooth-GPS (Ram 1g, Rom 16G) + Tặng bao da', '<pre>Màn hình 10.1inch IPS (1280 x 800) cho hình ảnh sắc nét
CPU Quardcore : 4 nhân 1.3-1.6 GHz, ARM® Cortex®-A7
Đồ họa ARM Mali-400
RAM 1G
Bộ nhớ trong 16GB
2 sim - 2 sóng; 3G; Wifi; Bluetooth; Gprs; Gps; Fm
Khe cắm thẻ nhớ hỗ trợ thẻ nhớ Micro SD 32G
Hệ điều hành Android 6.0
Dung lượng pin 5000 mA
Camera : trước 0.3Mpx + sau 2.0MpxSản xuất tại Trung QuốcBảo hành : 12 tháng</pre>', 14, 'Matsuma', 'NEW', 7.0400937065376095, 23, 1500000, 5, 4.4, 'https://vn-test-11.slatic.net/original/347742b991de614f23fde606fc63253c.jpg;https://vn-test-11.slatic.net/original/26fd4624194739c89cb00f87e0d80df0.jpg;https://vn-test-11.slatic.net/original/17ec922fe7e9d4b5306ffa6325ed09fa.jpg;https://vn-test-11.slatic.net/original/a8921b40487412d0690ef1caba98ec83.jpg;https://vn-test-11.slatic.net/original/1620d3bd1b04362c02e69c64e86aace3.jpg;https://vn-test-11.slatic.net/original/9764e2669a7cf3670e4597fb09610c3d.jpg;', 23, 5);

INSERT INTO review (id, product_id, reviewer, rating, `comment`) VALUES(1430, 143, 'Mr K.', 4, 'ok, mua cũng đc tháng rồi, chò dùng tg mới dám đánh giá cho khách quan, mn còn lựa. nhìn chung là máy ngon, ổn trong tầm giá. loa toa, màn hình tạm ổn, pin lâu. tuy vậy dùng 1 tg thì thỉnh thoảng bị chậm, đơ nhưng k trầm trọng lắm.');

INSERT INTO review (id, product_id, reviewer, rating, `comment`) VALUES(1431, 143, 'Thảo V.', 2, 'Máy đẹp giao hàng nhanh , đóng gói kĩ , cẩn thận , tư vấn nhiệt tình , còn máy chưa sd chưa biết ntn');

INSERT INTO review (id, product_id, reviewer, rating, `comment`) VALUES(1432, 143, 'le H.', 0, 'tôi rất hài lòng. giao hàng nhanh và sản phẩm dùng rất ok.');

INSERT INTO review (id, product_id, reviewer, rating, `comment`) VALUES(1433, 143, 'nguyen H.', 4, 'may tot ..nhug con cai sim lam hoai ko vo ..khe cam sim hep ko bo sim vo duoc');

INSERT INTO review (id, product_id, reviewer, rating, `comment`) VALUES(1434, 143, 'Son N.', 3, 'sàn phẩm về mẫu sắc OK để trải nghiệm tg mới dành giá dc');

INSERT INTO product (id, name, short_desc, full_desc, category_id, brand_name, status, weight, available_item, unit_price, discount_percent, avg_rating, img_url, total_rating, supplier_id) VALUES(144, 'Máy tính bảng 10.1 inch MTK6582 2GB RAM, Wifi + 3G - Tặng bao da', 'Máy tính bảng 10.1 inch MTK6582 2GB RAM, Wifi + 3G - Tặng bao da', '<pre>Máy là phiên bản màu đen
Hỗ trợ 2 sim 2 sóng. Đầy đủ tính năng nghe gọi, sms.
Hỗ trợ Bluetooth, GPS.
Khả năng mở rộng bộ nhớ với thẻ SD Card.
Màn hình lớn IPS HD 10.1 inch sắc nét.
Phù hợp nhu cầu giải trí của gia đình</pre>', 14, 'OEM', 'NEW', 2.4516040707520483, 73, 1599000, 5, 4.0, 'https://vn-test-11.slatic.net/original/88427ec0efd074ef773aee3af0c7e338.jpg;https://vn-test-11.slatic.net/original/660a0ca8ded52d24d6b28a374d7ed950.jpg;https://vn-test-11.slatic.net/original/0b82da5393ea8b75411f5820eb2993ad.jpg;https://vn-test-11.slatic.net/original/147f15003732cb19a5216a10a53f9825.jpg;https://vn-test-11.slatic.net/original/fb87a192c5281ec05b5096bf503fe32b.jpg;https://vn-test-11.slatic.net/original/64a8ec225469068501083551721c69fc.jpg;', 13, 4);

INSERT INTO review (id, product_id, reviewer, rating, `comment`) VALUES(1440, 144, 'Bily A.', 0, 'Quá tệ, máy mới nhưng mở máy lên thì hệ thống báo máy đã root làm cho một số game không tải được và một số ứng dụng không sử dụng được. Lỗi lớn nhất của máy là sim 1 không hoạt động và sim 2 thì chỉ báo mức chuyền dữ liệu là E mà không thể sử dụng được ở mức 3G. Loa thì rè đến mức ồn ào.');

INSERT INTO review (id, product_id, reviewer, rating, `comment`) VALUES(1441, 144, 'Ngô M.', 4, 'Mình đã gửi hàng về cho Lazada rồi đó. Bên shop vui lòng hổ trợ mình đổi máy khác nhé');

INSERT INTO review (id, product_id, reviewer, rating, `comment`) VALUES(1442, 144, 'ngoan', 4, 'có 13.3 ghi sai dung lượng so vs quảng cáo');

INSERT INTO review (id, product_id, reviewer, rating, `comment`) VALUES(1443, 144, 'Hoàng H.', 1, 'máy tính bảng rất nhìn rất đẹp chơi game cũng rất mượt mà và bắt wifi cũng rất tốt nói chung là rất o kê cảm ơn lazada và sop đã giới thiệu sản phẩm này để mọi người');

INSERT INTO review (id, product_id, reviewer, rating, `comment`) VALUES(1444, 144, 'Hồng T.', 2, 'ko ngờ máy rẻ vậy mà dùng cũng ok ghê. còn được tặng kèm cái bao da nữa :)) cảm ơn lazada nhiều nhé. Hy vọng bền nữa là quá chuẩn.');

INSERT INTO product (id, name, short_desc, full_desc, category_id, brand_name, status, weight, available_item, unit_price, discount_percent, avg_rating, img_url, total_rating, supplier_id) VALUES(145, 'Máy tính bảng P10 - MT6582, 2GB RAM 16GB ROM, 10.1 inch, Wifi + 3G - Tặng bao da', 'Máy tính bảng P10 - MT6582, 2GB RAM 16GB ROM, 10.1 inch, Wifi + 3G - Tặng bao da', '<pre>Mẫu thiết kế mới nhất 2019.
Tặng kèm bao da cao cấp thời trang chuẩn form máy
Vỏ nhôm nguyên khối
Màn hình lớn 10.1 inch IPS HD cực sắc nét.
Hỗ trợ Wifi + 2 Sim 2 sóng online, nghe, gọi, sms (dùng được cả sim 3G/4G).
Đầy đủ kết nối: GPS, Bluetooth, OTG
Hỗ trợ Tiếng Việt
Có thể mở rộng bộ nhớ bằng thẻ nhớ ngoài</pre>', 14, 'OEM', 'NEW', 1.6805733230592743, 73, 1900000, 5, 4.5, 'https://vn-test-11.slatic.net/original/455e0ed8dfb543a5f5c2d08f3d91892c.jpg;https://vn-test-11.slatic.net/original/7d90ca5a54704bd741bb0095949363c3.jpg;https://vn-test-11.slatic.net/original/9bffcd7000e6dd05513cbe0350fed150.jpg;https://vn-test-11.slatic.net/original/8915f8247b817fd17a18fd78318acba4.jpg;https://vn-test-11.slatic.net/original/0a2b8b9c58ee3838bf181d4e47d359dc.jpg;https://vn-test-11.slatic.net/original/9061c841eacbbf9d6db967d4fe6745f3.jpg;https://vn-test-11.slatic.net/original/224cb6c87dad4ae1e194e34379c92b08.jpg;', 8, 7);

INSERT INTO review (id, product_id, reviewer, rating, `comment`) VALUES(1450, 145, 'vumaianh', 3, 'Nói một cách chân thành sản phẩm rất ok , sang chảnh, hơn cả mình tưởng tượng,thực sự trước đây mình không tin chất lượng sản phẩm mua qua online đâu, nhưng bây giờ thì đã tin, shop làm việc rất ok, chất lượng sản phẩm cũng tuyệt vời.lần sau mà mua nhất định sẽ ủng hộ shop tiếp. chúc shop làm ăn phát đạt nha. hihi vote shop 10*');

INSERT INTO review (id, product_id, reviewer, rating, `comment`) VALUES(1451, 145, 'Su S.', 1, 'Hàng Ok với tầm giá.');

INSERT INTO review (id, product_id, reviewer, rating, `comment`) VALUES(1452, 145, 'Nhi S.', 4, 'máy tốt');

INSERT INTO product (id, name, short_desc, full_desc, category_id, brand_name, status, weight, available_item, unit_price, discount_percent, avg_rating, img_url, total_rating, supplier_id) VALUES(146, 'Máy tính bảng cutePAD (2018-Gold) M9601 Wifi/3G 16GB, Ram 2GB, 9.6" IPS – Bảo hành chính hãng, Tặng bao da & pin sạc dự phòng', 'Máy tính bảng cutePAD (2018-Gold) M9601 Wifi/3G 16GB, Ram 2GB, 9.6" IPS – Bảo hành chính hãng, Tặng bao da & pin sạc dự phòng', '<pre>CPU Bốn nhân Cortex A7 max 1.3GHz
Bộ nhớ trong 16GB, RAM 02GB mạnh hơn so với phiên bản cũ RAM 1GB
Hai SIM 2 sóng nghe gọi và kết nối 3G/3.5G/ wifi
Chơi games liên quân...vv
Màn hình “vuông” 9.6 inch IPS 1280 x 800, tỷ lệ 8:5
Hai loa ngoài to.
Android Marshmallow 6.0 hệ điều hành mới hơn so với phiên bản cũ Android 5.1
Tương thích các ứng dụng karaoke thông dụng trên thị trường
Đàm thoại truyền hình trực tuyến.
Pin Lithium 5000mAh 3.7V ( chạy liên tục 4-5 tiếng )
Chứng nhận hợp quy của Bộ bưu chính viễn thông.
Bảo hành 12 tháng ( thẻ bảo hành )
Tặng bao danâu
Giá trên đã bao gồm thuế VAT</pre>', 14, 'Cutepad', 'NEW', 8.891066108293193, 22, 1799000, 5, 4.1, 'https://vn-test-11.slatic.net/p/06b3b75cdb47008bcc08d05fb4d22f0d.jpg;https://vn-test-11.slatic.net/p/81cd3d75c020e3088c3fcff48dca59e7.jpg;https://vn-test-11.slatic.net/p/2/may-tinh-bang-cutepad-m9601-phien-ban-2018-wifi3g-9634-vang-gold-bao-da-nau-hang-phan-phoi-chinh-thuc-1205-79983652-ecdfe57f7e44659dd1d747bfcb90aec7-catalog.jpg;https://vn-test-11.slatic.net/p/2/may-tinh-bang-cutepad-m9601-phien-ban-2018-wifi3g-9634-vang-gold-bao-da-nau-hang-phan-phoi-chinh-thuc-1205-79983652-a8ff3fdf7ca8a401978be3d71a330700-catalog.jpg;https://vn-test-11.slatic.net/p/2/may-tinh-bang-cutepad-m9601-phien-ban-2018-wifi3g-9634-vang-gold-bao-da-nau-hang-phan-phoi-chinh-thuc-1205-79983652-3f3cae51765a5b0bcf4b8a98f433d112-catalog.jpg;https://vn-test-11.slatic.net/p/2/may-tinh-bang-cutepad-m9601-phien-ban-2018-wifi3g-9634-vang-gold-bao-da-nau-hang-phan-phoi-chinh-thuc-1205-79983652-02661e72b47e6802c6b2feffa2ddda5f-catalog.jpg;https://vn-test-11.slatic.net/p/2/may-tinh-bang-cutepad-m9601-phien-ban-2018-wifi3g-9634-vang-gold-bao-da-nau-hang-phan-phoi-chinh-thuc-1205-79983652-409b807b1b85eb3bb76d7f6610727ac4-catalog.jpg;', 95, 4);

INSERT INTO review (id, product_id, reviewer, rating, `comment`) VALUES(1460, 146, 'Đỗ V.', 1, 'dùng được 3 hôm rồi. vọc vạch các kiểu.. mà vuốt màn hình cứ rung rung,tức mắt quá :(
- ưu điểm: đóng gói cẩn thận, cảm giác rất yên tâm về chất lượng khi khui hàng. màn hình to, thiết kế đẹp.
- nhược điểm: màn hình ám vàng nặng. phân giải màn hình thấp nhìn chữ nhòe nhoẹt,nhìn lâu rất tức mắt( mờ cả mắt khi dùng con tab 4 này). vỏ nhựa đồ chơi trẻ con, dùng 3 hôm thấy có hiện tượng lắp lưng phồng lên ( đặt xuống mặt phăng quay đc 2-3 vòng rồi,mai kia chắc quay cả chục vòng mất :( ) . cấu hình thì không nói nhưng khi vuốt lên xuống đọc báo rất là mỏi mắt do nó cứ giật giật.
- tổng kết: với tầm 2 triệu thì thiết kế ổn, màn hình quá tệ nạn. khuyên bạn nào dùng văn phòng đọc nhiều khi mua nên cân nhắc.. chọn e nào độ phân giải cao 1 tí.. :D viết hơi nhiều,góp 1 ý kiến cho ae tham khảo.');

INSERT INTO review (id, product_id, reviewer, rating, `comment`) VALUES(1461, 146, 'nguyen Q.', 1, 'máy loa nghe hơi rè.nói chung đươc.đóng hàng cẩn thận, mỗi tội gửi hàng chậm ( 1 tuần mới nhận đươc )');

INSERT INTO review (id, product_id, reviewer, rating, `comment`) VALUES(1462, 146, 'Huỳnh T.', 0, 'Mới mua được hơn 1 tuần, xài tạm ổn. Máy không có hổ trợ tìm kiếm bằng giọng nói. Hơi thất vọng xíu.');

INSERT INTO review (id, product_id, reviewer, rating, `comment`) VALUES(1463, 146, 'Lazada Customer', 4, 'Hàng đóng gói kỹ lưỡng, vẻ ngoài đẹp, chạy thử tương đối ok, nhưng bộ nhớ trong chỉ có 12GB chứ không được 16GB như quảng cáo, hơi thất vọng về điều này thôi, còn nhìn chung thì ổn.');

INSERT INTO review (id, product_id, reviewer, rating, `comment`) VALUES(1464, 146, 'lanh D.', 1, 'hài lòng vs sp . với tầm giá như vậy thì cũng k đòi hỏi gì thêm .');

INSERT INTO product (id, name, short_desc, full_desc, category_id, brand_name, status, weight, available_item, unit_price, discount_percent, avg_rating, img_url, total_rating, supplier_id) VALUES(147, 'Máy tính bảng tablet ZA668 Singapore', 'Máy tính bảng tablet ZA668 Singapore', '<pre>Quà tặng hấp dẫn có giá trị cao lên tới 849.000 :
Đặt biệt tặng 1 điện thoại Nokia 1280 ,nokia 100 trị giá 300.000₫ chính hãng 100%
Tặng phiếu giảm giá 200.000₫ khi thay kính cảm ứng máy tính bảng
Tặngbao da bàn phím cao cấp sang trọng
Tặng tai nghe HphoneSony Extra bass
Phụ kiện theo máy : cóc cáp sạc – cáp OTG
Cam kết máy mới 100% fullbox. Tặng quà đúng 100% như trên .không đúng hoàn trả lại
Tablet ZA668 Singapore
Hệ điều hành
Android 8.0
Mạng – LTE
Khe cắm sim – 2 sim
Chống thấm nước –No
Camera sau 13MP
Camera trước 8MP
Bluetooth –Có
Kích thước màn hình10.1 inch
Bộ nhớ trong – 128GB - RAM – 6GB
Hỗ trợ ngôn ngữ tiếng Việt
Xuất xứ: Singapore
Bảo hành12 tháng
 </pre>', 14, 'No Brand', 'NEW', 8.695456581740274, 52, 2450000, 5, 5.0, 'https://vn-test-11.slatic.net/p/495898d877148ae8a53573c73d0b662f.jpg;https://vn-test-11.slatic.net/p/f500c603b0a9225610c5a78c2f20d58b.jpg;https://vn-test-11.slatic.net/p/cd3b52e069d8e6020ec081c11f719a32.jpg;https://vn-test-11.slatic.net/p/385423dd98ba0bbec8f5420b2f5f0219.jpg;https://vn-test-11.slatic.net/p/bbabc674601b8b306539ecef58791dd6.jpg;https://vn-test-11.slatic.net/p/be6fc6d8d768e9ac29260b7f938b8a48.jpg;https://vn-test-11.slatic.net/p/e10f70f27796869fe0441fbd16d42cfa.jpg;https://vn-test-11.slatic.net/p/6f118f41ae2b5038df06f5512c7f0a51.jpg;', 1, 4);

INSERT INTO product (id, name, short_desc, full_desc, category_id, brand_name, status, weight, available_item, unit_price, discount_percent, avg_rating, img_url, total_rating, supplier_id) VALUES(148, '7 ''Inch 1 + 16 gam A33 Q88H Allwinner Android 4.4 Quad Core Dual Camera Wifi Bluetooth HD Máy Tính Bảng MÁY TÍNH EU', '7 ''Inch 1 + 16 gam A33 Q88H Allwinner Android 4.4 Quad Core Dual Camera Wifi Bluetooth HD Máy Tính Bảng MÁY TÍNH EU', '<pre>Bộ vi xử lý Allwinner Thương Hiệu-Mới A33 Thông Báo: Cực Kỳ Công Suất-Hiệu Quả Quad Core cho Máy Tính Bảng Trên Thị Trường.
Bộ vi xử lý Allwinner Công Nghệ, một trên toàn thế giới lãnh đạo trong ứng dụng di động Bộ vi xử lý thiết kế, tự hào thông báo
Thương hiệu của mình-mới A33, vô cùng công suất hiệu quả xử lý dựa trên bốn CortexTM-A7 CPU và Mali400MP2 GPU.
Nó của pin Tương thích với công bố trước đó A23 vi xử lý Dual-core, rất nhiều tốc độ lên sản phẩm thời gian để thị trường.
Thêm nữa, a33 tính năng tăng cường SmartColor Màn hình công nghệ có khả năng hình ảnh bão hòa tăng cường và tông màu da bảo vệ để cung cấp thêm tuyệt đẹp và lòng hiệu ứng hình ảnh.</pre>', 14, 'OEM', 'USED', 5.665055673421349, 73, 751000, 5, 3.1, 'https://ph-test-11.slatic.net/original/a0c64d18f995eb64e3d56ff5c141756c.jpg;https://ph-test-11.slatic.net/original/c2c3575e6fed776144cd1d7fcc8860e6.jpg;https://ph-test-11.slatic.net/original/1c04a1c1081c30865459f76f1ed3c77f.jpg;https://ph-test-11.slatic.net/original/3ae9dcd3f35cab5650c68a01238bd94b.jpg;https://ph-test-11.slatic.net/original/d5de900667940042b575a33955783cdb.jpg;https://ph-test-11.slatic.net/original/23a20632fc5f4df30655e64babb5e5d1.jpg;https://ph-test-11.slatic.net/original/55a56ffea1ad42709dff330f7747d1b8.jpg;https://ph-test-11.slatic.net/original/dc23b8318d5b60ad73e745dceff0bb32.jpg;', 9, 2);

INSERT INTO review (id, product_id, reviewer, rating, `comment`) VALUES(1480, 148, 'nguyen V.', 4, 'giao hàng không đúng mẫu , làm ăn như vậy ai dám mua nữa chứ , mua màu hồng giao màu xanh là sao');

INSERT INTO review (id, product_id, reviewer, rating, `comment`) VALUES(1481, 148, '문성 김.', 0, 'impossble charging usb port');

INSERT INTO product (id, name, short_desc, full_desc, category_id, brand_name, status, weight, available_item, unit_price, discount_percent, avg_rating, img_url, total_rating, supplier_id) VALUES(149, 'Limited-Time Sale N98 9" Inch Android 4.4 Tablet PC Allwinner A33 Quad Core 1GB+16GB AU Plug Black', 'Limited-Time Sale N98 9" Inch Android 4.4 Tablet PC Allwinner A33 Quad Core 1GB+16GB AU Plug Black', '<pre>Features:
- Allwinner A33 Quad Core, 1.2GHz.
- Android 4.4 operating system.
- 9 inch high resolution touch screen.
- 1GB RAM+16GB ROM, expandable memory up to 32GB.
- Support WiFi.
- Built-in 4000mAh rechargeable lithium battery.</pre>', 14, 'OEM', 'USED', 4.335451304885057, 81, 965000, 5, 3.7, 'https://my-test-11.slatic.net/original/d685226b9abb1558fd93103737d39926.jpg;https://my-test-11.slatic.net/original/d68fb84360aca3b7988d3ae9e7717f4a.jpg;https://my-test-11.slatic.net/original/8057e88cd7c44cfb5652da70af6c3fa3.jpg;https://my-test-11.slatic.net/original/67dd81a8d0277b9a47e768fe2ffeb358.jpg;https://my-test-11.slatic.net/original/f78a3384a033b5c8595b65292eb6fcff.jpg;https://my-test-11.slatic.net/original/c00b0d8c66d92fa62a0a8fffb07092e1.jpg;https://my-test-11.slatic.net/original/c2af8246d8620b01a5fcca6e3bcd6fd5.jpg;https://my-test-11.slatic.net/original/f407a59ddce6aaba3c12916022545a75.jpg;', 21, 5);

INSERT INTO review (id, product_id, reviewer, rating, `comment`) VALUES(1490, 149, 'Tuấn H.', 1, 'dùng thì cx đc hàng tốt ae vào mua ik');

INSERT INTO review (id, product_id, reviewer, rating, `comment`) VALUES(1491, 149, 'Earl E.', 1, 'poor quality the back light is not good  i want to return this thanks');

INSERT INTO review (id, product_id, reviewer, rating, `comment`) VALUES(1492, 149, 'Anh V.', 4, 'muốn trả lại hàng......trả lời tui liền....');

INSERT INTO review (id, product_id, reviewer, rating, `comment`) VALUES(1493, 149, 'nguyễn S.', 2, 'hang lua đao');

INSERT INTO review (id, product_id, reviewer, rating, `comment`) VALUES(1494, 149, 'Thủy L.', 1, 'Rat hai long');

INSERT INTO product (id, name, short_desc, full_desc, category_id, brand_name, status, weight, available_item, unit_price, discount_percent, avg_rating, img_url, total_rating, supplier_id) VALUES(1410, 'Máy tính bảng giá rẻ', 'Máy tính bảng giá rẻ', '<pre>Hệ điều hành Android 4.4
A33 Quad Core Cortex A7@1.3GHz
7 inch, Resolution 1024*600
RAM: 512MB
4GB bộ nhớ trong
Giá rẻ nhưng sẽ đáp ứng đầy đủ nhu cầu giải trí
hàng mới 100%</pre>', 14, 'No Brand', 'USED', 1.2686048907239416, 56, 889000, 5, 3.4, 'https://vn-test-11.slatic.net/original/73218db298b390534c29f2f1ec52e7c5.jpg;https://vn-test-11.slatic.net/original/d386237a9b528d68fdbb006b65f0ba4a.jpg;https://vn-test-11.slatic.net/original/d610aada63e141b5c335e4851943be63.jpg;', 8, 7);

INSERT INTO review (id, product_id, reviewer, rating, `comment`) VALUES(14100, 1410, 'Ngoc B.', 3, 'Mua ổn tiền quá lo ghe  không nghe được gì cả Lần đầu cũng là lần cuối chắc không dám mua hàng của Zara nữa đâu');

INSERT INTO review (id, product_id, reviewer, rating, `comment`) VALUES(14101, 1410, 'klinh', 2, 'Quá tệ hại. Thua máy đồ chơi cho con nít');

INSERT INTO review (id, product_id, reviewer, rating, `comment`) VALUES(14102, 1410, 'phạm N.', 4, 'tôi không hài lòng vì máy tôi nhận được ko phải là máy mới');

INSERT INTO product (id, name, short_desc, full_desc, category_id, brand_name, status, weight, available_item, unit_price, discount_percent, avg_rating, img_url, total_rating, supplier_id) VALUES(1411, 'Máy tính bảng BMXC 3G 10.1 inch - 2GB RAM + Tặng bao da', 'Máy tính bảng BMXC 3G 10.1 inch - 2GB RAM + Tặng bao da', '<pre>Máy là phiên bản màu Vàng ánh kim - Gold
Thiết kế vỏ kim loại sang trọng
Màn hình lớn 10.1 inch IPS HD sắc nét.
Hỗ trợ Wifi + 2 Sim 2 sóng online, nghe, gọi, sms (dùng được cả sim 3G/4G).
Đầy đủ kết nối: GPS, Bluetooth, OTG
Hỗ trợ Tiếng Việt
Có thể mở rộng bộ nhớ bằng thẻ nhớ ngoài</pre>', 14, 'OEM', 'USED', 5.236577578494214, 74, 1750000, 5, 4.6, 'https://vn-test-11.slatic.net/p/2/may-tinh-bang-bmxc-3g-101-inch-mt6582-2gb-ram-tang-kem-bao-da-7308-37593593-73502e0648c9548b12ed6d9db13f1241-catalog.jpg;https://vn-test-11.slatic.net/p/2/may-tinh-bang-bmxc-3g-101-inch-mt6582-2gb-ram-tang-kem-bao-da-7308-37593593-05aa7b89c1f2d529fb7b7fb58d5a8992-catalog.jpg;https://vn-test-11.slatic.net/p/2/may-tinh-bang-bmxc-3g-101-inch-mt6582-2gb-ram-tang-kem-bao-da-7308-37593593-a680698a151e8294f828e72099a46de7-catalog.jpg;https://vn-test-11.slatic.net/original/8b3f6d0e146b8fed1873f4189ff7fb2b.jpg;https://vn-test-11.slatic.net/original/8c4c04b2fed2d5955373f3c2e28607e9.jpg;https://vn-test-11.slatic.net/original/7d6b58b15254e1a2285b71032be1353b.jpg;', 67, 4);

INSERT INTO review (id, product_id, reviewer, rating, `comment`) VALUES(14110, 1411, 'Ngô V.', 3, 'Sản phẩm tốt, đúng mô tả, các thông số đều chính xác. Tuy nhiên màn hình hơi nhợt nhạt, không được sống động và chi tiết. Mặt màn hình làm bằng nhựa mica, không phải bằng mặt kính cường lực nên bắt buộc phải dùng miếng dán màn hình.
Tuy nhiên với mức giá 2 triệu đồng thì không thể đòi hỏi gì hơn. Nếu muốn chất lượng hơn thì thêm 500k để mua các máy cũ của hãng có tên tuổi (nhưng không có quà tặng).');

INSERT INTO review (id, product_id, reviewer, rating, `comment`) VALUES(14111, 1411, 'Lazada Customer', 4, 'máy sài ok. cục thì quá dở. sạc không vào. thua');

INSERT INTO review (id, product_id, reviewer, rating, `comment`) VALUES(14112, 1411, 'Doan T.', 0, 'Sản phẩm như mô tả. Mua để mẹ đọc báo, ko nhiều nhu cầu lắm nên ổn. Loa hơi nhỏ. Giá rẻ nên chấp nhận. Nhà bán hàng vui vẻ, nhiệt tình.');

INSERT INTO review (id, product_id, reviewer, rating, `comment`) VALUES(14113, 1411, 'Lazada Customer', 0, 'đóng gói ok, giao hang nhanh. Man hình nhạy, nét đẹp. Camera thì đủ xài thôi nhưng tầm  giá này thì cung ok');

INSERT INTO review (id, product_id, reviewer, rating, `comment`) VALUES(14114, 1411, 'Nguyen V.', 3, 'Đã nhận,máy đẹp, quà tặng đầy đủ nhưng chơi lq sẽ bị lắc nhẹ, máy này dùng đọc báo, xem phim,lên youtube thì ok,chứ chơi game thì ko tốt lắm, chỉ nên chơi game có cấu hình thấp thì ok,shop nhiệt tình, chu đáo, máy đẹp');

INSERT INTO product (id, name, short_desc, full_desc, category_id, brand_name, status, weight, available_item, unit_price, discount_percent, avg_rating, img_url, total_rating, supplier_id) VALUES(1412, 'Di Động Bán Chạy nhất năm 10.1 inch Android Máy Tính Bảng Octa Core 3G Dual SIM + Tặng Thẻ 32 GB Màn Hình IPS FHD', 'Di Động Bán Chạy nhất năm 10.1 inch Android Máy Tính Bảng Octa Core 3G Dual SIM + Tặng Thẻ 32 GB Màn Hình IPS FHD', '<pre>Hàng Mới về Sản Phẩm
Hot Bán Hàng
Bán Chạy nhất
Kịp thời giao hàng
Khuyến mãi
Dễ dàng sử dụng</pre>', 14, 'Beauties', 'USED', 7.902620580861844, 32, 1750000, 5, 0.0, 'https://my-test-11.slatic.net/p/e4c3e4c4929e5f21a48879ed02ee8e78.jpg;https://my-test-11.slatic.net/p/510612720832b57400c2c85945224c60.jpg;https://my-test-11.slatic.net/p/e610c2c0f3d85ff2cd9ae0a4c6687d18.jpg;https://my-test-11.slatic.net/p/063a040c13a7e0f5d694e9d05c9b6e3f.jpg;https://my-test-11.slatic.net/p/2f000ee919f0b94a530eac22a7fdec33.jpg;https://my-test-11.slatic.net/p/05d8f882d8dbf5c354929eaa52cc4e0f.jpg;https://my-test-11.slatic.net/p/27c0a86e9764cacc813f064676058e61.jpg;', 0, 5);

INSERT INTO product (id, name, short_desc, full_desc, category_id, brand_name, status, weight, available_item, unit_price, discount_percent, avg_rating, img_url, total_rating, supplier_id) VALUES(1413, 'Xiaomi Mipad 4, Mi pad4, Mi pad 4 64GB Ram 4GB (Phiên bản sim 4G LTE) Khang Nhung - Hàng nhập khẩu', 'Xiaomi Mipad 4, Mi pad4, Mi pad 4 64GB Ram 4GB (Phiên bản sim 4G LTE) Khang Nhung - Hàng nhập khẩu', '<pre>Màn hình:8.0 inches
HĐH:Android 8.1
Hỗ trợ sim 4G LTE
CPU:Snapdragon 660
RAM: 4GB, ROM: 64GB
Camera:13 MP, Selfie: 5 MP
Pin: 6000 mAh
Ngôn ngữ : Tiếng anh , tiếng trung (Sản phẩm nguyên seal)
Để xác nhận lấy sản phẩm vui lòng soạn tin nhắn "số đơn hàng "Y" gửi tới số 01233622222", nếu không có nhu cầu lấy sản phẩm vui lòng soạn tin nhắn "số đơn hàng "N" gửi tới số 01233622222
Để được hướng dẫn unlock bootloader , cài tài khoản Mi , cài tiếng việt vui lòng truy cập vào khangnhung mobile mục "hỗ trợ sau bán hàng"hoặc gọi 19007246 theo giờ hành chính</pre>', 14, 'Xiaomi', 'NEW', 3.352698857876084, 13, 5045970, 5, 4.7, 'https://vn-test-11.slatic.net/original/4be7971d6cc516b98790fc8f3c4bac0f.jpg;https://vn-test-11.slatic.net/original/f3b60fd43820c6363d881b74d4e402eb.jpg;https://vn-test-11.slatic.net/original/b3e8cdf2d023c95db327a393e8d6c970.jpg;https://vn-test-11.slatic.net/original/c834416d307cc5d8b7ac92197e4450aa.jpg;', 15, 5);

INSERT INTO review (id, product_id, reviewer, rating, `comment`) VALUES(14130, 1413, 'Nam P.', 4, 'Máy ngon,pin trâu,bắt sóng tốt mọi thứ gần như hoàn hảo ngoại trừ màn hình hơi nhạt (chân thực),không đc nịnh mắt như các sản phẩm khác.');

INSERT INTO review (id, product_id, reviewer, rating, `comment`) VALUES(14131, 1413, 'Văn C.', 0, 'Hàng mới nguyên seal 100%. Đã dùng được 3 ngày và rất hài lòng về sản phẩm.');

INSERT INTO review (id, product_id, reviewer, rating, `comment`) VALUES(14132, 1413, 'Lazada Customer', 0, 'Sản phẩm nguyên seal. Giao hàng lâu');

INSERT INTO review (id, product_id, reviewer, rating, `comment`) VALUES(14133, 1413, 'Hoang T.', 0, 'rất good , máy nguyên seal , mô tả như hình ,giao hag2 nhah');

INSERT INTO review (id, product_id, reviewer, rating, `comment`) VALUES(14134, 1413, 'Nguyễn H.', 3, 'Lần này giao nhanh');

INSERT INTO product (id, name, short_desc, full_desc, category_id, brand_name, status, weight, available_item, unit_price, discount_percent, avg_rating, img_url, total_rating, supplier_id) VALUES(1414, 'Limited-Time Sale 7'' White 16GB A33 Quad Core Dual Camera Google Android 4.4 HD Tablet WIFI EU', 'Limited-Time Sale 7'' White 16GB A33 Quad Core Dual Camera Google Android 4.4 HD Tablet WIFI EU', '<pre>Allwinner Brand-New A33 Announced : an Extremely Power-Efficient Quad Core for Tablet Market.
Allwinner Technology, a worldwide leader in mobile application processor design, proudly announces
its brand-new A33, an extremely power efficient processor based on four CortexTM-A7 CPUs and Mali400MP2 GPU. 
It''s pin compatible with the previously announced A23 dual-core processor, greatly speeding up the product time to market.
Additionally, A33 features enhanced SmartColor display technology that capable of image saturation enhancement and skin tone protection to deliver more gorgeous and eye-pleasing visual effects.</pre>', 14, 'OEM', 'USED', 9.908643761485148, 20, 741000, 5, 2.8, 'https://my-test-11.slatic.net/original/c2c3575e6fed776144cd1d7fcc8860e6.jpg;https://my-test-11.slatic.net/original/f7be8d151b0b2803ed8c651b5b3c0e2f.jpg;https://my-test-11.slatic.net/original/467e1288f21121731d00ee2cf17bf1b7.jpg;https://my-test-11.slatic.net/original/3b953af1f9758e2e907f6888621dac40.jpg;https://my-test-11.slatic.net/original/0991940e3d270638d93d958b8e5e6e39.jpg;https://my-test-11.slatic.net/original/79874a680aa27b34d96fc2d64ddc2e8b.jpg;https://my-test-11.slatic.net/original/935336535d264d4975d7e0e9feba345d.jpg;https://my-test-11.slatic.net/original/943980422cfc26fba9b83e31a50a2ee7.jpg;', 12, 7);

INSERT INTO review (id, product_id, reviewer, rating, `comment`) VALUES(14140, 1414, 'Din R.', 1, 'hng ok   gia ca nhu vaj  la phu hop voi chat luong cua may rui');

INSERT INTO review (id, product_id, reviewer, rating, `comment`) VALUES(14141, 1414, 'Lazada Customer', 2, 'Nhầm khi Mua hàbg này mất toi tiền nhưng k xài đc');

INSERT INTO product (id, name, short_desc, full_desc, category_id, brand_name, status, weight, available_item, unit_price, discount_percent, avg_rating, img_url, total_rating, supplier_id) VALUES(1415, 'Máy tính bảng cutePAD M9601-phiên bản 2018 wifi/3G 9.6" Vàng gold+ Bao da nâu + Loa di động bluetooth cutePAD BS383 ngẫu nhiên - Hãng phân phối chính thức', 'Máy tính bảng cutePAD M9601-phiên bản 2018 wifi/3G 9.6" Vàng gold+ Bao da nâu + Loa di động bluetooth cutePAD BS383 ngẫu nhiên - Hãng phân phối chính thức', '<pre>CPU Bốn nhân Cortex A7 max 1.3GHz
Bộ nhớ trong 16GB, RAM 2GB mạnh hơn so với phiên bản cũ RAM 1GB
Hai SIM 2 sóng nghe gọi và kết nối 3G/3.5G/ wifi
Chơi games liên quân...vv
Màn hình “vuông” 9.6 inch IPS 1280 x 800, tỷ lệ 8:5
Hai loa ngoài to.
Android Marshmallow 6.0 hệ điều hành mới hơn so với phiên bản cũ Android 5.1
Tương thích các ứng dụng karaoke thông dụng trên thị trường
Đàm thoại truyền hình trực tuyến.
Pin Lithium 5000mAh 3.7V ( chạy liên tục 4-5 tiếng )
Chứng nhận hợp quy của Bộ bưu chính viễn thông.
Bảo hành 12 tháng ( thẻ bảo hành )
Kèm bao da nâu, kèm loa BS383
Giá trên đã bao gồm thuế VAT</pre>', 14, 'Cutepad', 'NEW', 3.8254355359462635, 41, 1899000, 5, 4.0, 'https://vn-test-11.slatic.net/p/cc1302bd42c898a867312934d4823e66.jpg;https://vn-test-11.slatic.net/p/2/may-tinh-bang-cutepad-m9601-phien-ban-2018-wifi3g-9634-vang-gold-bao-da-nau-loa-di-dong-bluetooth-cutepad-bs383-ngau-nhien-hang-phan-phoi-chinh-thuc-7965-15389204-ab29b5feb21cb521a158b7f98a08633f-catalog.jpg;https://vn-test-11.slatic.net/p/2/may-tinh-bang-cutepad-m9601-phien-ban-2018-wifi3g-9634-vang-gold-bao-da-nau-loa-di-dong-bluetooth-cutepad-bs383-ngau-nhien-hang-phan-phoi-chinh-thuc-7965-15389204-e17e84d424f9eb136dcc2cf09ee001e4-catalog.jpg;https://vn-test-11.slatic.net/p/2/may-tinh-bang-cutepad-m9601-phien-ban-2018-wifi3g-9634-vang-gold-bao-da-nau-loa-di-dong-bluetooth-cutepad-bs383-ngau-nhien-hang-phan-phoi-chinh-thuc-7965-15389204-dc6947c82075d45c8ae1c4bbc3d3c10a-catalog.jpg;https://vn-test-11.slatic.net/p/2/may-tinh-bang-cutepad-m9601-phien-ban-2018-wifi3g-9634-vang-gold-bao-da-nau-loa-di-dong-bluetooth-cutepad-bs383-ngau-nhien-hang-phan-phoi-chinh-thuc-7965-15389204-ff7ce4f9874fa2f0e7b0f0f2b28528a7-catalog.jpg;https://vn-test-11.slatic.net/p/2/may-tinh-bang-cutepad-m9601-phien-ban-2018-wifi3g-9634-vang-gold-bao-da-nau-loa-di-dong-bluetooth-cutepad-bs383-ngau-nhien-hang-phan-phoi-chinh-thuc-7965-15389204-68aabc402bbfafc84225ad58f8d53d05-catalog.jpg;https://vn-test-11.slatic.net/p/2/may-tinh-bang-cutepad-m9601-phien-ban-2018-wifi3g-9634-vang-gold-bao-da-nau-loa-di-dong-bluetooth-cutepad-bs383-ngau-nhien-hang-phan-phoi-chinh-thuc-7965-15389204-b0eff0e391c0ee8028c431b735e67dd4-catalog.jpg;https://vn-test-11.slatic.net/p/2/may-tinh-bang-cutepad-m9601-phien-ban-2018-wifi3g-9634-vang-gold-bao-da-nau-loa-di-dong-bluetooth-cutepad-bs383-ngau-nhien-hang-phan-phoi-chinh-thuc-7965-15389204-0c5ba916540a0e49ff06660f8ec4dfb2-catalog.jpg;', 12, 9);

INSERT INTO review (id, product_id, reviewer, rating, `comment`) VALUES(14150, 1415, 'Ngoc T.', 2, 'máy đẹp, giao hàng nhanh, đóng gói cẩn thân. bền thì chưa biết, hiện tại xài khá ổn. loa hơi nhỏ, tiếng không thật. Nhanh hết pin. so với giá xài ok. Loa xài tốt, cho loa 5 *');

INSERT INTO review (id, product_id, reviewer, rating, `comment`) VALUES(14151, 1415, 'Hoai L.', 0, 'san pham ok');

INSERT INTO review (id, product_id, reviewer, rating, `comment`) VALUES(14152, 1415, 'Bebe N.', 0, 'giao hàng nhanh, hàng giống như hình');

INSERT INTO review (id, product_id, reviewer, rating, `comment`) VALUES(14153, 1415, 'Lê M.', 2, '');

INSERT INTO product (id, name, short_desc, full_desc, category_id, brand_name, status, weight, available_item, unit_price, discount_percent, avg_rating, img_url, total_rating, supplier_id) VALUES(1416, 'MÁY TÍNH BẢNG DOTPAD PS8 , CHƠI GAME, ÂM THANH 3D, TẶNG THẺ NHỚ 16 G', 'MÁY TÍNH BẢNG DOTPAD PS8 , CHƠI GAME, ÂM THANH 3D, TẶNG THẺ NHỚ 16 G', '<pre>MÀN HÌNH CÔNG NGHỆ IPS
1 SIM
MẠNG 3G- WIFI
MÀN HÌNH: 7 INCH
CAMERA TRƯỚC : 2.0
CAMERA SAU : 5.0
RAM 1G
ÂM THANH 3D, LOA LỚN
PIN : 4000 MAH
không rung
ANDROID 8.1
không loa trong
LOA LỚN</pre>', 14, 'Dotpad', 'NEW', 2.605626900667274, 67, 1580000, 5, 5.0, 'https://vn-test-11.slatic.net/original/b6c0e1794d768e15a130be079073daf9.jpg;https://vn-test-11.slatic.net/original/7c8c6833c364cb6cbbf0c2f356dce7ee.jpg;https://vn-test-11.slatic.net/original/68614179aad90325670f6be9bfc16fed.jpg;', 2, 5);

INSERT INTO review (id, product_id, reviewer, rating, `comment`) VALUES(14160, 1416, 'Ngô T.', 4, 'rất ok ,đúng mẫu đặt hàng');

INSERT INTO review (id, product_id, reviewer, rating, `comment`) VALUES(14161, 1416, 'Nguyễn T.', 3, 'đã nhận hàng, máy đẹp , pin xài lâu, chơi liên minh mượt mà.....đáng tiền. Cám ơn lazada');

INSERT INTO product (id, name, short_desc, full_desc, category_id, brand_name, status, weight, available_item, unit_price, discount_percent, avg_rating, img_url, total_rating, supplier_id) VALUES(1417, 'Q88 Quad-core Wifi 7-inch USB cấp nguồn 512 M + 4G màu đỏ', 'Q88 Quad-core Wifi 7-inch USB cấp nguồn 512 M + 4G màu đỏ', '<pre>Hàng Mới về Sản Phẩm
Hot Bán Hàng
Bán Chạy nhất
Kịp thời giao hàng
Khuyến mãi
Dễ dàng sử dụng</pre>', 14, 'OEM', 'NEW', 4.667026944006524, 82, 696040, 5, 5.0, 'https://my-test-11.slatic.net/p/df2ae0bd52a5022943e677a6c5db09ef.jpg;https://my-test-11.slatic.net/p/0e874407ecd2eb4061bb043eca62906d.jpg;https://my-test-11.slatic.net/p/fe0bd8cfe7d597a9ea4886ae21b300a6.jpg;https://my-test-11.slatic.net/p/1d2d9f9e751cc6fe3241d000da4d93b4.jpg;https://my-test-11.slatic.net/p/9333168c45c1beb30ff8b83d6d0008bb.jpg;https://my-test-11.slatic.net/p/561a5f0ab0761fb9ca9e2a7022fdcc88.jpg;', 2, 4);

INSERT INTO product (id, name, short_desc, full_desc, category_id, brand_name, status, weight, available_item, unit_price, discount_percent, avg_rating, img_url, total_rating, supplier_id) VALUES(1418, 'Máy tính bảng 10.1 inch vỏ nhôm chip lõi tứ 1.3GHz 1GB RAM 16GB 2 khe SIM 2G 3G', 'Máy tính bảng 10.1 inch vỏ nhôm chip lõi tứ 1.3GHz 1GB RAM 16GB 2 khe SIM 2G 3G', '<pre>***Tặng kèm khi mua máy: bao da, tai nghe***
- Hỗ trợ 2 khe SIM nghe gọi 2G/3G, hỗ trợ mạng 3G WCDMA/HSPA.
- Màn hình IPS 10.1 inch độ phân giải HD (1280 x 800), góc nhìn rộng tới hơn 178 độ.
- Chip lõi tứ xung nhịp 1.3GHz chơi game lướt web mượt mà.
- 1GB RAM, bộ nhớ trong 16GB, hỗ trợ thẻ nhớ lên tới 32GB.
- Wifi, Bluetooth 4.0, GPS, hỗ trợ chức năng Miracast Full HD 1080P.
- Camera trước 2Mpx, camera sau 5Mpx.
- Dung lượng pin 6000mah, chạy Android 4.4, thời lượng sử dụng liên tục 3-5h.</pre>', 14, 'OEM', 'USED', 5.702649804364972, 71, 1542300, 5, 4.0, 'https://vn-test-11.slatic.net/original/0243b96fc0f10a1cae32d2d496383e10.jpg;https://vn-test-11.slatic.net/original/da431bb006b76e7d8b1417eaa03e9ab2.jpg;https://vn-test-11.slatic.net/original/7ceb1e1caa0c0cacf2294e297b9c7606.jpg;https://vn-test-11.slatic.net/original/1675bb549ffe715a6384c1ee6158a0f5.jpg;https://vn-test-11.slatic.net/original/45bd4d1d0ad27d71e59f4d2c82a44c52.jpg;', 3, 5);

INSERT INTO review (id, product_id, reviewer, rating, `comment`) VALUES(14180, 1418, 'NGUYEN T.', 3, 'hàng mua về bị lỗi chương trình . sai chưa đc 2 ngày là bị sọc màn hình và đang hát nhạc thì tự động bị sụp nguồn còn cảm ứng lúc đc lúc không .');

INSERT INTO review (id, product_id, reviewer, rating, `comment`) VALUES(14181, 1418, 'Doanh N.', 0, 'pin hơi nhanh hết nói chung tiền nào của yk');

INSERT INTO review (id, product_id, reviewer, rating, `comment`) VALUES(14182, 1418, 'Phucnguyen N.', 2, 'tạm được');

INSERT INTO product (id, name, short_desc, full_desc, category_id, brand_name, status, weight, available_item, unit_price, discount_percent, avg_rating, img_url, total_rating, supplier_id) VALUES(1419, 'Máy tính bảng Oysters T72HMs 3G - Hàng xách tay', 'Máy tính bảng Oysters T72HMs 3G - Hàng xách tay', '<pre>Màn hình : 7inch
Camera trước : 2Mp
Bộ nhớ trong : 8GB
Ram : 1GB
CPU : 1.3GHz
Độ phân giải : 1024 x 600
Hệ điều hành : Android 5.1
Pin : 2800 mAh
Có thể nghe gọi</pre>', 14, 'Oyster', 'NEW', 2.568078981614742, 54, 920000, 5, 5.0, 'https://vn-test-11.slatic.net/p/5b35b42c2ef06ba63f8bd0deb95c80d1.jpg;https://vn-test-11.slatic.net/p/0cbe4553c37a57443d8b1a88b392c3cb.jpg;https://vn-test-11.slatic.net/p/3ca0b81cf9ed7e7d0b6fffac5017bebc.jpg;https://vn-test-11.slatic.net/p/6360b9f339f8221f8805c3a6cd0dd08a.jpg;', 1, 5);

INSERT INTO product (id, name, short_desc, full_desc, category_id, brand_name, status, weight, available_item, unit_price, discount_percent, avg_rating, img_url, total_rating, supplier_id) VALUES(1420, 'Limited-Time Sale 2015 7inch Google Android 4.4 Tablet PC Quad Core CAMERA 512MB 4GB UK Black', 'Limited-Time Sale 2015 7inch Google Android 4.4 Tablet PC Quad Core CAMERA 512MB 4GB UK Black', '<pre>Now Allwinner A23 Dual Core Update to A33 Quad Core
Android 4.2 Update to Android 4.4
High quality& Higher Performance</pre>', 14, 'OEM', 'USED', 6.949691394139496, 56, 750000, 5, 5.0, 'https://my-test-11.slatic.net/original/481edd895e1c4f24a15f1f1f77735a85.jpg;https://my-test-11.slatic.net/original/f4eabeb227b6a0280aeadc07a06ffceb.jpg;https://my-test-11.slatic.net/original/5e97aa1b91eb4c96c9766a9e47ef53f7.jpg;https://my-test-11.slatic.net/original/fd3d18d96e80a46b83dc7a263001fc04.jpg;https://my-test-11.slatic.net/original/cd8ca347cb1030365111c556b4138286.jpg;https://my-test-11.slatic.net/original/cf918d368be8657edefd136d3cc12e1b.jpg;https://my-test-11.slatic.net/original/0c6abfb341d7b295ac4260b06515e7be.jpg;https://my-test-11.slatic.net/original/98f68adeec7315706f113c16fae93e31.jpg;', 1, 3);

INSERT INTO product (id, name, short_desc, full_desc, category_id, brand_name, status, weight, available_item, unit_price, discount_percent, avg_rating, img_url, total_rating, supplier_id) VALUES(1421, 'Máy tính bảng giá rẻ smartG', 'Máy tính bảng giá rẻ smartG', '<pre>Hệ điều hành Android 4.4
A33 Quad Core Cortex A7@1.3GHz
7 inch, Resolution 1024*600
RAM: 512MB
4GB bộ nhớ trong
Giá rẻ nhưng sẽ đáp ứng đầy đủ nhu cầu giải trí
hàng mới 100%</pre>', 14, 'No Brand', 'USED', 9.67527080453215, 49, 899000, 5, 2.5, 'https://vn-test-11.slatic.net/original/9269aa74c2b1245a9a13db07bafa741d.jpg;https://vn-test-11.slatic.net/original/e6cccc735645c966ab0121f044613a77.jpg;https://vn-test-11.slatic.net/original/9bb7c22f61a993d17eab1fb1ef35f0fe.jpg;', 11, 3);

INSERT INTO review (id, product_id, reviewer, rating, `comment`) VALUES(14210, 1421, 'Hairsalon N.', 0, 'Trả hàng lại nhưng k nhận được tiền vì báo lại là do mình đóng gói k cẩn thận bị vỡ nên mình k nhận lại được tiền , coi như là mất gần 1 tr');

INSERT INTO review (id, product_id, reviewer, rating, `comment`) VALUES(14211, 1421, 'Lazada Customer', 0, 'mau hết pin');

INSERT INTO review (id, product_id, reviewer, rating, `comment`) VALUES(14212, 1421, 'Thanh H.', 2, 'máy đẹp, cảm ứng mượt. Máy rẻ nhưng chất lượng không rẻ Rất hài lòng.
mấy comment chê thì mấy bạn này nên mua máy 5-10 triệu mà dùng. Tiền it mà đòi hit ... thơm');

INSERT INTO review (id, product_id, reviewer, rating, `comment`) VALUES(14213, 1421, 'Trần T.', 2, 'máy gì mà mau hết bin quá, xài chán lắm');

INSERT INTO review (id, product_id, reviewer, rating, `comment`) VALUES(14214, 1421, 'MinhNhân N.', 4, 'máy chỉ hơi lag 1 chút, còn lại ok');

INSERT INTO product (id, name, short_desc, full_desc, category_id, brand_name, status, weight, available_item, unit_price, discount_percent, avg_rating, img_url, total_rating, supplier_id) VALUES(1422, 'Máy tính bảng Dtab-01H 10.0 Docomo 4G/wifi, ram 2gb', 'Máy tính bảng Dtab-01H 10.0 Docomo 4G/wifi, ram 2gb', '<pre>Màn hình  Công nghệ màn hìnhTFT Độ phân giải1200 x 1920 pixels Màn hình rộng10.0" Cảm ứngCảm ứng điện dung đa điểm Hệ điều hành - CPU  Hệ điều hànhAndroid 5.1 (Lolipop) Chipset (hãng SX CPU)Hisilicon Kirin 930 Số nhân của CPU8 nhân Tốc độ CPU8 nhân 2.0 GHz & 4 nhân 1.5 GHz Chip đồ họa (GPU)Mali-T760 Camera chính  Độ phân giải8 MP Quay phimQuay phim 4K 2160p@30fps Đèn FlashCó Chụp ảnh nâng caoTự động lấy nét, Chạm lấy nét, Nhận diện khuôn mặt, Nhận diện nụ cười, HDR, Panorama, Chống rung quang học Camera phụ  Độ phân giải2 MP VideocallHỗ trợ VideoCall thông qua ứng dụng OTT Bộ nhớ & Lưu trữ  RAM2 GB Bộ nhớ trong (ROM)16 GB Thẻ nhớ ngoàiCó 256Gb Hỗ trợ thẻ tối đa  Kết nối  Băng tần 2GGSM 850/900/1800/1900 Băng tần 3GHSDPA 850/900/1900/2100 Số khe sim1 Sim Loại SimMicro SIM Tốc độ 3G  GPSBDS, A-GPS, GLONASS WifiWi-Fi 802.11 a/b/g/n/ac, Dual-band, Wi-Fi Direct, Wi-Fi hotspot Bluetoothapt-X, V4.0, A2DP, LE NFCCó Kết nối USBMicro USB Kết nối Jack 3.53.5 mm Giải trí & Ứng dụng  Xem phimMP4, WMV, H.264(MPEG4-AVC), DivX, Xvid Nghe nhạcMP3, WAV, WMA, eAAC+, FLAC FM radio  Trò chơi  Chức năng khác  Thời lượng pin  Thời lượng thoại  Dung lượng pin6500 mAh Loại PinPin chuẩn Li-Ion Thời lượng chơi game, nghe nhạc  Thiết kế & Trọng lượng  Thiết kếPin liền Chất liệuKhung kim loại + mặt kính cường lực Kích thướcDài 215 mm - Ngang 124 mm - Dày 7.9 mm Trọng lượng (g)450 g</pre>', 14, 'NTT DoCoMo', 'NEW', 6.563047714420552, 74, 2550000, 5, 5.0, 'https://vn-test-11.slatic.net/original/29923910d4927b67976d093eca8d9ab2.jpg;https://vn-test-11.slatic.net/original/daae18f51edb4c56051dcc506070cd02.jpg;https://vn-test-11.slatic.net/original/e58c699fb8d6f54160782be720ed9d30.jpg;https://vn-test-11.slatic.net/original/f5ce1ee8ffcf78c06439052d840ab80f.jpg;', 1, 3);

INSERT INTO review (id, product_id, reviewer, rating, `comment`) VALUES(14220, 1422, 'Nguyen Q.', 4, 'good');

INSERT INTO product (id, name, short_desc, full_desc, category_id, brand_name, status, weight, available_item, unit_price, discount_percent, avg_rating, img_url, total_rating, supplier_id) VALUES(1423, 'Máy tính bảng MID K107 New Sim 4G LTE ,Ram 4GB, Màn hình 10.6 inch Full HD', 'Máy tính bảng MID K107 New Sim 4G LTE ,Ram 4GB, Màn hình 10.6 inch Full HD', '<pre>Máy tính bảng MID K107 New Sim 4G LTE ,Ram 4GB, Màn hình 10.6 inch Full HDCấu hìnhMáy tính bảngMID K107 Sim 4G- Màn hình: 10.6 inch IPS1920x1200- Dung lượng bộ nhớ trong: 32GB, Có khe thẻ nhớ mở rộng tối đa 32GB- Chip 8 nhân 8 x 2.0GHZ MTK8752- Ram: DDR3 4GB- Camera: 5.0 Mpx và 12.0 Mpx- Hỗ trợ Wifi/3G: Có, Gọi điện thoại, SMS- Hỗ trợ Bluetooth: có-Hỗ trợ 2 khe cắm sim, Mạng 4G tốc độ cao- Hỗ trợ kết nối tivi qua HDMi không dây- Xuất xứ: Đài Loan- Pin: 8.800mAh- Android 6.0- Hỗ trợ ngôn ngữ tiếng Việt- Phụ kiện kèm theo: dây cáp kết nối máy tính, sạc, dây cáp OTG, HDSD- Vỏ nhôm nguyên khối- Màu: Trắng vàngMáy tính bảngMID K107 New Sim 4G LTE ,Ram 4GB, Màn hình 10.6 inch Full HDMáy tính bảng MID K107 New Sim 4G ,Ram 4GB, màn hình 10.6 inch Full HDPhiên bản K107 Sim 4G ,Ram 4GB Giá 3.190.000đ***Tặng bao da 10.6 inch, miếng dán màn hình, tai nghe, Cable OTGBảo hành 12 Tháng, 1 đổi 1 trong 7 ngày đầuNhận giao hàng tận nơi KV HCM trong vòng 1-3 tiếng từ khi đặt hàng.Giao hàng miễn phí Toàn quốc từ 2-4 ngày.Quý khách kiểm tra hàng đúng như thông tin, cấu hình trên web rồi mới thanh toán cho nhân viên giao hàng+Tặng phần mềm quản lý thời gian chơi game cho bé kèm kho nội dung số online : học tiếng anh, game, phim phù hợp cho trẻ từ 3-12 tuổi+Tặng phần mềm xem hàng trăm kênh tivi và phim online
BrandMAIKOUModelMáy tính bảng MID K107 Sim 4GQuantity1PieceMaterialVỏ nhômForm ColorWhite + Golden + PurpleSpecificationProcessor BrandN/AProcessor ModelMTK8752Processor Speed2.0GHzNumber of Cores8 Core MK 8752Operating SystemAndroid 6.0GPUA7RAM/Memory TypeDDR3 SDRAMBuilt-in Memory / RAM4GBCapacity / ROM32GBScreen Size10.6 inchScreen TypeIPSTouch TypeCapacitive screenResolution1920x12003G TypeWCDMA3G Frequency Range850,900,1900,21003G FunctionYes2G Frequency RangeGSM: 850/900/1800/1900MHzSupported NetworkWifi,Built-in 3G , 2G Phone Call,Bluetooth,GPSWi-Fi StandardIEEE 802.11 b / g/ nGravity SensorYesBluetooth VersionV4.0Built-in SpeakersYesInterface1 x 3.5mm,1 x micro USBUSB ChargeYesGoogle Play(Android Market)YesCamera2 x CameraPhotoflash LampYesStorage InterfaceTFButtonSound,PowerImagesJPEG,JPG,PNGE-bookN/AVideo FormatsAVC,H.264,MPEG4,AVI,MKV,MP4External Memory Max. Support32GBMicrophone JackNoOther FeaturesPower AdapterEU PlugTip DiameterN/ASupported LanguagesEnglish,Danish,Dutch,Bahasa , Viet Nam, Indonesia,Korean,Thai,French,Slovak,Simplified Chinese,Traditional Chinese,Hebrew,Italian,Spanish,Portuguese,RussianBattery Capacity8800mAhBattery TypeLi-ion batteryWorking Time3-6HourStandby Time96HourCharging Time3-4HourOther FeaturesAudio: MP3, MP2, AMR, AWB, APE, M4A, MIDI, OGG, WAV, FLAC, 3GP (Need Licence: AAC, WMA)</pre>', 14, '', 'NEW', 8.590262292990777, 68, 3188000, 5, 3.5, 'https://vn-test-11.slatic.net/original/e1a35818773d307ddb4c4a0d812ad437.jpg;', 4, 7);

INSERT INTO review (id, product_id, reviewer, rating, `comment`) VALUES(14230, 1423, 'Nguyễn V.', 1, 'mình Nguyễn văn Chưởng vừa nhận được máy , bề ngoài máy không sao nhưng dùng rất đơ , vào youtube nháy nhằng nhằng sau đó kẻ sọc như hỏng màn hình, quan sát kĩ lại màn góc màn mình có khe sáng như là máy thay màn, yêu cầu đổi hàng chuẩn không mình sẽ trả lại hàng');

INSERT INTO review (id, product_id, reviewer, rating, `comment`) VALUES(14231, 1423, 'Trần N.', 1, 'Máy đúng cấu hình giới thiệu, tài tạm được với mức giá này. Tuy nhiên màn hình hơi tối và bằng nhựa dễ trầy sước');

INSERT INTO review (id, product_id, reviewer, rating, `comment`) VALUES(14232, 1423, 'Trần P.', 3, 'Máy vỏ nhựa, kết quả CPU-Z: màn hình 10.1 in, pin khoảng 4100mAh, vậy mà shop quảng cáo là máy vỏ nhôm nguyên khối, màn hình 10.6 in, pin 8800mAh. Thất vọng.');

INSERT INTO review (id, product_id, reviewer, rating, `comment`) VALUES(14233, 1423, 'trần V.', 2, 'ok trong tầm giá của máy. ');

INSERT INTO product (id, name, short_desc, full_desc, category_id, brand_name, status, weight, available_item, unit_price, discount_percent, avg_rating, img_url, total_rating, supplier_id) VALUES(1424, 'N98 9 "Android 4.4 Máy Tính Bảng Allwinner A33 Quad Core 1 GB + 16 GB Wifi ÂU Cắm Đen', 'N98 9 "Android 4.4 Máy Tính Bảng Allwinner A33 Quad Core 1 GB + 16 GB Wifi ÂU Cắm Đen', '<pre>Tính năng:
-Bộ vi xử lý Allwinner A33 Quad Core, 1.2 GHz.
-Hệ điều hành Android 4.4.
-9 inch Độ phân giải cao màn hình cảm ứng.
-1 GB RAM + 16 GB ROM, Bộ nhớ mở rộng lên đến 32 GB.
-Hỗ trợ WiFi.
-Tích hợp 4000 mAh pin lithium có thể sạc lại.</pre>', 14, 'OEM', 'NEW', 2.8854833518444334, 4, 977000, 5, 3.0, 'https://ph-test-11.slatic.net/original/d685226b9abb1558fd93103737d39926.jpg;https://ph-test-11.slatic.net/original/67dd81a8d0277b9a47e768fe2ffeb358.jpg;https://ph-test-11.slatic.net/original/3b174e3689e68d4d86658241de97c32a.jpg;https://ph-test-11.slatic.net/original/bb9b516315f7c5501a08c89fa8a2d312.jpg;https://ph-test-11.slatic.net/original/1bf19ef8d9310bb1e453614482ccdaea.jpg;https://ph-test-11.slatic.net/original/d68fb84360aca3b7988d3ae9e7717f4a.jpg;https://ph-test-11.slatic.net/original/5669740bb5f26141b6a107ad231fb491.jpg;https://ph-test-11.slatic.net/original/c00b0d8c66d92fa62a0a8fffb07092e1.jpg;', 2, 6);

INSERT INTO product (id, name, short_desc, full_desc, category_id, brand_name, status, weight, available_item, unit_price, discount_percent, avg_rating, img_url, total_rating, supplier_id) VALUES(1425, 'Mini PC máy tính bảng windows 10 /Android Gole One 5inch (Chip X5, Ram 4G, SSD 64G, RJ45, 5 USB)', 'Mini PC máy tính bảng windows 10 /Android Gole One 5inch (Chip X5, Ram 4G, SSD 64G, RJ45, 5 USB)', '<pre>X5 Intel Mini PC
Active Windows 10 & Android 5.1
RAM 4GB, SSD 64GB
5 USB, RJ45</pre>', 14, 'Promax', 'NEW', 5.663825397582136, 2, 4649000, 5, 4.5, 'https://vn-test-11.slatic.net/original/1e17f8f7c641e94b7f710ed38619ac23.jpg;https://vn-test-11.slatic.net/original/97cd18cecbcf058e165f50c0a1e6a0d1.jpg;https://vn-test-11.slatic.net/original/c64573d718f715a4a7e513e4b3a3c7c4.jpg;https://vn-test-11.slatic.net/original/458b30b4309e567a76fc18998b82c166.jpg;https://vn-test-11.slatic.net/original/a9fbea45d6991dfb6723b7d734e31c13.jpg;', 2, 9);

INSERT INTO review (id, product_id, reviewer, rating, `comment`) VALUES(14250, 1425, 'hoang C.', 4, 'được cám ơn đã giao hàng');

INSERT INTO product (id, name, short_desc, full_desc, category_id, brand_name, status, weight, available_item, unit_price, discount_percent, avg_rating, img_url, total_rating, supplier_id) VALUES(1426, 'Máy tính bảng 32Gb MATSUMA 10.1inch : 4G-3G-Wifi-Bluetooth-GPS (Ram 2g, Rom 32G) Trắng nắp nhôm', 'Máy tính bảng 32Gb MATSUMA 10.1inch : 4G-3G-Wifi-Bluetooth-GPS (Ram 2g, Rom 32G) Trắng nắp nhôm', '<pre>Màn hình 10.1inch IPS (1280 x 800) cho hình ảnh sắc nét
CPU Quardcore : 4 nhân 1.3-1.6 GHz, ARM® Cortex®-A7
Đồ họa ARM Mali-400
RAM 2G
Bộ nhớ trong 32GB
2 sim - 2 sóng; 4G, 3G; Wifi; Bluetooth; Gprs; Gps; Fm4G LTE : BAND 1/3/7/20/28
Khe cắm thẻ nhớ hỗ trợ thẻ nhớ Micro SD 32G
Hệ điều hành Android 6.0
Dung lượng pin 5000 mANắp lưng bằng nhôm để tản nhiệt tốt cho bo mạch
Camera : trước 0.3Mpx + sau 2.0MpxBảo hành :12 thángSản xuất tại Trung Quốc</pre>', 14, 'Matsuma', 'USED', 7.981167393361937, 79, 1800000, 5, 4.2, 'https://vn-test-11.slatic.net/original/f51f7cc8a590ed3bc2f912f8199a0287.jpg;https://vn-test-11.slatic.net/original/6b62f78daf10bf0f9ffe721aefdc4bc8.jpg;https://vn-test-11.slatic.net/original/a8921b40487412d0690ef1caba98ec83.jpg;https://vn-test-11.slatic.net/original/b6deb542435c161b62e9e5cf1732ba9c.jpg;https://vn-test-11.slatic.net/original/3b5903d8fb02177d53eafaa928501978.jpg;', 10, 1);

INSERT INTO review (id, product_id, reviewer, rating, `comment`) VALUES(14260, 1426, 'Thánh B.', 3, 'mua máy 32Gb giao máy 16 Gb đã qua sử dụng,chưa xài gì đã đầy bộ nhớ..gọi hotline thì tắt máy....làm ăn lừa đảo..');

INSERT INTO review (id, product_id, reviewer, rating, `comment`) VALUES(14261, 1426, 'Trần C.', 1, 'Máy ổn, 
màn hình ko được sáng lắm. Youtube không lên được độ phân giải 1080p');

INSERT INTO review (id, product_id, reviewer, rating, `comment`) VALUES(14262, 1426, 'Mai K.', 4, 'máy xài ok, màn hình mờ, có đi bảo trì một lần, dịch vụ của shop cũng ok');

INSERT INTO review (id, product_id, reviewer, rating, `comment`) VALUES(14263, 1426, 'Nguyễn T.', 2, 'Man hinh ko dc sang lam. May vao mang toc do nhanh. Bat wifi tot. Chua lap sim cho nen ko biet co bat dc 3g ko. Ko tang kem mieng dan man hinh phai mua ngoai kho kiem dc kich thuoc kinh cuong luc 10.1ich');

INSERT INTO review (id, product_id, reviewer, rating, `comment`) VALUES(14264, 1426, 'TRAN Q.', 0, 'Man hinh khong duoc sang lam, khong may gi hai long ve sang pham nay,co the thay doi duoc khong ?');

INSERT INTO product (id, name, short_desc, full_desc, category_id, brand_name, status, weight, available_item, unit_price, discount_percent, avg_rating, img_url, total_rating, supplier_id) VALUES(1427, 'Máy tính bảng Oysters T72HM 3G - Hàng xách tay', 'Máy tính bảng Oysters T72HM 3G - Hàng xách tay', '<pre>Màn hình : 7inch
Camera trước  : 0.3Mp 
Bộ nhớ trong : 8GB
Ram : 1GB
CPU : 1.2GHz
Độ phân giải : 1024 x 600
Hệ điều hành : Android 5.1
Pin : 2500mAh
Có thể nge gọi
Kết nối :Wifi , 3g
Hàng chuẩn xuất Âu , chất lượng cao</pre>', 14, 'Oyster', 'NEW', 1.9458970016133759, 42, 1900000, 5, 4.2, 'https://vn-test-11.slatic.net/original/ca4b206048e68c884ba2d64909ffcf3f.jpg;https://vn-test-11.slatic.net/p/5bb76626fff0c994f48b65ad4a715130.jpg;https://vn-test-11.slatic.net/original/55bd46fe212e44d18edf35cf3a25514c.jpg;https://vn-test-11.slatic.net/original/21351af3aa722b9858055d1fabc37227.jpg;https://vn-test-11.slatic.net/original/32104d9809d922a854b67603ebecea4d.jpg;https://vn-test-11.slatic.net/original/c527eff52af421f3de3ce73da951fa41.jpg;https://vn-test-11.slatic.net/original/9f2e632ca8054c1cdf4b9c89d2e4bf0d.jpg;', 5, 6);

INSERT INTO review (id, product_id, reviewer, rating, `comment`) VALUES(14270, 1427, 'Hang L.', 0, 'máy 2triệu giảm còn 888k ,mình nghĩ là tốt nhưng k phải ,nhanh hết pin ,chụp hình rất tệ ,chỉ chơi gam và xem phim dc nhưng nhanh hết pin quá');

INSERT INTO review (id, product_id, reviewer, rating, `comment`) VALUES(14271, 1427, 'nguyen V.', 3, '');

INSERT INTO review (id, product_id, reviewer, rating, `comment`) VALUES(14272, 1427, 'lê K.', 4, 'máy có bộ nhớ trong 4G , tại sao không mở camera sau được ? đề nghị hướng dẫn mở camera sau.');

INSERT INTO review (id, product_id, reviewer, rating, `comment`) VALUES(14273, 1427, 'Lazada Customer', 2, 'Sản phẩm dùng ok, xem youtube và chơi game xếp gạch tốt');

INSERT INTO product (id, name, short_desc, full_desc, category_id, brand_name, status, weight, available_item, unit_price, discount_percent, avg_rating, img_url, total_rating, supplier_id) VALUES(1428, 'Amazon Kindle Fire HD8 (Bản mới nhất 2018) - Hàng nhập khẩu', 'Amazon Kindle Fire HD8 (Bản mới nhất 2018) - Hàng nhập khẩu', '<pre>Máy tính bảng Fire HD 8 này tăng cường bộ nhớ RAM nhiều hơn (1.5GB so với 1GB được tìm thấy bên trong người tiền nhiệm của nó), và nó được hỗ trợ bởi một bộ vi xử lý MediaTek quad-core tốc độ 1.3GHz. Thiết bị này cũng cung cấp không gian lưu trữ nhiều hơn, với hai phiên bản tùy chọn 16GB hoặc 32GB, ngoài ra nó còn hỗ trợ thêm một khe cắm thẻ nhớ microSD với dung lượng lên đến 200GB.
Một số thông số đáng chú ý khác của máy tính bảng Fire HD 8 như: màn hình IPS 8 inch đạt chất lượng độ phân giải 800 x 1280 pixel, cung cấp loa stereo với công nghệ âm thanh Dolby Audio, một camera VGA ở mặt trước và camera phía sau 2MP. Máy tính bảng này sẽ chạy hệ điều hành Fire OS 5 (một phiên bản dựa trên Android), và dung lượng pin lên đến 4.750 mAh có thể cung cấp lên đến 12 giờ sử dụng.
Fire HD 8 cũng sẽ trở thành chiếc máy tính bảng đầu tiên hỗ trợ Alexa – một trợ lý thông mình của riêng Amazon (giống Siri trên iOS). Như vậy bạn có thể sử dụng giọng nói của mình và tương tác với Fire HD 8 bằng nhiều cách, bạn có thể yêu cầu nó chơi nhạc, đọc audiobook, mở trò</pre>', 14, 'AMAZON', 'NEW', 1.2531396491020543, 90, 1567000, 5, 3.7, 'https://vn-test-11.slatic.net/p/d588bcfd85385b8634ec3fef7bd67ea5.jpg;https://vn-test-11.slatic.net/original/f4ba79294e9ade76fa4904081dfdd795.jpg;https://vn-test-11.slatic.net/original/d4268c46fafe21f5cd52911001ca00f1.jpg;https://vn-test-11.slatic.net/original/96cc327f9e429c21e4929ad24df1d377.jpg;https://vn-test-11.slatic.net/original/735244ce51dd95943e28bb7bf743d8f4.jpg;https://vn-test-11.slatic.net/original/18c0475670932c9896054753878ae549.jpg;https://vn-test-11.slatic.net/original/bd991af8de80aae62f50f7734b5ce98d.jpg;', 7, 9);

INSERT INTO review (id, product_id, reviewer, rating, `comment`) VALUES(14280, 1428, 'Nguyen Q.', 3, 'Tam duoc de nghi ghi ro cau hinh may .khg co tieng viet thieu tai nghe');

INSERT INTO review (id, product_id, reviewer, rating, `comment`) VALUES(14281, 1428, 'Nông Đ.', 3, 'Máy dùng được so với giá tiền. 
Màn hình hơi mờ, do độ phân giải chỉ có HD.
Góc nhìn hẹp, pin khá.
Nói chung tiền nào của nấy! Muốn nét, mượt mà hơn thì phải bỏ ra 3,5tr trở lên thì mới được như ý.');

INSERT INTO review (id, product_id, reviewer, rating, `comment`) VALUES(14282, 1428, 'Hoang T.', 1, 'Máy là bản (7th generation). Sản xuất từ năm 2017.
Đề nghị Shop mô tả sản phẩm đúng sự thật');

INSERT INTO review (id, product_id, reviewer, rating, `comment`) VALUES(14283, 1428, 'Lê T.', 1, 'Sản phẩm tốt, chất lượng và phù hợp để giải trí. :)))');

INSERT INTO review (id, product_id, reviewer, rating, `comment`) VALUES(14284, 1428, 'Tiểu K.', 1, 'ĐKM... Sp tốt, cảm thất hài lòng.');

INSERT INTO product (id, name, short_desc, full_desc, category_id, brand_name, status, weight, available_item, unit_price, discount_percent, avg_rating, img_url, total_rating, supplier_id) VALUES(1429, 'Máy tính bảng Samsung Galaxy Tab E 9.6 SM-T561Y 8GB - Hãng phân phối chính thức', 'Máy tính bảng Samsung Galaxy Tab E 9.6 SM-T561Y 8GB - Hãng phân phối chính thức', '<pre>Màn hình: 9.6 inches WXGA TFT
CPU: 1.3GHz Quad core
RAM: 1.5 GB; ROM: 8 GB
Pin: 5000 mAh; Weight: 495g
Hệ điều hành: Android 4.4</pre>', 14, 'Samsung', 'USED', 5.646115659780388, 79, 3659000, 5, 5.0, 'https://vn-test-11.slatic.net/p/may-tinh-bang-samsung-galaxy-tab-e-9-6-sm-t561y-8gb-den-hang-phan-phoi-chinh-thuc-2188-9700631-4ea2826cbde658e91d47cc89ddda9219-catalog.jpg;https://vn-test-11.slatic.net/p/may-tinh-bang-samsung-galaxy-tab-e-9-6-sm-t561y-8gb-den-hang-phan-phoi-chinh-thuc-2188-9700631-46fd4d339e9317f3c6bff827361a6ce1-catalog.jpg;https://vn-test-11.slatic.net/original/5262699ebc2dc5b8c65dc5d8e4720325.jpg;https://vn-test-11.slatic.net/original/bb82a6af63055652058d031683c3d34c.jpg;', 1, 1);

INSERT INTO product (id, name, short_desc, full_desc, category_id, brand_name, status, weight, available_item, unit_price, discount_percent, avg_rating, img_url, total_rating, supplier_id) VALUES(1430, 'Tablet Voyo I8 Max 4 GB ram 64 GB Rom 10.1 inch 1920*1200 IPS Android 7.0', 'Tablet Voyo I8 Max 4 GB ram 64 GB Rom 10.1 inch 1920*1200 IPS Android 7.0', '<pre>Thương hiệu: Voyo
Model: i8 Max
Hệ điều hành: Android 7.0
CPU:MTK6797
Ram: 4GB
Rom: 64GB
Màn hình: 10.1 inch IPS1920×1200
Mạng: wifi, 4G</pre>', 14, 'VOYO', 'NEW', 9.242476415054485, 34, 4500000, 5, 5.0, 'https://vn-test-11.slatic.net/original/33d3c822f89efa95967c4f63578e1708.jpg;https://vn-test-11.slatic.net/original/6017ecc4eca6ee8a71477db912ef2c7b.jpg;https://vn-test-11.slatic.net/original/6422abeaecf53803bc932745fa2c71cf.jpg;', 2, 5);

INSERT INTO review (id, product_id, reviewer, rating, `comment`) VALUES(14300, 1430, 'quân', 0, 'Máy rất ngon mượt tuyệt đối k giật lag mà có điều hơi nóng máy tí tuy nhiên k ảnh hưởng gì đến sử dụng chắc tại dp sử dụng chíp 64bit nên hơi quá nói chung là e cảm ơn ad em đã nhận đc máy rồi ạ.     
thank you very much');

INSERT INTO product (id, name, short_desc, full_desc, category_id, brand_name, status, weight, available_item, unit_price, discount_percent, avg_rating, img_url, total_rating, supplier_id) VALUES(1431, '7 ''Inch 1 + 16 gam A33 Q88H Allwinner Android 4.4 Quad Core Dual Camera Wifi Bluetooth HD Máy Tính Bảng MÁY TÍNH HOA KỲ', '7 ''Inch 1 + 16 gam A33 Q88H Allwinner Android 4.4 Quad Core Dual Camera Wifi Bluetooth HD Máy Tính Bảng MÁY TÍNH HOA KỲ', '<pre>A33, vô cùng công suất hiệu quả xử lý dựa trên bốn CortexTM-A7 CPU và Mali400MP2 GPU. Nó của pin Tương thích với công bố trước đó A23 vi xử lý Dual-core, rất nhiều tốc độ lên sản phẩm thời gian để thị trường. thêm nữa, A33 tính năng tăng cường SmartColor Màn hình công nghệ có khả năng hình ảnh bão hòa
7 inch Q88 máy tính bảng, hiện thân nhất đáng kinh ngạc tính năng của 7 inch máy tính bảng: siêu mỏng và siêu thực tế, giá tốt nhất.
Bạn có thể mang theo mọi lúc mọi nơi như nó là rất di động. nhanh tốc độ chạy: quad-core và Android 4.4 OS mang đến cho bạn sự tuyệt vời trải nghiệm khi bạn chơi máy tính bảng.</pre>', 14, 'OEM', 'NEW', 3.137158752476912, 40, 751000, 5, 3.0, 'https://my-test-11.slatic.net/original/a309a3bf4610250ca8753fc001d8e277.jpg;https://my-test-11.slatic.net/original/5ecd388bf3b18350c4c1f02e66feeb75.jpg;https://my-test-11.slatic.net/original/3d7f0129368abe05965e4341d3df3ddf.jpg;https://my-test-11.slatic.net/original/dc23b8318d5b60ad73e745dceff0bb32.jpg;https://my-test-11.slatic.net/original/935336535d264d4975d7e0e9feba345d.jpg;https://my-test-11.slatic.net/original/55a56ffea1ad42709dff330f7747d1b8.jpg;', 2, 8);

INSERT INTO review (id, product_id, reviewer, rating, `comment`) VALUES(14310, 1431, 'Huỳnh H.', 3, 'Quá tệ, pin tuột nhanh, ghim sạc thì treo màn hình');

INSERT INTO product (id, name, short_desc, full_desc, category_id, brand_name, status, weight, available_item, unit_price, discount_percent, avg_rating, img_url, total_rating, supplier_id) VALUES(1432, 'Tặng bao da và Dán Cường Lực Khi Mua Máy tính bảng Unilorin Tab 8 RAM 2GB 8" 16GB Wifi/3G (Xanh)', 'Tặng bao da và Dán Cường Lực Khi Mua Máy tính bảng Unilorin Tab 8 RAM 2GB 8" 16GB Wifi/3G (Xanh)', '<pre>- Màn hình: 8 inch IPS cực nét - 1280 x 800- Dung lượng: 16GB, Có khe mở rộng tối đa 128GB- Chip 4 nhân Intel Z3735 4 x 1.33GHZ- Ram: DDR3 2GB, Pin 4800mAH- Camera: 2.0 Mpx và 5.0 Mpx- Hỗ trợ Wifi/3G- Hỗ trợ Bluetooth: có- Hệ điều hành Windows 10</pre>', 14, 'Unilorin', 'NEW', 6.993329195516609, 20, 1650000, 5, 0.0, 'https://vn-test-11.slatic.net/p/2/may-tinh-bang-unilorin-tab-8-ram-2gb-834-16gb-wifi3g-xanh-km-bao-da-9046-78023822-8fe07eee617e6d7c8d0ae5a7ec03208d-catalog.jpg;https://vn-test-11.slatic.net/p/2/may-tinh-bang-unilorin-tab-8-ram-2gb-834-16gb-wifi3g-xanh-km-bao-da-9046-78023822-9dc4e19e83b0193c3113bb0936e8f357-catalog.jpg;https://vn-test-11.slatic.net/original/d68e8a91761c2718d340953914e1dc8e.jpg;https://vn-test-11.slatic.net/original/2e425ae43bab67bc09c9f519ef650f46.jpg;https://vn-test-11.slatic.net/original/44a8dbdd7af440c467208ad839e740a8.jpg;https://vn-test-11.slatic.net/original/207ee9262f8a8bdb6224a144dd0b792e.jpg;https://vn-test-11.slatic.net/original/57eb92f45aabc53513fb0163ddd9af12.jpg;', 0, 8);

INSERT INTO product (id, name, short_desc, full_desc, category_id, brand_name, status, weight, available_item, unit_price, discount_percent, avg_rating, img_url, total_rating, supplier_id) VALUES(1433, 'Euro Quality - Máy tính bảng màn hình cong Moocis 2019', 'Euro Quality - Máy tính bảng màn hình cong Moocis 2019', '<pre>- Màn hình :    Màn hình IPS 10.1 inch 1920 x 1200
- Cảm ứng :     Điện dung đa điểm 10 điểm cùng lúc
- Màu sắc :     Black
- Hệ điều hành :    Android 6.0
- Bộ nhớ trong:    32GB
- RAM :    2GB
- Chip    Chip 4 nhân MT6592 xung nhịp 1.3Ghz thế hệ 2018
- Sim    2 khay sim nghe gọi và nhắn tin
- Gắn sim 3G    Có + Gọi điện
- Đồ họa GPU    Mali 450
- Kết nối internet    Wifi 802.11ac
- Pin    6000mAH 
- Hỗ trợ kết nối máy tính    Có
- Hỗ trợ OTG    Có
- GPS    Có
- Bluetooth    Có
- Hỗ trợ xem video    3GP, MPEG1/2/4, FLV, MJPG, H263, H264 etc. formats HD video playback, support H.263, MPEG-1/2 MP/, MPEG 4-ASP, VC-1, Real Video 8/9/10, H.264(AVC) viedo decoding
- Hỗ trợ Audio    MP3, WMA, MP2, OGG, AAC, M4A, MA4, FLAC, APE etc. formats với phụ đề và lời bài hát
- Audio Ouput    Có
- Hỗ trợ FLASH    Có
- Ghi âm    Có
- Bảo hành    Bảo hành  1 năm</pre>', 14, 'No Brand', 'NEW', 9.423915222015133, 43, 3290000, 5, 5.0, 'https://vn-test-11.slatic.net/p/mdc/302ca740e37e74375e1730b34c868fb0.jpg;https://vn-test-11.slatic.net/p/mdc/60bd8030d4bb28abdd85a4470e04c106.jpg;https://vn-test-11.slatic.net/p/mdc/125a8f6029f12b9d57e149abfa232802.jpg;https://vn-test-11.slatic.net/p/mdc/a9c0513045f6f4825b208847c63a06fa.jpg;', 1, 5);

INSERT INTO product (id, name, short_desc, full_desc, category_id, brand_name, status, weight, available_item, unit_price, discount_percent, avg_rating, img_url, total_rating, supplier_id) VALUES(1434, 'A7 Core 2G RAM 32G Android 7.0 OS Dual 3G Gọi Điện Thoại Máy Tính Bảng 10.1 Inch-Đen', 'A7 Core 2G RAM 32G Android 7.0 OS Dual 3G Gọi Điện Thoại Máy Tính Bảng 10.1 Inch-Đen', '<pre>Màn hình 10.1 inch IPS Màn Hình
RAM 2 GB ROM 32 GB
Hỗ trợ 2G/3G GỌI</pre>', 14, 'Không xác định', 'USED', 6.254040717344544, 5, 1649000, 5, 0.0, 'https://my-test-11.slatic.net/original/6f8f56ddaf1481469720c62861fd248e.jpg;https://my-test-11.slatic.net/original/964d19340b24f394fba1f7edcfc48bc6.jpg;https://my-test-11.slatic.net/original/10ce3af85d547e76d14a847ef38bdbe2.jpg;https://my-test-11.slatic.net/original/ac5f7cd69041e7fac5844e82942d7014.jpg;https://my-test-11.slatic.net/original/e888cae6ce3e63866ed35578169ccbfd.jpg;https://my-test-11.slatic.net/original/559126b90b5e02168062cfed06ef7e70.jpg;https://my-test-11.slatic.net/original/e0555bb53f4ca6116bd067342a96b566.jpg;https://my-test-11.slatic.net/original/d144f1350b1e93a64ff8c9beea8365db.jpg;', 0, 4);

INSERT INTO product (id, name, short_desc, full_desc, category_id, brand_name, status, weight, available_item, unit_price, discount_percent, avg_rating, img_url, total_rating, supplier_id) VALUES(1435, 'Asus Zenpad z10 wifi tặng bao da, thẻ nhớ, cài sẵn thẻ tiếng Anh123, Toán, Tv pro', 'Asus Zenpad z10 wifi tặng bao da, thẻ nhớ, cài sẵn thẻ tiếng Anh123, Toán, Tv pro', '<pre>Asus Zenpad z10
ASUS ZenPad Z10 nổi bật với một màn hình rộng 9.7 inch cùng vi xử lý mạnh mẽ, thiết kế siêu mỏng nhẹ cũng như sang trọng cùng vỏ nhôm nguyên khối.
Màn hình hiển thị sống động
Với công nghệASUSVisualMaster, thường dùng xử lý hình ảnh thông thường dành cho TV, ASUS ZenPad Z10 cho chất lượng hiển thị cao cấp, mang đến hình ảnh vô cùng thực tế.
Bạn có thể vô tư thưởng thức giải trí mọi nơi với độ phân giải 2K, góc nhìn rộng 178 độ cùngtấm nền IPStrên kích thước 9.7 inch rộng rãi.
￼
Âm thanh mạnh mẽ
ASUS ZenPad Z10 có hệ thống loa stereo kép chuẩn DTS-HD, cung cấp âm thanh sống động, nhất là khi kết hợp cùngtai nghethì chất lượng mang lại dường như trong rạp hát, mạnh mẽ và chân thật.
￼
Hiệu suất cao
ASUS ZenPad Z10 sử dụng chip xử lý Hexa-Core Snapdragon 650 với chip GPU Adreno 510, dung lượng bộ nhớRam 3 GB, bộ nhớ trong 32 GB, có thể mở rộng lên đến 128 GB vớithẻ nhớmicroSD. Wi-Fi 802.11 ac (2.4 / 5GHz), Bluetooth 4.1, GPS + GLONASS và USB Type-C.
Có thể nói hiện tại về hiệu suất và tiện ích, ZenPad Z10 dường như rất khó có đối thủ trong thị trường máy tính bảng. Máy sẵn sàng chơi tốt tất cả các game phổ biến hiện nay, đa nhiệm mượt mà, kết nối hiện đại, mang lại trải nghiệm tuyệt vời.
￼
Thiết kế nhôm nguyên khối
Không chỉ dừng lại ở một màn hình lớn sắc nét, ASUS ZenPad Z10 còn có thiết kế mỏng đáng kinh ngạc, kiểu dáng unibody kim loại nguyên khối tuyệt đẹp, tất cả làm cho sản phẩm thật sang trọng nhưng nhiều tiện lợi cho di chuyển và mang theo bên mình.
￼
Tính năng PixelMaster tăng độ sáng ảnh chụp
Mặc dù chỉ mang trên mình camera sau độ phân giải 8 MP, camera trước độ phân giải 5 MP, nhưng ASUS ZenPad Z10 vẫn có thể chụp ảnh tuyệt vời với máy ảnh cùng công nghệ PixelMaster. Các chế độ Low Light tăng độ sáng lên đến 400 phần trăm. Màu sắc và độ tương phản cũng được điều chỉnh tự động ở chế độ Low Light, chế độ HDR tăng cường pixel và cân bằng độ phơi sáng. Tất cả sẽ cho ra những khung hình thật sống động.</pre>', 14, 'ASUS', 'NEW', 6.0699286116805125, 5, 3488000, 5, 5.0, 'https://vn-test-11.slatic.net/p/ff79c6850c86a4656a40335f352f54ff.jpg;https://vn-test-11.slatic.net/p/84f9bcfe9343bbac6dbd53ba9dcb7c3b.jpg;https://vn-test-11.slatic.net/p/634cf8d829c83da2cd2ccac5a5ebdf88.jpg;https://vn-test-11.slatic.net/p/fd8611b0952cd7eb1008d1df0e7f0c28.jpg;https://vn-test-11.slatic.net/p/588419bb84ebf93e811bcb10e6845123.jpg;https://vn-test-11.slatic.net/p/fa8f081c164f03f006b1c94df308958f.jpg;', 2, 3);

INSERT INTO review (id, product_id, reviewer, rating, `comment`) VALUES(14350, 1435, 'Nguyen B.', 1, 'tot 5 * tiec la ko co 3g');

INSERT INTO review (id, product_id, reviewer, rating, `comment`) VALUES(14351, 1435, 'Nguyen B.', 0, '5*');

INSERT INTO product (id, name, short_desc, full_desc, category_id, brand_name, status, weight, available_item, unit_price, discount_percent, avg_rating, img_url, total_rating, supplier_id) VALUES(1436, 'Limited-Time Sale 7" A33 Android 4.4 Tablet PC Quad Core WiFi Bluetooth BT Dual CAMERA 1G 16GB US', 'Limited-Time Sale 7" A33 Android 4.4 Tablet PC Quad Core WiFi Bluetooth BT Dual CAMERA 1G 16GB US', '<pre>Allwinner Brand-New A33 Announced : an Extremely Power-Efficient Quad Core for Tablet Market.
Allwinner Technology, a worldwide leader in mobile application processor design, proudly announces
its brand-new A33, an extremely power efficient processor based on four CortexTM-A7 CPUs and Mali400MP2 GPU. 
It''s pin compatible with the previously announced A23 dual-core processor, greatly speeding up the product time to market.
Additionally, A33 features enhanced SmartColor display technology that capable of image saturation enhancement and skin tone protection to deliver more gorgeous and eye-pleasing visual effects.</pre>', 14, 'OEM', 'USED', 1.9142390147197197, 3, 741000, 5, 5.0, 'https://my-test-11.slatic.net/original/481edd895e1c4f24a15f1f1f77735a85.jpg;https://my-test-11.slatic.net/original/39fb63f2e1ef813ed42d6489ec374624.jpg;https://my-test-11.slatic.net/original/0023e35a59cd999a6d3ab186f81f4ed0.jpg;https://my-test-11.slatic.net/original/cd8ca347cb1030365111c556b4138286.jpg;https://my-test-11.slatic.net/original/337d071a2fce04c37025a1b88c1e0644.jpg;https://my-test-11.slatic.net/original/68cd7f0bd8d582fd533cc37939b742b2.jpg;https://my-test-11.slatic.net/original/0254e3a50bed7377b8b3d50e6eea3126.jpg;https://my-test-11.slatic.net/original/5734a710f8ccfbc0d6785db504d5812d.jpg;', 1, 1);

INSERT INTO product (id, name, short_desc, full_desc, category_id, brand_name, status, weight, available_item, unit_price, discount_percent, avg_rating, img_url, total_rating, supplier_id) VALUES(1437, 'Máy tính bảng 2Sim nghe gọi, 3G. Ram 4G, bộ nhớ trong 64GB, hỗ trợ thẻ 128GB 2019', 'Máy tính bảng 2Sim nghe gọi, 3G. Ram 4G, bộ nhớ trong 64GB, hỗ trợ thẻ 128GB 2019', '<pre>CPU 8 nhân 1.5GHz
GPU Mali 450
Display 10.1 2K HD 1280 x 800 IPS
Ram 4G
Rom 64G
Camera 3.2mp
Android Lollipop 5.1
Pin 6500mAh
Kết nối Wifi 2G/3G
Bảo hành 6tháng</pre>', 14, 'It Smart', 'NEW', 8.378539896901415, 49, 2600000, 5, 3.0, 'https://vn-test-11.slatic.net/original/f29dc5c348fafc4d72555aece9a480e3.jpg;https://vn-test-11.slatic.net/original/56db20193f069875de020064ccb8511b.jpg;https://vn-test-11.slatic.net/original/3ed34b0eb413887cff2949529ad2f5b9.jpg;https://vn-test-11.slatic.net/original/322b40f2aaa132cd408301f1efee1775.jpg;https://vn-test-11.slatic.net/original/063a64fb99834caa26d6297ab6b98397.jpg;https://vn-test-11.slatic.net/original/a0e8ef900c07796e2d6056b6b6b6be21.jpg;https://vn-test-11.slatic.net/original/a5932eb1078f5fe01d4b031db4921486.jpg;', 1, 3);

INSERT INTO review (id, product_id, reviewer, rating, `comment`) VALUES(14370, 1437, 'võ T.', 3, 'máy chạy rất chậm');

INSERT INTO product (id, name, short_desc, full_desc, category_id, brand_name, status, weight, available_item, unit_price, discount_percent, avg_rating, img_url, total_rating, supplier_id) VALUES(1438, 'Limited-Time Sale 7" Quad Core A33 Google Android 4.4 Dual Camera WiFi 8GB White Tablet PC Pad EU', 'Limited-Time Sale 7" Quad Core A33 Google Android 4.4 Dual Camera WiFi 8GB White Tablet PC Pad EU', '<pre>Allwinner Brand-New A33 Announced : an Extremely Power-Efficient Quad Core for Tablet Market
3 June, 2014 - Allwinner Technology, a worldwide leader in mobile application processor design, proudly announces its brand-new A33, an extremely power efficient processor based on four CortexTM-A7 CPUs and Mali400MP2 GPU.  It''s pin compatible with the previously announced A23 dual-core processor, greatly speeding up the product time to market.
Additionally, A33 features enhanced SmartColor display technology that capable of image saturation enhancement and skin tone protection to deliver more gorgeous and eye-pleasing visual effects.</pre>', 14, 'OEM', 'NEW', 9.510020084415842, 4, 741000, 5, 5.0, 'https://my-test-11.slatic.net/original/fba709dcad3854c2432a87ce26cdf1e8.jpg;https://my-test-11.slatic.net/original/e997a23d8227b92d20d185527acd1242.jpg;https://my-test-11.slatic.net/original/2d2fbc8bbaa0ce48f64c857bafe0bf6e.jpg;https://my-test-11.slatic.net/original/c9939805a0aad2850218a402d9667a7f.jpg;https://my-test-11.slatic.net/original/f7b4b81717bec50133e0a9203872f775.jpg;https://my-test-11.slatic.net/original/3b6d6add1e43e502a0d0254cc556b49a.jpg;https://my-test-11.slatic.net/original/4645bc009f00da6502e058af8091dfb7.jpg;https://my-test-11.slatic.net/original/1f4dcabf32880b2e8c9e95b90a9f852d.jpg;', 1, 3);

INSERT INTO product (id, name, short_desc, full_desc, category_id, brand_name, status, weight, available_item, unit_price, discount_percent, avg_rating, img_url, total_rating, supplier_id) VALUES(1439, 'Q88 Quad-core Wifi 7-inch USB cấp nguồn 512 M + 4G màu đỏ', 'Q88 Quad-core Wifi 7-inch USB cấp nguồn 512 M + 4G màu đỏ', '<pre>Hàng Mới về Sản Phẩm
Hot Bán Hàng
Bán Chạy nhất
Kịp thời giao hàng
Khuyến mãi
Dễ dàng sử dụng</pre>', 14, 'OEM', 'USED', 7.072198885056986, 100, 696040, 5, 5.0, 'https://my-test-11.slatic.net/p/0ad3963de5c427763fb3cc2c934ba5de.jpg;https://my-test-11.slatic.net/p/48d7cfb4dd90f4b81c5dcf2cff5dba62.jpg;https://my-test-11.slatic.net/p/9aedbbd9933a2dc53c505bd57da5ebd5.jpg;https://my-test-11.slatic.net/p/8a8f6106e9fb2a0e2825c057521d0043.jpg;https://my-test-11.slatic.net/p/85b58e6e727d823bd7cd6c8c530a3ee2.jpg;https://my-test-11.slatic.net/p/84e07b24ec7691c54e3c44b450321e0e.jpg;', 3, 6);

INSERT INTO review (id, product_id, reviewer, rating, `comment`) VALUES(14390, 1439, 'Huy M.', 0, 'hàng lỗi  hàng kém chất lượng yêu cầu đổi hàng thì không thấy phản hồi ......');

INSERT INTO product (id, name, short_desc, full_desc, category_id, brand_name, status, weight, available_item, unit_price, discount_percent, avg_rating, img_url, total_rating, supplier_id) VALUES(1300, 'Laptop Cao Cấp Doanh Nhân-HP Probook 4540s ( i5-3210M, 4GB, 250GB, VGA on Intel HD 4000, màn 15.6″ HD LED, có phím số, vỏ nhôm )', 'Laptop Cao Cấp Doanh Nhân-HP Probook 4540s ( i5-3210M, 4GB, 250GB, VGA on Intel HD 4000, màn 15.6″ HD LED, có phím số, vỏ nhôm )', '<pre>Cấu hình chi tiết máy:
Bộ vi xử lý: Intel Core i5-3210HQ(2.5ghz lên đến 3.0ghz)
Bộ nhớ ram: 4
Ổ đĩa cứng: HDD 250G
Cạc màn hinh: Intel HD Graphics 4000
Màn hình: 15.6 inch Led (1366x768)
Bàn phím: Chiclet có bàn phím số
Ổ đĩa : đọc & ghi DVD
Webcam: 1,3 Megapixelsa
Thời lượng pin: 6 Cell (2 – giờ)
Trọng lượng: 2.4kg
Hệ điều hành : Windows 10, 7</pre>', 130, 'HP', 'NEW', 6.490056600530906, 57, 5450000, 27, 4.8, 'https://vn-test-11.slatic.net/original/fe10f43172765c9a7adc7a261cef396b.jpg;https://vn-test-11.slatic.net/original/046ac2a520fc0a36041c9101cf694a79.jpg;https://vn-test-11.slatic.net/p/df2d51da36958c08a7135c20b5ec4f85.jpg;https://vn-test-11.slatic.net/p/f7a1ac2c52fa6154fb86eb8e06d0cf34.jpg;', 25, 9);

INSERT INTO review (id, product_id, reviewer, rating, `comment`) VALUES(13000, 1300, 'Ngo A.', 3, 'Máy zin 99%, chạy mượt mà ổn định, vừa sử dụng vừa sạc vẫn mát. máy ngon, rất hài lòng từ sản phẩm đến người bán hàng ))))
thanks shop !!!');

INSERT INTO review (id, product_id, reviewer, rating, `comment`) VALUES(13001, 1300, 'Tạ Q.', 2, 'camera laptop bị lỗi nhưng ko sao, chỉ chơi game ok đc 3 sao');

INSERT INTO review (id, product_id, reviewer, rating, `comment`) VALUES(13002, 1300, 'Đinh T.', 3, 'Vừa nhận , máy ổn , mọi quan đẹp , còn nguyên. Cảm ơn shop ạ');

INSERT INTO review (id, product_id, reviewer, rating, `comment`) VALUES(13003, 1300, 'Le N.', 2, 'Lap ngon , nv tư vấn nhiệt tình');

INSERT INTO review (id, product_id, reviewer, rating, `comment`) VALUES(13004, 1300, 'Duong C.', 4, 'hang tôt mái cing ich trây sướt ok nc chung ngon');

INSERT INTO product (id, name, short_desc, full_desc, category_id, brand_name, status, weight, available_item, unit_price, discount_percent, avg_rating, img_url, total_rating, supplier_id) VALUES(1301, '(chơi game đồ họa) HP Probook 6570 ( Core i5 3210M,Ram 4G, HDD 250G,Màn 15.6, Phím Số, Vỏ Nhôm) máy Nhập Khẩu', '(chơi game đồ họa) HP Probook 6570 ( Core i5 3210M,Ram 4G, HDD 250G,Màn 15.6, Phím Số, Vỏ Nhôm) máy Nhập Khẩu', '<pre>Cấu hình chi tiết máy:
Bộ vi xử lý: Intel Core i5-3210M (2.5ghz lên đến 3.0ghz)
Bộ nhớ ram: 4GB
Ổ đĩa cứng: HDD 250G
Cạc màn hinh: Intel HD Graphics 4000, chơi game, làm đồ họa mạnh mẽ
Màn hình: 15.6 inch Led (1366x768)
Bàn phím: Chiclet, có phím số
Ổ đĩa : đọc & ghi DVD
Webcam: 1,3 Megapixelsa
Thời lượng pin: 6 Cell (~2 giờ)
Trọng lượng: 2.6kg
Hệ điều hành : Windows 7.10</pre>', 130, 'HP', 'NEW', 0.7198077539951486, 64, 4950000, 27, 4.5, 'https://vn-test-11.slatic.net/original/4003a20b4acab5c39234b5d17149bf6e.jpg;https://vn-test-11.slatic.net/original/8b5a061763c1ee93012cb8ed66dfca50.jpg;https://vn-test-11.slatic.net/original/4b6e3eef7e0cfeb4a7f3f98719d0a8a8.jpg;https://vn-test-11.slatic.net/p/8fd89fc72f257c450e15407ef046571c.jpg;', 4, 1);

INSERT INTO review (id, product_id, reviewer, rating, `comment`) VALUES(13010, 1301, 'Lazada Customer', 0, '(Người Mua Đã Thử Và Trải Nghiệm) chơi Đột Kích được như khi bấm nút "W" thì không ăn gì cả');

INSERT INTO review (id, product_id, reviewer, rating, `comment`) VALUES(13011, 1301, 'phanngockieu', 2, 'Chưa biết phải sài 1 thời gian đá mới cho nhận xét rõ đc');

INSERT INTO product (id, name, short_desc, full_desc, category_id, brand_name, status, weight, available_item, unit_price, discount_percent, avg_rating, img_url, total_rating, supplier_id) VALUES(1302, 'Asus E402S N3050/2GB/500GB giá rẻ siêu bền phù hợp văn phòng 2018', 'Asus E402S N3050/2GB/500GB giá rẻ siêu bền phù hợp văn phòng 2018', '<pre>Thiết kế gọn gàng, dễ mang theo bên mình
Chip Intel Celeron và RAM dung lượng 2 GB.
Ổ đĩa cứng 500 GB.
Tích hợp webcam tiện lợi.
Tránh sử dụng laptop ở những địa hình khó thoát nhiệt như nệm; nên sử dụng đế tản nhiệt.
Phải đợi tắt máy hoàn toàn rồi mới gập màn hình lại để tránh ảnh hưởng đến phần cứng.
Không nên cắm sạc 24/24 hay sạc xuyên đêm.
Nên bỏ vào túi cất giữ khi không sử dụng đến.</pre>', 130, 'OEM', 'USED', 3.022560659911706, 36, 4409020, 27, 0.0, 'https://vn-test-11.slatic.net/p/2/asus-e402s-n30502gb500gb-gia-re-sieu-ben-phu-hop-van-phong-2018-5070-18033124-66a5ee3f5401f8ad1af2581a36c7d188-catalog.jpg;https://vn-test-11.slatic.net/p/2/asus-e402s-n30502gb500gb-gia-re-sieu-ben-phu-hop-van-phong-2018-5070-18033124-0dba6452a6c7f56a949735d185c48d01-catalog.jpg;https://vn-test-11.slatic.net/original/473c8250ca255ac58a61d319b10e75ce.jpg;', 0, 2);

INSERT INTO product (id, name, short_desc, full_desc, category_id, brand_name, status, weight, available_item, unit_price, discount_percent, avg_rating, img_url, total_rating, supplier_id) VALUES(1303, 'MSI GE62 - 6QF i7-6700HQ 8GB SSD 128GB + 1TB 15.6 " FHD GTX 970M New 95-97%', 'MSI GE62 - 6QF i7-6700HQ 8GB SSD 128GB + 1TB 15.6 " FHD GTX 970M New 95-97%', '<pre>CPU:Intel®Core™ i7-6700HQProcessor (6M Cache, up to 3.50 GHz)
RAM:8GBDual Channel DDR4 at 2133MHz
Đĩa cứng:1TB7200rpm Hard Drive Sata +128GBSSD (PCIE GEN3 NVMe)
Màn hình:15.6" FHD, Anti-Glare (1920*1080) eDP Wide View Angle
Card đồ họa:nVidiaGeforce GTX 970M3GB GDDR5
Tình trạng : Mới 95-97%</pre>', 130, 'MSI', 'USED', 8.699058570576334, 84, 18500000, 27, 0.0, 'https://vn-test-11.slatic.net/original/8363bbabf33a3ef2df4dafb00e56b41b.jpg;https://vn-test-11.slatic.net/original/0a93807d22d29c5af7896ecaa1507f08.jpg;https://vn-test-11.slatic.net/original/60730f7be7089cf402c825ce8470ae85.jpg;https://vn-test-11.slatic.net/original/9a7a5a2ae57d33e2ad329dc2ede63f4c.jpg;https://vn-test-11.slatic.net/original/5b154fb0b214c31439913785bbe400c2.jpg;', 0, 6);

INSERT INTO product (id, name, short_desc, full_desc, category_id, brand_name, status, weight, available_item, unit_price, discount_percent, avg_rating, img_url, total_rating, supplier_id) VALUES(1304, 'Laptop Asus E402S N3050/2GB/500GB phù hợp giải trí lướt web 2018 (Số lượng nhiều Càng rẻ ak)', 'Laptop Asus E402S N3050/2GB/500GB phù hợp giải trí lướt web 2018 (Số lượng nhiều Càng rẻ ak)', '<pre>Thiết kế gọn gàng, dễ mang theo bên mình
Chip Intel Celeron và RAM dung lượng 2 GB.
Ổ đĩa cứng 500 GB.
Tích hợp webcam tiện lợi.
Tránh sử dụng laptop ở những địa hình khó thoát nhiệt như nệm; nên sử dụng đế tản nhiệt.
Phải đợi tắt máy hoàn toàn rồi mới gập màn hình lại để tránh ảnh hưởng đến phần cứng.
Không nên cắm sạc 24/24 hay sạc xuyên đêm.
Nên bỏ vào túi cất giữ khi không sử dụng đến.</pre>', 130, 'Laptop', 'USED', 5.311717245771969, 95, 4409020, 27, 5.0, 'https://vn-test-11.slatic.net/original/d750487ec386c4b3caaa1073588a3858.jpg;https://vn-test-11.slatic.net/original/cd45fa71354a1948b6b543e3e27761ee.jpg;https://vn-test-11.slatic.net/original/e48675a09e7d35d6c01f4e1d1bec2e4c.jpg;https://vn-test-11.slatic.net/p/4c60088a8ef3a92c2a1c575e215ea0df.jpg;', 2, 1);

INSERT INTO review (id, product_id, reviewer, rating, `comment`) VALUES(13040, 1304, 'hoàng V.', 4, 'máy đẹp hơn mong đợi hi vọng sẽ mua nhiều hàng như này');

INSERT INTO review (id, product_id, reviewer, rating, `comment`) VALUES(13041, 1304, 'nguyen Đ.', 0, 'sản phẩm đẹp pin khá là trâu cảm ơn shop');

INSERT INTO product (id, name, short_desc, full_desc, category_id, brand_name, status, weight, available_item, unit_price, discount_percent, avg_rating, img_url, total_rating, supplier_id) VALUES(1305, 'The Razer Blade 14 2017 Light Gaming Laptop', 'The Razer Blade 14 2017 Light Gaming Laptop', '<pre>-CPU : 7th Gen Quad Core Intel Core i7-7700HQ Processor with hyper-threading 2.8GHz/3.8GHz (Base/Turbo)
-Ram :16Gb DDR4 2400MHz memory
-Đĩa Cứng : 1.0Tb GB SSD (PCIe M.2) storage
-Vga : VIDIA GeForce GTX 1060 (6GB GDDR5 VRAM) VR Ready
-Màn Hình: 14.0" IPS Full HD (1920x1080) Matte Display
-Kết nối mang : Wireless Killer™ Wireless-AC 1535 (802.11a/b/g/n/ac + Bluetooth® 4.1)
-Port :3x USB SuperSpeed | USB 3.1 Type-C (Thunderbolt 3) | HDMI | Razer Chroma backlit keyboard
-Trọng lượng : 1.8Kg</pre>', 130, 'No Brand', 'NEW', 6.702815205163761, 67, 35900000, 27, 0.0, 'https://vn-test-11.slatic.net/original/9c1ddbd178c1a4868a14cbc291658ae0.jpg;https://vn-test-11.slatic.net/original/a6a347380dfbe10a5c1b5286312c8b19.jpg;https://vn-test-11.slatic.net/original/e8f0eb856f123b462847067c5a58755e.jpg;', 0, 1);

INSERT INTO product (id, name, short_desc, full_desc, category_id, brand_name, status, weight, available_item, unit_price, discount_percent, avg_rating, img_url, total_rating, supplier_id) VALUES(1306, 'Siêu phẩm Razer Blade 14, gaming ultrabook mỏng 1.7kg ( i7-4702HQ, ram 8G, SSD 256gb, card rời Nvidia GTX 765M- 2G, màn 14″ HD+ )', 'Siêu phẩm Razer Blade 14, gaming ultrabook mỏng 1.7kg ( i7-4702HQ, ram 8G, SSD 256gb, card rời Nvidia GTX 765M- 2G, màn 14″ HD+ )', '<pre>Cấu hình chi tiết máy:
Bộ vi xử lý: Intel Core i7-4702HQ(2.2ghz lên đến 3.2ghz)
Bộ nhớ ram: 8GB
Ổ đĩa cứng: SSSD 256G
Cạc màn hinh: Intel HD Graphics 4600Nvidia GTX 765M- 2G
Màn hình: màn 14″ HD+ (1600*900)
Bàn phím: Chiclet xanh
Webcam: 1,3 Megapixelsa
Thời lượng pin: 6 Cell (~2 giờ)
Trọng lượng: 1.8kg
Hệ điều hành : Windows 10</pre>', 130, 'Razer', 'NEW', 1.4414777128391885, 27, 14450000, 27, 0.0, 'https://vn-test-11.slatic.net/p/c5eff1ddb7dd4dd2e4d1bd75e4c36704.jpg;https://vn-test-11.slatic.net/p/f943fe665d9b1d4d487472c82463b09e.jpg;https://vn-test-11.slatic.net/p/fc3b72ef528294c49b8cfed8b18f29ad.jpg;https://vn-test-11.slatic.net/p/8cc8e67a0a567be3099dc6c5075d0466.jpg;https://vn-test-11.slatic.net/p/9369069a3ac03520be6bc9242062509a.jpg;', 0, 7);

INSERT INTO product (id, name, short_desc, full_desc, category_id, brand_name, status, weight, available_item, unit_price, discount_percent, avg_rating, img_url, total_rating, supplier_id) VALUES(1307, 'Laptop Dell Latitude E5540 Core i7-4600u/ Ram 8gb/ VGA RỜI GT720M/ SSD 256Gb/ 15.6 inch- Hàng Xách Tay', 'Laptop Dell Latitude E5540 Core i7-4600u/ Ram 8gb/ VGA RỜI GT720M/ SSD 256Gb/ 15.6 inch- Hàng Xách Tay', '<pre>CPU: Intel® Core™ i7-4600U Processor(2.1GHz, 4M Cache, up to 3.3 GHz)
VGA: Nvidia Geforce GT 720M 2GB vàIntel Graphics 4400
RAM:8 GB PC3L bus 1600 (có thể nâng cấp lên 16 GB)
SSD siêu tốc 256 GB
Màn hình:15.6 Inches LED Blacklit
Ổ quang: DVD – RW
Pin: 6 cell
kết nối: wifi, bluetooth, VGA, HDMI, USB 3.0, SD card
Trọng lương: 2.3kg
Khung vỏ hợp kim Magie và Cacbon</pre>', 130, 'Dell', 'USED', 1.0056157038817255, 4, 8990000, 27, 0.0, 'https://vn-test-11.slatic.net/p/fc2f82bbd7de1001c3af8380ea71b8f8.jpg;https://vn-test-11.slatic.net/p/80b9e2338771bbe59af6aabb7ccb6570.jpg;https://vn-test-11.slatic.net/p/eae723c2339e6409a3e2e3ab983c3ee8.jpg;', 0, 1);

INSERT INTO product (id, name, short_desc, full_desc, category_id, brand_name, status, weight, available_item, unit_price, discount_percent, avg_rating, img_url, total_rating, supplier_id) VALUES(1308, 'Laptop gaming MSI GP62 6QG (Core i7-6700HQ, RAM 8GB, HDD 1TB, NVIDIA GeForce GTX965M, 15.6 inch Full HD )', 'Laptop gaming MSI GP62 6QG (Core i7-6700HQ, RAM 8GB, HDD 1TB, NVIDIA GeForce GTX965M, 15.6 inch Full HD )', '<pre>Được trang bị bộ vi xử lý i7 6700HQ thế hệ thứ 6 của Intel và công nghệ xử lý 14nm, nó có các tính năng tiết kiệm năng lượng và tản nhiệt tốt hơn.
Bộ nhớ ram 8G DDR4 2133
Card đồ họa rờiNvidia®Geforce® GTX 965Mvới chip đồ họa cao cấp mới
Màn hình HD đầy đủ 15,6 "(1920x1080), HD
Ổ đĩa trạng thái rắn PCI-E GEN.3 X4 - Hỗ trợ giao thức NVMe (tùy chọn)
Giao diện USB 3.0 Type-C
Chức năng chuyển động tay giống như chiếc xe thể thao có thể được chuyển sang ba chế độ khác nhau bao gồm tốc độ cực cao, cân bằng năng động và tiết kiệm năng lượng.
Công nghệ làm mát Cooler Boost 3
Công nghệ Nahimic, tận hưởng âm thanh vòm 3D sống động
SteelSeries trắng backlit esport bàn phím, thiết kế phản hồi chính xác, cho phép bạn dễ dàng tiêu diệt kẻ thù
Bàn phím sử dụng nút in trên nền trời và độ sáng của đèn nền được cải thiện rất nhiều.
Killer NIC + kẻ giết người Shield ổn định, tối ưu hóa chậm trễ
Thiết kế đầu ra nhiều màn hình để đáp ứng tất cả nhu cầu ghép kênh của bạn</pre>', 130, 'MSI', 'USED', 3.375585504306239, 76, 17390000, 27, 5.0, 'https://vn-test-11.slatic.net/original/51411e8ab887c66a542559e808f314c6.jpg;https://vn-test-11.slatic.net/original/f6cd46026debfdcbb639f5a4fdfbee14.jpg;https://vn-test-11.slatic.net/original/c9adb68a15f2f553d764044a5d5362eb.jpg;https://vn-test-11.slatic.net/original/3f0c323fea1636b7c6e57ae7e9596210.jpg;', 1, 9);

INSERT INTO review (id, product_id, reviewer, rating, `comment`) VALUES(13080, 1308, 'Lazada Customer', 1, 'máy chạy ổn định, đổi trả nhanh chóng. Cảm ơn shop nhiều nhé');

INSERT INTO product (id, name, short_desc, full_desc, category_id, brand_name, status, weight, available_item, unit_price, discount_percent, avg_rating, img_url, total_rating, supplier_id) VALUES(1309, 'Máy Trạm ĐỒ Họa- Dell E6540 Core i7 4800QM/RAM 8G/Ổ 500G/VGA Radeon 8790M 2Gb/MÀN FHD', 'Máy Trạm ĐỒ Họa- Dell E6540 Core i7 4800QM/RAM 8G/Ổ 500G/VGA Radeon 8790M 2Gb/MÀN FHD', '<pre>Cấu hình chi tiết máy:
Bộ vi xử lý: Intel Core i7-4800QM (2.7ghz lên đến 3.7ghz)
Bộ nhớ ram: 8 GB
Ổ đĩa cứng: HDD 500G , còn trống 1 khe ssd m2 để nâng cấp
Cạc màn hinh: VGA Radeon 8790M 2Gb & Intel HD Graphics 4600
Màn hình: 15.6 inchFHD (1920x1080)
Bàn phím: Chiclet
Ổ đĩa : đọc & ghi DVD
Webcam: 1,3 Megapixelsa
Kết nối: Wifi chuẩn ac, LAN gigabit, Bluetooth 4.2, 3x USB 3.0, 1x HDMI
Thời lượng pin: 6 Cell (2 – 3 giờ)
Trọng lượng: 2.5 kg
Hệ điều hành : Windows 10</pre>', 130, 'Dell', 'NEW', 3.106016967949154, 93, 10850000, 27, 5.0, 'https://vn-test-11.slatic.net/original/1f4980d1409cf4032ae5e7344b075fe6.jpg;https://vn-test-11.slatic.net/original/60c09d5a12fb40c9cce079c22277dbbb.jpg;https://vn-test-11.slatic.net/original/90bec76222654191dad41f4f5fb60ba9.jpg;https://vn-test-11.slatic.net/original/987544b0879c2f06123819714e81a230.jpg;https://vn-test-11.slatic.net/original/44d4a868671121a85888baaf234e1935.jpg;', 6, 1);

INSERT INTO review (id, product_id, reviewer, rating, `comment`) VALUES(13090, 1309, 'Bùi M.', 2, 'Máy giao đúng cấu hình, chạy êm mạnh');

INSERT INTO review (id, product_id, reviewer, rating, `comment`) VALUES(13091, 1309, 'Minh H.', 4, 'do hàng 2nd nên cũg chưa đc lung linh lắm nhưng cũg quá ổn trog tầm giá.');

INSERT INTO review (id, product_id, reviewer, rating, `comment`) VALUES(13092, 1309, 'Trịnh T.', 0, 'máy dùng ổn, shop đã cài giúp mình phần mềm nên nhận máy mình xách đi làm luôn. Rất kịp thời.');

INSERT INTO review (id, product_id, reviewer, rating, `comment`) VALUES(13093, 1309, 'Hoàng N.', 0, 'ad tư vấn nhiệt tình, máy hiện vẫn đang chạy tốt');

INSERT INTO product (id, name, short_desc, full_desc, category_id, brand_name, status, weight, available_item, unit_price, discount_percent, avg_rating, img_url, total_rating, supplier_id) VALUES(13010, 'Laptop Doanh Nhân HP Probook 6560 (core i5 2430/ram 4g/ổ 250g/màn 15.6) Có Phím số, Màn to, máy nhập khẩu nhật bản', 'Laptop Doanh Nhân HP Probook 6560 (core i5 2430/ram 4g/ổ 250g/màn 15.6) Có Phím số, Màn to, máy nhập khẩu nhật bản', '<pre>Thông số kỹ thuật
Bộ vi xử lý:IntelCore i5-2430M(2.4GHz, Turbo Boost 3.0GHz, Cache 3MB, 2 core 4 luồng)
Bộ nhớ ram: 4 GB
Ổ đĩa cứng: 250G HDD
Cạc màn hinh: Intel HD Graphics 3000 hỗ trợ chơi game làm đồ họa
Màn hình: 15,6 inch HD (1366 x 768)
Ổ đĩa quang: đọc và ghi DVD
Bàn phím: Chiclet
Kết nối: Wifi chuẩn n, LAN gigabit, E-SATA, VGA, USB 2.0, SD CardReader, audio 3.5mm, Firewire, cổng COM chuyên dành cho kết nối với hệ thống máy kỹ thuật ổn định.
Thời lượng pin: 6 Cell (~2 giờ)
Hệ điều hành tương thích: Windows 7, 10</pre>', 130, 'HP', 'NEW', 7.0908995623401, 41, 4550000, 27, 5.0, 'https://vn-test-11.slatic.net/p/0fcebc51fcae375999c1b3a197b2b49e.jpg;https://vn-test-11.slatic.net/p/8830ad3a55e3a73e1089ad3ae8f0f2f4.jpg;https://vn-test-11.slatic.net/p/1c83eaf9c8324cf347abc65e5e46574f.jpg;', 1, 1);

INSERT INTO product (id, name, short_desc, full_desc, category_id, brand_name, status, weight, available_item, unit_price, discount_percent, avg_rating, img_url, total_rating, supplier_id) VALUES(13011, 'Máy Trạm Khủng Đồ Họa - HP Zbook 15 ( i7-4800MQ, ram 8g, HDD 500Gb, VGA Quadro K1100M, màn 15.6 Full HD)', 'Máy Trạm Khủng Đồ Họa - HP Zbook 15 ( i7-4800MQ, ram 8g, HDD 500Gb, VGA Quadro K1100M, màn 15.6 Full HD)', '<pre>Cấu hình chi tiết máy:
Bộ vi xử lý: Intel Core i7-4800MQ(2.7ghz lên đến 3.7ghz)
Bộ nhớ ram: 8 GB
Ổ đĩa cứng: HDD 500G , còn trống 1 khe ssd m2 để nâng cấp
Cạc màn hinh: Nvidia k1100M 2GB & Intel HD Graphics 4600
Màn hình: 15.6 inch FHD (1920x1080)
Bàn phím: Chiclet
Ổ đĩa : đọc & ghi DVD
Webcam: 1,3 Megapixelsa
Kết nối: Wifi chuẩn ac, LAN gigabit, Bluetooth 4.2, 3x USB 3.0, 1x HDMI
Thời lượng pin: 6 Cell (2 – 3 giờ)
Trọng lượng: 2.5 kg
Hệ điều hành : Windows 10</pre>', 130, 'HP', 'NEW', 8.610266918146618, 31, 10950000, 27, 4.1, 'https://vn-test-11.slatic.net/original/57f0357d8cf7e77fc1ec6b357d23e416.jpg;https://vn-test-11.slatic.net/original/9e62c3a220127b53ce4a483fd87c84c0.jpg;https://vn-test-11.slatic.net/original/01fb3728912780daac3f4f84ab3c6cf8.jpg;https://vn-test-11.slatic.net/original/67eef4e86ba1eaf7a0098452e77bcbf5.jpg;https://vn-test-11.slatic.net/original/85abda6ed2373b0564ebd3776a57aa78.jpg;https://vn-test-11.slatic.net/original/0e2f2efb4713868ced9ac09a98314eaa.jpg;', 7, 4);

INSERT INTO review (id, product_id, reviewer, rating, `comment`) VALUES(130110, 13011, 'Lazada Customer', 1, 'Máy ngon, hình thức đẹp, vote');

INSERT INTO review (id, product_id, reviewer, rating, `comment`) VALUES(130111, 13011, 'Lazada Customer', 4, 'sp hình thức đẹp, nhìn chất. nhân viên nhiệt tình. sẽ tiếp tục ủng hộ');

INSERT INTO review (id, product_id, reviewer, rating, `comment`) VALUES(130112, 13011, 'đinh A.', 2, 'Hàng tốt, chạy mượt. shop tư vấn nhiệt tình.');

INSERT INTO review (id, product_id, reviewer, rating, `comment`) VALUES(130113, 13011, 'Trần Đ.', 3, 'sản phẩm ưng ý, chất lượng sản phẩm và dịch vụ tốt');

INSERT INTO product (id, name, short_desc, full_desc, category_id, brand_name, status, weight, available_item, unit_price, discount_percent, avg_rating, img_url, total_rating, supplier_id) VALUES(13012, 'Lenovo Legion Y530 15ICH (81FV008LVN) i7_8750H_8GB_Optane 16GB - 2TB_GTX1050Ti 4GB GDDR5_Win 10_Full HD IPS', 'Lenovo Legion Y530 15ICH (81FV008LVN) i7_8750H_8GB_Optane 16GB - 2TB_GTX1050Ti 4GB GDDR5_Win 10_Full HD IPS', '<pre>CPU: 8th Generation Intel® Core™ i7 _ 8750H Processors ( 2.20 GHz, 9M Cache, up to 4.10 GHz)
Memory: 8GB DDr4 Bus 2666Mhz (2 Slot, 8GB x 01)
HDD: Optane 16GB + 2TB (2000GB) 5400rpm Hard Drive Sata (Support SSD M.2.Sata)
VGA: NVIDIA® GeForce® GTX1050Ti with 4GB GDDR5 / Integrated Intel® UHD Graphics
Display: 15.6 inch Full HD (1920 x 1080) IPS Anti Glare LED Backlit Display 250nit
Weight: 2.30 Kg
Bảo hành: 12 tháng
Windows 10</pre>', 130, 'Lenovo', 'NEW', 3.7941966650624366, 79, 28000000, 27, 0.0, 'https://vn-test-11.slatic.net/original/64e682f90636b4c548b33b26910f2af3.jpg;https://vn-test-11.slatic.net/original/9cea5f56cce6466f3c8c353e6054f281.jpg;https://vn-test-11.slatic.net/original/1989f041122458456442d2891a1565bc.jpg;', 0, 6);

INSERT INTO product (id, name, short_desc, full_desc, category_id, brand_name, status, weight, available_item, unit_price, discount_percent, avg_rating, img_url, total_rating, supplier_id) VALUES(13013, 'Laptop HP Probook 6560b Core i5-2320M/ Ram 4Gb/ SSD 240Gb siêu tốc/ 15.6 inch HD Bàn phím số - Hàng xách tay', 'Laptop HP Probook 6560b Core i5-2320M/ Ram 4Gb/ SSD 240Gb siêu tốc/ 15.6 inch HD Bàn phím số - Hàng xách tay', '<pre>Bộ vi xử lý:IntelCore i5-2310m
Chipset: Intel HM65 Express
Bộ nhớ trong: 4GB DDR3
Ổ đĩa cứng: SSD 240Gb siêu tốc
Màn hình: 15.6inch HD
Graphich Intel HD 3000
Ổ đĩa quang: Đọc và ghi DVD
Webcam: 1,3 Megapixels
Kết nối: VGA, HDMI, USB 2.0 và 3.0, Ethernet (LAN), Card-Reader
Thời lượng pin:6 cells (sử dụng liên tục được 3 giờ)
Kích cỡ:34 x 23 x 3.3 cm
Trọng lượng: 2.31 kg hợp kim nhôm</pre>', 130, 'HP', 'USED', 7.69436989682718, 88, 5450000, 27, 5.0, 'https://vn-test-11.slatic.net/p/b7692de2a9011127b649385f800d24be.jpg;https://vn-test-11.slatic.net/p/0361037e87e56179244d39f9d6336756.jpg;https://vn-test-11.slatic.net/p/ff829ee81d2a6cde775a9d6da020d674.jpg;', 1, 7);

INSERT INTO product (id, name, short_desc, full_desc, category_id, brand_name, status, weight, available_item, unit_price, discount_percent, avg_rating, img_url, total_rating, supplier_id) VALUES(13014, 'Laptop siêu mỏng WeiPai Book 14 inch, 1,2Kg 10.000mAH chip Cherry Trail Z8350, Ram 4G - 64Gb- (Silver)', 'Laptop siêu mỏng WeiPai Book 14 inch, 1,2Kg 10.000mAH chip Cherry Trail Z8350, Ram 4G - 64Gb- (Silver)', '<pre>Model máy : WeiPai Book A7
Chip xử lý : Cherry Trail Z8350 ( 1.44 GHz x 4, 2Mb)
Ram : 4 Gb
Rom : 64 Gb (có thể mở rộng thêm bằng khe đọc thẻ nhớ)
Màn hình : 14inch led LCD tỉ lệ 16:9
Trọng lượng máy : 1,2 Kg
Hệ điều hành tích hợp sẵn : Windows 10
Các kết nối : 1 usb 3.0, 1 usb 2.0, HDMI, khe thẻ nhớ, jack 3.5
Micro tích hợp sẵn : có
Công suất tiêu thụ : 130W
Nguồn điện : 220V
Pin trong máy : 10000mAh (cho thời gian sử dụng lâu)
Các kết nối không dây khác : bluetooth 4.0, wifi, ...
Các chức năng nổi bật : sản phẩm siêu mỏng, tùy biến cân bằng độ sáng, loa to rõ, dung lượng pin nhiều, ...</pre>', 130, 'WEI PAI', 'NEW', 7.422428098872071, 26, 4940000, 27, 0.0, 'https://vn-test-11.slatic.net/p/2/laptop-sieu-mong-weipai-book-14-inch-12kg-10000mah-chip-cherry-trail-z8350-ram-4g-64gb-silver-5076-38154812-4238928d2ed2d188030c32d3291a83e0-catalog.jpg;https://vn-test-11.slatic.net/p/2/laptop-sieu-mong-weipai-book-14-inch-12kg-10000mah-chip-cherry-trail-z8350-ram-4g-64gb-silver-5076-38154812-1f22fb2816580ed15214212fc21a0513-catalog.jpg;https://vn-test-11.slatic.net/p/2/laptop-sieu-mong-weipai-book-14-inch-12kg-10000mah-chip-cherry-trail-z8350-ram-4g-64gb-silver-5076-38154812-8427e3bab82d5711dd4dd2e9cc682281-catalog.jpg;https://vn-test-11.slatic.net/p/2/laptop-sieu-mong-weipai-book-14-inch-12kg-10000mah-chip-cherry-trail-z8350-ram-4g-64gb-silver-5076-38154812-a90df5e87791edc485d55360df89a9e6-catalog.jpg;https://vn-test-11.slatic.net/p/2/laptop-sieu-mong-weipai-book-14-inch-12kg-10000mah-chip-cherry-trail-z8350-ram-4g-64gb-silver-5076-38154812-ca3e9392650ffcd88f22e0297278ce21-catalog.jpg;', 0, 8);

INSERT INTO product (id, name, short_desc, full_desc, category_id, brand_name, status, weight, available_item, unit_price, discount_percent, avg_rating, img_url, total_rating, supplier_id) VALUES(13015, 'Laptop Asus FX504GD-E4177T - BLACK ROG - Gaming', 'Laptop Asus FX504GD-E4177T - BLACK ROG - Gaming', '<pre>Asus FX504GD-E4177T - Red Matter - Màu Đen Vỏ Nhựa - Gaming - CPU : Intel® Core™ i5-8300H (2.3GHz upto 4.0GHz, 4 Cores, 8 Threads, 8MB cache) - RAM : 8GB DDR4 (còn 1 khe) - HDD : 1TB 5400rpm - VGA : NVIDIA Geforce GTX1050 2GB GDDR5 - Màn hình : 15.6" FHD (1920*1080) IPS Non-Glare LED - OS : Windows 10 - Pin : 4-cell, 48WHrs - Cân nặng : 2.2Kg - Tính năng: Đèn nền bàn phímBảo hành:24 tháng, Pin và Sạc bảo hành 12 tháng</pre>', 130, 'ASUS', 'NEW', 6.947860295256476, 30, 19490000, 27, 0.0, 'https://vn-test-11.slatic.net/original/b9b36d88582fbeaf6240d1f01a709002.jpg;https://vn-test-11.slatic.net/original/54f885cd8d8f6562f1acdc737c35187f.jpg;https://vn-test-11.slatic.net/original/84f15f0231dff5604e3878d07655d28c.jpg;', 0, 7);

INSERT INTO product (id, name, short_desc, full_desc, category_id, brand_name, status, weight, available_item, unit_price, discount_percent, avg_rating, img_url, total_rating, supplier_id) VALUES(13016, 'Laptop Fujisu chuyên game Liên minh huyền thoại - Tặng chuột không dây', 'Laptop Fujisu chuyên game Liên minh huyền thoại - Tặng chuột không dây', '<pre>CPU: Intel Core i5 3320 (4 CPUs)
Ram: 4GB
SSD: 120 GB
Đặc biệt : Hỗ trợ đồ họa 1.7 GB
Độ lớn màn hình: 15.4 inch Wide LED siêu đẹp
Cổng kết nối gồm có: HDMI, Vga out, Lan, Wifi chuẩn N
***Tặng kèm chuột không dây + lót chuột***</pre>', 130, 'Fujisu', 'USED', 1.8784625474629923, 47, 4300000, 27, 0.0, 'https://vn-test-11.slatic.net/p/dbfa5f03ac3b2d70645205464b896197.jpg;https://vn-test-11.slatic.net/p/b5310f8118b231e698e9c87d4e98d853.jpg;https://vn-test-11.slatic.net/p/742603db4ff91a5342ce8cf7b3f1aa07.jpg;https://vn-test-11.slatic.net/p/e1b69fe3ca2cd2f38bc29d59bf8aee04.jpg;https://vn-test-11.slatic.net/p/2e651d1c4ed3ddf37bfc62c8c3860f40.jpg;', 0, 6);

INSERT INTO product (id, name, short_desc, full_desc, category_id, brand_name, status, weight, available_item, unit_price, discount_percent, avg_rating, img_url, total_rating, supplier_id) VALUES(13017, 'Laptop HP Folio Notebook 9470m i5/256SSD/8GB i5/256SSD/8GB', 'Laptop HP Folio Notebook 9470m i5/256SSD/8GB i5/256SSD/8GB', '<pre>Máy nỏtebook HP Folio cấu hình cao core i5, ổ cứng ssd chạy cực nhanh, kèm theo 8gb ram cho nhu cầu thoải mái từ văn phòng đến chơi game cấu hình
Máy chạy win 7 pro cài sẵn
Tặng túi đựng lap Thủ Đô Vàng
#notebook #hp #folio9470m #i5 #8gb #ssd #laptop</pre>', 130, 'HP', 'NEW', 2.7334661442989097, 64, 6000000, 27, 0.0, 'https://vn-test-11.slatic.net/p/a9a2b17132b6441446db15051162b6be.jpg;https://vn-test-11.slatic.net/p/a41096db8a1f4ccc1a280145db46be40.jpg;https://vn-test-11.slatic.net/p/f7f1670f824f2a350311e4668dfc8477.jpg;https://vn-test-11.slatic.net/p/eee2926fc3cf3a4df114f8283b03198e.jpg;https://vn-test-11.slatic.net/p/8bdd35eaaf5c07bd4ade2cdaca0109db.jpg;', 0, 9);

INSERT INTO product (id, name, short_desc, full_desc, category_id, brand_name, status, weight, available_item, unit_price, discount_percent, avg_rating, img_url, total_rating, supplier_id) VALUES(13018, 'Dell 5577 Laptop Game Core i7 7700HQ/Ram 8G/HDD 1000G/Nvidia GTX 1050 4GB/MÀn 15.6 FHD 1920*1080', 'Dell 5577 Laptop Game Core i7 7700HQ/Ram 8G/HDD 1000G/Nvidia GTX 1050 4GB/MÀn 15.6 FHD 1920*1080', '<pre>Bộ vi xử lý: Intel Core i7-7700HQ
Bộ nhớ ram: 8 GB DDR4 ( tối đa 32GB )
Ổ đĩa cứng: HDD 1000G
Cạc màn hinh: Nvidia GTX 1050 4GB & Intel HD Graphics 630 chạy song song
Màn hình: 15.6 inch Full HD (1920×1080)
Bàn phím: Chiclet LED
Kết nối: Wifi chuẩn ac, LAN gigabit, Bluetooth 4.2, 3x USB 3.0, 1x HDMI
Thời lượng pin: 6 Cell (2 – 3 giờ)
Kích cỡ: 25.3 x 383 x 265 mm
Trọng lượng: 2.5 kg.
Hệ điều hành : Windows 10</pre>', 130, 'Dell', 'USED', 8.817752133199841, 7, 18950000, 27, 5.0, 'https://vn-test-11.slatic.net/original/27f726eb6c060872dfeef8b48fac4e78.jpg;https://vn-test-11.slatic.net/original/3abb896efa6e9c6e7d1e60de59e1d089.jpg;https://vn-test-11.slatic.net/original/c4e208aab98d35a68b6f49e5bde6f4d4.jpg;https://vn-test-11.slatic.net/original/bd787baccb592f37aa5706e1910243ba.jpg;https://vn-test-11.slatic.net/original/fa7bf06281e28056b8ceed063c9ee7cf.jpg;https://vn-test-11.slatic.net/original/60a223fdd41b8632b1fd310486543c06.jpg;', 1, 8);

INSERT INTO review (id, product_id, reviewer, rating, `comment`) VALUES(130180, 13018, 'đàm', 4, 'great');

INSERT INTO product (id, name, short_desc, full_desc, category_id, brand_name, status, weight, available_item, unit_price, discount_percent, avg_rating, img_url, total_rating, supplier_id) VALUES(13019, 'Siêu Game Dell 7447 Gaming -Core i5 4200H-Ram 4G- HDD 500G -VGA NIVIDIA GTX 850 4G- màn 14in', 'Siêu Game Dell 7447 Gaming -Core i5 4200H-Ram 4G- HDD 500G -VGA NIVIDIA GTX 850 4G- màn 14in', '<pre>Đặc điểm nổi bật của máy:
CPU: Intel® Core™ i5-4200H - 2.8Ghz (Turbo Boot 3.5 GHz) 3Mb Cach
RAM: 4GB 1600MHz DDR3L (có thể up lên 16GB)
HDD 500G
VGA: Nvidia Geforce GTX 850M 4GB + Intel Graphic HD 4600
LCD: 14.1" HD LED (1366x768)
Âm thanh: Waves MaxxAudio® Pro
Đọc thẻ nhớ 8 in 1, HDMI, Wifi , Bluetooth 4.0, USB 3.0.
Trọng lượng: 2.3kg</pre>', 130, 'Dell', 'USED', 3.4430688246145724, 36, 10150000, 27, 5.0, 'https://vn-test-11.slatic.net/original/c9404a492c402b35fe49bd3922060127.jpg;https://vn-test-11.slatic.net/original/c2a9a9707c169f7aa3d89ea9d0c63a12.jpg;https://vn-test-11.slatic.net/original/8643bf0af8715d17fc408f083092750a.jpg;https://vn-test-11.slatic.net/original/14a0b465b7048fe3974be4f2a0fa4952.jpg;', 2, 5);

INSERT INTO review (id, product_id, reviewer, rating, `comment`) VALUES(130190, 13019, 'Lazada Customer', 2, 'sản phẩm dùng rất tốt chạy game và các ứng dụng rất mượt, shop phục vụ rất tốt. 5 sao cho tất cả');

INSERT INTO review (id, product_id, reviewer, rating, `comment`) VALUES(130191, 13019, 'Thanh H.', 1, 'Máy bền chắc,chạy ứng dụng mượt');

INSERT INTO product (id, name, short_desc, full_desc, category_id, brand_name, status, weight, available_item, unit_price, discount_percent, avg_rating, img_url, total_rating, supplier_id) VALUES(13020, 'Laptop chuyên game LOL, giải trí, cấu hình cao, mượt mà', 'Laptop chuyên game LOL, giải trí, cấu hình cao, mượt mà', '<pre>Laptop naylà dòng máy tính có chất lượng rất tốt, siêu bền, hoạt động ổn định, cấu hình mạnh, chơi được các game online mượt mà.
Màn hình có độ phân giải cao cho hình ảnh rất đẹp khi xem phim, chơi game, lướt Web.
Bàn phím rõ ràng, nhạy, độ phản hồi nhanh, rất êm
Âm thanh sống động, trong trẻo, nghe nhạc rất hay
Chuột touchpad siêu nhạy, kết nối wifi rộng, 4 cổng USB cho phép gắn thêm ổ cứng rời, các thiết bị khác..
Cổng LAN RJ45 cho phép kết nối mạng tốc độ cao, ổn định.
Tất cả máy hình thức đồng đều, mới trên 96%, nguyên bản 100%. Ngoài ra còn được tặng 4 sản phẩm đi kèm như: Chuột không dây, lót chuột, bộ vệ sinh Laptop, Lót bàn phím.
Bảo hành 90 ngày cho các bạn yên tâm sử dụng.Bảo hành phần mềm 12 tháng</pre>', 130, 'No Brand', 'USED', 7.739781422066549, 77, 3990000, 27, 4.0, 'https://vn-test-11.slatic.net/p/a3e83acfce7fc78a8d71c82e542d6c8c.jpg;https://vn-test-11.slatic.net/original/34083dd01875cec0c784a28405aef10f.jpg;https://vn-test-11.slatic.net/original/21b248072a679ff554e47503d6b3325d.jpg;', 1, 4);

INSERT INTO review (id, product_id, reviewer, rating, `comment`) VALUES(130200, 13020, 'nguyễn V.', 2, '');

INSERT INTO product (id, name, short_desc, full_desc, category_id, brand_name, status, weight, available_item, unit_price, discount_percent, avg_rating, img_url, total_rating, supplier_id) VALUES(13021, 'Laptop Fujisu core i5 chuyên game liên minh huyền thoại', 'Laptop Fujisu core i5 chuyên game liên minh huyền thoại', '<pre>CPU: Intel Core i5 
Ram: 4GB
SSD: 90 GB
Độ lớn màn hình: Wide LED siêu đẹp
Cổng kết nối gồm có: HDMI, Vga out, Lan, Wifi chuẩn N
***Tặng kèm phần mềm diệt virus bản quyền 1 năm, túi chống sốc, chuột không dây, bộ vệ sinh laptop tổng trị giá 490K</pre>', 130, 'Fujisu', 'NEW', 7.760134773670006, 20, 3990000, 27, 0.0, 'https://vn-test-11.slatic.net/p/f881e33a1d269938ad635b55d7ebf6ce.jpg;https://vn-test-11.slatic.net/p/4b8e47fa298ececb0db106deb19ecb6f.jpg;https://vn-test-11.slatic.net/p/bd66c254423823bc7a71f8a4117b0fd8.jpg;https://vn-test-11.slatic.net/p/f1348d9ea4e005fe88bddd6f5afe5506.jpg;', 0, 2);

INSERT INTO product (id, name, short_desc, full_desc, category_id, brand_name, status, weight, available_item, unit_price, discount_percent, avg_rating, img_url, total_rating, supplier_id) VALUES(13022, 'Máy tính bảng Lenovo IdeaPad Miix 320-10ICR x5-Z8350/4GB/32GB/10.1/Win - (80XF009XVN)', 'Máy tính bảng Lenovo IdeaPad Miix 320-10ICR x5-Z8350/4GB/32GB/10.1/Win - (80XF009XVN)', '<pre>CPUIntel Atom® X5-Z8350 (1.44GHz up to 1.92GHz - 2Mb)
RAM4GB (No Upgrade)
ROM32GB eMMC (No upgrade)Hổ trợ thẻ nhớ Micro SD (Max 128GB)
VGAIntel HD Graphics 400
Màn hình10.1 inch HD (1280x800)IPS Led, Touch Screen
Cảm ứngCó
WebcamCamera trước 5MP (No Flash)Camera sau 2MP
Đĩa quangNo
I/O PortsUSB Type-C 3.0, 2x USB 2.0, Micro HDMI
Kết nốiLan, Wifi AC, Bluetooth 4.2
OSWindows 10 Home SL 64 bits
OthersBattery 2 Cells, Silver</pre>', 130, 'Lenovo', 'NEW', 4.9450499031535955, 20, 6300000, 27, 0.0, 'https://vn-test-11.slatic.net/p/2/may-tinh-bang-lenovo-ideapad-miix-320-10icr-x5-z83504gb32gb101win-80xf009xvn-0008-94521622-0a424747fb16461a9f6b4999523f9601-catalog.jpg;https://vn-test-11.slatic.net/p/2/may-tinh-bang-lenovo-ideapad-miix-320-10icr-x5-z83504gb32gb101win-80xf009xvn-6421-94521622-c9b2b9940fa9ad6b6eb9faaf91d0365a-catalog.jpg;https://vn-test-11.slatic.net/p/2/may-tinh-bang-lenovo-ideapad-miix-320-10icr-x5-z83504gb32gb101win-80xf009xvn-6421-94521622-fc62fc40e916f62facc73d9878a57163-catalog.jpg;https://vn-test-11.slatic.net/p/2/may-tinh-bang-lenovo-ideapad-miix-320-10icr-x5-z83504gb32gb101win-80xf009xvn-6421-94521622-f7fc0561176441004f70606132b2d5bb-catalog.jpg;https://vn-test-11.slatic.net/p/2/may-tinh-bang-lenovo-ideapad-miix-320-10icr-x5-z83504gb32gb101win-80xf009xvn-6421-94521622-5b68c9e3a54d7982bf553a784ff83ae4-catalog.jpg;https://vn-test-11.slatic.net/p/2/may-tinh-bang-lenovo-ideapad-miix-320-10icr-x5-z83504gb32gb101win-80xf009xvn-6421-94521622-56b0689281d048507f043fbcd761f8cb-catalog.jpg;', 0, 1);

INSERT INTO product (id, name, short_desc, full_desc, category_id, brand_name, status, weight, available_item, unit_price, discount_percent, avg_rating, img_url, total_rating, supplier_id) VALUES(13023, 'Gaming MSI GE62 6QC (Core i7-6700HQ, RAM 8GB, HDD 1000G, NVIDIA GeForce GTX960M, 15.6 inch Full HD )', 'Gaming MSI GE62 6QC (Core i7-6700HQ, RAM 8GB, HDD 1000G, NVIDIA GeForce GTX960M, 15.6 inch Full HD )', '<pre>Cấu hình chi tiết máy:
Bộ vi xử lý: Intel Core i7-6700HQ(2.6ghz lên đến 3.5ghz)
Bộ nhớ ram: 8GB DDR4
Ổ đĩa cứng: HDD 1000G , còn trống 1 khe ssd m2 để nâng cấp
Cạc màn hinh: Nvidia GTX 960 2GB & Intel HD Graphics 530
Màn hình: 15.6 inch FHD (1920x1080)
Bàn phím: Chiclet ,có đèn bàn phím
Ổ đĩa : đọc & ghi DVD
Webcam: 1,3 Megapixelsa
Kết nối: Wifi chuẩn ac, LAN gigabit, Bluetooth 4.2, 3x USB 3.0, 1x HDMI
Thời lượng pin: 6 Cell (2 – 3 giờ)
Trọng lượng: 2.5 kg
Hệ điều hành : Windows 10</pre>', 130, 'MSI', 'USED', 5.395333026716468, 61, 16890000, 27, 0.0, 'https://vn-test-11.slatic.net/original/35a149d725ed00d03abe5bdf10c2b604.jpg;https://vn-test-11.slatic.net/original/9a3d098836a1c01cb556b456869fe5bb.jpg;https://vn-test-11.slatic.net/original/3132fc0418c970271092c26d27ed7132.jpg;https://vn-test-11.slatic.net/original/908782d403fce9a4d911722da0049a52.jpg;', 0, 2);

INSERT INTO product (id, name, short_desc, full_desc, category_id, brand_name, status, weight, available_item, unit_price, discount_percent, avg_rating, img_url, total_rating, supplier_id) VALUES(13024, 'Laptop MSI GF63 8RD-221VN (i7-8750H, VGA GTX 1050TI 4GB, 15.6 inches, Win 10) - Hãng phân phối chính thức', 'Laptop MSI GF63 8RD-221VN (i7-8750H, VGA GTX 1050TI 4GB, 15.6 inches, Win 10) - Hãng phân phối chính thức', '<pre>CPU       Intel Core i7-8750H 2.2GHz up to 4.1GHz 9MB
RAM      8GB DDR4 2666MHz (2x SO-DIMM socket, up to 32GB SDRAM)
Ổ cứng  HDD 1TB 7200rpm + 128GB SSD M.2 PCIe
Card đồ họa        NVIDIA GeForce GTX 1050Ti 4GB GDDR5 with Max-Q Design
Màn hình             15.6" FHD (1920 x 1080) IPS, 60Hz, Narrow Bezel, Anti-Glare with 45% NTSC
Cổng giao tiếp   3x USB 3.1, 1x USB 3.1 Type-C, 1x HDMI, 1x Mini-DisplayPort, 1x RJ45
Audio    2x 2W Speaker
Đọc thẻ nhớ       SD (XC/HC)
Chuẩn LAN          Gb LAN
Chuẩn WIFI         Intel Wireless-AC 9462 (1*1 AC)
Bluetooth            v5.0
Webcam              HD type (30fps@720p)
Hệ điều hành     Windows 10 Home
Pin          3 Cell 51WHr
Trọng lượng       1.86 kg
Màu sắc               Đen
Kích thước          359 x 254 x 21.7 mm</pre>', 130, 'MSI', 'USED', 2.315373574892969, 12, 26490000, 27, 0.0, 'https://vn-test-11.slatic.net/original/7f335bc10683e848756e96b7262c839d.jpg;https://vn-test-11.slatic.net/original/ca99f2baba5c6154f3d912e0e491c4f3.jpg;https://vn-test-11.slatic.net/original/728255dce40980d4108f1abc751a19cd.jpg;https://vn-test-11.slatic.net/original/4ff1b0be191e8d58921ae60ea384954e.jpg;https://vn-test-11.slatic.net/original/5feadc16bfbdb962bb9cb941f128bc32.jpg;https://vn-test-11.slatic.net/original/044bf54d26e177579fd648e0f61be377.jpg;https://vn-test-11.slatic.net/original/5eb31dccdf1b52ac153e1fc542b7c832.jpg;', 0, 5);

INSERT INTO product (id, name, short_desc, full_desc, category_id, brand_name, status, weight, available_item, unit_price, discount_percent, avg_rating, img_url, total_rating, supplier_id) VALUES(13025, '(KHỦNG GAME GIẢM GIÁ) GAMING Dell 7559 ( i5-6300HQ, RAM 8G, HDD 1000G, VGA Nvidia GTX 960M- 4G, màn 15.6″ Full HD) máy nhập khẩu', '(KHỦNG GAME GIẢM GIÁ) GAMING Dell 7559 ( i5-6300HQ, RAM 8G, HDD 1000G, VGA Nvidia GTX 960M- 4G, màn 15.6″ Full HD) máy nhập khẩu', '<pre>CPU Intel® Core™ i5-6300HQ (6M Cache, 2.3Ghz, Turbo up to 3.20 GHz, 4 core 4 luồng)
Ram 8GB DDR3L 1600 MHz SDRam
Ổ cứng 1000GSATA
Màn hình 15.6 inch with Anti Glare, FHD resolution (1920 x 1080)
Đồ họa NVIDIA® GeForce® GTX960M with 4GB DDR5 VRAM
Camera Integrated Widescreen HD Webcam with noise-canceling dual digital array microphones
Đầu đọc thẻ Multi-media Card Reader 3-in-1: Digital (SD) Memory Card, SD High-Capacity (SDHC) card, SD 3.0 Card
Pin 6-cell (74 WHr) Lithium Ion</pre>', 130, 'Dell', 'NEW', 2.011510190399961, 91, 14750000, 27, 5.0, 'https://vn-test-11.slatic.net/original/8da0c7407d3f69eda304fcc5ac3984d4.jpg;https://vn-test-11.slatic.net/original/c070d41357e61bb7b840a5795e90bb12.jpg;https://vn-test-11.slatic.net/original/8c729a37ea04669159c81af9d5bb67ec.jpg;https://vn-test-11.slatic.net/original/2b26612ec19a4c46e9b0cccb0dc4823a.jpg;https://vn-test-11.slatic.net/original/e8869fdb80c9d7fc9677538fb54bf554.jpg;', 4, 9);

INSERT INTO review (id, product_id, reviewer, rating, `comment`) VALUES(130250, 13025, 'Võ P.', 4, 'hàng tốt, shop tư vấn nhiệt tình, đảm bảo chất lượng khi nhận hàng');

INSERT INTO review (id, product_id, reviewer, rating, `comment`) VALUES(130251, 13025, 'Ngô Q.', 4, '');

INSERT INTO product (id, name, short_desc, full_desc, category_id, brand_name, status, weight, available_item, unit_price, discount_percent, avg_rating, img_url, total_rating, supplier_id) VALUES(13026, 'MSI GL62M 7RDX ( i5-7300HQ, ram 8g, HDD 1Tb, VGA rời Nvidia GTX 1050, màn 15.6″ FullHD)', 'MSI GL62M 7RDX ( i5-7300HQ, ram 8g, HDD 1Tb, VGA rời Nvidia GTX 1050, màn 15.6″ FullHD)', '<pre>Thông số kỹ thuật MSI GL62M 7RDX
 Bộ vi xử lý: Intel Core i5-7300HQ (2.5 GHz ,Turbo Boost up to 3.5 GHz, Cache 6MB, 4 nhân 4 luồng)
Bộ nhớ ram: 8 GB DDR4 bus 2400
Ổ đĩa cứng: HDD 1Tb
Cạc màn hinh: Nvidia GTX 1050& Intel HD Graphics 630 chạy song song
Màn hình: 15.6 inch Full HD (1920×1080) 
Ổ đĩa quang: ko
Bàn phím: Chiclet LEDtrắng
Kết nối: Wifi chuẩn AC, LAN gigabit, Bluetooth, USB 3.0, USB Type-C, HDMI, Mini Displayport , thẻ nhớ SD, M.2 SSD combo
Kích cỡ: 29 x 383 x 22 mm
Trọng lượng: 2.2 kg
Hệ điều hành tương thích: Windows 10</pre>', 130, 'MSI', 'NEW', 0.9229522351327653, 60, 16390000, 27, 0.0, 'https://vn-test-11.slatic.net/original/9f418256c3171a1cd5945effd6f27f6a.jpg;https://vn-test-11.slatic.net/original/5679722c005cfb92bfe04cc18eea6daf.jpg;https://vn-test-11.slatic.net/original/bce5f5ccd57fef02926dfe73709b95a4.jpg;https://vn-test-11.slatic.net/original/a2d7d7507fde3b5b149411355b6f789b.jpg;https://vn-test-11.slatic.net/original/6d36554b4e2c5ce3a80e34bb1dc54b42.jpg;https://vn-test-11.slatic.net/original/c2fd7b273d2608abef71af0e75a17bb3.jpg;https://vn-test-11.slatic.net/original/9e8e84affcf3c4027cc49108b3ee23ec.jpg;https://vn-test-11.slatic.net/original/365309d96e35a9451179b7028f319298.jpg;', 0, 2);

INSERT INTO product (id, name, short_desc, full_desc, category_id, brand_name, status, weight, available_item, unit_price, discount_percent, avg_rating, img_url, total_rating, supplier_id) VALUES(13027, 'MÁY TRẠM ĐỒ HỌA- Dell Precision M4800 ( i7-4800MQ , ram 8G, hdd 500Gb, VGA Quadro K1100, màn 15.6″ full HD ) ( máy nhập khẩu)', 'MÁY TRẠM ĐỒ HỌA- Dell Precision M4800 ( i7-4800MQ , ram 8G, hdd 500Gb, VGA Quadro K1100, màn 15.6″ full HD ) ( máy nhập khẩu)', '<pre>Bộ vi xử lý: IntelCore i74800QM
Chipset: Intel QM87 Express
Bộ nhớ trong: 8GB DDR3
Ổ đĩa cứng: 500GB 7200rpm
Cạc màn hinh:NVidia Quadro K1100M(2GB VRAM)
Màn hình: 15.6inch WLED fullHD 1920×1080
Ổ đĩa quang: Đọc và ghi DVD
Kết nối: Wifi chuẩn N, LAN 10/100/1000, USB 2.0 và 3.0, VGA, HDMI, E-SATA, DisplayPort
Thời lượng pin: ~2h giờ
Kích cỡ:
Trọng lượng: 3.kg</pre>', 130, 'Dell', 'USED', 8.483401324747767, 67, 13350000, 27, 4.7, 'https://vn-test-11.slatic.net/original/ed3d594789ccabf8290020658a3477cb.jpg;https://vn-test-11.slatic.net/original/ca6b203d3fd3245f5de5716e022822e0.jpg;https://vn-test-11.slatic.net/original/8db0b2a512cfc3e18f4cafe4086d5004.jpg;https://vn-test-11.slatic.net/original/0dd031abd21a6db05b16ed24454d277f.jpg;', 3, 1);

INSERT INTO review (id, product_id, reviewer, rating, `comment`) VALUES(130270, 13027, 'Trần Q.', 2, 'Nhận được máy đẹp hơn mong đợi . Cám ơn shop rất nhiều nha');

INSERT INTO product (id, name, short_desc, full_desc, category_id, brand_name, status, weight, available_item, unit_price, discount_percent, avg_rating, img_url, total_rating, supplier_id) VALUES(13028, 'Laptop chuyên game LMHT thương hiệu nổi tiếng nhật bản Fujisu - Tặng kèm bộ quà tặng 4 món trị giá 490k', 'Laptop chuyên game LMHT thương hiệu nổi tiếng nhật bản Fujisu - Tặng kèm bộ quà tặng 4 món trị giá 490k', '<pre>CPU: Intel Core i5 3320 (4 CPUs)
Ram: 4GB
SSD: 90 GB
Màn hình Wide LED siêu đẹp
Cổng kết nối gồm có: HDMI, Vga out, Lan, Wifi chuẩn N
Quà tặng trị giá 490k gồm: Chuột không dây, diệt virus bản quyền 1 năm, bộ vệ sinh laptop, túi chống sốc</pre>', 130, 'Fujisu', 'USED', 7.263730470127175, 30, 3990000, 27, 0.0, 'https://vn-test-11.slatic.net/p/36eba4cdd56544f92d67f0a0fc50ef3f.jpg;https://vn-test-11.slatic.net/p/4b8e47fa298ececb0db106deb19ecb6f.jpg;https://vn-test-11.slatic.net/p/bd66c254423823bc7a71f8a4117b0fd8.jpg;https://vn-test-11.slatic.net/p/f1348d9ea4e005fe88bddd6f5afe5506.jpg;https://vn-test-11.slatic.net/p/2c5985be9796f83e778f714805569931.jpg;', 0, 9);

INSERT INTO product (id, name, short_desc, full_desc, category_id, brand_name, status, weight, available_item, unit_price, discount_percent, avg_rating, img_url, total_rating, supplier_id) VALUES(13029, '(GIẢM GIÁ) Asus ROG GL552VX ( i7-6700HQ, ram 8GB, HDD 1TB, VGA NVIDIA GTX 950M-4G, Màn 15.6″ FULL HD IPS)', '(GIẢM GIÁ) Asus ROG GL552VX ( i7-6700HQ, ram 8GB, HDD 1TB, VGA NVIDIA GTX 950M-4G, Màn 15.6″ FULL HD IPS)', '<pre>CPU: IntelCore i7-6700HQ (2.6GHz up to 3.5GHz, Cache 8Mb, 4 core 8 luồng)
RAM:8GB DDR4 2133
Ổ cứng:HDD 1TB
Card đồ họa:NVIDIA GeForce GTX 950M -4GB GDDR5 + Intel HD Graphics 530 chạy song song
Màn hình:15.6 inch LED full HD IPS (1920×1080 pixels)
Ổ đĩa quang: Super-Multi DVD (đọc và ghi DVD)
Cổng giao tiếp: USB 2.0 USB 3.0 HDMI LAN, Bluetooth.
PIN: 6Cells
Trọng lượng: 2.59 kg
Kích thước: 38.5 x 25.5 x 3.24cm
Hệ điều hành tương thích: Windows 8, 10</pre>', 130, 'ASUS', 'NEW', 3.646314891835751, 38, 15450000, 27, 5.0, 'https://vn-test-11.slatic.net/p/5e281e7b45faf1d2fd9230ac4c7d4145.jpg;https://vn-test-11.slatic.net/p/cefc0c6525be23e54694df7d9700e267.jpg;https://vn-test-11.slatic.net/p/87b83c84e50a4f7985e24758690608a1.jpg;', 1, 8);

INSERT INTO review (id, product_id, reviewer, rating, `comment`) VALUES(130290, 13029, 'SkyCloud', 1, 'nhìn chung sản phẩm như mô tả, chỗ bản lề lắp k kĩ bị hở, pin xài hơn 1 tiếng là hết, chủ shop nhiệt tình cho 5 sao ủng hộ shop.');

INSERT INTO product (id, name, short_desc, full_desc, category_id, brand_name, status, weight, available_item, unit_price, discount_percent, avg_rating, img_url, total_rating, supplier_id) VALUES(13030, 'Asus ROG G752VL ( i7-6700HQ, ram 8G, HDD 1Tb, card rời Nvidia GTX 965M- 4G, màn 17.3 FullHD IPS )', 'Asus ROG G752VL ( i7-6700HQ, ram 8G, HDD 1Tb, card rời Nvidia GTX 965M- 4G, màn 17.3 FullHD IPS )', '<pre>Thông số kỹ thuật Asus Rog G752VL
Bộ vi xử lý: Intel Core i7-6700HQ (2.6 GHz ,Turbo Boost up to 3.5 GHz, Cache 6 MB, 4 core 8 luồng)
Bộ nhớ ram: 8 GB DDR4 2133 ( nâng cấp tối đa 64gb)
Ổ đĩa cứng: HDD 1Tb
Cạc màn hinh: NvidiaGTX 965M
Màn hình: 17.3 inch Full HD (1920×1080) IPS
Ổ đĩa quang: đọc và ghi DVD
Bàn phím: Chiclet LED đỏ rực
Kết nối: Wifi chuẩn AC, LAN gigabit, Bluetooth, USB 3.0, USB 3.1 Type-C, Thunderbolt 3, Mini Displayport ,HDMI, Audio + Mic 3.5mm, S/PDIF out, Card Reader
Thời lượng pin: 6 Cell (2 giờ)
Kích cỡ: 43 x33 x 4.3 cm
Trọng lượng: 4 kg
Hệ điều hành tương thích: Windows 10</pre>', 130, 'ASUS', 'USED', 4.208372256044572, 8, 20490000, 27, 5.0, 'https://vn-test-11.slatic.net/p/6bd153a8f77f7de5263916b3c6fa456d.jpg;https://vn-test-11.slatic.net/p/6a8f9cbe63f8c4648666523dc21dcea4.jpg;https://vn-test-11.slatic.net/p/7a94a29f364e992dddd751d779af7049.jpg;https://vn-test-11.slatic.net/p/028a47e4b2d198e37f41bcc94a511fe3.jpg;', 1, 5);

INSERT INTO review (id, product_id, reviewer, rating, `comment`) VALUES(130300, 13030, 'Phạm V.', 4, 'Máy ngon tổng thể ok so với giá tiền giao hàng nhanh');

INSERT INTO product (id, name, short_desc, full_desc, category_id, brand_name, status, weight, available_item, unit_price, discount_percent, avg_rating, img_url, total_rating, supplier_id) VALUES(13031, 'Dell N7557 dòng gaming ( i5-4210HQ, RAM 4G, HDD 500G, VGA Nvidia GTX 960M- 4G, màn 15.6″ Full HD)', 'Dell N7557 dòng gaming ( i5-4210HQ, RAM 4G, HDD 500G, VGA Nvidia GTX 960M- 4G, màn 15.6″ Full HD)', '<pre>CPU Intel® Core™ i5-4210HQ (6M Cache, 2.9Ghz, Turbo up to 3.50 GHz, 4 luồng)
Ram 4GB DDR3L 1600 MHz SDRam
Ổ cứng 500GSATA
Màn hình 15.6 inch with Anti Glare, FHD resolution (1920 x 1080)
Đồ họa NVIDIA® GeForce® GTX960M with 4GB DDR5 VRAM
Camera Integrated Widescreen HD Webcam with noise-canceling dual digital array microphones
Đầu đọc thẻ Multi-media Card Reader 3-in-1: Digital (SD) Memory Card, SD High-Capacity (SDHC) card, SD 3.0 Card
Pin 6-cell (74 WHr) Lithium Ion</pre>', 130, 'Dell', 'USED', 1.9322499275702123, 69, 12850000, 27, 5.0, 'https://vn-test-11.slatic.net/original/27f726eb6c060872dfeef8b48fac4e78.jpg;https://vn-test-11.slatic.net/original/3abb896efa6e9c6e7d1e60de59e1d089.jpg;https://vn-test-11.slatic.net/original/bd787baccb592f37aa5706e1910243ba.jpg;https://vn-test-11.slatic.net/original/fa7bf06281e28056b8ceed063c9ee7cf.jpg;https://vn-test-11.slatic.net/original/60a223fdd41b8632b1fd310486543c06.jpg;https://vn-test-11.slatic.net/original/c4e208aab98d35a68b6f49e5bde6f4d4.jpg;', 1, 4);

INSERT INTO review (id, product_id, reviewer, rating, `comment`) VALUES(130310, 13031, 'Nguyen M.', 1, 'Hàng đẹp, đúng mẫu mã, rất chất lượng, mình rất thích');

INSERT INTO product (id, name, short_desc, full_desc, category_id, brand_name, status, weight, available_item, unit_price, discount_percent, avg_rating, img_url, total_rating, supplier_id) VALUES(13032, 'MÁY TRẠM DELL Precision M6800 (Core i7-4800QM, 8Gb, HDD 500G, VGA Quadro K3100M, 17.3″ Full HD)', 'MÁY TRẠM DELL Precision M6800 (Core i7-4800QM, 8Gb, HDD 500G, VGA Quadro K3100M, 17.3″ Full HD)', '<pre>Bộ vi xử lý: IntelCore i7 4800QM
Chipset: Intel QM87 Express
Bộ nhớ trong: 8GB DDR3
Ổ đĩa cứng: 500GB
Cạc màn hinh:NVidia Quadro K3100M (4GB VRAM)
Màn hình: 17.3inch WLED fullHD 1920×1080
Ổ đĩa quang: Đọc và ghi DVD
Kết nối: Wifi chuẩn N, LAN 10/100/1000, USB 2.0 và 3.0, VGA, HDMI, E-SATA, DisplayPort
Thời lượng pin: ~2h giờ
Kích cỡ:
Trọng lượng: 3.7 kg</pre>', 130, 'Dell', 'NEW', 3.6758551869984024, 76, 16350000, 27, 0.0, 'https://vn-test-11.slatic.net/original/7ee9fa56e2ccc96fc46a31dda7807e06.jpg;https://vn-test-11.slatic.net/original/87674975e8b197c42e7609512047a4f0.jpg;https://vn-test-11.slatic.net/original/d516d47baf5a0232936b93848f7b00f0.jpg;https://vn-test-11.slatic.net/original/79b7f7f8956f978dd4b2e74986268a4b.jpg;https://vn-test-11.slatic.net/original/9255522cb402f914aa36d7d33e684603.jpg;https://vn-test-11.slatic.net/original/4b93ea893c3e566d9c9a040f7bea3fa9.jpg;', 0, 8);

INSERT INTO product (id, name, short_desc, full_desc, category_id, brand_name, status, weight, available_item, unit_price, discount_percent, avg_rating, img_url, total_rating, supplier_id) VALUES(13033, 'Dell 5577 Laptop Gaming Core i5 7300HQ/Ram 8G/HDD 1000G/Nvidia GTX 1050 4GB/MÀn 15.6 FHD 1920*1080', 'Dell 5577 Laptop Gaming Core i5 7300HQ/Ram 8G/HDD 1000G/Nvidia GTX 1050 4GB/MÀn 15.6 FHD 1920*1080', '<pre>Bộ vi xử lý: Intel Core i5-7300HQ
Bộ nhớ ram: 8 GB DDR4 ( tối đa 32GB )
Ổ đĩa cứng: HDD 1000G
Cạc màn hinh: Nvidia GTX 1050 4GB & Intel HD Graphics 630 chạy song song
Màn hình: 15.6 inch Full HD (1920×1080)
Bàn phím: Chiclet LED
Kết nối: Wifi chuẩn ac, LAN gigabit, Bluetooth 4.2, 3x USB 3.0, 1x HDMI
Thời lượng pin: 6 Cell (2 – 3 giờ)
Kích cỡ: 25.3 x 383 x 265 mm
Trọng lượng: 2.5 kg
Hệ điều hành : Windows 10</pre>', 130, 'Dell', 'USED', 1.748763975442452, 59, 16590000, 27, 5.0, 'https://vn-test-11.slatic.net/original/c4e208aab98d35a68b6f49e5bde6f4d4.jpg;https://vn-test-11.slatic.net/original/f58d5c8e99424829a6d1f9aabf54eaad.jpg;https://vn-test-11.slatic.net/original/3abb896efa6e9c6e7d1e60de59e1d089.jpg;https://vn-test-11.slatic.net/original/8768017418854dcca071e54ac0958e3c.jpg;https://vn-test-11.slatic.net/original/fa7bf06281e28056b8ceed063c9ee7cf.jpg;https://vn-test-11.slatic.net/original/bd787baccb592f37aa5706e1910243ba.jpg;https://vn-test-11.slatic.net/original/60a223fdd41b8632b1fd310486543c06.jpg;', 1, 9);

INSERT INTO review (id, product_id, reviewer, rating, `comment`) VALUES(130330, 13033, 'Trần N.', 1, 'máy đẹp, cấu hình ngon, chạy rất mượt, vô win10 chưa đến 5s, ngon trong tầm giá!!!');

INSERT INTO product (id, name, short_desc, full_desc, category_id, brand_name, status, weight, available_item, unit_price, discount_percent, avg_rating, img_url, total_rating, supplier_id) VALUES(13034, 'Dòng laptop chuyên game online LMHT -core I5, hỗ trợ đồ họa cao cho game thủ - Tặng chuột không dây, lót chuột', 'Dòng laptop chuyên game online LMHT -core I5, hỗ trợ đồ họa cao cho game thủ - Tặng chuột không dây, lót chuột', '<pre>Laptop xách tay Nhật Fujitsu D572 siêu bền,core i5 3320 (4 CPUs), màn hình 15.4 inch. Đặc biệt, VGA onboard hỗ trợ 1.7 GB đồ họa chơi được game LMHT
Bảo hành 01 tháng cho quý khách yên tâm sử dụng
*** Cấu hình chi tiết máy như sau:
CPU: Intel Core i5 3320 (4 CPUs)
Ram: 4GB
SSD: 120 GB
Đặc biệt : Hỗ trợ đồ họa 1.7 GB
Độ lớn màn hình: 15.4 inch Wide LED siêu đẹp
Cổng kết nối gồm có: HDMI, Vga out, Lan, Wifi chuẩn N
***Tặng kèm chuột không dây + lót chuột***</pre>', 130, 'Fujisu', 'NEW', 9.853519660605887, 50, 3990000, 27, 0.0, 'https://vn-test-11.slatic.net/p/c5c9c190293aadc7a547107acbfe9056.jpg;https://vn-test-11.slatic.net/p/b5310f8118b231e698e9c87d4e98d853.jpg;https://vn-test-11.slatic.net/p/742603db4ff91a5342ce8cf7b3f1aa07.jpg;', 0, 2);

INSERT INTO product (id, name, short_desc, full_desc, category_id, brand_name, status, weight, available_item, unit_price, discount_percent, avg_rating, img_url, total_rating, supplier_id) VALUES(13035, 'Lenovo Thinkpad X1 Carbon Gen 2 I7-4600U 8GB SSD 256GB VGA Intel 4400, 14 inch, 2K Windows 10 New 95-97%', 'Lenovo Thinkpad X1 Carbon Gen 2 I7-4600U 8GB SSD 256GB VGA Intel 4400, 14 inch, 2K Windows 10 New 95-97%', '<pre>CPU:Intel®Core™ i7-4600UCPU 2.1Ghz, (4M Cache, up to 3.3 GHz)
RAM:8GBLPDDR3 1600MHz
Đĩa cứng:256GB SSD
Màn hình:14.0″ inch 2K
Card đồ họa:Intel HD Graphics4400
Tình trạng : Mới 95-97%</pre>', 130, 'Lenovo', 'NEW', 3.664303229464192, 32, 15700000, 27, 0.0, 'https://vn-test-11.slatic.net/original/7885bf56f4ced84f9d11ec38bd36d218.jpg;https://vn-test-11.slatic.net/original/f5718c1cbc3e085c0be2c5abf0aaf55c.jpg;https://vn-test-11.slatic.net/original/a31c00c1bf4f7db8b06e55460b96f448.jpg;', 0, 4);

INSERT INTO product (id, name, short_desc, full_desc, category_id, brand_name, status, weight, available_item, unit_price, discount_percent, avg_rating, img_url, total_rating, supplier_id) VALUES(13036, 'HP Pavilion 15 Gaming Core™ I7-7700HQ 8GB 1TB 15.6FHD GTX1050 New 95-97%', 'HP Pavilion 15 Gaming Core™ I7-7700HQ 8GB 1TB 15.6FHD GTX1050 New 95-97%', '<pre>CPU: Intel®Core™ i7-7700HQ(2.8 GHz up to 3.8 GHz 6 MB cache )
RAM:8GB DDR4-2400 SDRAM
Đĩa cứng:1TB7200 rpm SATA
Màn hình: 15.6inch diagonal Full HD IPS anti-glare WLED-backlit (1920 x 1080)
Card đồ họa: NVIDIA®GeForce® GTX 1050(4 GB GDDR5)
Tình trạng : Mới 95-97%</pre>', 130, 'HP', 'USED', 3.670452402403126, 82, 18200000, 27, 0.0, 'https://vn-test-11.slatic.net/original/17c8c005b2c30849362fd2b085cbc26e.jpg;https://vn-test-11.slatic.net/original/4e17edaeb21e626e8d1e518f7cb06f33.jpg;https://vn-test-11.slatic.net/original/522d32a9edd338df14388cd97255326e.jpg;https://vn-test-11.slatic.net/original/95acbec7c0c6bfdffa33157f9d93c79d.jpg;', 0, 5);

INSERT INTO product (id, name, short_desc, full_desc, category_id, brand_name, status, weight, available_item, unit_price, discount_percent, avg_rating, img_url, total_rating, supplier_id) VALUES(13037, 'Dell Inspiron 5370 N3I3001W - Silver New Core i3 7130U', 'Dell Inspiron 5370 N3I3001W - Silver New Core i3 7130U', '<pre>Bộ vi xử lý Intel Core™ i3 7130U (2.7Ghz, 3MB Cache)
Chipset Intel
Bộ nhớ trong 4GB DDR4 2400MHz
Số khe cắm 1
Dung lượng tối đa
VGA Intel HD 620
Ổ cứng 128GB SSD
Ổ quang No
Card Reader 3 in 1
Bảo mật, công nghệ Finger Print Reader, Led Keyboard
Màn hình 13.3” FHD (1920 * 1080), Anti-glare Led Backlight</pre>', 130, 'Dell', 'NEW', 4.41101953373486, 38, 14290000, 27, 0.0, 'https://vn-test-11.slatic.net/original/c8b6c23ddf8bfb41c6451c3c5976e096.jpg;https://vn-test-11.slatic.net/original/6d1716111fb64fd62833933491c3ca63.jpg;https://vn-test-11.slatic.net/original/16db4d113b5409c83b2a9956e5a43af9.jpg;', 0, 8);

INSERT INTO product (id, name, short_desc, full_desc, category_id, brand_name, status, weight, available_item, unit_price, discount_percent, avg_rating, img_url, total_rating, supplier_id) VALUES(13038, 'Laptop chuyên game online - Tặng kèm chuột không dây', 'Laptop chuyên game online - Tặng kèm chuột không dây', '<pre>CPU: Intel Core i5 3320 (4 CPUs)
Ram: 4GB
SSD: 120 GB
Đặc biệt : Hỗ trợ đồ họa 1.7 GB
Độ lớn màn hình: 15.4 inch Wide LED siêu đẹp
Cổng kết nối gồm có: HDMI, Vga out, Lan, Wifi chuẩn N
***Tặng kèm chuột không dây + lót chuột***</pre>', 130, 'Fujisu', 'NEW', 5.48872215180418, 2, 4300000, 27, 0.0, 'https://vn-test-11.slatic.net/p/742603db4ff91a5342ce8cf7b3f1aa07.jpg;https://vn-test-11.slatic.net/p/e1b69fe3ca2cd2f38bc29d59bf8aee04.jpg;https://vn-test-11.slatic.net/p/2e651d1c4ed3ddf37bfc62c8c3860f40.jpg;', 0, 1);

INSERT INTO product (id, name, short_desc, full_desc, category_id, brand_name, status, weight, available_item, unit_price, discount_percent, avg_rating, img_url, total_rating, supplier_id) VALUES(13039, 'Laptop Gaming MSI GP62 7RDX Core i7 7700HQ, 8GB, 1TB 15.6” IPS, Geforce GTX1050 4GB', 'Laptop Gaming MSI GP62 7RDX Core i7 7700HQ, 8GB, 1TB 15.6” IPS, Geforce GTX1050 4GB', '<pre>Thông số kỹ thuật MSI GP627RDX
Bộ vi xử lý: Intel Core i7-7700HQ (2.8 GHz ,Turbo Boost up to 3.8 GHz, Cache 6MB, 4 nhân 8 luồng)
Bộ nhớ ram: 8 GB DDR4 bus 2400
Ổ đĩa cứng: HDD 1Tb
Cạc màn hinh: Nvidia GTX 1050- 4GB & Intel HD Graphics 630
Màn hình: 15.6 inch Full HD (1920×1080) IPS sắc nét
Ổ đĩa quang: ko
Bàn phím: Chiclet LED 7 màu
Kết nối: Wifi chuẩn AC, LAN gigabit, Bluetooth, USB 3.0, USB Type-C, HDMI, Mini Displayport , thẻ nhớ SD, M.2 SSD combo
Kích cỡ: 29 x 383 x 260 mm
Trọng lượng: 2.2 kg
Hệ điều hành tương thích: Windows 10</pre>', 130, 'MSI', 'NEW', 7.214680708987716, 15, 18450000, 27, 0.0, 'https://vn-test-11.slatic.net/p/4aa64522f6739f29364e3927eb6d6739.jpg;https://vn-test-11.slatic.net/p/fb01f2d91853fdd644c7c95779597022.jpg;https://vn-test-11.slatic.net/p/3a61e0b563be682764cec3a3c21499d6.jpg;https://vn-test-11.slatic.net/p/9e05f8626e73a496ae01ec19973a8a9b.jpg;', 0, 7);

INSERT INTO product (id, name, short_desc, full_desc, category_id, brand_name, status, weight, available_item, unit_price, discount_percent, avg_rating, img_url, total_rating, supplier_id) VALUES(2580, 'Tai nghe Bluetooth JOWAY H09 Extra Bass, hỗ trợ đàm thoại 15h, nghe nhạc 14h, chống nước, mồ hôi, chống ồn cao cấp - Hãng phân phối chính thức', 'Tai nghe Bluetooth JOWAY H09 Extra Bass, hỗ trợ đàm thoại 15h, nghe nhạc 14h, chống nước, mồ hôi, chống ồn cao cấp - Hãng phân phối chính thức', '<pre>Lưu ý: Từ 01/01/2019 Quý khách tại HN, HCM, Đà Nẵng, Cần Thơ, Vũng Tàu, Long An, Huế, Đồng Nai, Bình Dương, Hải Phòng khi muađơn hàng có trị giá từ 99.000vnđ trở lên hoặc mua 02 sản phẩmsẽ được miễn phí vận chuyển. Quý khách hãy mua thêm sản phẩm để nhận được ưu đãi từ Joway.
Thương hiệu:JOWAY
Model: Joway H09
Bluetooth: chuẩn Bluetooth 4.1 mới nhất khoảng cách 10m
Tai nghe không dây, giúp dễ dàng vận động và di chuyển, không vướng víu
Chống thấm nước và mồ hôi
Chống ồn cao
Thích hợp cho các hoạt động thể thao
Không gây nhức tai nghe nghe lâu
Báo rung nhắc nhở khi có cuộc gọi đến
Thiết kế cong hợp thời trang
Tương thích với mọi thiết điện thoại bị có bluetooth
Tích hợp Microphone cho khả năng đàm thoại trực tiếp trên tai nghe
Pin: 160mAh
Thời gian sạc đầy: 1.5h
Thời gian đàm thoại liên tục:15h
Thời gian nghe nhạc liên tục:14h
Chính hãng JOWAY bảo hành 12 tháng 1 đổi 1</pre>', 258, 'Joway', 'USED', 5.76465120668824, 11, 355000, 42, 4.6, 'https://vn-test-11.slatic.net/p/fd80bf27e26f33ae8c4590c08e90fcc2.jpg;https://vn-test-11.slatic.net/p/9fff1ef5481fa115cf2c3d9dcabf6dde.jpg;https://vn-test-11.slatic.net/p/ca2f1ecd282d7e59958eef85d7c8911a.jpg;https://vn-test-11.slatic.net/original/6a0a1d3a75c0fdfeafd4c350b092dcd5.jpg;https://vn-test-11.slatic.net/p/2/tai-nghe-bluetooth-joway-h09-den-hang-phan-phoi-chinh-thuc-0606-83542812-a9c4c1177efe6ed88506d4932fe991aa-catalog.jpg;https://vn-test-11.slatic.net/p/2/tai-nghe-bluetooth-joway-h09-den-hang-phan-phoi-chinh-thuc-6827-83542812-242546b0a42b634d33922e5a33dfea61-catalog.jpg;https://vn-test-11.slatic.net/p/2/tai-nghe-bluetooth-joway-h09-den-hang-phan-phoi-chinh-thuc-6827-83542812-5a78680e1c1123d4032d88bb79028152-catalog.jpg;', 410, 4);

INSERT INTO review (id, product_id, reviewer, rating, `comment`) VALUES(25800, 2580, 'Việt H.', 3, 'Chất lượng âm thanh tốt, âm bass good nhưng tremble ko được nét lắm. Dùng equalizer đẩy thử nhưng ko lên được. Nhìn chung vẫn nghe được khá rõ các tần âm, Nếu đẩy equalizer cho âm bass xuống bớt thì nghe cũng rất ổn. Thiết kế đẹp, nhỏ gọn, đeo tương đối thoải mái. mic bắt âm tốt, trao đổi phone ok. Thời gian sử dụng của pin theo mình thấy là ok. Thực tế mình chưa dùng đến mức hêta pin bao giờ. 1 ngày nghe nhạc khoảng 1 tiếng và đàm thoại trong ngày ko hết được pin. Tối về cắm sạc khoảng 1 tiếng là đầy. Đánh giá là phù hợp với giá, 5 sao.');

INSERT INTO review (id, product_id, reviewer, rating, `comment`) VALUES(25801, 2580, 'Cậu C.', 4, 'xài tốt. pin ổn .');

INSERT INTO review (id, product_id, reviewer, rating, `comment`) VALUES(25802, 2580, 'Quyền V.', 0, 'Dành cho các bạn đang thân vân về chất lượng nhé!
Sau 3 ngày sử dụng mình nhận ra các ưu nhược điểm như sau:
Ưu: +) Hàng chính hãng chất lượng cao, đeo khá "ngầu"
+) Pin cực trâu, dùng 3 ngày chưa phải sạc nữa
+) Âm thanh khá chất lượng, âm bass khỏi chê
+) Giá thành ổn, sao với chất lượng là quá tốt
1 số nhược điểm:
+) Cục tạ đằng sau hơi khó đeo, cần thời gian để làm quen
+) Quá nhiều tính năng, trong khi trên mạng quá ít hướng dẫn, cuốn hướng dẫn thì không đầu đủ lắm
+) Cái mặt sau của cục tạ thiết kế nhựa bóng, có vẻ hơi dễ xước
Về đánh giá chung, mình thấy sản phẩm quá tuyệt vời, sẽ ủng hộ Joway nhiều hơn!!');

INSERT INTO review (id, product_id, reviewer, rating, `comment`) VALUES(25803, 2580, 'Lazada Customer', 4, 'nhận hàng nguyên seal cảm nhận ban đầu là thiết kế đẹp từ vỏ hộp đến sản phẩm.Sau khi sử dụng tập gym thấy rất ổn. bass mạnh mẽ nghe nhạc gym rất phê, thời lượng pin cũng quá ngon luôn. Mình se trải nghiệm thêm và reiew cho ae nhé. hehe');

INSERT INTO review (id, product_id, reviewer, rating, `comment`) VALUES(25804, 2580, 'Đoàn Q.', 2, 'Dở tệ thường xuyên đứt kết nối bluetooth, âm thanh nghe nhạc rất hay nhưng khi nói chuyện lại không rõ lắm. dùng được đúng 1 tháng tự động không bật lên được nữa dù đã xạc đầy.');

INSERT INTO product (id, name, short_desc, full_desc, category_id, brand_name, status, weight, available_item, unit_price, discount_percent, avg_rating, img_url, total_rating, supplier_id) VALUES(2581, 'Tai nghe bluetooth thể thao JOWAY H05 - chống ồn cao cấp cho iPhone, Samsung, Android, Hỗ trợ đàm thoại 6h liên tục- Hãng phân phối chính thức', 'Tai nghe bluetooth thể thao JOWAY H05 - chống ồn cao cấp cho iPhone, Samsung, Android, Hỗ trợ đàm thoại 6h liên tục- Hãng phân phối chính thức', '<pre>Lưu ý: Từ 20/07 các đơn hàng có trị giá từ 99.000vnđ trở lên sẽ được miễn phí vận chuyển. Quý khách hãy mua thêm sản phẩm để nhận được ưu đãi từ Joway.
Chất liệu:Nhựa + Cao su tạo cảm giác mềm mại dễ chịu
phiên bản: V4.0 cho phép kết nối 10m.
Tương thích tất cả thiết bị có bluetooth như: điện thoại, máy tính bảng, máy tính xách tay, nhạc, phim, v.v.
Thời lượng đàm thoại dài từ4-6h
Thời gian chờ: 80h
Dung lượng pin: 75mAh cho thời gian sử dụng lâu dài
Thời gian sạc nhanh chóng: 1-2h bạn có thể tranh thủ sạc những lúc không cần dùng, không phải chờ đợi quá lâu
Mức độ ồn: Công nghệ chốngồn thông minh DSP Tích hợp micro HD, bạn sẽ không bị làm phiền khi đang sử dụng trong môi trường ồn ào
kích thước nhỏ gọn phù hợp tai cả nam và nữ
Chính hãng JOWAY bảo hành 12 tháng 1 đổi 1</pre>', 258, 'Joway', 'NEW', 4.68537341359222, 9, 221000, 42, 4.6, 'https://vn-test-11.slatic.net/p/1c2995f5a7b777957ee18fe33f98fb85.jpg;https://vn-test-11.slatic.net/p/2e3e3c38836b367bee23ffd060a8c300.jpg;https://vn-test-11.slatic.net/original/d18b16447b3ddec4f7fab35ae86a9832.jpg;https://vn-test-11.slatic.net/p/2/tai-nghe-bluetooth-joway-h05-ho-tro-dam-thoai-hang-phan-phoi-chinh-thuc-8829-52942812-1e67559627a762f4dad715d0a1b581d9-catalog.jpg;https://vn-test-11.slatic.net/p/2/tai-nghe-bluetooth-joway-h05-ho-tro-dam-thoai-hang-phan-phoi-chinh-thuc-8829-52942812-da5c90f3af2bcea95c75d5a5fd0417b4-catalog.jpg;https://vn-test-11.slatic.net/original/b117a8adcc19590d50e65cd6af870af0.jpg;https://vn-test-11.slatic.net/p/3ac76419a5f58b1a9fffa0c9639997dd.jpg;', 102, 8);

INSERT INTO review (id, product_id, reviewer, rating, `comment`) VALUES(25810, 2581, 'Lazada Customer', 3, 'Mình mới nhận dc hàng test âm thanh ok! Nhưng tai nghe ko lưu được pin! Sạc hơn 01 tiếng đồng hồ bằng sac Sam Sung xong ko dùng được, khả năng bj lõi pin ko lưu dc điện thoại');

INSERT INTO review (id, product_id, reviewer, rating, `comment`) VALUES(25811, 2581, 'Tran V.', 0, 'Chất lượng ok. Chỉ có gác tai là hơi yếu dễ gãy');

INSERT INTO review (id, product_id, reviewer, rating, `comment`) VALUES(25812, 2581, 'Lazada Customer', 0, 'đã sử dụng jabra mini có giá gấp 4 lần loại này nhưng chất lượng âm thanh và tiện ích thì không bằng');

INSERT INTO review (id, product_id, reviewer, rating, `comment`) VALUES(25813, 2581, 'Nguyễn T.', 4, 'về nghe nhạc: không hay, ồn.
về đàm thoại: rất tốt. bịt khẩu trang và đi đường xe cộ rất ồn nhưng bên kia vẫn nghe rất tốt lời mình nói. 
pin: khá trâu. xài 2 ngày liên tục mới hết.
khoảng cách: tầm 15-18m nghe tốt.
giá tiền: rẻ');

INSERT INTO review (id, product_id, reviewer, rating, `comment`) VALUES(25814, 2581, 'Lazada Customer', 4, 'Tot nghe hay');

INSERT INTO product (id, name, short_desc, full_desc, category_id, brand_name, status, weight, available_item, unit_price, discount_percent, avg_rating, img_url, total_rating, supplier_id) VALUES(2582, 'Tai nghe Bluetooth chuyên game di động PUBG, RULES OF SURVIVAL Joway H32 âm thanh vòm 360 độ, 3D nghe rõ mọi chuyển động trong game - Hãng phân phối chính thức', 'Tai nghe Bluetooth chuyên game di động PUBG, RULES OF SURVIVAL Joway H32 âm thanh vòm 360 độ, 3D nghe rõ mọi chuyển động trong game - Hãng phân phối chính thức', '<pre>Kết nối bluetooth chuẩn V4.1, khoảng cách tối đa 10m
Dòng tai nghe chuyên cho các game trên di động như PUBG,RULES OF SURVIVAL...
Hiệu ứng âm thanh nổi 3D khiến người chơi như lạc vào thế giới thật, giúp người chơi có ý thức rõ ràng hơn về hướng trong cảm giác nghe của trò chơi.
Tốc độ sạc nhanh, chỉ mất 1 giờ để sạc đầy, thời gian sử dụng liên tục lên đến 7h.
Thời gian nghe nhạc lên đến 6h liên tục
Khối lượng nhẹ tạo cảm giác đeo rất thoải mái khi sử dụng
Hỗ trợ micro có thể đàm thoại 2 chiều
Chính hãng Joway bảo hành 12 tháng</pre>', 258, 'Joway', 'USED', 5.019831288818038, 43, 359000, 42, 4.5, 'https://vn-test-11.slatic.net/p/e57687e9769883a387d7e979be8a0469.jpg;https://vn-test-11.slatic.net/p/a2030398e33192457e02f57567bc7c7a.jpg;https://vn-test-11.slatic.net/original/6da7cbb68ca97215f737379be6cbf024.jpg;https://vn-test-11.slatic.net/original/225b40452d42bbef9b9fafcda97be3e5.jpg;https://vn-test-11.slatic.net/original/2aa954972879efcac8f5498a7a44c1b8.jpg;https://vn-test-11.slatic.net/original/b09c6f823ceaf1d666f1567b4f47235d.jpg;https://vn-test-11.slatic.net/p/19eb49aef15eb7fc8dfb94ec2a7ec567.jpg;', 83, 1);

INSERT INTO review (id, product_id, reviewer, rating, `comment`) VALUES(25820, 2582, 'nguyen L.', 1, 'Sản phẩm chất lượng rất tốt bao bì đẹp, đóng gói cẩn thận. Sản phẩm có chất lượng âm thanh tốt, đáng đồng tiền bát gạo. Quá ngon trong phân khúc tai nghe giá rẻ');

INSERT INTO review (id, product_id, reviewer, rating, `comment`) VALUES(25821, 2582, 'nguyen L.', 2, 'Sản phẩm chất lượng rất tốt bao bì đẹp, đóng gói cẩn thận. Sản phẩm có chất lượng âm thanh tốt, đáng đồng tiền bát gạo. Quá ngon trong phân khúc tai nghe giá rẻ');

INSERT INTO review (id, product_id, reviewer, rating, `comment`) VALUES(25822, 2582, 'nguyen L.', 4, 'Sản phẩm chất lượng rất tốt bao bì đẹp, đóng gói cẩn thận, shop có tâm có cả thiệp chúc Tết và tặng thẻ tích điểm. Sản phẩm có chất lượng âm thanh tốt, đáng đồng tiền bát gạo. Quá ngon trong phân khúc tai nghe giá rẻ');

INSERT INTO review (id, product_id, reviewer, rating, `comment`) VALUES(25823, 2582, 'nguyen L.', 0, 'Sản phẩm chất lượng rất tốt bao bì đẹp, đóng gói cẩn thận, shop có tâm có cả thiệp chúc Tết và tặng thẻ tích điểm. Sản phẩm có chất lượng âm thanh tốt, đáng đồng tiền bát gạo. Quá ngon trong phân khúc tai nghe dưới năm trăm k');

INSERT INTO review (id, product_id, reviewer, rating, `comment`) VALUES(25824, 2582, 'nguyen L.', 3, 'Sản phẩm chất lượng rất tốt bao bì đẹp, đóng gói cẩn thận, shop có tâm có cả thiệp chúc Tết và tặng thẻ tích điểm. Sản phẩm có chất lượng âm thanh tốt, đáng đồng tiền bát gạo. Quá ngon trong phân khúc tai nghe dưới 500k');

INSERT INTO product (id, name, short_desc, full_desc, category_id, brand_name, status, weight, available_item, unit_price, discount_percent, avg_rating, img_url, total_rating, supplier_id) VALUES(2583, 'Tai nghe chụp tai Sony XB-450', 'Tai nghe chụp tai Sony XB-450', '<pre>Tai nghe chụp tai có dây XB-450với thiết kế chụp tai trẻ trung và cá tính thích hợp với mọi hoạt động như: giải trí; làm việc...
Kết nối jack 3.5mm thông dụng tương thích với mọi thiết bị
Âm thanh tốt, nghe nhạc siêu đỉnh
Thiết kế chụp tai, đệm tai êm ái, thoải mái
Giao màu ngẫu nhiên</pre>', 258, 'No Brand', 'NEW', 5.432506438366933, 11, 64000, 42, 4.7, 'https://vn-test-11.slatic.net/p/70d77a82aab90fe6f7d2a61759479a4a.jpg;https://vn-test-11.slatic.net/p/47e8815cb8385cb1d0af9909cede57de.jpg;https://vn-test-11.slatic.net/original/751ce6a490462280e047482e82f847a1.jpg;https://vn-test-11.slatic.net/original/c80cf7af3e5835a2595aa5464c74c7d7.jpg;https://vn-test-11.slatic.net/original/1cf5114727574e8f7fb4692f31dfd3db.jpg;https://vn-test-11.slatic.net/original/8b5a2181645d8cc2f1b46ca5ea227a5d.jpg;https://vn-test-11.slatic.net/original/57c52655d7a945cc0ab150f1638eeab4.jpg;https://vn-test-11.slatic.net/original/8cab61d20357640bad75d2f50494b613.jpg;', 259, 6);

INSERT INTO review (id, product_id, reviewer, rating, `comment`) VALUES(25830, 2583, 'Trần T.', 1, 'Tai nghe này tốt nhất tầm giá rồi, chuẩn Bass căng đét, nhưng k biết do shiper hay shop đóng gói vận chuyển k tốt lên hộp bị móp méo');

INSERT INTO review (id, product_id, reviewer, rating, `comment`) VALUES(25831, 2583, 'thanhdo', 0, 'trong tầm giá thì chất lượng này là tốt rồi. thank shop tặng shop 5 sao và đặt thêm cái màu đen nữa, cod gì shop test và gửi hàng sớm nhá');

INSERT INTO review (id, product_id, reviewer, rating, `comment`) VALUES(25832, 2583, 'Nguyễn P.', 2, 'Sản phẩm tốt');

INSERT INTO review (id, product_id, reviewer, rating, `comment`) VALUES(25833, 2583, 'linh', 1, 'nhìn cũng đẹp, ok. test thử cũng ổn.');

INSERT INTO review (id, product_id, reviewer, rating, `comment`) VALUES(25834, 2583, 'Nông T.', 3, 'tai nghe dùng tốt. nh tai nghe ko có lỗ thông gió nên nghe giọng nói ko đc trong.nói chung nghe nhạc thì tốt, hộp giao hơi móp méo chắc là do vận chuyển nh sp dùng tốt');

INSERT INTO product (id, name, short_desc, full_desc, category_id, brand_name, status, weight, available_item, unit_price, discount_percent, avg_rating, img_url, total_rating, supplier_id) VALUES(2584, 'Tai nghe HiFi lõi kép siêu bass', 'Tai nghe HiFi lõi kép siêu bass', '<pre>Cam kết bảo hành 1 đổi 1 trong 7 ngày
Tương thích tất cả điệ thoại sử dụng jack tai nghe 3.5 / 4 khấc
Chất lượng âm thanh sống động, trung thực, không gây đau tai.
Thiết kế sắc xảo, gia công tinh xảo, chắc liệu mềm dẽo, bền đẹp.
Chất lượng âm thanh tuyệt vời, sợi dây tốt hơn, bền hơn, đầu có đệm
mút chắc chắn tuyệt vời.
Tai nghe với âm bass tốt, độ trong vừa phải.
Dây dài: 1.2 mét</pre>', 258, 'No Brand', 'USED', 1.061121048381035, 37, 41000, 42, 4.6, 'https://vn-test-11.slatic.net/p/2e8423af8b0546ce280eebf674ce282c.jpg;https://vn-test-11.slatic.net/original/133a149c83fe5f4e17442e86a57ca38d.jpg;https://vn-test-11.slatic.net/original/1f1e2109ce5e48ef9fab706b289adf21.jpg;https://vn-test-11.slatic.net/original/8e95f54f3fdbce31f433c20d6a8830fc.jpg;https://vn-test-11.slatic.net/original/5030874689c3ce7abdcc16fd1114ad4d.jpg;https://vn-test-11.slatic.net/original/93110e9590fd88613bcaf76b86380913.jpg;https://vn-test-11.slatic.net/p/82020a1121baf16c72aca8e19eae7ea1.jpg;https://vn-test-11.slatic.net/p/8936f271fe6213de4bf3ae2c71b60e2e.jpg;', 933, 4);

INSERT INTO review (id, product_id, reviewer, rating, `comment`) VALUES(25840, 2584, 'thanhdo', 1, 'đầy đủ phụ kiện, trong tầm giá thì quá ưng rồi, vừa đẹp lại vừa rẻ, giao hàng nhanh, dùng thử thời gian thấy rất tôt mọi người nên mua');

INSERT INTO review (id, product_id, reviewer, rating, `comment`) VALUES(25841, 2584, 'thai91', 0, 'mình mới nhận được hàng cũng có vài lời nhận xét. nhìn tổng thể hàng khá là tốt và ưng ý, tai nghe bass khá tốt, đàm thoại thì nghe rõ. Còn shop tư vấn nhiệt tình, giao hàng nhanh nói chung là uy tín mọi người nên mua');

INSERT INTO review (id, product_id, reviewer, rating, `comment`) VALUES(25842, 2584, 'Long M.', 4, 'Giao hàng có hơi lâu, đóng gói sản phẩm tạm. Giá rẻ nhưng chất lượng rất ok, đầy đủ phụ kiện như bao đựng, đầu mút để thay, đã thế lại còn được tặng kèm giá đỡ đt nữa. Nói thật chưa bao giờ mua tai nghe rẻ mà được tặng nhiều phụ kiện đi kèm như thế. Tai nghe ổn, âm bass tạm đc so với 1 tai nghe giá rẻ như này, tai nghe cũng đẹp nữa, còn độ bền phải 1 thời gian mới biết. Với lại shop phục vụ rất tốt. Chung quy là NGON, BỔ, RẺ. Sau này sẽ ủng hộ shop thêm');

INSERT INTO review (id, product_id, reviewer, rating, `comment`) VALUES(25843, 2584, 'Phước H.', 4, 'hàng tốt so với tầm giá, nghe khá hay. 1 điểm trừ là giao hàng khá là lâu -.-');

INSERT INTO review (id, product_id, reviewer, rating, `comment`) VALUES(25844, 2584, 'yến N.', 0, 'hàng tốt ạ, nhìn rất là đẹp shop ạ đúng như quảng cáo. tai nghe nhỏ gọn và được bọc lớp ngoài nên rất bền ạ. thanks shop nhiều');

INSERT INTO product (id, name, short_desc, full_desc, category_id, brand_name, status, weight, available_item, unit_price, discount_percent, avg_rating, img_url, total_rating, supplier_id) VALUES(2585, 'tai nghe bass ấm x68', 'tai nghe bass ấm x68', '<pre>dải bass trầm
nghe ấm
không đau tai
đệm mút bền không bị bong tróc
thiết kế thời trang
bảo hành dài hạn</pre>', 258, 'No Brand', 'NEW', 6.73480226246425, 18, 99000, 42, 4.3, 'https://vn-test-11.slatic.net/original/815fa19e61a5b0478ccfeb473f6cf0b3.jpg;https://vn-test-11.slatic.net/original/2756ed56721ffb8576ffddb4795c75e4.jpg;https://vn-test-11.slatic.net/original/f6935aad1fdf8a8dfaf5fa8591e2c15c.jpg;', 80, 3);

INSERT INTO review (id, product_id, reviewer, rating, `comment`) VALUES(25850, 2585, 'Hung L.', 1, 'gói hàng đẹp , giao hàng nhanh , chất lượng tốt giá lại tốt.');

INSERT INTO review (id, product_id, reviewer, rating, `comment`) VALUES(25851, 2585, 'Ngáo N.', 0, '');

INSERT INTO review (id, product_id, reviewer, rating, `comment`) VALUES(25852, 2585, 'Đức S.', 4, 'thôi nhé, nhin hàng rách nát v');

INSERT INTO review (id, product_id, reviewer, rating, `comment`) VALUES(25853, 2585, 'Thành K.', 0, 'nghe hay chất lượng');

INSERT INTO review (id, product_id, reviewer, rating, `comment`) VALUES(25854, 2585, 'Lazada Customer', 0, 'sp tốt , chỉ là chọn màu đen mà khi nhận lại là màu vàng không hài lòng với điều này....');

INSERT INTO product (id, name, short_desc, full_desc, category_id, brand_name, status, weight, available_item, unit_price, discount_percent, avg_rating, img_url, total_rating, supplier_id) VALUES(2586, '[HÀNG XỊN GIÁ SỐC] Tai Nghe Bluetooth i7S TWS, Tai nghe Bluetooth không dây i7S TWS, Tai nghe không dây, tai nghe giá rẻ, tai nghe bluetooth cho Iphone, oppo, xiaomi, samsung... [GoodShop4u]', '[HÀNG XỊN GIÁ SỐC] Tai Nghe Bluetooth i7S TWS, Tai nghe Bluetooth không dây i7S TWS, Tai nghe không dây, tai nghe giá rẻ, tai nghe bluetooth cho Iphone, oppo, xiaomi, samsung... [GoodShop4u]', '<pre>Bộ sản phẩm đầy đủ bao gồm 2 Tai Nghe + 01 Cốc Sạc + 01 Dây Sạc.
Thiết kế độc đáo, sang trọng, tinh tế không sánh với hàng rẻ tiền.
Âm thanh cực chất, đảm bảo làm hài lòng đối với cả những khách hàng khó tính nhất.
Chức năng giảm tiếng ồn từ môi trường khi sử dụng tai nghe (Đàm thoại)
Sản phẩm chỉ có màu trắng tinh khôi.</pre>', 258, 'OEM', 'NEW', 7.641181126598642, 60, 93000, 42, 4.4, 'https://vn-test-11.slatic.net/p/947abd0f0b0e5517cf30a9176766455b.jpg;https://vn-test-11.slatic.net/original/dca13114cfd1a6a393595a13dd0b3027.jpg;https://vn-test-11.slatic.net/original/28b590c955db5dd6ff750f4fafab3a16.jpg;https://vn-test-11.slatic.net/original/c5787963d59afbab84eee41826b81b0e.jpg;https://vn-test-11.slatic.net/original/8d2c58b9f933df9bcb2235a719cb8404.jpg;https://vn-test-11.slatic.net/original/708678d3eccaf6fdfd3d307d0aaa8e31.jpg;https://vn-test-11.slatic.net/original/8bbaa1177024b109b3ea130947d1f8d4.jpg;', 863, 4);

INSERT INTO review (id, product_id, reviewer, rating, `comment`) VALUES(25860, 2586, 'Hà S.', 1, 'toi ko thich ban hang kieu nay');

INSERT INTO review (id, product_id, reviewer, rating, `comment`) VALUES(25861, 2586, 'trần N.', 2, 'rất tốt giá cả quá hời  cám ơn shop một năm mới an khang thịnh vượng');

INSERT INTO review (id, product_id, reviewer, rating, `comment`) VALUES(25862, 2586, 'Jason Z.', 1, 'Shipment  received . They work fine . Easy to pair. Quality, you get what you pay for. I don''t have any complaints I''m going to order a few more for family and friends .');

INSERT INTO review (id, product_id, reviewer, rating, `comment`) VALUES(25863, 2586, 'Anh Đ.', 3, 'Đóng hộp đẹp, sản phẩm nhìn khá ok. Hơi to so với bình thường. Cổng sạc sẽ là micro thay vì là ligtning như chính hãng, cũng phải thôi, có 100k thôi mà :)))');

INSERT INTO review (id, product_id, reviewer, rating, `comment`) VALUES(25864, 2586, 'Tâm T.', 4, 'chờ nhận hàng hơi lâu...nhưng..shop gửi hàng đúng mẫu mã.có sách hướg dẫn phụ kiện sạc đầy đủ.');

INSERT INTO product (id, name, short_desc, full_desc, category_id, brand_name, status, weight, available_item, unit_price, discount_percent, avg_rating, img_url, total_rating, supplier_id) VALUES(2587, '(XẢ KHO 3 NGÀY) Tai nghe bluetooth P47 có khe cắm thẻ nhớ - Âm Thanh Đỉnh Cao', '(XẢ KHO 3 NGÀY) Tai nghe bluetooth P47 có khe cắm thẻ nhớ - Âm Thanh Đỉnh Cao', '<pre>Tai nghe bluetooth P47 có thể sử dụng bluetooth và cũng có thể dùng trực tiếp dây nối vào thiết bị- Chất lượng âm thanh tuyệt hảo, siêu bas. Âm thanh trung thực, sống động, nhiều âm Bass, phù hợp với những bản nhạc sôi động và cá tính đặc biệt với kết nối không dây bằng bluetooth với các thiết bị như điện thoại, laptop tiện lợi, gọn nhẹ và sự kết hợp giữ- Tai nghe có loa - Kết nối không dây với các thiết bị Bluetooth. ngoài.- Tương thích với hầu hết điện thoại Smatphone và Laptop, máy tính bàn, máy nghe nhạc và tất cả các thiết bị có hỗ trợ bluetooth stereo audio.- Khoảng cách bắt xa lên đến 10m.- Sử dụng như một tai nghe điện thoại với các chức năng nghe gọi.- Hỗ trợ thẻ nhớ TF card : 128 MB đến 32 GB - Nghe đài FM với âm thanh radio high-quality stereo.- Chuẩn Bluetooth A2DP cho chất lượng âm thanh stereo tương đương với tai nghe có dây.- Bộ phụ kiện đi kèm như dây sạc để sạc cho thiết bị, dây kết nối dài chuẩn 3.5mm dùng cho mọi điện thoại và laptop- Sạc thông qua USB, pin sạc, thuận tiện và thiết thực;- Thời gian Playing lên đến 6 giờ, và tiếp tục thời gian thoại lên đến 5-6 giờ, thời gian chờ lên đến 150 giờ;- Quý Khách Lưu Ý "Shop Giao Màu Ngẫu Nhiên"</pre>', 258, 'OEM', 'USED', 6.371617491361801, 93, 99000, 42, 4.5, 'https://vn-test-11.slatic.net/original/8a86a2295d8f2a7e983a45e3d1f6955a.jpg;https://vn-test-11.slatic.net/original/22a553d8340b6d1edb301fa0ee19768d.jpg;https://vn-test-11.slatic.net/original/5edfd5cab65c7f19247945adcbb433ff.jpg;', 554, 3);

INSERT INTO review (id, product_id, reviewer, rating, `comment`) VALUES(25870, 2587, 'Lazada Customer', 0, 'đóng gói cẩn thận ,âm thanh nghe rất hay max to ');

INSERT INTO review (id, product_id, reviewer, rating, `comment`) VALUES(25871, 2587, 'Mạnh K.', 2, 'vừa mua về đã hỏng luân rồi');

INSERT INTO review (id, product_id, reviewer, rating, `comment`) VALUES(25872, 2587, 'Đặng M.', 2, '');

INSERT INTO review (id, product_id, reviewer, rating, `comment`) VALUES(25873, 2587, 'Đat N.', 4, '');

INSERT INTO review (id, product_id, reviewer, rating, `comment`) VALUES(25874, 2587, 'Quỳnh C.', 4, 'taj tak nghe dùng ok.chủ yếu nghe bằng Bluetooth thôi còn nghe bằng thẻ nhớ thì rè lắm chỉ mở nửa mức thôi.nói chung hàng tốt bới tầm giá này rồi bass phê thấm nhưng dùng đc 3 hôm là tai to tai nhỏ');

INSERT INTO product (id, name, short_desc, full_desc, category_id, brand_name, status, weight, available_item, unit_price, discount_percent, avg_rating, img_url, total_rating, supplier_id) VALUES(2588, 'Tai nghe Bluetooth BL1 - Hàng nhập khẩu', 'Tai nghe Bluetooth BL1 - Hàng nhập khẩu', '<pre>Tai nghe Bluetooth BL1siêu nhỏ gọn, hợp thời trang
Được trang bị loa trầm công suất lớn cho âm thanhcực đỉnh
Phạm vi kết nối rộng lên đến 10m, cho đường truyền ổn định
Pin có dung lượng lớn giúp ta đàm thoại hay nghe nhạc lâu hơn
Trang bị thêm Dock sạc 300mAh ta có thể sạc mọi lúc mọi nơi
Dễ sử dụng, kết nối được nhiều thiết bị (điện thoại, Ipad, máy tính, ...)
Nhiều màu cho ta chọn lựa: màu trắng, màu đen, màu kem</pre>', 258, 'OEM', 'USED', 3.2799867354764807, 5, 149000, 42, 4.8, 'https://vn-test-11.slatic.net/original/0a4d9437076c1c5e65fb28fe03ba795e.jpg;https://vn-test-11.slatic.net/original/666f417fe6945eeee2c8d3a8fb1ef280.jpg;https://vn-test-11.slatic.net/original/85828695da8737c57be5b5119b45cea0.jpg;https://vn-test-11.slatic.net/original/226d7c8ce983be5b441c4c030e68148d.jpg;https://vn-test-11.slatic.net/original/e9a1597ed0eadc5ef8486c95ba79fe40.jpg;', 225, 9);

INSERT INTO review (id, product_id, reviewer, rating, `comment`) VALUES(25880, 2588, 'Mai V.', 2, 'Hang đeo.đong goi tốt.shop giao hang nhanh');

INSERT INTO review (id, product_id, reviewer, rating, `comment`) VALUES(25881, 2588, 'trang', 1, 'nghe rất ổn!!! nhỏ nhỏ xinh xinh');

INSERT INTO review (id, product_id, reviewer, rating, `comment`) VALUES(25882, 2588, 'Nguyễn T.', 1, 'hàng ngon bổ rẻ, thấy chất lượng,rẻ mà pin trâu, bao bì cẩn thận giao hàng nhanh, lên cho shop 5* ủng hộ');

INSERT INTO review (id, product_id, reviewer, rating, `comment`) VALUES(25883, 2588, 'Luân', 0, 'Hàng rất rất Ok vs giá tiền ạ...nghe rất ok...pin thì nghe dc 5-6tiếng ln á....rất ngon nha mọi người... và sẽ mua thêm mấy cái nữa');

INSERT INTO review (id, product_id, reviewer, rating, `comment`) VALUES(25884, 2588, 'Thủy T.', 4, 'Đã nhận được hàng. lúc đầu đặt mua còn ngần ngại ko biết chất lượng ntn. Bây giờ hàng đã đến mới test.. rất ok.. âm thanh hay, rõ, bass ấm khi nhét sát vào. Có đều âm thanh mở max chỉ đạt khoảng 90%. vote 5 sao');

INSERT INTO product (id, name, short_desc, full_desc, category_id, brand_name, status, weight, available_item, unit_price, discount_percent, avg_rating, img_url, total_rating, supplier_id) VALUES(2589, 'Tai nghe nhét tai chuyên Android thế hệ mới (Nhiều màu)', 'Tai nghe nhét tai chuyên Android thế hệ mới (Nhiều màu)', '<pre>Dây tai nghe được làm bằng cao su cao cấp, chất dây mềm mịn - Chất lượng âm thanh nhiều bass, treble nghe sâu, 2 bên tai trái phải phân biệt rõ ràng - Tai chính hãng được sản xuất bằng nhựa cao cấp, nhìn bóng và sáng, chất nhựa mịn, hầu như không có nhựa thừa - Độ bền cao, có khả năng chống mồ hôi và nước. - Điều khiển nhạc, video, chụp ảnh. - Tính năng trả lời và kết thúc cuộc gọi bằng tai nghe.</pre>', 258, 'OEM', 'USED', 5.202959771421705, 75, 18500, 42, 4.3, 'https://vn-test-11.slatic.net/original/444725778b69bfd48f319cff3228dbf6.jpg;https://vn-test-11.slatic.net/original/56db4592a2bfc6aa01b2f462d25a8025.jpg;https://vn-test-11.slatic.net/original/b27b752f6b6ad8ef58e1efd9351ff529.jpg;https://vn-test-11.slatic.net/original/9b24de48121a31672456cae559ced1a5.jpg;', 55, 5);

INSERT INTO review (id, product_id, reviewer, rating, `comment`) VALUES(25890, 2589, 'Bé R.', 0, 'Như mẫu nghe nhạc rõ lắm');

INSERT INTO review (id, product_id, reviewer, rating, `comment`) VALUES(25891, 2589, 'Ác N.', 4, 'sản phẩm rất tốt');

INSERT INTO review (id, product_id, reviewer, rating, `comment`) VALUES(25892, 2589, 'Tú P.', 1, '5 sao ko nói nhiều !');

INSERT INTO review (id, product_id, reviewer, rating, `comment`) VALUES(25893, 2589, 'pham T.', 0, 'hang nghe duoc tot');

INSERT INTO review (id, product_id, reviewer, rating, `comment`) VALUES(25894, 2589, 'Đoàn Q.', 2, 'Màu tím mà shop giao về 7 màu, nhưng dùng cũng được. Cho shop 5 ngôi sao nè');

INSERT INTO product (id, name, short_desc, full_desc, category_id, brand_name, status, weight, available_item, unit_price, discount_percent, avg_rating, img_url, total_rating, supplier_id) VALUES(25810, 'Tai nghe bluetooth nhét tai không dây M-165 cao cấp', 'Tai nghe bluetooth nhét tai không dây M-165 cao cấp', '<pre>Công nghệ Bluetooth V4.1
Công nghệ chống ồn hiệu quả
Đảm bảo an toàn tuyệt đối về mức sóng từ
Âm thanh chất lượng
Hỗ trợ đàm thoại liên tục lên đến 3 giờ
Thời gian chờ lên đến 100 giờ</pre>', 258, 'OEM', 'USED', 2.1797640481568212, 45, 28000, 42, 4.3, 'https://vn-test-11.slatic.net/p/2/tai-nghe-bluetooth-nhet-tai-khong-day-m-165-cao-cap-6630-21729761-8b79ce51a23488fa8b21b178a76386c7-catalog.jpg;https://vn-test-11.slatic.net/original/5e448fa849fe3e7ff579d133d14cbdee.jpg;https://vn-test-11.slatic.net/original/9f170eb455776b76b2f679941fc3a3ae.jpg;', 686, 8);

INSERT INTO review (id, product_id, reviewer, rating, `comment`) VALUES(258100, 25810, 'Lazada Customer', 1, 'Tai nghe quá tốt trong tầm giá, kêt nối nhanh và xa 10 mét vẫn nghe ổn. Chỉ có hình thức không được mới lắm, vỏ nhựa dễ trầy xước.');

INSERT INTO review (id, product_id, reviewer, rating, `comment`) VALUES(258101, 25810, 'Hữu N.', 2, 'nghe ok nhưng pin sử dụng k lâu như mong đợi nói chung nen mua');

INSERT INTO review (id, product_id, reviewer, rating, `comment`) VALUES(258102, 25810, 'Lazada Customer', 1, 'nổ');

INSERT INTO review (id, product_id, reviewer, rating, `comment`) VALUES(258103, 25810, 'Pham T.', 3, 'Giao hàng nhanh, đúng mô tả, chất lượng tốt.');

INSERT INTO review (id, product_id, reviewer, rating, `comment`) VALUES(258104, 25810, 'Lê A.', 4, 'sản phẩm được nhưng nghe khoảng cách chưa được 5m là rè, âm thanh hơi rè nhưng phù hợp với giá tiền. giá rẻ thì không đòi hỏi nhiều hơn.');

INSERT INTO product (id, name, short_desc, full_desc, category_id, brand_name, status, weight, available_item, unit_price, discount_percent, avg_rating, img_url, total_rating, supplier_id) VALUES(25811, 'Tai nghe BLUETOOTH nhét tai mini 530', 'Tai nghe BLUETOOTH nhét tai mini 530', '<pre>Công nghệ Bluetooth V4.1
Công nghệ chống ồn hiệu quả
Đảm bảo an toàn tuyệt đối về mức sóng từ
Âm thanh chất lượng
Hỗ trợ đàm thoại liên tục lên đến 3 giờ
Thời gian chờ lên đến 100 giờ</pre>', 258, 'OEM', 'NEW', 1.0861716869155056, 76, 28000, 42, 4.0, 'https://vn-test-11.slatic.net/p/2/tai-nghe-bluetooth-nhet-tai-mini-530-6628-97629761-24d03a056a28663dd1b9493264ee3d54-catalog.jpg;https://vn-test-11.slatic.net/original/11ec495043f6694cd49bf6574aab26f5.jpg;https://vn-test-11.slatic.net/original/99d87992a980e21edc1574addc9f0e38.jpg;', 267, 8);

INSERT INTO review (id, product_id, reviewer, rating, `comment`) VALUES(258110, 25811, 'Dân N.', 4, 'giao hàng nhanh hơn dự kiến,nhiệt tình nhưng sản phẩm chỉ dùng được 2h là hết pin chứ không như quảng cáo là 3h rất mong nhà bán hàng xem lại quảng cáo cho chính xác');

INSERT INTO review (id, product_id, reviewer, rating, `comment`) VALUES(258111, 25811, 'Nguyen T.', 0, 'Tốt nhưng sao kết nối với đồng hồ thông minh  không được chỉ để kết nối vậy điện thoại thôi. Nhưng vs giá như vậy là quá tốt rồi .Nên mua');

INSERT INTO review (id, product_id, reviewer, rating, `comment`) VALUES(258112, 25811, 'nguyenphuocloc', 2, 'toi nhan duoc 2 cai 1 cai thu song rat tot 10m rat tiec la con lai 1cai thi khoan Chung 5m nhung ko sao gia tien nhu vay la on roi goi hang rat can than   cam on  shop va nha van chuyen nhieu');

INSERT INTO review (id, product_id, reviewer, rating, `comment`) VALUES(258113, 25811, 'Phượng T.', 3, 'đúng mẫu tốt');

INSERT INTO review (id, product_id, reviewer, rating, `comment`) VALUES(258114, 25811, 'Nhã P.', 2, 'chưa lm j kết nối k đc với sạc cũng lên đèn đc k ts 5p r tắt');

INSERT INTO product (id, name, short_desc, full_desc, category_id, brand_name, status, weight, available_item, unit_price, discount_percent, avg_rating, img_url, total_rating, supplier_id) VALUES(25812, 'Tai nghe nhét tai cực bass HTD09 (Nhiều màu)', 'Tai nghe nhét tai cực bass HTD09 (Nhiều màu)', '<pre>Dây tai nghe được làm bằng cao su cao cấp, chất dây mềm mịn - Chất lượng âm thanh nhiều bass, treble nghe sâu, 2 bên tai trái phải phân biệt rõ ràng - Tai chính hãng được sản xuất bằng nhựa cao cấp, nhìn bóng và sáng, chất nhựa mịn, hầu như không có nhựa thừa - Độ bền cao, có khả năng chống mồ hôi và nước. - Điều khiển nhạc, video, chụp ảnh. - Tính năng trả lời và kết thúc cuộc gọi bằng tai nghe.</pre>', 258, 'Hongkong electronics', 'USED', 1.9493794409425091, 22, 25000, 42, 4.7, 'https://vn-test-11.slatic.net/original/67a9bb7ec346de1d86b2295f694636e7.jpg;https://vn-test-11.slatic.net/original/d4e45c333382ab46403717977eecf865.jpg;https://vn-test-11.slatic.net/original/f0eabccc362880fb4069799fd995447a.jpg;', 321, 4);

INSERT INTO review (id, product_id, reviewer, rating, `comment`) VALUES(258120, 25812, 'Yến N.', 1, 'tai nghe cực cực tốt, bass ấm,  tress hay,nói chung ko có gì phải chê, bạn nào đang cân nhắc thì mua luôn đi nhé kẻo hết lại phí ak nha ');

INSERT INTO review (id, product_id, reviewer, rating, `comment`) VALUES(258121, 25812, 'Huy Q.', 1, 'nghe nhạc khá tốt');

INSERT INTO review (id, product_id, reviewer, rating, `comment`) VALUES(258122, 25812, 'Voc T.', 1, 'nghe rất êm');

INSERT INTO review (id, product_id, reviewer, rating, `comment`) VALUES(258123, 25812, 'Hoàng T.', 3, '->giao hàng nhanh;
->mua ba sản phẩm mà có mỗi hai hộp, sản phẩm thứ 3 được bỏ chung ở ngoài;
->vỏ hộp đựng sản phẩm bị rách;
->vì ko có cái hộp thứ ba nên muốn đổi trả là không được;
->âm thanh ổn , nghe dc, mic ok cho ba sản phẩm;
->nhưng dây khá mỏng, không dày và khó đứt như mấy tên đánh giá 5 sao đâu.
->tạm hài lòng với mức giá;');

INSERT INTO review (id, product_id, reviewer, rating, `comment`) VALUES(258124, 25812, 'bùi Đ.', 1, '');

INSERT INTO product (id, name, short_desc, full_desc, category_id, brand_name, status, weight, available_item, unit_price, discount_percent, avg_rating, img_url, total_rating, supplier_id) VALUES(25813, '[Sale 50%] Tai nghe thể thao Bluetooth Sports Headset S8 + Tặng dây sạc', '[Sale 50%] Tai nghe thể thao Bluetooth Sports Headset S8 + Tặng dây sạc', '<pre>Kiểu dáng mạnh mẽ, thời trang cuốn hút giúp bạn luôn năng động trong mọi hoạt động
Kết nối Bluetooth 4.1+EDR giúp khả năng kết nối nhanh, mạnh và xa với bán kính 10m , không bị rè hay tín hiệu kém
Kiểu tai S8 nên đeo rất thoải mái, bám tai tốt, không bị khó chịu khi nghe lâu
Nam châm từ tính 2 bên hút nhau tạo vòng đeo giúp giảm hoàn toàn trọng lượng 2 bên tai, thoải mái hoạt động và khi không dùng đến.
Công nghệ Bluetooth : V4.0
Khoảng cách sử dụng : 10m
Thời gian đàm thoại : 6h
Thời gian chờ : 120h
Thời gian sạc: 2h
Trọng lượng : 7.4g</pre>', 258, 'OEM', 'NEW', 7.604375358410948, 60, 42000, 42, 4.6, 'https://vn-test-11.slatic.net/original/738dca9d4866d950e4672f3fd8579d8e.jpg;https://vn-test-11.slatic.net/original/734593c8a3d7db39f693c9ae9794a889.jpg;https://vn-test-11.slatic.net/original/67171709c5b2d2964a2f8fd7395d1e32.jpg;https://vn-test-11.slatic.net/original/d1fa61fb5b20481edd8ddfe1d8b9a0d9.jpg;https://vn-test-11.slatic.net/original/3118f2ea0529eb7671802ff1c1b870bb.jpg;', 38, 7);

INSERT INTO review (id, product_id, reviewer, rating, `comment`) VALUES(258130, 25813, 'Hoàng V.', 1, 'Hàng dùng rất tốt, đóng gói nguyên vẹn, có sản phẩm tặng kèm. Mong shop cứ tiếp tục phát huy nhé');

INSERT INTO review (id, product_id, reviewer, rating, `comment`) VALUES(258131, 25813, 'Xuân V.', 0, '');

INSERT INTO review (id, product_id, reviewer, rating, `comment`) VALUES(258132, 25813, 'Nguyễn Đ.', 2, 'Sản phẩm như hình mô tả.Xài tốt');

INSERT INTO review (id, product_id, reviewer, rating, `comment`) VALUES(258133, 25813, 'Kubo K.', 2, 'đã nhận dc hàng, tốt...cần thời gian xem xét');

INSERT INTO review (id, product_id, reviewer, rating, `comment`) VALUES(258134, 25813, 'Cong N.', 3, 'hàng không chất lượng');

INSERT INTO product (id, name, short_desc, full_desc, category_id, brand_name, status, weight, available_item, unit_price, discount_percent, avg_rating, img_url, total_rating, supplier_id) VALUES(25814, 'Tai nghe cho điện thoại Samsung J7 Pro(trắng) - Cam Kết Zin Chính Hiệu', 'Tai nghe cho điện thoại Samsung J7 Pro(trắng) - Cam Kết Zin Chính Hiệu', '<pre>Chất lượng âm thanh stereo với âm bass mạnh mẽ
Dây cáp được làm bằng chất liệu kim loại rất chắc chắn
Đầu tai nghe được thiết kế mềm mại tạo cảm giác thoải mái khi đeo lâu
Microphone tích hợp đồng thời là một chiếc remote
Hỗ trợ tương thích nhiều dòng iphone
Chất lượng âm thanh stereo với âm bass mạnh mẽ
Dây cáp được làm bằng chất liệu kim loại rất chắc chắn
Đầu tai nghe được thiết kế mềm mại tạo cảm giác thoải mái khi đeo lâu
Microphone tích hợp đồng thời là một chiếc remote
Hỗ trợ tương thích nhiều dòng iphone</pre>', 258, 'Samsung', 'USED', 5.301943156383905, 26, 16900, 42, 4.6, 'https://vn-test-11.slatic.net/p/9ab5eba689c0d6976c69b4faaedffdab.jpg;https://vn-test-11.slatic.net/p/0e07b4aad2d236628df238a400820034.jpg;https://vn-test-11.slatic.net/p/e6a26f00996b5c352baba4292242bac6.jpg;https://vn-test-11.slatic.net/p/cc41acbc1a70e0201e224451db501612.jpg;https://vn-test-11.slatic.net/p/0b368de7f9215f7a433db97423037ded.jpg;https://vn-test-11.slatic.net/original/844a6097a9433e01b9f4dc7fae366b17.jpg;', 178, 8);

INSERT INTO review (id, product_id, reviewer, rating, `comment`) VALUES(258140, 25814, 'Abdoul M.', 0, 'Đã nhận hàng nghe rõ tốt. Thời gian sử dụng lâu ko biết sao. Nhưng với mức giá 17k như vậy là quá ok . Tks shop ủng hộ tiếp tục.');

INSERT INTO review (id, product_id, reviewer, rating, `comment`) VALUES(258141, 25814, 'Minh P.', 0, 'chất lượng tốt đóng gói hàng kỹ');

INSERT INTO review (id, product_id, reviewer, rating, `comment`) VALUES(258142, 25814, 'Lazada Customer', 4, 'very good, delivered on time!');

INSERT INTO review (id, product_id, reviewer, rating, `comment`) VALUES(258143, 25814, 'Ly N.', 3, '');

INSERT INTO review (id, product_id, reviewer, rating, `comment`) VALUES(258144, 25814, 'phan T.', 3, 'mua 3 cái trong đó có 1 cái hư công tắc dừng- phát nhạc');

INSERT INTO product (id, name, short_desc, full_desc, category_id, brand_name, status, weight, available_item, unit_price, discount_percent, avg_rating, img_url, total_rating, supplier_id) VALUES(25815, 'tai nghe bluetooth khong day cho IPHONE ,SAMSUNG ,HTC,OPPO,NOKIA...', 'tai nghe bluetooth khong day cho IPHONE ,SAMSUNG ,HTC,OPPO,NOKIA...', '<pre>Hướng dẫn cài đặt ghép đôi 2 tai nghe để có thể nghe 2 tai 1 lúc
Quan trong : trước tiên bạn tắt Bluetooth thiết bị điện thoại trước khi bật tai nghe
Bước 1 bạn mở cả 2 tai phone tuần tự ( sáng đèn là ok )
Bạn sẽ thấy cả 2 tai phone đều nhấp nháy đèn
Bước 2 bạn click đúp vào 1 trong 2 tai bất kỳ ( bạn sẽ thấy ngay 1 trong 2 tai sẽ tự động tắt đèn ) vậy là ok
Như vậy la 2 tai đã ghép với nhau thành 1 tai chung để nghe
Bước 3 bạn vào thiết bị điện thoại của mình bật Bluetooth lên
Và ghép đôi với thiết bị i7s là ok
Nếu bạn vẫn chưa hiểu
Vui lòng vào YouTube.com
Gõ vào : hướng dẫn kết nối tai nghe i7s là nhiều clip hiện raKhoảng cách truyền tải tối đa 10 métThời gian nói chuyện liên tục 2 - 3 giờThời gian sạc Khoảng 1 giờThời gian chờ 120 giờPin Li có thể sạc lại 60 mAhBộ nguồn DC 5 V ,cổng USB máy tính, bộ sạc điện thoại di động, bộ sạc xe hơiTương thích với hầu hết tất cả các hệ thống Android, Apple, Microsoft với điện thoại di động Bluetooth.</pre>', 258, 'No Brand', 'NEW', 6.820088987631538, 75, 100000, 42, 5.0, 'https://vn-test-11.slatic.net/p/d0f70c564ae1e485ab4ba47f7fb7e2f3.jpg;https://vn-test-11.slatic.net/p/ce785e62e798016df50dcf36c9dd4282.jpg;https://vn-test-11.slatic.net/p/51f97dfc20a1d4829a19a1a77a22d023.jpg;', 12, 3);

INSERT INTO review (id, product_id, reviewer, rating, `comment`) VALUES(258150, 25815, 'Lê V.', 0, 'Bình thường');

INSERT INTO review (id, product_id, reviewer, rating, `comment`) VALUES(258151, 25815, 'Volamly', 3, 'mới đầu sử dụng rất khó sau khi đọc kĩ sử dụng rất dễ dùng. mình rất thích sản phẩm nầy. Đi đâu cũng mang theo đc, cứ mỗi lần ik mình lại đem theo dây gỡ tới gỡ lui rất là phức tạp nên giờ mua được tai nghe này rồi thì không còn vấn đề j nữa.');

INSERT INTO review (id, product_id, reviewer, rating, `comment`) VALUES(258152, 25815, 'Huỳnh T.', 1, '');

INSERT INTO product (id, name, short_desc, full_desc, category_id, brand_name, status, weight, available_item, unit_price, discount_percent, avg_rating, img_url, total_rating, supplier_id) VALUES(25816, 'Tai Nghe Bluetooth,Tai Nghe Chụp Tai Fe 012, Hàng Nhập Khẩu, Âm Thanh Sống Động - Bh Uy Tín 1 Đổi 1', 'Tai Nghe Bluetooth,Tai Nghe Chụp Tai Fe 012, Hàng Nhập Khẩu, Âm Thanh Sống Động - Bh Uy Tín 1 Đổi 1', '<pre>Bảo hành uy tín lỗi 1 đổi 1 trong 6 tháng
Tai Nghe FE-012 Headphone Bluetooth 4.0 Chụp Tai có tích hợp micro
Tai nghe FE-012 có thiết kế dạng on-ear với kiểu dáng trẻ trung, chất liệu nhựa bóng không bám bẩn, phù hợp với mọi đối tượng
Phần đệm tai nghe được làm rất mềm mại và có khả năng cách âm tốt
Tai nghe FE-012 tích hợp bộ driver 32 mm tái tạo âm thanh chi tiết với dải bass mạnh mẽ
Đặc biệt microphon để nói chuyện đàm thoại với mức độ nhạy cao, thu tín hiệu tốt
Âm thanh bass trung thực, tresb êm, ấm chất theo từng nhịp đập uyển chuyển.
Jack cắm 3.5 mmtương thích với mọi loại thiết bị như Ipod, Ipad, Smartphone
Khoảngcách tiếp cận: 10 m
Phụ kiện: cáp âm thanh , Cáp sạc USB, hướng dẫn sử dụng</pre>', 258, 'OEM', 'USED', 1.2708496265399776, 15, 305000, 42, 4.9, 'https://vn-test-11.slatic.net/original/c06f8e85e3cc1d79d8eca653c9050dde.jpg;https://vn-test-11.slatic.net/p/20ad8f2085f86b5f32bd75df8cf23a0e.jpg;https://vn-test-11.slatic.net/p/de056b5d76f3e84d6718d6e2a31b3778.jpg;https://vn-test-11.slatic.net/p/b7fe74fdcf4b0d1944f3175c71fb3499.jpg;https://vn-test-11.slatic.net/original/fda410038c6116a6ef1e9b6b8ff6e697.jpg;https://vn-test-11.slatic.net/original/2618dd73a35b44a6e4c48d995a77c8b1.jpg;https://vn-test-11.slatic.net/original/79d2f6e4f9ba13779a34e7124edbd049.jpg;https://vn-test-11.slatic.net/original/14540251eb806460bf00d28c5e516a87.jpg;', 59, 4);

INSERT INTO review (id, product_id, reviewer, rating, `comment`) VALUES(258160, 25816, 'nhinh', 3, 'hàng đẹp, đầy đủ phụ kiện, bass hay, bluetooth ổn, đầy đủ chỉnh nghe gọi âm lượng, giá ok với chất lượng');

INSERT INTO review (id, product_id, reviewer, rating, `comment`) VALUES(258161, 25816, 'Tám N.', 4, 'ưng sản phẩm lắm, sản phẩm chất lượng đúng như quảng cáo , nghe quá đã, giao hàng nhanh, đúng màu chọn, ủng hộ shop 2 tay 2 chân. màu xanh đẹp hơn cả trong hình nữa ý');

INSERT INTO review (id, product_id, reviewer, rating, `comment`) VALUES(258162, 25816, 'Nông T.', 3, 'về đóng gói khá cẩn thận, có bọc thêm lớp chống sóc. giao hàng nhanh, thân thiện, sản phẩm nghe tuyệt vời. màu sắc mình thích nè, ưng lắm');

INSERT INTO review (id, product_id, reviewer, rating, `comment`) VALUES(258163, 25816, 'Nông T.', 1, 'Tai nghe đẹp âm thanh chất lượng, mút da đeo êm, hạn chế tiếng ồn bên ngoài. Pin ổn nghe dc hơn 4 tiếng, màu đẹpp nè');

INSERT INTO review (id, product_id, reviewer, rating, `comment`) VALUES(258164, 25816, 'Ngô V.', 4, 'đóng gói rất cẩn thận, hàng nhìn rất xịn ổn trên mọi phương diện, bass ổn, âm trong và sáng, đáng mua trong tầm giá. ok cảm ơn');

INSERT INTO product (id, name, short_desc, full_desc, category_id, brand_name, status, weight, available_item, unit_price, discount_percent, avg_rating, img_url, total_rating, supplier_id) VALUES(25817, 'Tai nghe Plextone G20 - Chuyên game', 'Tai nghe Plextone G20 - Chuyên game', '<pre>1 lỗ hướng dẫn theo phong cách bên, hiệu ứng âm trầm đôi, tai giống như trên.
2 bộ nhớ Bọt thế hệ thứ hai bộ nhớ tai bông, huy chương vàng 5-8 giây hiệu ứng hồi phục, hiệu ứng âm thanh tăng 8%
3 hấp thụ từ tính hài lòng, gần với hút, mở có thể được sử dụng, ra khỏi đường phố có thể được treo cổ
4 bộ điều khiển dòng mới, có thể được điều chỉnh phổ quát, đặc biệt hữu ích trong trò chơi.
5 chiều dài dòng tích hợp từ 2,2m trở lên, đủ cho trò chơi trên máy tính để bàn
6 một loạt các phụ kiện, gửi cáp mở rộng, cáp adapter PC, sự kết hợp linh hoạt của tính linh hoạt
7 ba màu phổ biến, trong khi bán. Huỳnh quang xanh, năng động đen, đỏ đá</pre>', 258, 'Plextone', 'NEW', 5.865929584696058, 13, 149000, 42, 4.7, 'https://vn-test-11.slatic.net/p/f59d7071da065322175e744d1b793e2a.jpg;https://vn-test-11.slatic.net/original/1bf99862b7b28a4e0478cf026cb5f002.jpg;https://vn-test-11.slatic.net/original/6017cb0eef211c62eb1729f364ef0d31.jpg;https://vn-test-11.slatic.net/original/61604f6d2d70adc6a8ad463b3df4d850.jpg;https://vn-test-11.slatic.net/original/b29039ea0a05ce56659c6a18ff0480a7.jpg;', 125, 7);

INSERT INTO review (id, product_id, reviewer, rating, `comment`) VALUES(258170, 25817, 'Phước G.', 3, 'tốt đầy đủ phụ kiện chơi pubgm thì khỏi nói lun nghe rõ tưng tiếng chân còn nhạc edm chữ phiêu lun ace nào chơi game thi nên mua tai nghe này về nghe nha');

INSERT INTO review (id, product_id, reviewer, rating, `comment`) VALUES(258171, 25817, 'Phước G.', 3, 'tốt đầy đủ phụ kiện chơi pubgm thì khỏi nói lun nghe rõ tưng tiếng chân còn nhạc edm chữ phiêu lun ace nào chơi game thi nên mua tai nghe này về nghe nha');

INSERT INTO review (id, product_id, reviewer, rating, `comment`) VALUES(258172, 25817, 'Trần T.', 1, 'sp tuyệt vời.nghe tiếng game rất tốt vs nghe rất ok!!');

INSERT INTO review (id, product_id, reviewer, rating, `comment`) VALUES(258173, 25817, 'Long L.', 1, '');

INSERT INTO review (id, product_id, reviewer, rating, `comment`) VALUES(258174, 25817, 'gia H.', 1, 'sản phẩm khi giao bị móp 1 tí nhưng nghe rất tốt chưa biết sử dụng 1 lâu thì ra sao  giao hàng rất nhanh');

INSERT INTO product (id, name, short_desc, full_desc, category_id, brand_name, status, weight, available_item, unit_price, discount_percent, avg_rating, img_url, total_rating, supplier_id) VALUES(25818, 'Tai nghe chụp tai bluetooth cao cấp có khe cắm thẻ nhớ P47', 'Tai nghe chụp tai bluetooth cao cấp có khe cắm thẻ nhớ P47', '<pre>Phù hợp với mọi loại thiết bị hỗ trợ giắc 3,5mmChất âm chân thật, sắc nétPhù hợp với nhu cầu nghe nhạc , xem phim, chơi game</pre>', 258, 'OEM', 'USED', 0.7174438046144076, 67, 94000, 42, 4.7, 'https://vn-test-11.slatic.net/p/508533b024728fdd50d4d78c155af42f.jpg;https://vn-test-11.slatic.net/p/d8654391cec68a0e3af26f20255c52bf.jpg;https://vn-test-11.slatic.net/p/c78284f9a3afbcbe0684e9fc4604b5f0.jpg;', 140, 6);

INSERT INTO review (id, product_id, reviewer, rating, `comment`) VALUES(258180, 25818, 'Ca T.', 2, 'mình đặt hàng là màu trắng nhưng lại giao màu xanh');

INSERT INTO review (id, product_id, reviewer, rating, `comment`) VALUES(258181, 25818, 'Ngốk Q.', 2, 'hàng  gói đẹp. chất lượng nghe tốt còn  bền lâu hay k thì chưa biết. hàng china nên hơi khó chịu. kết nối vs bluetooth  kém  .mỗi lần kết nối dc 1 chút thì nhiễu sóng wifi kinh khủng. nhiễu đến mức wifi  k sẵn sàng. nhưng hàng  vậy  cũng  ổn. cho dc 4 sao thôi');

INSERT INTO review (id, product_id, reviewer, rating, `comment`) VALUES(258182, 25818, 'vũ T.', 1, 'OK lắm shop. âm bass to. mỗi tội chọn màu xanh giao màu đen nhưng ko sao vẫn cho 5 sao');

INSERT INTO review (id, product_id, reviewer, rating, `comment`) VALUES(258183, 25818, 'nguyễn H.', 4, 'Đẹp, gọn, nhẹ,');

INSERT INTO review (id, product_id, reviewer, rating, `comment`) VALUES(258184, 25818, 'Phương B.', 0, 'hàng bắt bluetooth ko đc');

INSERT INTO product (id, name, short_desc, full_desc, category_id, brand_name, status, weight, available_item, unit_price, discount_percent, avg_rating, img_url, total_rating, supplier_id) VALUES(25819, 'Tai nghe chụp tai F15 màu Trắng ( Có thể gấp gọn được)', 'Tai nghe chụp tai F15 màu Trắng ( Có thể gấp gọn được)', '<pre>Màu sắc : trắng - Thiết Kế : thời trang, bắt mắt - Âm thanh sống động, bass hay - Tiện dụng : có thể gấp gọn - Chiều dài dây: 1,2m - Crack cấm : 3,5 - Dễ dàng tương thích với các dòng điện thoại, máy tính bảng, laptop...</pre>', 258, 'ANCOM GL', 'USED', 4.266133449154886, 51, 31889, 42, 4.2, 'https://vn-test-11.slatic.net/original/1279f5ee86ee0c12fd23cda224eefbe5.jpg;https://vn-test-11.slatic.net/original/55029a7c89718a5f0906a91141d3e2cd.jpg;https://vn-test-11.slatic.net/original/fe8ff6deabb617384d274522fc7ee143.jpg;https://vn-test-11.slatic.net/original/554000c80794cdeb4193647d9227cbe5.jpg;', 310, 7);

INSERT INTO review (id, product_id, reviewer, rating, `comment`) VALUES(258190, 25819, 'Thắng T.', 0, 'Shop Làm Ăn Quá Tệ Đặt Màu Đen Đưa Màu Hồng');

INSERT INTO review (id, product_id, reviewer, rating, `comment`) VALUES(258191, 25819, 'Lazada Customer', 1, 'Chọn màu trắng thì giao màu tím chân cắm k chắc đầu day nối với tai nghe 1 bên lung lay 🙂🙂');

INSERT INTO review (id, product_id, reviewer, rating, `comment`) VALUES(258192, 25819, 'Phospho P.', 0, 'ko đúg màu nhưng cũng đc, tai chụp khá nhỏ ko ôm gọn cả tai rất khó chịu nhưng bù lại nghe nhạc rất bass khá ok');

INSERT INTO review (id, product_id, reviewer, rating, `comment`) VALUES(258193, 25819, 'Long B.', 3, '');

INSERT INTO review (id, product_id, reviewer, rating, `comment`) VALUES(258194, 25819, 'Phúc N.', 2, '');

INSERT INTO product (id, name, short_desc, full_desc, category_id, brand_name, status, weight, available_item, unit_price, discount_percent, avg_rating, img_url, total_rating, supplier_id) VALUES(25820, 'XẢ KHO-Tai nghe HiFi lõi kép 4 sợ cuốn.4 loa mini.bass siêu trầm.Tai nghe dùng cho điện thoại xiaomi,samsung,oppo,nokia,sony,iphone-tai nghe bluetooth', 'XẢ KHO-Tai nghe HiFi lõi kép 4 sợ cuốn.4 loa mini.bass siêu trầm.Tai nghe dùng cho điện thoại xiaomi,samsung,oppo,nokia,sony,iphone-tai nghe bluetooth', '<pre>Cam kết bảo hành 1 đổi 1 trong 7 ngày
Tương thích tất cả điệ thoại sử dụng jack tai nghe 3.5 / 4 khấc
Chất lượng âm thanh sống động, trung thực, không gây đau tai.
Thiết kế sắc xảo, gia công tinh xảo, chắc liệu mềm dẽo, bền đẹp.
Chất lượng âm thanh tuyệt vời, sợi dây tốt hơn, bền hơn, đầu có đệm
mút chắc chắn tuyệt vời.
Tai nghe với âm bass tốt, độ trong vừa phải.
Dây dài: 1.2 mét</pre>', 258, 'No Brand', 'USED', 2.740100328201123, 4, 37000, 42, 4.7, 'https://vn-test-11.slatic.net/p/9cd1315c92fea2e6cd387ccb65aa14a8.jpg;https://vn-test-11.slatic.net/p/bfd4f33d1226905b3c983f08ff7a9a67.jpg;https://vn-test-11.slatic.net/original/f24a29888aae9698983e1e855eb017dd.jpg;https://vn-test-11.slatic.net/original/403aa8075b7d0343ca17ba5598dac1aa.jpg;https://vn-test-11.slatic.net/original/7072c4c86fb0db1a3c1e49923d18d9bf.jpg;https://vn-test-11.slatic.net/original/d4637b9782905889dae17fc17ecb5cde.jpg;https://vn-test-11.slatic.net/original/c59bc97319f249e05bc6a87db943ec9b.jpg;https://vn-test-11.slatic.net/p/88b70259852b3cec8de70b2745c5a042.jpg;', 97, 7);

INSERT INTO review (id, product_id, reviewer, rating, `comment`) VALUES(258200, 25820, 'Ken K.', 3, 'Hàng giống hình, tai nghe 4 loa nghe rất phê, đc tặng 2 miếng thay nhét tai, ad tư vấn nhiệt tình còn tặng thêm miếng nhựa kê đt nữa. Shop uy tín, sẽ ủng hộ nữa nha');

INSERT INTO review (id, product_id, reviewer, rating, `comment`) VALUES(258201, 25820, 'Lazada Customer', 4, 'âm thanh nghe ok');

INSERT INTO review (id, product_id, reviewer, rating, `comment`) VALUES(258202, 25820, 'Nguyen D.', 1, 'tai nghe đẹp giao hàng nhanh, chất lượng âm thanh bass khá cao nghe cực hay. Sẽ ủng hộ shop dài dài :)))');

INSERT INTO review (id, product_id, reviewer, rating, `comment`) VALUES(258203, 25820, 'Vân P.', 2, 'hàng giống hình ok');

INSERT INTO review (id, product_id, reviewer, rating, `comment`) VALUES(258204, 25820, 'Luu C.', 3, 'nghe ok cung duoc co cai nhan duoc cai ko');

INSERT INTO product (id, name, short_desc, full_desc, category_id, brand_name, status, weight, available_item, unit_price, discount_percent, avg_rating, img_url, total_rating, supplier_id) VALUES(25821, 'Tai nghe bluetooth nhét tai Music cao cấp', 'Tai nghe bluetooth nhét tai Music cao cấp', '<pre>Công nghệ Bluetooth V4.1
Công nghệ chống ồn hiệu quả
Đảm bảo an toàn tuyệt đối về mức sóng từ
Âm thanh chất lượng
Hỗ trợ đàm thoại liên tục lên đến 3 giờ
Thời gian chờ lên đến 100 giờ</pre>', 258, 'OEM', 'NEW', 9.573179280126022, 76, 28000, 42, 4.1, 'https://vn-test-11.slatic.net/p/2/tai-nghe-bluetooth-nhet-tai-music-cao-cap-4723-80129761-8b79ce51a23488fa8b21b178a76386c7-catalog.jpg;https://vn-test-11.slatic.net/original/5e448fa849fe3e7ff579d133d14cbdee.jpg;https://vn-test-11.slatic.net/original/9f170eb455776b76b2f679941fc3a3ae.jpg;', 593, 6);

INSERT INTO review (id, product_id, reviewer, rating, `comment`) VALUES(258210, 25821, 'Long N.', 2, 'bắt sóng kém, pin 1h');

INSERT INTO review (id, product_id, reviewer, rating, `comment`) VALUES(258211, 25821, 'Đặng V.', 0, 'giao hàng nhanh. gởi đúg mẫu, đóg gói cẩn thận, loa nghe ok. shop làm en uy tín thì lần sau sẽ ủng hộ tiếp.');

INSERT INTO review (id, product_id, reviewer, rating, `comment`) VALUES(258212, 25821, 'TrungDũng', 4, '');

INSERT INTO review (id, product_id, reviewer, rating, `comment`) VALUES(258213, 25821, 'Đặng V.', 0, 'shop cố gắng giao đúng màu như hóa đơn. đặt màu đen lại giao màu trắng. thấy k ưng nên đặt lại cái màu đen thứ 2. cuối cùng lại nhận tiếp màu trắng.');

INSERT INTO review (id, product_id, reviewer, rating, `comment`) VALUES(258214, 25821, 'Phú N.', 4, '');

INSERT INTO product (id, name, short_desc, full_desc, category_id, brand_name, status, weight, available_item, unit_price, discount_percent, avg_rating, img_url, total_rating, supplier_id) VALUES(25822, 'Tai nghe bluetooth P47 có khe cắm thẻ nhớ - Âm Thanh Đỉnh Cao', 'Tai nghe bluetooth P47 có khe cắm thẻ nhớ - Âm Thanh Đỉnh Cao', '<pre>Tai nghe bluetooth P47 có thể sử dụng bluetooth và cũng có thể dùng trực tiếp dây nối vào thiết bị
- Chất lượng âm thanh tuyệt hảo, siêu bas.
Âm thanh trung thực, sống động, nhiều âm Bass, phù hợp với những bản nhạc sôi động và cá tính đặc biệt với kết nối không dây bằng bluetooth với các thiết bị như điện thoại, laptop tiện lợi, gọn nhẹ và sự kết hợp giữ
- Tai nghe có loa - Kết nối không dây với các thiết bị Bluetooth. ngoài.
- Tương thích với hầu hết điện thoại Smatphone và Laptop, máy tính bàn, máy nghe nhạc và tất cả các thiết bị có hỗ trợ bluetooth stereo audio.- Khoảng cách bắt xa lên đến 10m
.- Sử dụng như một tai nghe điện thoại với các chức năng nghe gọi.
- Hỗ trợ thẻ nhớ TF card : 128 MB đến 32 GB
- Nghe đài FM với âm thanh radio high-quality stereo.
- Chuẩn Bluetooth A2DP cho chất lượng âm thanh stereo tương đương với tai nghe có dây.
- Bộ phụ kiện đi kèm như dây sạc để sạc cho thiết bị, dây kết nối dài chuẩn 3.5mm dùng cho mọi điện thoại và laptop
- Sạc thông qua USB, pin sạc, thuận tiện và thiết thực;
- Thời gian Playing lên đến 6 giờ, và tiếp tục thời gian thoại lên đến 5-6 giờ, thời gian chờ lên đến 150 giờ;</pre>', 258, 'OEM', 'USED', 8.511873076148333, 54, 99000, 42, 4.4, 'https://vn-test-11.slatic.net/original/62e29dc98e618fb55769dadc68256147.jpg;https://vn-test-11.slatic.net/original/463fc09b9894507c5bdcef4b5bfe7aea.jpg;https://vn-test-11.slatic.net/original/e0b2a284c07596dcfce61256fddcab1f.jpg;', 149, 8);

INSERT INTO review (id, product_id, reviewer, rating, `comment`) VALUES(258220, 25822, 'Phong N.', 1, 'chứ không phải giảm giá còn 99k ạ, sao tới nơi lại thu 143k? Mới dùng thì cũng được mà lâu dài thì không biết sao.');

INSERT INTO review (id, product_id, reviewer, rating, `comment`) VALUES(258221, 25822, 'Trần H.', 1, 'Chất lương âm thanh , thẩm mĩ khá tốt ( có một vế xước nhỏ nhưng ko sao ) , còn về độ bền thì đợi xem đã');

INSERT INTO review (id, product_id, reviewer, rating, `comment`) VALUES(258222, 25822, 'Đặng Y.', 3, '');

INSERT INTO review (id, product_id, reviewer, rating, `comment`) VALUES(258223, 25822, 'Đặng V.', 3, 'đặt màu tắng shop lại giao màu đen trong khi đó hỏi shop thì shop  bảo vẩn còn màu trắng , sau akhi mình tìm hiẻu le trong chi tiết thì có ghi là màu ngẩu nhiên nhưng shop lại ko nói trước còn chất lượng thì xem 1 thơi gian nửa');

INSERT INTO review (id, product_id, reviewer, rating, `comment`) VALUES(258224, 25822, 'Âm T.', 4, '');

INSERT INTO product (id, name, short_desc, full_desc, category_id, brand_name, status, weight, available_item, unit_price, discount_percent, avg_rating, img_url, total_rating, supplier_id) VALUES(25823, 'Tai nghe bluetooth nhét tai không dây hạt đậu S530', 'Tai nghe bluetooth nhét tai không dây hạt đậu S530', '<pre>Công nghệ Bluetooth V4.1
Công nghệ chống ồn hiệu quả
Đảm bảo an toàn tuyệt đối về mức sóng từ
Âm thanh chất lượng
Hỗ trợ đàm thoại liên tục lên đến 3 giờ
Thời gian chờ lên đến 100 giờ</pre>', 258, 'OEM', 'USED', 4.695632587963103, 7, 28000, 42, 3.8, 'https://vn-test-11.slatic.net/p/2/tai-nghe-bluetooth-nhet-tai-khong-day-hat-dau-s530-6892-99729761-24d03a056a28663dd1b9493264ee3d54-catalog.jpg;https://vn-test-11.slatic.net/original/11ec495043f6694cd49bf6574aab26f5.jpg;https://vn-test-11.slatic.net/original/99d87992a980e21edc1574addc9f0e38.jpg;', 400, 2);

INSERT INTO review (id, product_id, reviewer, rating, `comment`) VALUES(258230, 25823, 'Linh D.', 0, 'đặt hàng cái này với một cái hạt đậu mà lại giao 2 cái giống nhau , bó tay');

INSERT INTO review (id, product_id, reviewer, rating, `comment`) VALUES(258231, 25823, 'Bảo T.', 4, 'Hàng giống mẫu , dùng tốt mở to không bị rè nên mua dùng rất tốt đây là lần đầu dùng thấy tốt k biết sau này thì sao');

INSERT INTO review (id, product_id, reviewer, rating, `comment`) VALUES(258232, 25823, 'Võ D.', 4, 'Shop ơi shop giao hàng ko đúng mẫu, tay nghe kết nói dc không nghe dc. Shop đổi lại cho mình dc ko');

INSERT INTO review (id, product_id, reviewer, rating, `comment`) VALUES(258233, 25823, 'Lê A.', 0, 'giao không giống trong hình');

INSERT INTO review (id, product_id, reviewer, rating, `comment`) VALUES(258234, 25823, 'tran N.', 1, 'hoi to cam bin ken chi duoc 30phut thui nhug am thah thj cug on nen mua jt nhat 2cai de vu  nghe vua sak 1cai thj ok hon ko lo het bjn');

INSERT INTO product (id, name, short_desc, full_desc, category_id, brand_name, status, weight, available_item, unit_price, discount_percent, avg_rating, img_url, total_rating, supplier_id) VALUES(25824, 'Tai nghe Bluetooth Sports Headset S8 - Tuyệt đỉnh âm thanh (BH 1 đổi 1)', 'Tai nghe Bluetooth Sports Headset S8 - Tuyệt đỉnh âm thanh (BH 1 đổi 1)', '<pre>Kiểu dáng mạnh mẽ, thời trang cuốn hút giúp bạn luôn năng động trong mọi hoạt động
Kết nối Bluetooth 4.1+EDR giúp khả năng kết nối nhanh, mạnh và xa với bán kính 10m , không bị rè hay tín hiệu kém
Kiểu tai S8 nên đeo rất thoải mái, bám tai tốt, không bị khó chịu khi nghe lâu
Nam châm từ tính 2 bên hút nhau tạo vòng đeo giúp giảm hoàn toàn trọng lượng 2 bên tai, thoải mái hoạt động và khi không dùng đến.
Công nghệ Bluetooth : V4.0
Khoảng cách sử dụng : 10m
Thời gian đàm thoại : 6h
Thời gian chờ : 120h
Thời gian sạc: 2h
Trọng lượng : 7.4g</pre>', 258, 'OEM', 'NEW', 4.668754013024478, 16, 40000, 42, 4.6, 'https://vn-test-11.slatic.net/original/abf115d7a8b5089394474cee8dc29dca.jpg;https://vn-test-11.slatic.net/original/c3669065c289c95d1c671b3e13135375.jpg;https://vn-test-11.slatic.net/original/734593c8a3d7db39f693c9ae9794a889.jpg;https://vn-test-11.slatic.net/original/733450b3a04749bfb2c3baf86efce510.jpg;', 29, 8);

INSERT INTO review (id, product_id, reviewer, rating, `comment`) VALUES(258240, 25824, 'khoa ..', 0, 'Tốt nhưng núm tai nghe hơi lỏng giao hàng nhanh ok');

INSERT INTO review (id, product_id, reviewer, rating, `comment`) VALUES(258241, 25824, 'Nguyễn T.', 2, '');

INSERT INTO review (id, product_id, reviewer, rating, `comment`) VALUES(258242, 25824, 'khoa ..', 1, 'Tốt nhưng núm tai nghe hơi lỏng giao hàng nhanh ok');

INSERT INTO review (id, product_id, reviewer, rating, `comment`) VALUES(258243, 25824, 'Phùng Đ.', 4, 'Hàng nghe đã sướng tai...!! Nhưng lại nhanh hết pin😩😩');

INSERT INTO review (id, product_id, reviewer, rating, `comment`) VALUES(258244, 25824, 'Nam N.', 1, 'tốt');

INSERT INTO product (id, name, short_desc, full_desc, category_id, brand_name, status, weight, available_item, unit_price, discount_percent, avg_rating, img_url, total_rating, supplier_id) VALUES(25825, 'Siêu phẩm Tai nghe dành cho SAMSUNG AKG S8 S9 PLUS, nguyên SEAL - Cam kết Zin xịn', 'Siêu phẩm Tai nghe dành cho SAMSUNG AKG S8 S9 PLUS, nguyên SEAL - Cam kết Zin xịn', '<pre>Hàng Chuẩn Zin Xịn100%
Bảo Hàng chất lượng 12 tháng 1 đổi 1 trogn 1 tháng đầu miễn phí nếu bị lỗi
Tương thích với các dòng có Jack tai nghe 3.5mm như : SAMSUNG, LG,HTC, XIAOMI,........
Nút tăng giảm có thể không hoạt động với APPLE, ASUS,...
Tích hợp microphone và bộ điều chỉnh âm lượng ngay trên cáp vô cùng tiện lợi
Khả năng lọc và chống ồn cao
Giúp bạn nghe nhạc hoặc đàm thoại cực tốt
Tặng 2 Bộ Núm Tai</pre>', 258, 'OEM', 'USED', 1.9245380827719947, 100, 92000, 42, 4.6, 'https://vn-test-11.slatic.net/p/a46bc67a11bc891d0c1630db4fd7d6c4.jpg;https://vn-test-11.slatic.net/p/b6241346f3341cb77002491b3096b65a.jpg;https://vn-test-11.slatic.net/p/fa397de210aed2df98b841d98bd15f08.jpg;https://vn-test-11.slatic.net/p/e21b8ddd0d100f4c3654cc732417cd4d.jpg;https://vn-test-11.slatic.net/original/938234844c33b5e9ec319d085ca4e110.jpg;https://vn-test-11.slatic.net/original/7d02bfab2e17e708b81068854cdf91ac.jpg;https://vn-test-11.slatic.net/p/c0057871bc54c244002336d09e152d23.jpg;https://vn-test-11.slatic.net/p/4d9e226691d22390ec1b407f8f1ac8e4.jpg;', 25, 8);

INSERT INTO review (id, product_id, reviewer, rating, `comment`) VALUES(258250, 25825, 'Quân Q.', 3, 'Chính hãng 100% đã check mã vạch');

INSERT INTO review (id, product_id, reviewer, rating, `comment`) VALUES(258251, 25825, 'Thắng P.', 1, 'tuyệt vời âm bass bao phê');

INSERT INTO review (id, product_id, reviewer, rating, `comment`) VALUES(258252, 25825, 'Nguyen V.', 3, 'tai madein vietnam nghe tốt nên ủng hộ');

INSERT INTO review (id, product_id, reviewer, rating, `comment`) VALUES(258253, 25825, 'SNentertainment', 4, 'Sản phẩm nhận đúng hàng Real . Tiếc là không có thêm mấy nút bọt biển nhét tai đã so sánh giửa tai nghe chính hãng, chất lượng như nhà bán hàng quảng cáo. Tôi hài lòng về độ trung thực của nhà bán hàng sản phẩm với khách hàng');

INSERT INTO review (id, product_id, reviewer, rating, `comment`) VALUES(258254, 25825, 'SNentertainment', 4, 'Sản phẩm nhận đúng hàng Real . Tiếc là không có thêm mấy nút bọt biển nhét tai đã so sánh giửa tai nghe chính hãng, chất lượng như nhà bán hàng quảng cáo. Tôi hài lòng về độ trung thực của nhà bán hàng sản phẩm với khách hàng !');

INSERT INTO product (id, name, short_desc, full_desc, category_id, brand_name, status, weight, available_item, unit_price, discount_percent, avg_rating, img_url, total_rating, supplier_id) VALUES(25826, 'Tai nghe nhét tai màu dùng cho Iphone, Samsung, Oppo, HTC...', 'Tai nghe nhét tai màu dùng cho Iphone, Samsung, Oppo, HTC...', '<pre>Màu sắc : Đỏ, Vàng, Xanh lá, Xanh dương ...
Màu sắc sẽ được giao ngẫu nhiên cho khách hàng.
Chất lượng tốt, bền.
Thiết kế hiện đại; không đau tai.
Chân cắm chuẩn 3.5.
Âm thanh trung thực, bass hay.
An toàn cho người sử dụng</pre>', 258, '', 'USED', 5.894446173482763, 27, 10000, 42, 3.6, 'https://vn-test-11.slatic.net/original/fc3981a8b2b20031cd4773a87ed4b11e.jpg;https://vn-test-11.slatic.net/original/953dd9f99bbffa81ec3d6a24c6b969de.jpg;https://vn-test-11.slatic.net/original/7660b66ce6d8e103f9245f1a979d25f1.jpg;', 70, 2);

INSERT INTO review (id, product_id, reviewer, rating, `comment`) VALUES(258260, 25826, 'Cậu Ú.', 2, 'Tai ghe bi loi cho gui lui......?');

INSERT INTO review (id, product_id, reviewer, rating, `comment`) VALUES(258261, 25826, 'Lazada Customer', 1, 'Làm nền thì được, chứ nghe thì thôi');

INSERT INTO review (id, product_id, reviewer, rating, `comment`) VALUES(258262, 25826, 'Kim T.', 0, 'Shop làm ăn ko co chuyên nghiệp. Mua gà gửi vịt. Làm ăn khi giao hàng đọc hướng dẫn khách mua sp gì nha. Chứ vậy hoài là ngta trả hàng về bên shop thiệt đó.');

INSERT INTO review (id, product_id, reviewer, rating, `comment`) VALUES(258263, 25826, 'NGỌC L.', 0, 'Tai nghe hơi bị rè cho shop 4⭐️');

INSERT INTO review (id, product_id, reviewer, rating, `comment`) VALUES(258264, 25826, 'Hoa H.', 4, 'Ko như hàng mua');

INSERT INTO product (id, name, short_desc, full_desc, category_id, brand_name, status, weight, available_item, unit_price, discount_percent, avg_rating, img_url, total_rating, supplier_id) VALUES(25827, 'Tai nghe nhét tai có dây Langsdom JM26 Super Bass cho điện thoại iPhone / Samsung (Đen)', 'Tai nghe nhét tai có dây Langsdom JM26 Super Bass cho điện thoại iPhone / Samsung (Đen)', '<pre>Hàng nhập khẩu chính hãng có mã cào checkcode trên vỏ hộp
Hỗ trợ nút nghe gọi trên dây và dây dẹp chống rối
Chiều dài dây 1.2m vừa đủ thuận tiện
Hỗ trợ âm thanh Super Bass cho chơi game trên điện thoại
Chất lượng âm tốt trung thực</pre>', 258, 'Langsdom', 'NEW', 7.005268925327031, 34, 45000, 42, 4.3, 'https://vn-test-11.slatic.net/p/2/tai-nghe-nhet-tai-earphone-langsdom-jm26-super-bass-den-4614-7100374-c49dd08c84f8619dd0a4b9b81eb1d5c3-catalog.jpg;https://vn-test-11.slatic.net/p/2/tai-nghe-nhet-tai-earphone-langsdom-jm26-super-bass-den-1847-7100374-7cd13b5d52aea1746ad00502c4dde245-catalog.jpg;https://vn-test-11.slatic.net/p/2/tai-nghe-nhet-tai-earphone-langsdom-jm26-super-bass-den-1847-7100374-9dad4863c2f0ebcdd77318a0d1708c81-catalog.jpg;https://vn-test-11.slatic.net/p/2/tai-nghe-nhet-tai-earphone-langsdom-jm26-super-bass-den-1847-7100374-499926019906b4449292c5e4cfbb41ba-catalog.jpg;', 999, 3);

INSERT INTO review (id, product_id, reviewer, rating, `comment`) VALUES(258270, 25827, 'Lê T.', 1, 'Âm thanh tốt, cách âm tốt, sản phẩm đẹp lém.Nên mua nha mọi người!');

INSERT INTO review (id, product_id, reviewer, rating, `comment`) VALUES(258271, 25827, 'Biết K.', 3, 'hàng gói đẹp,tai nghe đẹp,âm bass cao nghe nhạc đã tai,tư vấn nhiệt tình nhanh nhẹn,sẽ ủng hộ shop thêm các mặt hàng khác,cảm ơn shop  nhiều');

INSERT INTO review (id, product_id, reviewer, rating, `comment`) VALUES(258272, 25827, 'Ḩσàᵰɠ S.', 3, 'Rõ, Bas Mạnh, Êm Tai. TỐT một sản phẩm tốt hơn giá tiền');

INSERT INTO review (id, product_id, reviewer, rating, `comment`) VALUES(258273, 25827, 'Nguyen T.', 4, 'Hàng rất tốt phải nói là siêu tuyệt vời nếu có điều kiện tôi sẽ ủng hộ cho shop tiếp cảm ơn.');

INSERT INTO review (id, product_id, reviewer, rating, `comment`) VALUES(258274, 25827, 'Nhựt T.', 1, 'chất lượng tuyệt vời');

INSERT INTO product (id, name, short_desc, full_desc, category_id, brand_name, status, weight, available_item, unit_price, discount_percent, avg_rating, img_url, total_rating, supplier_id) VALUES(25828, 'TAI NGHE BLUETOOTH Y8 4.1( PIN 250mAh,CHỜ 90 NGÀY, NGHE NHẠC 28H)', 'TAI NGHE BLUETOOTH Y8 4.1( PIN 250mAh,CHỜ 90 NGÀY, NGHE NHẠC 28H)', '<pre>.Phiên bản Bluetooth: Y8 4.1
.Màu sắc: trắng, đen,
.Trọng lượng tịnh: 10g Trọng lượng gộp: 50g
.Chất liệu: Vỏ bảo vệ môi trường ABS, xử lý bề mặt: bề mặt sơn đàn piano
.Thời gian sạc: 2 giờ
.Liên tục: 32 giờ
.Nghe nhạc liên tục thời gian: 28 giờ
.Thời gian chờ: 90 ngày.Kết nối trong khoảng 10m
.Công suất lớn tuổi thọ pin được tăng lên gấp đôi: 250mAh
.Đặc điểm: thời lượng pin được tăng lên gấp đôi, âm nhạc / nói chuyện / standby bền hơn, ngôn ngữ gọi thông minh, loa êm , tạo cảm giác thoải mái khi đeo.. Chúng tôi sẽ 1 đổi 1 nếu sản phẩm bị lỗi</pre>', 258, 'OEM', 'USED', 7.493566866664645, 58, 127000, 42, 4.9, 'https://vn-test-11.slatic.net/p/448abbffd1b61ba16257c8a003850d1b.jpg;https://vn-test-11.slatic.net/p/b53e6f02831821a83fff3f83145c52fe.jpg;https://vn-test-11.slatic.net/p/f60bdb2acb44049c6d435d18dcb946c3.jpg;https://vn-test-11.slatic.net/p/2dfe8c793bd6c6cebdef24b7d161eb15.jpg;https://vn-test-11.slatic.net/p/aa0a0f047c953f73c9bf14b66899a78b.jpg;', 43, 3);

INSERT INTO review (id, product_id, reviewer, rating, `comment`) VALUES(258280, 25828, 'tony T.', 2, 'quá tuyệt vời. mình đã nhận dc hàng 2 ngày nay rồi .fải nói là quá đỉnh .đóng gói cẩn thận .jao hàng nhanh. chất lượng quá tốt. mình đã mua nhiều trên laza lần này mình thấy rất rất ưng ý.sp như hình có kèm theo 2 móc đeo tai. nghe nhạc đã .pin thì rất bền . nghe gọi thì mình chưa gọi nhiều .nhunge nghe nhạc 23tiếng mình test thử từ khi nhận hàng . nghe cả ngày cả tối kg hết.tắt đi hôm sau mở lại nghe tiếp .mình tính dc 23tiếng kg hơn. như vậy là quá tốt so với já cực rẻ.mọi người ủng hộ shop nhé . hàng rất chất lượng luôn.');

INSERT INTO review (id, product_id, reviewer, rating, `comment`) VALUES(258281, 25828, 'Lê H.', 4, 'Mới mua hôm nay. Nghe tầm 3giờ hết 10% pin. Nên mọi người nói nghe dc trên 22giờ chắc cũng phải. Hi vọng sản phẩm sẽ bền và sử dụng được lâu.. Giá cả phải chăng, giao hàng nhanh');

INSERT INTO review (id, product_id, reviewer, rating, `comment`) VALUES(258282, 25828, 'Nguyễn D.', 3, 'kiểu dáng hơi xấu, sơn ko đẹp, hơi lớn, trông ko được gọn. ngưng pin thì rất tốt, nghe với mức vừa thì từ sáng đến tối không hết pin. (ko ai có thể nghe liên tục 28h nên khồn biết có đc 28 h không. nhưng ước chừng đc 20h là chắc chắn.nam giới dùng thì đc, nữ dùng thì hơi thô. rất xứng với giá tiền.');

INSERT INTO review (id, product_id, reviewer, rating, `comment`) VALUES(258283, 25828, 'Nguyễn T.', 4, 'Rất buồn nhưng ko đáng là bao ! Hàng mới mà gián keo 502 !');

INSERT INTO review (id, product_id, reviewer, rating, `comment`) VALUES(258284, 25828, 'Thuy H.', 4, 'minh da dung va rat la hai long ve sp nghe dc hon 20h dong goi rat can than cam on shop nha cho 5sao lun');

INSERT INTO product (id, name, short_desc, full_desc, category_id, brand_name, status, weight, available_item, unit_price, discount_percent, avg_rating, img_url, total_rating, supplier_id) VALUES(25829, 'Tai nghe bluetooth nhét tai PUTOCA J-Wphone S', 'Tai nghe bluetooth nhét tai PUTOCA J-Wphone S', '<pre>Công nghệ Bluetooth 3.0
Công nghệ chống ồn hiệu quả
Đảm bảo an toàn tuyệt đối về mức sóng từ
Kết nối với 2 thiết bị cùng lúc.
Hỗ trợ nghe nhạc với Âm thanh chất lượng
Đàm thoại liên tục từ 3 giờ đến 5 giờ tuỳ theo thiết bị smartphone
Sản phẩm của PUTOCA Việt Nam</pre>', 258, 'PUTOCA', 'USED', 2.9285908311405553, 99, 28000, 42, 4.3, 'https://vn-test-11.slatic.net/p/2/tai-nghe-bluetooth-nhet-tai-putoca-j-wphone-6272-7970259-209bc288567323c6c9d2b063d2193759-catalog.jpg;https://vn-test-11.slatic.net/original/5e448fa849fe3e7ff579d133d14cbdee.jpg;https://vn-test-11.slatic.net/original/9f170eb455776b76b2f679941fc3a3ae.jpg;', 49, 8);

INSERT INTO review (id, product_id, reviewer, rating, `comment`) VALUES(258290, 25829, 'Lỳ P.', 2, 'tai nghe Bluetooth này được nha bạn...');

INSERT INTO review (id, product_id, reviewer, rating, `comment`) VALUES(258291, 25829, 'Ngockhang', 3, 'Kg giống hình');

INSERT INTO review (id, product_id, reviewer, rating, `comment`) VALUES(258292, 25829, 'Tructai V.', 0, 'Tai nghe to am ok');

INSERT INTO review (id, product_id, reviewer, rating, `comment`) VALUES(258293, 25829, 'Ken N.', 4, 'chưa ưng ý lắm');

INSERT INTO review (id, product_id, reviewer, rating, `comment`) VALUES(258294, 25829, 'dang V.', 0, 'tạm giao không đúng sp như trong hình');

INSERT INTO product (id, name, short_desc, full_desc, category_id, brand_name, status, weight, available_item, unit_price, discount_percent, avg_rating, img_url, total_rating, supplier_id) VALUES(25830, 'Tai nghe có dây Langsdom JM26 Bass ấm', 'Tai nghe có dây Langsdom JM26 Bass ấm', '<pre>Thiết kế dây dẹp bằng TPE chống đứt và chống rối
Hỗ trợ nút nghe gọi trên dây
Chiều dài dây 1.2m vừa đủ thuận tiện
Hỗ trợ âm thanh Super Bass cho chơi game trên điện thoại
Chất lượng âm tốt trung thực</pre>', 258, 'Langsdom', 'NEW', 1.833422174634903, 69, 39000, 42, 4.7, 'https://vn-test-11.slatic.net/p/52b1653867b4a62f15010b3efc94da54.jpg;https://vn-test-11.slatic.net/p/2/tai-nghe-co-day-langsdom-jm26-bass-am-1629-23159404-66804940272e24931552f1445e1b680a-catalog.jpg;https://vn-test-11.slatic.net/original/c3f015e59b7ee65b6c7c9f12ce9dbd87.jpg;', 292, 5);

INSERT INTO review (id, product_id, reviewer, rating, `comment`) VALUES(258300, 25830, 'Minh Đ.', 3, 'giao hàng nhanh đóng gói cẩn thận');

INSERT INTO review (id, product_id, reviewer, rating, `comment`) VALUES(258301, 25830, 'Hoà N.', 4, 'sản phẩm phù hợp với giá tiền , dây chống rối, khá đẹp..Với giá tiền này mình khuyên nên mua về dùng sẽ không hối tiếc');

INSERT INTO review (id, product_id, reviewer, rating, `comment`) VALUES(258302, 25830, 'Lượng L.', 1, 'tai nghe tốt  nhất trong giá <70k theo đánh  giá. Tôi sài hàng  theo tháng  nên có thể noi mặt hàng này là chất lượng nhất.');

INSERT INTO review (id, product_id, reviewer, rating, `comment`) VALUES(258303, 25830, 'Vuong T.', 3, 'hàng đẹp, nghe nhạc hay... sản phẩm gói đẹp');

INSERT INTO review (id, product_id, reviewer, rating, `comment`) VALUES(258304, 25830, 'Lazada Customer', 1, 'thời gian đầu âm bass khá tốt, nhưng về sau thì như kiểu âm thanh bình thường. Thiết kế 2 núm nhựa nhét tai còn lỏng lẻo hay bị rớt ra ngoài');

INSERT INTO product (id, name, short_desc, full_desc, category_id, brand_name, status, weight, available_item, unit_price, discount_percent, avg_rating, img_url, total_rating, supplier_id) VALUES(25831, 'Tai Nghe Không Dây Cao Cấp SOUL X-SHOCK SX15 True Wireless Chống Nước IPX5 - Tích Hợp Bluetooth 5.0 - Nhà Phân Phối Chính Thức', 'Tai Nghe Không Dây Cao Cấp SOUL X-SHOCK SX15 True Wireless Chống Nước IPX5 - Tích Hợp Bluetooth 5.0 - Nhà Phân Phối Chính Thức', '<pre>Thương hiệu Soul đến từ Mỹ
Khả năng chống thấm ưu việt với công nghệ chống nước iPX5 giúp tai nghe có thể chìm được trong nước khoảng 30 phút
Kết nối tự động qua chuẩn bluetooth 5.0, cho khả năng tương thích cao với HFP, A2DP, AVCP và SBC.
Tai nghe true wireless soul x-shock mang đậm tính thể thao
Thiết kế nhỏ gọn, thông minh tích hợp Micro đàm thoại
Tích hợp tính năng sạc di dộng với dung lượng pin khá khủng, lên đến 3.000mAh
Nghe nhạc chất lượng lên đến 60 giờ
Bảo hành chính hãng 1 năm, 1 đổi 1 không qua sửa chữa
Chính hãng Soul, phân phối bởi Urban City</pre>', 258, 'Soul', 'NEW', 3.348894412778987, 13, 1590000, 42, 4.8, 'https://vn-test-11.slatic.net/p/48e659858d346b38b9c181086c81accd.jpg;https://vn-test-11.slatic.net/p/1deb242e0ff836c905889bc6996d37d6.jpg;https://vn-test-11.slatic.net/p/da37002b23181974377476347f3017fd.jpg;https://vn-test-11.slatic.net/p/01d4c0feaad76126c784dc06724ea75f.jpg;https://vn-test-11.slatic.net/p/563049e337ecf49273cc4fae6a65896c.jpg;https://vn-test-11.slatic.net/p/c50ff72bdfce6939b82a0019fe9735b1.jpg;https://vn-test-11.slatic.net/p/7ecc8aabbef6867f2f350673388bb707.jpg;https://vn-test-11.slatic.net/p/65a1144bf480cb1fa9209ec159437c60.jpg;', 57, 5);

INSERT INTO review (id, product_id, reviewer, rating, `comment`) VALUES(258310, 25831, 'Cường E.', 0, 'mới nhận được hàng, shop giao đúng thời gian. gói hàng rất kỹ và cẩn thận. hàng đẹp, giống như giới thiệu, chất lượnc tốt. very good');

INSERT INTO review (id, product_id, reviewer, rating, `comment`) VALUES(258311, 25831, 'Nguyễn N.', 3, 'Dùng được hai ngày, hàng chất đẹp, lấy ra kết nối nhanh, nghe gọi ok, đặt vào box ngắt kết nối tức thì (ko như 1 số review). Like 5****!');

INSERT INTO review (id, product_id, reviewer, rating, `comment`) VALUES(258312, 25831, 'Vũ N.', 4, 'âm thanh tốt cho đa phần người sư dụng thông thường.thích hợp cho những ai hay hoạt động.thoải mái khi đeo.dễ sử dụng');

INSERT INTO review (id, product_id, reviewer, rating, `comment`) VALUES(258313, 25831, 'Lazada Customer', 2, 'Hàng chất lượng, mình vừa nhận đc hàng trưa hôm nay. Nhưng để coi sử dụng thời gian sao đã ((:. Good');

INSERT INTO review (id, product_id, reviewer, rating, `comment`) VALUES(258314, 25831, 'Dat N.', 3, 'Good. Em xài đến nay cũng hơn 1 tháng nhưng sao giờ nó sạc được chỉ 1 bên phải còn bên trái thì nó hơi lỏng không vào pin, shop chỉ em cách khắc phục được không ? tks shop :)');

INSERT INTO product (id, name, short_desc, full_desc, category_id, brand_name, status, weight, available_item, unit_price, discount_percent, avg_rating, img_url, total_rating, supplier_id) VALUES(25832, 'Tai nghe Nhạc Chơi Game QKZ CK8, Có Mic Gaming In ear oppo sony nokia samsung xiaomi huwai iphone shaap', 'Tai nghe Nhạc Chơi Game QKZ CK8, Có Mic Gaming In ear oppo sony nokia samsung xiaomi huwai iphone shaap', '<pre>Loại tai nghe: Nhét tai
- Số Driver: 2
- Đường kính driver: 8mm + 10mm
- Độ nhạy: 100 dB
- Trở kháng: 16 ohm
- Tần số đáp ứng: 20 - 20000 Hz
- Chiều dài dây: 1m2
- Giắc cắm: 3.5mm
- Dùng cho Iphone , smartphone android và tất cả các thiết bị có cổng audio 3.5mm</pre>', 258, 'QKZ', 'NEW', 2.2351940847413028, 41, 109000, 42, 4.7, 'https://vn-test-11.slatic.net/p/7b62bf5323314b739f5bfdc7801c02dc.jpg;https://vn-test-11.slatic.net/original/d427495ddd9baf51cfdd83ec7b4744db.jpg;https://vn-test-11.slatic.net/original/b62db0a81539fab73b2b4f2465bf5979.jpg;https://vn-test-11.slatic.net/original/eebb473163e1cfc0a3aeec98c075e97b.jpg;https://vn-test-11.slatic.net/original/d924883cca078fc7006be88e26504b66.jpg;https://vn-test-11.slatic.net/original/5a376780f5c32610692e463101d24ab1.jpg;https://vn-test-11.slatic.net/original/206f259bbfdb017a8598f5ee1eebddac.jpg;https://vn-test-11.slatic.net/original/dd5f45d224ab48bbaaafcc0ff11a3b36.jpg;', 161, 1);

INSERT INTO review (id, product_id, reviewer, rating, `comment`) VALUES(258320, 25832, 'Lê D.', 1, 'hàng giao siêu nhanh mới đặt hôm qua hôm nay đã lấy nghe ko bị rè ko ko nghe thấy j bên ngoài luôn nghe bass phê nên mua');

INSERT INTO review (id, product_id, reviewer, rating, `comment`) VALUES(258321, 25832, 'An L.', 2, 'Bass ổn, khá ấm tai. Thì tầm tiền này cũng không nên đòi hỏi gì nhiều, bấy nhiêu là đủ. Còn về độ bề sản phẩm thì để qua thời gian sử dụng mới biết! 😉');

INSERT INTO review (id, product_id, reviewer, rating, `comment`) VALUES(258322, 25832, 'Bắp C.', 3, 'tai nghe tốt đẹp giao hàng nhanh thêm cái nghe êm .nói chung là rất tốt');

INSERT INTO review (id, product_id, reviewer, rating, `comment`) VALUES(258323, 25832, 'Hải V.', 1, 'giá thành oke đúng chất liệu nghe sướng tai nên mua =))');

INSERT INTO review (id, product_id, reviewer, rating, `comment`) VALUES(258324, 25832, 'Bi Đ.', 2, 'Âm thanh nghe trong k bị rè, bao hộp cẩn thận, phụ kiện đầy đủ, nói chung rất hài lonhf');

INSERT INTO product (id, name, short_desc, full_desc, category_id, brand_name, status, weight, available_item, unit_price, discount_percent, avg_rating, img_url, total_rating, supplier_id) VALUES(25833, 'Tai nghe bluetooth N7100 music cao cấp', 'Tai nghe bluetooth N7100 music cao cấp', '<pre>Công nghệ Bluetooth V4.1
Công nghệ chống ồn hiệu quả
Đảm bảo an toàn tuyệt đối về mức sóng từ
Âm thanh chất lượng
Hỗ trợ đàm thoại liên tục lên đến 3 giờ
Thời gian chờ lên đến 100 giờ</pre>', 258, 'OEM', 'NEW', 7.381737049916985, 93, 28000, 42, 3.8, 'https://vn-test-11.slatic.net/p/2/tai-nghe-bluetooth-n7100-music-cao-cap-4976-57364071-8b79ce51a23488fa8b21b178a76386c7-catalog.jpg;https://vn-test-11.slatic.net/original/5e448fa849fe3e7ff579d133d14cbdee.jpg;https://vn-test-11.slatic.net/original/9f170eb455776b76b2f679941fc3a3ae.jpg;', 418, 1);

INSERT INTO review (id, product_id, reviewer, rating, `comment`) VALUES(258330, 25833, 'Pham M.', 1, 'nghe rất hay tuy nhiên hút sóng rất xa nhưng đôi khi lại yếu nhưng không sao giá nào thì của đó nếu pin trâu chút nữa thì hay bít mấy cảm ơn shop nha ^^ sẽ ủng hộ shop nhìu');

INSERT INTO review (id, product_id, reviewer, rating, `comment`) VALUES(258331, 25833, 'Lê H.', 1, 'không xài được cả 2 cái luôn. nhiễu');

INSERT INTO review (id, product_id, reviewer, rating, `comment`) VALUES(258332, 25833, 'Diem N.', 4, 'hàng  rất  tốt');

INSERT INTO review (id, product_id, reviewer, rating, `comment`) VALUES(258333, 25833, 'Nguyễn T.', 4, 'Mình mua 4 cái hiện dùng vẫn tốt. Cảm ơn shop.');

INSERT INTO review (id, product_id, reviewer, rating, `comment`) VALUES(258334, 25833, 'Vũ Đ.', 2, 'bị lỗi không nói được');

INSERT INTO product (id, name, short_desc, full_desc, category_id, brand_name, status, weight, available_item, unit_price, discount_percent, avg_rating, img_url, total_rating, supplier_id) VALUES(25834, 'Tai nghe nhét tai không dây Cảm ứng Bluetooth 5.0 Cao cấp S8 (Âm thanh HiFi tuyệt hảo) Gồm Dock tự sạc - Hàng xịn của Agiadep', 'Tai nghe nhét tai không dây Cảm ứng Bluetooth 5.0 Cao cấp S8 (Âm thanh HiFi tuyệt hảo) Gồm Dock tự sạc - Hàng xịn của Agiadep', '<pre>Thiết kế đẹp, hiện đại, tối ưu cho lỗ tai. Bạn có thể đeo tai nghe S8 cả ngày mà không cảm thấy khó chịu gì.
Trang bị thêm Móc tai thể thao cao cấp. Giúp bạn hoàn toàn yên tâm vận động mạnh mà không sợ tai nghe rơi ra.
Âm thanh HiFi tuyệt hảo. Thoải mái đàm thoại, nghe nhạc ... trong môi trường ồn ào.
Công nghệ Bluetooth 5.0 cho kết nối nhanh và chuẩn. Khoảng cách kết nối lên đến hơn 10m. Kết nối đa năng tới nhiều thiết bị.
Có Dock sạc kèm theo. Sạc dễ dàng mọi lúc mọi nơi. Dung lượng Pin của Dock sạc là 500mAh. Giúp bạn có thể thoải mái sử dụng liên tục trong 4h. 
Đặc biệt đạt tiêu chuẩn kháng nước, kháng bụi cấp Quốc tế IPX5. Giúp bạn sủ dụng mọi lúc mọi nơi, ngay khi bơi lội hay tắm rửa, khi hoạt động dưới trời mưa ... Dễ dàng vệ sinh khi cần.
Đặc biệt tích hợp công nghệ cảm ứng 1 chạm. Bạn chỉ cần chạm nhẹ vào tai nghe là có thể tắt/mở ca nhạc, nhận/hủy cuộc gọi, ...
Là hàng cao cấp, được giới trẻ năng động yêu công nghệ ưa thích.
Sản phẩm bán chạy tại thị trường Châu Âu, Châu Mỹ.
Được bảo hành 1 năm 1 đổi 1 bởi Agiadep.com.
Sản phẩm tốt được nhiều khách hàng review cực cao 4,9/5 sao (như hình).</pre>', 258, 'OEM', 'USED', 4.546100905835718, 88, 540000, 42, 4.7, 'https://vn-test-11.slatic.net/original/0aaf12591b2cff275f03d792fdf9f8a6.jpg;https://vn-test-11.slatic.net/original/f76f2f2cde015fceb366fc13ca1a95ef.jpg;https://vn-test-11.slatic.net/original/bb354352b474a04037660ae3daae2663.jpg;https://vn-test-11.slatic.net/original/cd854b16320b976c3aafe2f7a1a63984.jpg;https://vn-test-11.slatic.net/original/d3eecf50ebbe078ef4a3a6d4b3071ffd.jpg;https://vn-test-11.slatic.net/original/9c38366bf5ab07a1b0628a67ac8b7e00.jpg;https://vn-test-11.slatic.net/original/4c113287c2615a896885b75b38143cd3.jpg;https://vn-test-11.slatic.net/original/5ddf52b96d9f93c6f3d8bcb7d5f1f4e5.jpg;', 82, 5);

INSERT INTO review (id, product_id, reviewer, rating, `comment`) VALUES(258340, 25834, 'Hoang N.', 4, 'vừa mua về 2 ngày đã hư 1 bên tai trái. shop liên hệ mình nhé.');

INSERT INTO review (id, product_id, reviewer, rating, `comment`) VALUES(258341, 25834, 'Quý H.', 2, 'Tai nghe tốt âm rất ấm! Đóng gói đẹp');

INSERT INTO review (id, product_id, reviewer, rating, `comment`) VALUES(258342, 25834, 'Cường V.', 2, 'tai nghe chất âm tốt, độ hoàn thiện cao, giá cả hợp lý, đáng mua');

INSERT INTO review (id, product_id, reviewer, rating, `comment`) VALUES(258343, 25834, 'Cường V.', 1, 'tai nghe chất âm tốt, độ hoàn thiện cao, giá cả hợp lý, đáng mua');

INSERT INTO review (id, product_id, reviewer, rating, `comment`) VALUES(258344, 25834, 'Cường V.', 4, 'tai nghe chất âm tốt, độ hoàn thiện cao, giá cả hợp lý, đáng mua');

INSERT INTO product (id, name, short_desc, full_desc, category_id, brand_name, status, weight, available_item, unit_price, discount_percent, avg_rating, img_url, total_rating, supplier_id) VALUES(25835, '(5 Màu) Tai Nghe nhựa Xiaomi In-Ear Bright - Hàng nhập khẩu', '(5 Màu) Tai Nghe nhựa Xiaomi In-Ear Bright - Hàng nhập khẩu', '<pre>Speaker Impedance: 32Ω
Trọng lượng: 14g
Chiều dài dây: 1,4m
Chuẩn audio: Jack audio 3.5mm mạ niken
Công suất định mức: 5mW
Dải tần số: 20-20,000Hz
Tiêu chuẩn: Q/WMSX 004-2016
Màu sắc: trắng, đen, xanh ngọc, hồng, tím.</pre>', 258, 'Xiaomi', 'NEW', 3.2654754259026477, 70, 99000, 42, 4.3, 'https://vn-test-11.slatic.net/p/2/5-mau-tai-nghe-nhua-xiaomi-in-ear-bright-hang-nhap-khau-7908-81198692-dd308267f03a97251e47d7cdfefcbe8c-catalog.jpg;https://vn-test-11.slatic.net/p/2/5-mau-tai-nghe-nhua-xiaomi-in-ear-bright-hang-nhap-khau-7908-81198692-34bfcf8b5a6cb3277ecf4ee8aa6fc18c-catalog.jpg;https://vn-test-11.slatic.net/p/2/5-mau-tai-nghe-nhua-xiaomi-in-ear-bright-hang-nhap-khau-7908-81198692-7325a6309f3a2a59c446fdc8382b2336-catalog.jpg;https://vn-test-11.slatic.net/p/2/5-mau-tai-nghe-nhua-xiaomi-in-ear-bright-hang-nhap-khau-7908-81198692-965c74281eb7d457243bd3a5eced58e4-catalog.jpg;https://vn-test-11.slatic.net/p/2/5-mau-tai-nghe-nhua-xiaomi-in-ear-bright-hang-nhap-khau-7908-81198692-b626b3275948fc7c801056b7b59b74ec-catalog.jpg;https://vn-test-11.slatic.net/p/2/5-mau-tai-nghe-nhua-xiaomi-in-ear-bright-hang-nhap-khau-7908-81198692-38f16ab49c80492cec33edab83e32157-catalog.jpg;https://vn-test-11.slatic.net/p/2/5-mau-tai-nghe-nhua-xiaomi-in-ear-bright-hang-nhap-khau-7908-81198692-e70dd8e06cd37020cc6917806e507c0c-catalog.jpg;https://vn-test-11.slatic.net/p/2/5-mau-tai-nghe-nhua-xiaomi-in-ear-bright-hang-nhap-khau-7908-81198692-57e954284e71f2e5ddd68701a0e049c3-catalog.jpg;', 175, 8);

INSERT INTO review (id, product_id, reviewer, rating, `comment`) VALUES(258350, 25835, 'Tô T.', 1, 'Đã mua 3 cái. 1 đen, 1 xanh, 1 tím. Hàng ở ngoài đẹp hơn trong hình luôn. Mình ở tận bạc liêu mà giao khá nhanh. Âm thanh rất đã. Bass ổn. Rất đáng tiền. Good');

INSERT INTO review (id, product_id, reviewer, rating, `comment`) VALUES(258351, 25835, 'trần M.', 3, 'quá tốt trong tầm giá, nghe hay, bass tốt so với giá tiền');

INSERT INTO review (id, product_id, reviewer, rating, `comment`) VALUES(258352, 25835, 'Sơn H.', 4, 'Chất lượng tốt so với giá, mở max tai bên trái hơi bị rè nhỏ');

INSERT INTO review (id, product_id, reviewer, rating, `comment`) VALUES(258353, 25835, 'Trần D.', 2, 'tai nghe thì êm tội mỗi tai tớ to nhét hơi tuột');

INSERT INTO review (id, product_id, reviewer, rating, `comment`) VALUES(258354, 25835, 'Trần M.', 2, 'đúng như cái tai nghe cách đây mấy năm về trước.  cái tay này ngưng sản xuất cho nên mua không được bây giờ mua được rất mừng tai dây dẹp nên đỡ rối và xài rất  ngon hơn loại dây tròn nhiều');

INSERT INTO product (id, name, short_desc, full_desc, category_id, brand_name, status, weight, available_item, unit_price, discount_percent, avg_rating, img_url, total_rating, supplier_id) VALUES(25836, 'Tai nghe chụp tai cao cấp có khe thẻ nhớ Bluetooth P47', 'Tai nghe chụp tai cao cấp có khe thẻ nhớ Bluetooth P47', '<pre>Thiết kế thời trang
Kết nối không dây
Chất lượng âm thanh cực tốt
Khả năng cô lập tiếng ồn cao</pre>', 258, 'OEM', 'NEW', 8.152381920608242, 27, 149000, 42, 4.6, 'https://vn-test-11.slatic.net/p/2/tai-nghe-chup-tai-cao-cap-co-khe-the-nho-bluetooth-p47-2013-8513026-296a6b3445254fffb6314cd65564794c-catalog.jpg;https://vn-test-11.slatic.net/original/875151dd3c8ae698a00a7e7026dfc404.jpg;https://vn-test-11.slatic.net/original/48fd293fa5d931d1ec2683fb3acf695a.jpg;', 98, 5);

INSERT INTO review (id, product_id, reviewer, rating, `comment`) VALUES(258360, 25836, 'Lazada Customer', 0, 'Hàng rất đẹp. Âm tốt. Hợp giá cả');

INSERT INTO review (id, product_id, reviewer, rating, `comment`) VALUES(258361, 25836, 'Lazada Customer', 1, 'tai nghe ok nhưng khi cắm giắc nối với điện thoại thì bị tắt kun tai nghe');

INSERT INTO review (id, product_id, reviewer, rating, `comment`) VALUES(258362, 25836, 'nguyễn V.', 0, 'tai nghe đẹp đúng như hình âm thanh chất lượng giá rẻ như vậy k đòi hỏi nhiều shop làm ăn rất tốt');

INSERT INTO review (id, product_id, reviewer, rating, `comment`) VALUES(258363, 25836, 'monter G.', 4, '');

INSERT INTO review (id, product_id, reviewer, rating, `comment`) VALUES(258364, 25836, 'Tú T.', 3, '');

INSERT INTO product (id, name, short_desc, full_desc, category_id, brand_name, status, weight, available_item, unit_price, discount_percent, avg_rating, img_url, total_rating, supplier_id) VALUES(25837, '[Tặng dây sạc] Tai Nghe Bluetooth Không Dây Sport S6 siêu bass - Có míc đàm thoại', '[Tặng dây sạc] Tai Nghe Bluetooth Không Dây Sport S6 siêu bass - Có míc đàm thoại', '<pre>Kiểu dáng thời trang, dành riêng cho giới trẻ
Âm thanh trung thực bass, tresb hiệu quả
Hộ trợ cho cuộc sống năng động
Kết nối điện thoại, máy tính bảng ... nhanh chóng dễ dàng
Màu trắng, đen</pre>', 258, 'OEM', 'NEW', 6.3548886739463795, 59, 30000, 42, 4.3, 'https://vn-test-11.slatic.net/original/05dbc59aa66586e68ec0f0f7e168fe38.jpg;https://vn-test-11.slatic.net/original/2a0150213f00c41bdc9d5fdb8f2648ca.jpg;https://vn-test-11.slatic.net/original/301a24fad5f9e371e08aac07d17d622a.jpg;https://vn-test-11.slatic.net/original/4c261e241fa875aea7417ccbf044ee70.jpg;https://vn-test-11.slatic.net/original/85efc6182875ce47e0d675839db5f6b3.jpg;https://vn-test-11.slatic.net/original/ca31f306f3619e265948d8ebce90d5d2.jpg;', 91, 4);

INSERT INTO review (id, product_id, reviewer, rating, `comment`) VALUES(258370, 25837, 'Duy T.', 0, 'đồ dởm hàng như thế mà cũng bán được');

INSERT INTO review (id, product_id, reviewer, rating, `comment`) VALUES(258371, 25837, 'Lê T.', 0, 'tai nghe tốt, hàng giao cực nhanh.');

INSERT INTO review (id, product_id, reviewer, rating, `comment`) VALUES(258372, 25837, 'dương', 3, 'âm thanh tốt, mẫu mã đẹp, giá rẻ quá tưởng k ngon mà ngon hơn mua cửa hàng  80k.
đúng là bgio mua bán k biết thế nào mà lần');

INSERT INTO review (id, product_id, reviewer, rating, `comment`) VALUES(258373, 25837, 'DangNgocHai', 3, '');

INSERT INTO review (id, product_id, reviewer, rating, `comment`) VALUES(258374, 25837, 'Toản', 3, 'Em nhận hàng rồi ạ, ổn lắm');

INSERT INTO product (id, name, short_desc, full_desc, category_id, brand_name, status, weight, available_item, unit_price, discount_percent, avg_rating, img_url, total_rating, supplier_id) VALUES(25838, 'Tai nghe chụp tai đẹp, phong cách Hàn Quốc hiện đại F10', 'Tai nghe chụp tai đẹp, phong cách Hàn Quốc hiện đại F10', '<pre>Tai nghe chụp tai phòng cách Hàn Quốc  sử dụng được cho điện thoại, máy tính, máy nghe nhạc
Sử dụng được cho tất cả các dòng điện thoại hiện nay như: Nokia, iPhone, Oppo, Samsung, HTC, Vivo,...và các dòng điện thoại khác
Giắc (jack) kết nối là chui tròn 3.5mm
Độ dài dây: 110cm
Đệm lót tai nghe êm ái
Phần chụp 2 bên tai hình tròn có tích hợp lỗ micro
Âm thanh bass tốt, sâu tạo cảm giác sống động
Thiết kế hiện đại, đẹp mắt mang phong cách Hàn Quốc trẻ trung, năng động
Sản phẩm được sản xuất theo tiêu chuẩn chất lượng của Banta</pre>', 258, 'No Brand', 'USED', 2.81277127361197, 72, 39000, 42, 4.8, 'https://vn-test-11.slatic.net/original/911f2742e9031b672a8a7354148d8e5f.jpg;https://vn-test-11.slatic.net/original/237fbbd5e1298095d1186212750d13ad.jpg;https://vn-test-11.slatic.net/original/ad57ab021c7f820e0f26075ba3442519.jpg;', 42, 9);

INSERT INTO review (id, product_id, reviewer, rating, `comment`) VALUES(258380, 25838, 'Tú Đ.', 0, 'Tốt đẹp giá cả hợp lý');

INSERT INTO review (id, product_id, reviewer, rating, `comment`) VALUES(258381, 25838, 'Kẹo Đ.', 2, 'Hàng chất lượng tốt😘');

INSERT INTO review (id, product_id, reviewer, rating, `comment`) VALUES(258382, 25838, 'Phạm B.', 0, 'rất tốt sản phẩm rất tốt');

INSERT INTO review (id, product_id, reviewer, rating, `comment`) VALUES(258383, 25838, 'Nguyễn V.', 3, '');

INSERT INTO review (id, product_id, reviewer, rating, `comment`) VALUES(258384, 25838, 'Hạnh''z U.', 0, 'sản phẩm rất tốt tôi rất thích');

INSERT INTO product (id, name, short_desc, full_desc, category_id, brand_name, status, weight, available_item, unit_price, discount_percent, avg_rating, img_url, total_rating, supplier_id) VALUES(3640, 'Dây audio quang (Toslink, Optical) dài 1.5M UGREEN AV122 10769 (đen) - Hãng phân phối chính thức.', 'Dây audio quang (Toslink, Optical) dài 1.5M UGREEN AV122 10769 (đen) - Hãng phân phối chính thức.', '<pre>Truyền tải tín hiệu âm thanh với độ phân giải cực cao.
Hiệu quả tối ưu
An toàn khi sử dụng
Hỗ trợ âm thanh Dolby Digital (5.1-7.1) AC3; DTS</pre>', 364, 'UGREEN', 'USED', 6.224656473247868, 41, 100000, 33, 4.8, 'https://vn-test-11.slatic.net/p/2/day-audio-quang-toslink-optical-dai-15m-ugreen-av122-10769-den-9810-1597382-ad7c630ff1a0d275e1d3ca9bbedb0346-catalog.jpg;https://vn-test-11.slatic.net/p/2/day-audio-quang-toslink-optical-dai-15m-ugreen-av122-10769-den-8609-1597382-da5936fdd37663bfd3704d0125f9ad46-catalog.jpg;https://vn-test-11.slatic.net/p/2/day-audio-quang-toslink-optical-dai-15m-ugreen-av122-10769-den-8609-1597382-96a5ebc198a2321ae468e992087c54bc-catalog.jpg;https://vn-test-11.slatic.net/p/2/day-audio-quang-toslink-optical-dai-15m-ugreen-av122-10769-den-8609-1597382-4f45002677ca75f460598e6af6fa5d52-catalog.jpg;https://vn-test-11.slatic.net/p/2/day-audio-quang-toslink-optical-dai-15m-ugreen-av122-10769-den-8609-1597382-0babe558f4b0ec045c0a710c9b0cdb1e-catalog.jpg;', 9, 4);

INSERT INTO review (id, product_id, reviewer, rating, `comment`) VALUES(36400, 3640, 'ngo T.', 1, 'Hàng như hình, đẹp');

INSERT INTO review (id, product_id, reviewer, rating, `comment`) VALUES(36401, 3640, 'dao Q.', 3, 'Hàng chính hãng');

INSERT INTO review (id, product_id, reviewer, rating, `comment`) VALUES(36402, 3640, 'thanh', 1, 'Chất lượng sp tuyệt vời');

INSERT INTO review (id, product_id, reviewer, rating, `comment`) VALUES(36403, 3640, 'Letrung', 1, 'Dung duoc.am thanh to.chua cam nhan được am thanh co hay hon giắc bông sen ko nhung noi chung ổn.phải dùng một thời gian sẽ quay lại.khi nhận sp giống hình,tem mac đầy đủ sắc nét.');

INSERT INTO review (id, product_id, reviewer, rating, `comment`) VALUES(36404, 3640, 'Dương V.', 4, 'dây tín hiệu');

INSERT INTO product (id, name, short_desc, full_desc, category_id, brand_name, status, weight, available_item, unit_price, discount_percent, avg_rating, img_url, total_rating, supplier_id) VALUES(3641, 'Loa Karaoke VTB KS906', 'Loa Karaoke VTB KS906', '<pre>Số lượng loa : 2
Độ nhạy : 92dB
Tổng công suất 2 loa 300w
Trở kháng loa (Ohm): 4 - 8 Ohm
Tần số đáp ứng 20 - 2.000KHz</pre>', 364, 'Vitek', 'NEW', 2.8788360327891054, 58, 1600000, 33, 0.0, 'https://vn-test-11.slatic.net/p/2/ks-906-3834-83593362-df5324b4d1ee07af760d9be554c87f6e-catalog.jpg;', 0, 5);

INSERT INTO product (id, name, short_desc, full_desc, category_id, brand_name, status, weight, available_item, unit_price, discount_percent, avg_rating, img_url, total_rating, supplier_id) VALUES(3642, 'Bàn mixer liền công suất YAMAHA 402 kéo tốt loa bass 30cm coil 56', 'Bàn mixer liền công suất YAMAHA 402 kéo tốt loa bass 30cm coil 56', '<pre>Công suất đầu ra tối đa: 250W/ 1 kênhTổng méo hài hòa + tiếng ồn: ≤ 0.1%Tần số đáp ứng: 10Hz ~ 55 KHz (-1.5dB)Sự suy giảm nhiễu xuyên âm: -70dB (1 kHz)Tín hiệu để tiếng ồn tỷ lệ: 99dB Độ nhạy đầu vào: 625mvTrọng lượng khoảng: 4,4kgHiệu suất và tính năng:(1)hai bộ đầu ra kênh chính, một bộ đầu ra đường dây phụ trợ và trả về(2) Điều chỉnh cân bằng hai giai đoạn của mỗi kênh đầu vào(3)được xây dựng trong hiển thị kỹ thuật số 16 trạng thái hiệu ứng chuyên nghiệp kỹ thuật số reverb(4)số dư năm giai đoạn chính(5)hai bộ hiển thị mức độ ba màu(6)MP3 hỗ trợ U đĩa / thẻ SD / kết nối Bluetooth, hỗ trợ cho dòng ghi âm, màn hình lớn hiển thị tên bài hát / lời bài hát(7) 48V cung cấp điện ma (cung cấp điện micro tụ điện)(8)bộ khuếch đại công suất tăng đầu ra chỗ ngồi thẻ (người dùng thuận tiện hơn để nhận (ferrochrome miễn phí))Thông số kỹ thuật: Mức đầu ra tối đa: 15dBm (1 KHz, THD = 0.5%)Tiếng ồn còn lại: -80dBTín hiệu để tiếng ồn tỷ lệ: 83dBLực điện động đầu vào tương đương nguồn ồn: -116dBmCông suất đầu ra tai nghe: 40mw (1 KHz, THD = 0,5%, 200ΩCân bằng:Tần số thấp: 80Hz ± 15dBTần số trung gian: 250Hz ~ 6 KHz ± 15dBTần số cao: 12KHz ± 15dBKiểm soát được: -∞ ~ 0dBTần số đáp ứng: 20Hz ~ 20 KHz (+ 1dB, -3dB</pre>', 364, 'No Brand', 'NEW', 1.4113448317598642, 33, 2500000, 33, 5.0, 'https://vn-test-11.slatic.net/p/b6420401ecec6b261ab7a84fd33e0f83.jpg;https://vn-test-11.slatic.net/p/aa96338cc1148c05a1a6f5f4f7a3c323.jpg;https://vn-test-11.slatic.net/p/e356ed3473bb80d6ea5877f16fd7607d.jpg;https://vn-test-11.slatic.net/p/7c4a471bd3f7301766c2c13cada494c4.jpg;', 1, 9);

INSERT INTO product (id, name, short_desc, full_desc, category_id, brand_name, status, weight, available_item, unit_price, discount_percent, avg_rating, img_url, total_rating, supplier_id) VALUES(3643, 'Dàn âm thanh khủng tại nhà kết nối Tivi , iphone, ipad, smartphone Hát karaoke - loa vi tính cỡ lớn âm thanh Hifi siêu Bass đỉnh cao có kết nối Bluetooth nghe nhạc qua USB thẻ nhớ Isky - SK325 (Tặng kèm Micro không dây) - Thiết kê vân gỗ', 'Dàn âm thanh khủng tại nhà kết nối Tivi , iphone, ipad, smartphone Hát karaoke - loa vi tính cỡ lớn âm thanh Hifi siêu Bass đỉnh cao có kết nối Bluetooth nghe nhạc qua USB thẻ nhớ Isky - SK325 (Tặng kèm Micro không dây) - Thiết kê vân gỗ', '<pre>Loa vi tính I-SKY SK325 2.1 được trang bị điều khiển từ xa giúp bạn dễ dàng tùy chỉnh, bật/tắt nhanh chóng.
Có cổng mic jack 6.5 ly giúp bạn cùng gia đình hát karaoke như dàn chuyên nghiệp tích hợp echo
Dải tần cao : Loa có khả năng đáp ứng dải tần số khá lớn loa phù hợp để phát nhiều thể loại nhạc, phát nhạc ở âm lượng lớn mà không bị méo tiếng.
Điện nguồn vào : 220v - 50 Hz
Công suất Loa trầm : 50W Dải tần ; 35Hz -200HZ , kiscxh thước ; 5,5 inch
Công suất Loa Vệ Tinh ; 10W x 2 Dải Tần : 150HZ - 20KHz , 2,5 Inch x 4
Hỗ Trợ Kết Nối : Jack 2,5 . Ti vi , Đầu kỹ thuật số , Đài FM ,. các loại máy tính , Bluetooth
Bảo hành chính Hãng 12 tháng</pre>', 364, 'Isky', 'USED', 1.4892987762289556, 93, 2099000, 33, 4.6, 'https://vn-test-11.slatic.net/p/bf97787a0328a3a599044a57cd37d2f3.jpg;https://vn-test-11.slatic.net/original/c5b91fc47401a7d9e994fd377caacecf.jpg;https://vn-test-11.slatic.net/p/ae113c8f13b91194bb8f60175f6732c5.jpg;https://vn-test-11.slatic.net/original/5c380da863d241a0706bb45e14fd2782.jpg;https://vn-test-11.slatic.net/original/7809785d33c90e674133102eabc7370d.jpg;https://vn-test-11.slatic.net/original/4d9eb32a73cc3244a58848a03d73f8dd.jpg;https://vn-test-11.slatic.net/original/9e6a6b88da18736d9e5cf069c82bccd4.jpg;https://vn-test-11.slatic.net/original/eb3b39c8fc24bd78a3610b25c31b1ace.jpg;', 15, 2);

INSERT INTO review (id, product_id, reviewer, rating, `comment`) VALUES(36430, 3643, 'Lazada Customer', 1, 'Đã nhận hàng lắp thử thấy Loa rất đẹp, âm thanh tốt, hát karaoke rất ổn. Trong tầm giá thì em này là lựa chọn đáng tiền. Shop gói hàng cẩn thận tư vấn nhiệt tình. Thanks');

INSERT INTO review (id, product_id, reviewer, rating, `comment`) VALUES(36431, 3643, 'Lazada Customer', 1, 'Sản phẩm rất chất lượng thiết kế đẹp mắt, âm thanh hay , hát karaoke tôt. Đóng gói chắc chắn giao hàng khá nhanh. Cám ơn shop Vietstore');

INSERT INTO review (id, product_id, reviewer, rating, `comment`) VALUES(36432, 3643, 'Lazada Customer', 0, 'Tuyệt vời!!!
Loa kích thước lớn mà giao hàng khá nhanh, thiết kế vân gỗ đẹp mắt, rất sang trọng và chắc chắn, vừa đẹp với kệ tivi nhìn rất đẹp trong phòng khách
Âm thanh thì tuyệt, bass rất mạnh, hát karaoke khá ổn
Một sản phẩm rất đang mua, cám ơn shop Vietstore');

INSERT INTO review (id, product_id, reviewer, rating, `comment`) VALUES(36433, 3643, 'Lazada Customer', 3, 'hàng tốt gía tốt, thiết kế đẹp chắc chắn âm thanh rất hay, hát karaoke tốt. Rất hài lòng về sản phẩm. Cám ơn shop Vietstore tư vấn nhiệt tình');

INSERT INTO review (id, product_id, reviewer, rating, `comment`) VALUES(36434, 3643, 'Thái D.', 3, 'Vận chuyển bị vỡ ☹️☹️ nhung hàng chất lượng! Âm thanh hay l, tư vấn nhiệt tình like');

INSERT INTO product (id, name, short_desc, full_desc, category_id, brand_name, status, weight, available_item, unit_price, discount_percent, avg_rating, img_url, total_rating, supplier_id) VALUES(3644, 'Dây loa monster 10m', 'Dây loa monster 10m', '<pre>Dây loa Monster XP
Giá hot hot hot SALE 12.12
Dây Loa 2 ruột Đồng Nguyên Chất cam kết đồng 100%, nói không với hàng nhôm mạ đồng
Dây mềm dẻo, ruột sợi nhuyễn thuận tiện cho việc dây loa NGHE NHẠC, Công trình karaoke, đi dây loa âm tường , dây chuẩn đồng nguyên chất chống oxi hóa.Dây loa Monster cao cấp với công nghệ kép và lớp cách nhiệt LPE phù hợp cho âm thanh gia đình đẳng cấp, với lớp vỏ được bao bọc bởi cáp chuyên dụng giúp cho âm thanh sống động, hiển thị chi tiết
Cấu trúc cốt lõi đồng, chống oxi hóa cao, lớp nhựa bên ngoài mềm mại và dẻo dai không những tăng cường tuổi thọ cho dây mà còn giúp bạn cảm nhận được tiếng bass,treble sâu hơn, tạo mức độ chi tiết.</pre>', 364, 'Monster', 'NEW', 1.4347908938509835, 38, 100000, 33, 4.8, 'https://vn-test-11.slatic.net/p/f0e04ab97a3bdab3824277b60e012d2d.jpg;https://vn-test-11.slatic.net/p/35e47da0108a6d2ffcc2ea890378cb3b.jpg;https://vn-test-11.slatic.net/p/5d1187e0855f18377eb3c334c043232c.jpg;https://vn-test-11.slatic.net/p/56a16986e95a34df16360cfbdef63224.jpg;', 4, 5);

INSERT INTO review (id, product_id, reviewer, rating, `comment`) VALUES(36440, 3644, 'phamhuubang', 4, 'sp rất ok');

INSERT INTO product (id, name, short_desc, full_desc, category_id, brand_name, status, weight, available_item, unit_price, discount_percent, avg_rating, img_url, total_rating, supplier_id) VALUES(3645, 'Dàn âm thanh tại nhà - loa vi tính cỡ lớn hát karaoke có kết nối Bluetooth USB Isky - SK335U 2.1 Tặng kèm Mic hát', 'Dàn âm thanh tại nhà - loa vi tính cỡ lớn hát karaoke có kết nối Bluetooth USB Isky - SK335U 2.1 Tặng kèm Mic hát', '<pre>Thiết kế sang trọng, hiện đại, nhỏ gọn, thích hợp dùng cho mọi không gian trong gia đình bạn.
Hệ thống âm thanh 2.1, gồm 1 loa siêu trầm và 2 loa đệm.
Loa có tổng công suất lớnđủ sức đem lại cho bạn trải nghiệm âm thanh đầy đủ, rõ ràng chi tiết.
Tính năng bắt sóng radio FM. Bạn có thể dễ dàng theo dõi các kênh phát thanh yêu thích.
Có chức năng Bluetooth rất hiện đại để kết nối cho mọi loại thiết bị rất tiện lợi.
Có khe cắm thẻ nhớ và cổng USB rất tiện dụng.
Có jack cho 2 mic có thể cắm Mic hát karaoke.
Có các núm điều chỉnh Trầm Bass, Bổng tress, Echo, Và âm lượng cho Mic rất chuyên nghiệp</pre>', 364, 'Isky', 'NEW', 6.920191595192232, 72, 898000, 33, 5.0, 'https://vn-test-11.slatic.net/original/43bb273ad6cccad035829fbaac24bc0f.jpg;https://vn-test-11.slatic.net/original/4d6b1dad3415986f73fb3010d29e14eb.jpg;https://vn-test-11.slatic.net/original/b7f837a8376c55f00d9152b0751f3d21.jpg;https://vn-test-11.slatic.net/original/2753d16c913733d3acd3206778bed1d1.jpg;https://vn-test-11.slatic.net/original/dc6ce262201b2724772880c067bf023f.jpg;', 9, 1);

INSERT INTO review (id, product_id, reviewer, rating, `comment`) VALUES(36450, 3645, 'Hà Q.', 3, 'san pham nay minh da va dang sai .noi chung la tot.phan am thanh nghe rat hay.nghe ro va tram am..phan kieu dang tat dep trung bay trong phong rat sang chanh.minh dang sai .cac ban cu yen tam mua nhe.');

INSERT INTO review (id, product_id, reviewer, rating, `comment`) VALUES(36451, 3645, 'Huỳnh P.', 0, 'hàng đóng gói rất kĩ càng.loa nghe tốt.giao hàng nhanh.');

INSERT INTO review (id, product_id, reviewer, rating, `comment`) VALUES(36452, 3645, 'Lazada Customer', 2, '');

INSERT INTO review (id, product_id, reviewer, rating, `comment`) VALUES(36453, 3645, 'Vũ M.', 4, 'Shop gói hàng cẩn thận. Hướng dẫn, chăm sóc khách hàng chu đáo. Mới dùng nhưng thấy rất ổn');

INSERT INTO review (id, product_id, reviewer, rating, `comment`) VALUES(36454, 3645, 'Nguyễn A.', 1, 'ok');

INSERT INTO product (id, name, short_desc, full_desc, category_id, brand_name, status, weight, available_item, unit_price, discount_percent, avg_rating, img_url, total_rating, supplier_id) VALUES(3646, 'Thiết Bị Chuyển Đổi Âm Thanh Có Dây Thành Không Dây VietTech Bluetooth Music V4.2 ( KHÔNG KÈM TAI NGHE)', 'Thiết Bị Chuyển Đổi Âm Thanh Có Dây Thành Không Dây VietTech Bluetooth Music V4.2 ( KHÔNG KÈM TAI NGHE)', '<pre>Bluetooth V4.2 khoảng cách kết nối lên đến 10m
Âm thanh nổi, bass mạnh mẽ,cho cảm nhận âm thanh tốt hơn các sản phẩm thông thường
Kích thước nhỏ gọn: dài 58mm - rộng 14mm - dày 15mm
Có nút tăng giảm âm lượng, nhận và tạm dừng cuộc gọi(bài hát)
Có mic đàm thoại
Sử dụng liên tục đến 4h đồng hồ</pre>', 364, 'No Brand', 'USED', 9.675706723423994, 45, 75000, 33, 4.4, 'https://vn-test-11.slatic.net/p/4ea3de1788e99095055608c9b5cd3bf5.jpg;https://vn-test-11.slatic.net/original/a21eb9186354ee918b2c53a4aef2eeaa.jpg;https://vn-test-11.slatic.net/original/2e1e0b83c4e621d8ac8ed3e28d004ef1.jpg;https://vn-test-11.slatic.net/original/429570f80ee3b9995d4149c32257b47d.jpg;https://vn-test-11.slatic.net/original/4bab7f885c383f63b845e6a5bc5b2b52.jpg;https://vn-test-11.slatic.net/original/01fbb4c2d673a8deea4d53e3b51e06d8.jpg;https://vn-test-11.slatic.net/original/ac1911a3b025f419b2579dda6c4d74a8.jpg;', 311, 8);

INSERT INTO review (id, product_id, reviewer, rating, `comment`) VALUES(36460, 3646, 'Nguyễn M.', 1, 'Sản phẩm dùng tốt so với tầm giá');

INSERT INTO review (id, product_id, reviewer, rating, `comment`) VALUES(36461, 3646, 'Lý T.', 4, 'mới xài được 1 lần, sạc xong bấm mở lên thì đèn chớp nháy xanh đỏ liên tục, không kết nối được với bất kỳ máy nào, không nhận diện được, cắm sạc cũng không được luôn. quá tệ. liên hệ inbox shop không trả lời.');

INSERT INTO review (id, product_id, reviewer, rating, `comment`) VALUES(36462, 3646, 'nguyen Q.', 2, 'Mình mua cái thứ 3 rồi chưa hư cái nào, lúc trước mua loại không có logo chữ V xài được 1 tháng là hư');

INSERT INTO review (id, product_id, reviewer, rating, `comment`) VALUES(36463, 3646, 'Long T.', 0, 'Đặt hàng thì khá lâu mới giao hàng. Được cái giao qua bưu điện thu tiền nên cũng nhanh.

Thiết bị như hình, thô, to, dùng được, gắn cho cái loa SoundMax A5000 nghe nhạc vẫn chất lượng. 

Đôi khi không kết nối với máy tính Windows 10, phải remove rồi add lại, hơi khó chịu.

Hoàn thiện kém, có khi ghim cổng Micro USB vào thì nó thụt luôn cái đầu vào, phải kéo ra. 

Bán 80k hơi đắt, ngoài HN bán 50k, tuy nhiên tính tới tới tính lui tiền ship luôn cũng vậy. 

Thiết bị chữa cháy tốt. Pin sạc 1 tiếng, dùng được 3 tiếng.');

INSERT INTO review (id, product_id, reviewer, rating, `comment`) VALUES(36464, 3646, 'lê D.', 1, 'Chất lượng âm thanh qua kém ko đc chuẩn');

INSERT INTO product (id, name, short_desc, full_desc, category_id, brand_name, status, weight, available_item, unit_price, discount_percent, avg_rating, img_url, total_rating, supplier_id) VALUES(3647, 'USB Bluetooth kết nối không dây BT-163', 'USB Bluetooth kết nối không dây BT-163', '<pre>Tầm xa kết nối bluetooth khoảng cách 10m
Khả năng tương thích cao với điện thoại
Thiết kế nhỏ gọn độc đáo
Biến các thiết bị audio thông thường thành audio có kết nối bluetooth
Sử dụng lắp đặt đơn giản tiện lợi.
USB Bluetooth Audio dùng cho Điện thoại, Máy tính kết nối Loa, AmplyVới thiết bị USB Bluetooth Audio, Bây giờ bạn có thể nghe tất cả các âm thanh từ album nhạc, phim ảnh và trò chơi trên điện thoại qua bất kỳ chiếc loa hoặc dàn amply của bạn. Chỉ cần cắm USB bluetooth vào loa, hệ thống rạp hát gia đình. Thật dễ dàng để chuyển loa của bạn thành một hệ thống âm thanh không dây cho điện thoại thông minh hỗ trợ Bluetooth hoặc máy tính bảng của bạn. Cho phép bạn tự do thoải mái di chuyển thiết bị di động của bạnNhững gì bạn cần chỉ là Điện thoại thông minh có chức năng Bluetooth hoặc máy tính bảng bao gồm iPad, iPhone và iPod touch và Loa âm thanh nổi được hỗ trợ với RCA hoặc 3,5 mm đầu vào.– Thiết bị có chức năng biến chiếc loa của bạn trở thành loa bluetooth</pre>', 364, 'No Brand', 'NEW', 3.924113906117005, 21, 19000, 33, 4.7, 'https://vn-test-11.slatic.net/original/ce7e350e44564ccb16bdb807c35d3633.jpg;https://vn-test-11.slatic.net/original/c887346a81de4a1c7dffabd53f5ec7ac.jpg;https://vn-test-11.slatic.net/original/af4614f63f935d8c319ea58014e7e26c.jpg;', 22, 8);

INSERT INTO review (id, product_id, reviewer, rating, `comment`) VALUES(36470, 3647, 'Trần V.', 4, 'Đã nhận. Lúc đầu còn vướng khúc kết nối bluetooth nhưng cuối cùng phải quên cái BT speaker vs ra BT163. Ổn. Giao hàng nhanh. Sẽ tiếp tục ủng hộ.');

INSERT INTO review (id, product_id, reviewer, rating, `comment`) VALUES(36471, 3647, 'Lazada Customer', 4, '');

INSERT INTO review (id, product_id, reviewer, rating, `comment`) VALUES(36472, 3647, 'huynh Q.', 2, 'Mình đặt 5 cái OK cả 5 rất tốt');

INSERT INTO review (id, product_id, reviewer, rating, `comment`) VALUES(36473, 3647, 'Đặng M.', 1, 'sản phẩm rất ok tui hài lòng 5*');

INSERT INTO review (id, product_id, reviewer, rating, `comment`) VALUES(36474, 3647, 'Quoc B.', 1, 'hàng shop rất ok.nhưng không biết độ bền ra sao!  5 sao');

INSERT INTO product (id, name, short_desc, full_desc, category_id, brand_name, status, weight, available_item, unit_price, discount_percent, avg_rating, img_url, total_rating, supplier_id) VALUES(3648, 'USB Bluetooth Cho Loa Và Âm Ly BT-163', 'USB Bluetooth Cho Loa Và Âm Ly BT-163', '<pre>Dễ dàng kết nốiThiết kế nhỏ gọnKhoảng cách kết nối 5m đến 10m</pre>', 364, 'OEM', 'NEW', 6.28735654693255, 48, 20000, 33, 3.9, 'https://vn-test-11.slatic.net/p/2/usb-bluetooth-cho-loa-va-am-ly-mz301-0102-7808885-5bf4ab878e4d1c63952fc583c0fb8c7a-catalog.jpg;https://vn-test-11.slatic.net/p/2/usb-bluetooth-cho-loa-va-am-ly-mz301-0102-7808885-9f8f15cdf704b8624a3134b501d40eb4-catalog.jpg;https://vn-test-11.slatic.net/original/0fa4686b896c939e2f5d2e6d97371e6b.jpg;', 290, 1);

INSERT INTO review (id, product_id, reviewer, rating, `comment`) VALUES(36480, 3648, 'Hùng N.', 0, 'chẳng hiểu đặt 1 lúc 3 món đều giao nhầm ?');

INSERT INTO review (id, product_id, reviewer, rating, `comment`) VALUES(36481, 3648, 'duong C.', 3, 'ket nói nhanh Tốt Hợp với giá tiền');

INSERT INTO review (id, product_id, reviewer, rating, `comment`) VALUES(36482, 3648, 'X T.', 0, 'Sao k kết nối đc sốp');

INSERT INTO review (id, product_id, reviewer, rating, `comment`) VALUES(36483, 3648, 'Phu H.', 3, 'bắt sông tốt. nghe trên ô tô hết sẩy. ae nên mua.');

INSERT INTO review (id, product_id, reviewer, rating, `comment`) VALUES(36484, 3648, 'Phạm K.', 1, 'sản phẩm tốt, nhân viên phục vụ tốt..!!!');

INSERT INTO product (id, name, short_desc, full_desc, category_id, brand_name, status, weight, available_item, unit_price, discount_percent, avg_rating, img_url, total_rating, supplier_id) VALUES(3649, 'Dàn âm thanh tại nhà - loa vi tính lớn hát karaoke âm thanh đỉnh cao có kết nối Bluetooth USB Isky - SK329 (Tặng kèm Micro hát)', 'Dàn âm thanh tại nhà - loa vi tính lớn hát karaoke âm thanh đỉnh cao có kết nối Bluetooth USB Isky - SK329 (Tặng kèm Micro hát)', '<pre>Loa vi tính I-SKY SK329 2.1 được trang bị điều khiển từ xa giúp bạn dễ dàng tùy chỉnh, bật/tắt nhanh chóng.
Có cổng mic jack 6.5 ly giúp bạn cùng gia đình hát karaoke như dàn chuyên nghiệp tích hợp echo
Dải tần cao : Loa có khả năng đáp ứng dải tần số khá lớn loa phù hợp để phát nhiều thể loại nhạc, phát nhạc ở âm lượng lớn mà không bị méo tiếng.
Điện nguồn vào : 220v - 50 Hz
Công suất Loa trầm : 30W Dải tần ; 35Hz -200HZ , kiscxh thước ; 5,5 inch
Công suất Loa Vệ Tinh ; 8W x 2 Dải Tần : 150HZ - 20KHz , 2,5 Inch x 4
Hỗ Trợ Kết Nối : Jack 2,5 . Ti vi , Đầu kỹ thuật số , Đài FM ,. các loại máy tính , Bluetooth
Bảo hành chính Hãng 12 tháng</pre>', 364, 'Isky', 'NEW', 2.5596472238178003, 51, 1332769, 33, 4.3, 'https://vn-test-11.slatic.net/p/d1d44afb5dc3c55a469126c1ea6ae1ae.jpg;https://vn-test-11.slatic.net/p/84b4faece03215361acf501d475fd054.jpg;https://vn-test-11.slatic.net/p/2/dan-am-thanh-tai-nha-loa-vi-tinh-lon-hat-karaoke-am-thanh-dinh-cao-co-ket-noi-bluetooth-usb-isky-sk329-3421-06780723-40bafac65d45aa160f6c97aad476a68e-catalog.jpg;https://vn-test-11.slatic.net/p/7fcd119c04f25bc2c9a123ed67255e1c.jpg;https://vn-test-11.slatic.net/p/2/dan-am-thanh-tai-nha-loa-vi-tinh-lon-hat-karaoke-am-thanh-dinh-cao-co-ket-noi-bluetooth-usb-isky-sk329-3420-06780723-51e02e3beef7b00e453a98aa6828b276-catalog.jpg;https://vn-test-11.slatic.net/p/2659b7ba740905dc6ccedd84db56d868.jpg;https://vn-test-11.slatic.net/p/2/dan-am-thanh-tai-nha-loa-vi-tinh-lon-hat-karaoke-am-thanh-dinh-cao-co-ket-noi-bluetooth-usb-isky-sk329-0706-06780723-17326116f6daf07580f2665456cbb107-catalog.jpg;https://vn-test-11.slatic.net/p/10c8ccad5f7827764a2c0a14e90a6553.jpg;', 15, 3);

INSERT INTO review (id, product_id, reviewer, rating, `comment`) VALUES(36490, 3649, 'Trieu N.', 4, 'Âm thanh hay .nghe hợp vs giá tiền .chuẩn');

INSERT INTO review (id, product_id, reviewer, rating, `comment`) VALUES(36491, 3649, 'Lazada Customer', 3, 'Loa thiết kế chắc chắn đẹp sang trọng, kết nối TV rất ok
Âm thanh rất hay, tiếng Bass rất chắc, một sản phẩm điểm 10 cho chất lượng');

INSERT INTO review (id, product_id, reviewer, rating, `comment`) VALUES(36492, 3649, 'Phan V.', 2, 'Dễ dàng kết nối, âm thanh có thể chấp nhận được. Nhưng micro tặng kèm chất lượng kém, cần phải có micro tốt hơn.');

INSERT INTO review (id, product_id, reviewer, rating, `comment`) VALUES(36493, 3649, 'Nguyễn V.', 2, 'nghe to, hơi rè... nghe bt ổn');

INSERT INTO review (id, product_id, reviewer, rating, `comment`) VALUES(36494, 3649, 'Do T.', 3, 'Noi chung la on san pham ok');

INSERT INTO product (id, name, short_desc, full_desc, category_id, brand_name, status, weight, available_item, unit_price, discount_percent, avg_rating, img_url, total_rating, supplier_id) VALUES(36410, 'Loa thanh soundbar tivi bluetooth SCR 4.0 DM-A8', 'Loa thanh soundbar tivi bluetooth SCR 4.0 DM-A8', '<pre>Thông thường tivi mỏng chất lượng âm thanh kém và nhỏ Giúp thưởng thức âm thanh Tivi mạnh mẽ và hấp dẫn hơn
âm thanh trung thực mạnh mẽ 3Dgiả lập 5.1 rạp hát
Kêt nối đa phương tiện không dây Bluetooth 4.0 ( điện thoại, laptop, mp3 , thẻ nhớ )
Kết nối bluetooth 10m
Kết nối đầu kỹ thuật số
Tổng số loa 8 loa</pre>', 364, 'OEM', 'NEW', 4.9226601444057305, 21, 847000, 33, 4.5, 'https://vn-test-11.slatic.net/original/9d2bd25c9360a138597a47adac12c1cd.jpg;https://vn-test-11.slatic.net/original/0eab25b1dd190a1cc4101007cbc8397d.jpg;https://vn-test-11.slatic.net/original/fd1c9d19c573d2bc8849d7497d921dae.jpg;https://vn-test-11.slatic.net/original/fca64a1a94f020b365f48fa2c061547b.jpg;https://vn-test-11.slatic.net/original/051cf9e0e43bc510ce4aac7481d6e8ba.jpg;https://vn-test-11.slatic.net/original/d08d3e491dca34e65fb663d81049aa87.jpg;https://vn-test-11.slatic.net/original/2f73c4059ea34ffb6410fd7137ca77aa.jpg;https://vn-test-11.slatic.net/original/1781bcf0fe92712290ebc2adf3c68446.jpg;', 6, 4);

INSERT INTO review (id, product_id, reviewer, rating, `comment`) VALUES(364100, 36410, 'Trung V.', 0, 'âm thanh vòm nghe hay nhưng nhỏ nếu là công suất 100w. bass hơi yếu không nổi. theo đánh giá của mình thì đạt 3sao.');

INSERT INTO review (id, product_id, reviewer, rating, `comment`) VALUES(364101, 36410, 'Tôn P.', 2, 'loa nge được với kg gian nhà mình bộ chuyển đổi kg dùng đến cảm ơn');

INSERT INTO product (id, name, short_desc, full_desc, category_id, brand_name, status, weight, available_item, unit_price, discount_percent, avg_rating, img_url, total_rating, supplier_id) VALUES(36411, 'Bộ dàn nhạc karaoke gia đình KMS - 9200 VIP', 'Bộ dàn nhạc karaoke gia đình KMS - 9200 VIP', '<pre>Bộ dàn nhạc karaoke gia đình KMS - 9200 VIP
Hát karaoke và nghe nhạc gia đình âm thanh cực mạnh mẽ
Kết cấu và thông số kỹ thuật
Gồm 1 đôi loa đứng sử dụng 2 loa bass 20cm và 2 loa treble trên 1 loa
1 Âmpli karaoke chuyên dùng cho nghe nhạc và hát karaoke
1 loa sub điện sử dụng 1 loa bass 3 tấc cho âm thanh mạnh mẽ
tặng kèm 1 bộ micro không dây và dây tín hiệu kết nối đầy đủ
Công suất bộ dàn 900w
hát karaoke cực hay tiếng sáng âm thanh hay treble nhuyễn sáng
Thiết kế sang trọng phù hợp với không gian ngôi nhà bạn</pre>', 364, 'Yamaha', 'USED', 6.161024719188072, 79, 6800000, 33, 5.0, 'https://vn-test-11.slatic.net/original/3ac0300927ebddd22f3dace1c4cd41cf.jpg;https://vn-test-11.slatic.net/original/838e705ae3d4f17310b36f54f876e9c0.jpg;https://vn-test-11.slatic.net/original/3acd87b14d0a61cb10772f27e25b7200.jpg;', 5, 1);

INSERT INTO review (id, product_id, reviewer, rating, `comment`) VALUES(364110, 36411, 'tan M.', 3, 'dùng tốt. chờ xem độ bền nữa thôi');

INSERT INTO product (id, name, short_desc, full_desc, category_id, brand_name, status, weight, available_item, unit_price, discount_percent, avg_rating, img_url, total_rating, supplier_id) VALUES(36412, 'amly mini lepy 838 amply lepy 838 CHƯA CÓ NGUỒN(độ xe máy,xe tải ...)', 'amly mini lepy 838 amply lepy 838 CHƯA CÓ NGUỒN(độ xe máy,xe tải ...)', '<pre>Ampli minicông suấtLepy LP-83812V Hi-Fi 2.1 làbộ khuếch đại âm thanhnhỏ gọn dành cho xe hơi, xe máy hay phòng nghe nhạc gia đình.TÍNH NĂNG AMPLI MINILEPY LP-838-Lepy LP-838được thiết kế nhỏ gọn , tiện mang đi lại.
-Bộ khuếch đại âm thanhchất lượng cao.
- Âm thanh sắc nét và âm bass cực sâu.-Ampli 12Vsử dụng nguồn trực tiếp từ xe hơi hay adapter 12V.
- Kết nối với điện thoại, máy tính, MP3, MP4, DVD hay hệ thống âm thanh Hi-Fi.
- Công suất âm thanh đầu ra với 15W x 2 kênh RMS và 20W x 1 kênh Sub.
- Bộ núm điều khiển volume, bass và treble riêng biệt.
- Vỏ ampli minilàm bằng hợp kim nhôm chắc chắn.</pre>', 364, 'Lepy', 'NEW', 4.168891548631991, 8, 180000, 33, 4.4, 'https://vn-test-11.slatic.net/original/3eca07d42b797ae8da8e831c13a56057.jpg;https://vn-test-11.slatic.net/original/3e86cdae79408db62f279d0d482a6841.jpg;https://vn-test-11.slatic.net/original/9bbf8f73a32eca3243abc4d54a93df7d.jpg;https://vn-test-11.slatic.net/original/0d299b6be470c4822e744274534d5063.jpg;', 39, 2);

INSERT INTO review (id, product_id, reviewer, rating, `comment`) VALUES(364120, 36412, 'Ngô T.', 4, 'sài được');

INSERT INTO review (id, product_id, reviewer, rating, `comment`) VALUES(364121, 36412, 'Lê C.', 1, 'Hàng tốt cho những bộ loa máy tính, đã lắp và dùng thử thấy còn hay hơn amply lắp sẵn của bộ loa . Cảm ơn Shop');

INSERT INTO review (id, product_id, reviewer, rating, `comment`) VALUES(364122, 36412, 'vu V.', 4, 'sản phẩm ok trong tâm giá');

INSERT INTO review (id, product_id, reviewer, rating, `comment`) VALUES(364123, 36412, 'Bom B.', 4, 'đã nhận được hàng. đóng gói rất tốt. giao hàng nhanh hơn dự kiếm 1 days');

INSERT INTO review (id, product_id, reviewer, rating, `comment`) VALUES(364124, 36412, 'tien D.', 0, 'hàng tốt nhưng hơi nóng khi phát chừng 5 phút . cho xin ý kiến có sao k');

INSERT INTO product (id, name, short_desc, full_desc, category_id, brand_name, status, weight, available_item, unit_price, discount_percent, avg_rating, img_url, total_rating, supplier_id) VALUES(36413, 'Bộ USB Bluetooth Wireless DMZMusic Receiver thùy linh tạo kết nối bluetooth cho amply và loa (Trắng)', 'Bộ USB Bluetooth Wireless DMZMusic Receiver thùy linh tạo kết nối bluetooth cho amply và loa (Trắng)', '<pre>Usb bluetooth nâng cấp chỉ cần cắm vào cổng Usb là kết nối không cần cắm thêm dây nào.
Âm thanh truyền tải to và rõ.
Âm thanh trung thực 
Kết nối Bluetooth (phạm vi 10m)
Tạo kết nối bluetooth cho các thiết bị âm thanh không có cổng USB như ampli; loa..
Màu adapter có thể thay đổi theo đợt hàng.</pre>', 364, 'BLUETOOTH', 'USED', 5.912781408536301, 75, 68000, 33, 4.7, 'https://vn-test-11.slatic.net/p/2/bo-usb-bluetooth-wireless-dmzmusic-receiver-thuy-linh-tao-ket-noi-bluetooth-cho-amply-va-loa-trang-1953-32344824-2cec6d1cdc517c3f2ee66d86a14394c4-catalog.jpg;https://vn-test-11.slatic.net/original/95196166a1385ee84f93dbeac2e113a6.jpg;https://vn-test-11.slatic.net/original/b0f143b523806d78ab961418c6b475f9.jpg;', 118, 7);

INSERT INTO review (id, product_id, reviewer, rating, `comment`) VALUES(364130, 36413, 'Haotran1301', 2, 'Hàng giao đúng hẹn! đúng hàng,mới Sài, nhưng rất ok.');

INSERT INTO review (id, product_id, reviewer, rating, `comment`) VALUES(364131, 36413, 'Tuat V.', 0, 'cả cái USB này cũng kg kết nối được với điện thoại nữa');

INSERT INTO review (id, product_id, reviewer, rating, `comment`) VALUES(364132, 36413, 'son N.', 4, 'đăt màu trắng sao gửi đen hàng thì 👌 tốt');

INSERT INTO review (id, product_id, reviewer, rating, `comment`) VALUES(364133, 36413, 'Tran A.', 1, 'Sao nó lại báo mã pin k đúng vậy shop');

INSERT INTO review (id, product_id, reviewer, rating, `comment`) VALUES(364134, 36413, 'Nguyen N.', 4, 'hàng xài tốt ạ');

INSERT INTO product (id, name, short_desc, full_desc, category_id, brand_name, status, weight, available_item, unit_price, discount_percent, avg_rating, img_url, total_rating, supplier_id) VALUES(36414, 'Loa Philips BTM2310 HIFI/2.1(usb, Bluetooth,FM,CD) - hàng nhập khẩu', 'Loa Philips BTM2310 HIFI/2.1(usb, Bluetooth,FM,CD) - hàng nhập khẩu', '<pre>Bluetooth®
Cổng USB
CÓ ĐIỀU KHIỂN TỪ XA
TÍCH HỢP CD, USB, FM
Dải thu thanh
FM mono
FM stereo
âng cấp bộ dò
tự động điều chỉnh kỹ thuật số
tự động quét
Dễ dàng cài đặt (plug & play)
công suất ra tối đa 15W
sản phẩm có kích thước amply là 22cm x 17cm x 13cmkích thước loa vệ tinh là 13cm x 15cm x 24 cm</pre>', 364, 'Philips', 'USED', 2.3050746226528305, 84, 2499000, 33, 5.0, 'https://vn-test-11.slatic.net/original/d3277560a564235a28e059b8f49f13e0.jpg;https://vn-test-11.slatic.net/original/fee25f8f9bef0ef13efa94a768f4af53.jpg;https://vn-test-11.slatic.net/original/632b2b19c982d484d0fe2df6bea09ae2.jpg;', 3, 1);

INSERT INTO review (id, product_id, reviewer, rating, `comment`) VALUES(364140, 36414, 'Lazada Customer', 4, 'tốt');

INSERT INTO product (id, name, short_desc, full_desc, category_id, brand_name, status, weight, available_item, unit_price, discount_percent, avg_rating, img_url, total_rating, supplier_id) VALUES(36415, 'Dàn âm thanh khủng tại nhà - dàn karaoke gia đình- kết nối Tivi , iphone, ipad, smartphone - loa vi tính cỡ lớn âm thanh Hifi siêu Bass đỉnh cao có kết nối Bluetooth nghe nhạc qua USB thẻ nhớ Isky - SK326 (Tặng kèm Micro không dây)', 'Dàn âm thanh khủng tại nhà - dàn karaoke gia đình- kết nối Tivi , iphone, ipad, smartphone - loa vi tính cỡ lớn âm thanh Hifi siêu Bass đỉnh cao có kết nối Bluetooth nghe nhạc qua USB thẻ nhớ Isky - SK326 (Tặng kèm Micro không dây)', '<pre>Loa vi tính I-SKY SK326 2.1 được trang bị điều khiển từ xa giúp bạn dễ dàng tùy chỉnh, bật/tắt nhanh chóng.
Có cổng mic jack 6.5 ly giúp bạn cùng gia đình hát karaoke như dàn chuyên nghiệp tích hợp echo
Dải tần cao : Loa có khả năng đáp ứng dải tần số khá lớn loa phù hợp để phát nhiều thể loại nhạc, phát nhạc ở âm lượng lớn mà không bị méo tiếng.
Điện nguồn vào : 220v - 50 Hz
Công suất Loa trầm : 60W Dải tần ; 35Hz -200HZ , kiscxh thước ; 7,5 inch
Công suất Loa Vệ Tinh ; 20W x 2 Dải Tần : 150HZ - 20KHz , 2,5 Inch x 4
Hỗ Trợ Kết Nối : Jack 2,5 . Ti vi , Đầu kỹ thuật số , Đài FM ,. các loại máy tính , Bluetooth
Bảo hành chính Hãng 12 tháng</pre>', 364, 'Isky', 'USED', 9.463887613338134, 29, 1989000, 33, 5.0, 'https://vn-test-11.slatic.net/p/c601c6e64552e622a500312ea1a86d07.jpg;https://vn-test-11.slatic.net/p/30ca6514e364673a3b9b9c0d144dbc58.jpg;https://vn-test-11.slatic.net/p/6b75d00bf2eda5ce02085bcf9409c7a3.jpg;https://vn-test-11.slatic.net/p/16876725eb75385f1ec592ff83dbde66.jpg;', 4, 5);

INSERT INTO review (id, product_id, reviewer, rating, `comment`) VALUES(364150, 36415, 'Cu H.', 1, 'Tuyệt vời!!!! Loa đẹp âm thanh rất hay, hát karaoke rất ổn , rất đáng tiền. Nhà bán hàng rất nhiệt tình, gói hàng cẩn thận giao hàng nhanh , rất hài lòng');

INSERT INTO review (id, product_id, reviewer, rating, `comment`) VALUES(364151, 36415, 'Lazada Customer', 2, 'Sản phẩm rất chất lượng thiết kế hài hòa sang trọng. Âm thanh rõ ràng trong trẻo, âm Bass rất chắc, treble tốt. Mic tặng kèm cũng tốt hát karaoke rất ổn. Rất hài lòng đúng như quảng cáo');

INSERT INTO review (id, product_id, reviewer, rating, `comment`) VALUES(364152, 36415, 'Phạm T.', 3, 'Sản phẩm tốt không làm mình thất vọng, loa thiết kế đẹp, hiện đại hài hòa mình bày phòng khách ai cũng khen đẹp, âm thanh hay, bass ổn, hát karaoke rất ok, cám ơn shop Vietstore');

INSERT INTO review (id, product_id, reviewer, rating, `comment`) VALUES(364153, 36415, 'Lazada Customer', 4, 'Hay lắm shop ơi, từ khi mua về nhà lúc nào vui như tết. Loa chất lắm ai khen đẹp hát karaoke rất hay. Hàng rất chất lượng cám ơn shop tư vấn đúng đắn, rất hài lòng');

INSERT INTO product (id, name, short_desc, full_desc, category_id, brand_name, status, weight, available_item, unit_price, discount_percent, avg_rating, img_url, total_rating, supplier_id) VALUES(36416, 'Modul mạch tăng âm 2.1 HoA3100 dùng sò TPA3116D2 100W Sub và 50W x 2 kênh', 'Modul mạch tăng âm 2.1 HoA3100 dùng sò TPA3116D2 100W Sub và 50W x 2 kênh', '<pre>Điện áp hoạt động: 12-24VDC
Loa kết nôi: 3inch - 8 inch / 20w - 100w / 4Ω - 8Ω / 14Hz - 100KHz
Công suất: 2CH 50W + 50W , Sub 100W
Ic công suất: TPA3116D2.</pre>', 364, 'OEM', 'NEW', 8.426373932960036, 5, 156750, 33, 4.1, 'https://vn-test-11.slatic.net/p/2/modul-mach-tang-am-21-hoa3100-dung-so-tpa3116d2-100w-sub-va-50w-x2-kenh-9129-10996711-ceadb90ab66585b37377bb7a2f2c471f-catalog.jpg;https://vn-test-11.slatic.net/p/2/modul-mach-tang-am-21-hoa3100-dung-so-tpa3116d2-100w-sub-va-50w-x2-kenh-9129-10996711-560c017815828e8863ce1b42c714c811-catalog.jpg;https://vn-test-11.slatic.net/p/2/modul-mach-tang-am-21-hoa3100-dung-so-tpa3116d2-100w-sub-va-50w-x2-kenh-9129-10996711-011af9c23887c6bddd2be5332237a3cd-catalog.jpg;https://vn-test-11.slatic.net/p/2/modul-mach-tang-am-21-hoa3100-dung-so-tpa3116d2-100w-sub-va-50w-x2-kenh-9129-10996711-a8dbb32bc8e9308a4385566f3d0db892-catalog.jpg;https://vn-test-11.slatic.net/p/2/modul-mach-tang-am-21-hoa3100-dung-so-tpa3116d2-100w-sub-va-50w-x2-kenh-9129-10996711-7c8f475e42c7070a6e493769e6d10345-catalog.jpg;', 42, 5);

INSERT INTO review (id, product_id, reviewer, rating, `comment`) VALUES(364160, 36416, 'Đào T.', 4, 'mạch đánh quá đã 👍 phê quá phải đi mua cái loa công suất cứng hơn nghe cho sướng với cái mạch. phụ kiện đi kèm cũng đầy đủ lắm. túm lại là rất hài lòng, 1 nhát 5* nhé 😜');

INSERT INTO review (id, product_id, reviewer, rating, `comment`) VALUES(364161, 36416, 'longthang K.', 1, 'hàng như trong hình. OK giao hàng nhanh');

INSERT INTO review (id, product_id, reviewer, rating, `comment`) VALUES(364162, 36416, 'Lý H.', 0, 'hàng tốt, đúng với quảng cáo.');

INSERT INTO review (id, product_id, reviewer, rating, `comment`) VALUES(364163, 36416, 'Nguyen C.', 3, 'sp ok tot. am thanh trong.ko ù rè.chac m sài nguoi 12v nen am thanh ko lon đúng ko shop');

INSERT INTO review (id, product_id, reviewer, rating, `comment`) VALUES(364164, 36416, 'Nguyễn Q.', 3, 'Goos');

INSERT INTO product (id, name, short_desc, full_desc, category_id, brand_name, status, weight, available_item, unit_price, discount_percent, avg_rating, img_url, total_rating, supplier_id) VALUES(36417, 'Com Bo Bộ Hát Karaoke Chất Lượng Cao Gồm 1 Âm Ly 203N 8 Sò Và Loa Bmb 450Mk Jj Bas 25 Tặng Mix Cao Cấp Shupu', 'Com Bo Bộ Hát Karaoke Chất Lượng Cao Gồm 1 Âm Ly 203N 8 Sò Và Loa Bmb 450Mk Jj Bas 25 Tặng Mix Cao Cấp Shupu', '<pre>Product Name: Com bo bộ hát karaoke chất lượng cao gồm 1 âm ly 203n 8 sò và loa bmb 450mk jj bas 25 tặng mix cao cấp shupu
Sku Id: 663962781
Estimate Delivery(Days): 2</pre>', 364, 'BMB', 'NEW', 8.249162028930844, 85, 3000000, 33, 5.0, 'https://vn-test-11.slatic.net/original/68794ea78be16c68a0ef5594d9f08cf1.jpg;', 4, 3);

INSERT INTO review (id, product_id, reviewer, rating, `comment`) VALUES(364170, 36417, 'vy V.', 4, 'sao cắm mic vào  amly k co động tính  j shop giai thích cái');

INSERT INTO review (id, product_id, reviewer, rating, `comment`) VALUES(364171, 36417, 'hoàng', 0, 'Tốt quá');

INSERT INTO review (id, product_id, reviewer, rating, `comment`) VALUES(364172, 36417, 'tu', 1, 'Loa nghe tốt hay, âm ly về phần hát karaoke thì chỉnh k được tốt. Nói chung tiền nào của ấy đó');

INSERT INTO product (id, name, short_desc, full_desc, category_id, brand_name, status, weight, available_item, unit_price, discount_percent, avg_rating, img_url, total_rating, supplier_id) VALUES(36418, 'Cặp Vỏ Thùng Loa 3 Tấc Đơn LV 112', 'Cặp Vỏ Thùng Loa 3 Tấc Đơn LV 112', '<pre>-Thùng gỗ sơn chống trầy cao cấp- Lưới sắt bảo vệ cao cấp- Họng treeb 350 hoặc 450</pre>', 364, 'Smart Audio-LV', 'USED', 9.044265577952757, 60, 1186000, 33, 4.3, 'https://vn-test-11.slatic.net/original/6670add32a6ed1220e60208da254b8c6.jpg;https://vn-test-11.slatic.net/original/c6730f10d73cad98c598e25920a67029.jpg;https://vn-test-11.slatic.net/original/f0966a36c74ef3760d2dcc388fad30f6.jpg;', 3, 1);

INSERT INTO review (id, product_id, reviewer, rating, `comment`) VALUES(364180, 36418, 'lang', 2, 'hơi đơn điệu không có quây sách');

INSERT INTO product (id, name, short_desc, full_desc, category_id, brand_name, status, weight, available_item, unit_price, discount_percent, avg_rating, img_url, total_rating, supplier_id) VALUES(36419, 'Loa Cây KaraOke Nghe Nhạc Hàng Cao Cấp Peenner PS-4122 ( bass đôi 20cm )', 'Loa Cây KaraOke Nghe Nhạc Hàng Cao Cấp Peenner PS-4122 ( bass đôi 20cm )', '<pre>Peenner PS-4122 là lựa chọn hữu hiệu cho không gian giải trívới chất âm tinh tế, mang đặc trưng dải âm trầm chắc gọn của dòng loa PS và tạo luôn tạo được sự lôi cuốn ở mọi góc nhìn nhờ vào thiết kế dáng loa sắc sảo, sang trọng.
Âm nhạc là những khung bậc cảm xúc khác nhau, đôi khi là những lời tâm sự chia sẻ và chính những nốt nhạc đó cũng giúp chúng ta thư giãn sau một ngày làm việc, bộ loa PS-4122 với kiểu dáng thanh lịch và sang trọng sẽ cùng ban thăng hoa cảm xúc.
Loa đứngvới thiết kế 4 loa( 2 bass và 2 treble)
Loa bass đường kính 20cm cao cấp
Loa sử dụng lưới sắt với đường nét tinh tế mạnh mẽ.
Kết hợp mạch bảo vệ loa Crossover hiện đại chống cháy loa.
Bảo hành 12 tháng
Giao hàng Toàn Quốc</pre>', 364, 'Peenner', 'NEW', 6.71300035920375, 25, 3843000, 33, 5.0, 'https://vn-test-11.slatic.net/original/7cceafc488706efecd747668f5595a2b.jpg;https://vn-test-11.slatic.net/original/dd484963bca80fed1363c2d52a22bb66.jpg;https://vn-test-11.slatic.net/original/6ab5b0c4f38820c3311ecc5852cc119c.jpg;https://vn-test-11.slatic.net/original/f6ad876828ca6ef59e7043cc4758fb0a.jpg;', 3, 4);

INSERT INTO review (id, product_id, reviewer, rating, `comment`) VALUES(364190, 36419, 'vinh', 1, 'Loa rất đẹp. Bass đanh lực. Tiếng ấm. Treble bén. Nghe nhạc karaoke đều hay. Tóm lại quá tốt trong tầm giá giá. 
Shop tu vấn rất nhiệt tình.');

INSERT INTO product (id, name, short_desc, full_desc, category_id, brand_name, status, weight, available_item, unit_price, discount_percent, avg_rating, img_url, total_rating, supplier_id) VALUES(36420, 'Amply hát karaoke gia đình , Amply mini gia re - Amly bluetooth công suất lớn, tích hợp 2 cổng mic, kiểu dáng sang trọng, hiện đại M112 - Bh uy tín 1 đổi 1 bởi Smart Buy', 'Amply hát karaoke gia đình , Amply mini gia re - Amly bluetooth công suất lớn, tích hợp 2 cổng mic, kiểu dáng sang trọng, hiện đại M112 - Bh uy tín 1 đổi 1 bởi Smart Buy', '<pre>Amply hát karaoke gia đình , Amply mini gia reAmly bluetooth Tely-BIJ253
Kích thước nhỏ gọn, kiểu dáng sang trọng hiện đại, bạn có thể sử dụng vào nhiều mục đích khác nhau.
Sử dụng trực tiếp nguồn điện DC12V trên xe hơi hoặc cắm trực tiếp vào nguồn AC 220.
Công suất lớn cho phép bạn kết nối với và nghe nhạc hoặc ca hát với ngay cả đôi Loa thùng sẵn có trong nhà bạn
Tích hợp blutooth, cổng đọc thẻ nhớ SD, USB, cổng Audio Input cho phép bạn lựa chọn nhiều cách để có thể nghe nhạc hoặc ca hát.
Tích hợp chức năng nghe đài FM hoặc kết nối với Angten trên xe ô tô để mở và nghe đài FM
Bảo hành 12 tháng</pre>', 364, 'OEM', 'NEW', 1.0188838359362027, 35, 642111, 33, 4.2, 'https://vn-test-11.slatic.net/original/c5a73d570ad6a712f5767d703566a992.jpg;https://vn-test-11.slatic.net/original/2303e3d1c2f7f46125eeecb0f5e88860.jpg;https://vn-test-11.slatic.net/original/11146660aa2afb3b012c5dd4542d6e74.jpg;https://vn-test-11.slatic.net/original/e2f26fbd93387a323c06288493b01d8a.jpg;https://vn-test-11.slatic.net/original/c77e5c8fbbfe8917d0c82c4368166fd3.jpg;https://vn-test-11.slatic.net/original/7a3f83207c1a3a9220e54d8d1bdf5cc2.jpg;https://vn-test-11.slatic.net/original/cca59fec3cccbcb97211eaebe64f8ffe.jpg;https://vn-test-11.slatic.net/original/c999b65649a68343479e900fbd5cb995.jpg;', 24, 4);

INSERT INTO review (id, product_id, reviewer, rating, `comment`) VALUES(364200, 36420, 'Ngọc D.', 0, 'Rất tuyệt vời');

INSERT INTO review (id, product_id, reviewer, rating, `comment`) VALUES(364201, 36420, 'quangvinh M.', 3, 'Hàng tầm chuẩn . Lần sau giao hàng nên kiểm tra lại hàng .thùng hàng ngoai con mới kg đầu hiệu roi vợ nhưng bên trong amli bị móp gây tay cầm');

INSERT INTO review (id, product_id, reviewer, rating, `comment`) VALUES(364202, 36420, 'Lazada Customer', 4, 'sản phẩm lỗi, build không chắc chắn bị rơi ốc ra ngoài');

INSERT INTO review (id, product_id, reviewer, rating, `comment`) VALUES(364203, 36420, 'Linh', 4, 'giao hàng nhanh, gói hàng bọc rất cẩn thận, sản phẩm nhìn có vẻ tốt nhưng chất lượng sản phẩm thì phải dùng mới đánh giá đc. cảm ơn shop');

INSERT INTO review (id, product_id, reviewer, rating, `comment`) VALUES(364204, 36420, 'A T.', 4, '');

INSERT INTO product (id, name, short_desc, full_desc, category_id, brand_name, status, weight, available_item, unit_price, discount_percent, avg_rating, img_url, total_rating, supplier_id) VALUES(36421, 'Amply karaoke ampli karaoke amply bluetooth nghe nhạc cao cấp 900x', 'Amply karaoke ampli karaoke amply bluetooth nghe nhạc cao cấp 900x', '<pre>Sử dụng 12sò công suất của TOSHIBA - NHẬT BẢN
- Linh kiện cao cấp từ hàn quốc
- Công suất: 8Ω Stereo power: 2 x 1800W
- 4Ω Stereo power: 2 x 3600W
- Channels (Số kênh): 4KÊNH
- Thiết kế sang trọng, hiện đại, âm treble mềm mại, âm Mid trong sáng sang trọng, âm trầm mạnh mẽ sâu mạnh đầy uy lực
- Tần số khuyêch đại: 10 Hz-40KHZ
- Độ lợi: 96dB
- Trở khách vào 600 ohms
- 3 đường Mic vào
- 2 đường tín hiệu Audio vào
- Kết nối bluetooth - fm - usb - thẻ nhớ</pre>', 364, 'No Brand', 'NEW', 2.5082910515875847, 81, 1950000, 33, 5.0, 'https://vn-test-11.slatic.net/p/c95bd000f35bbcc8bddd4ebc6cf45322.jpg;https://vn-test-11.slatic.net/p/85372998e45fccfcac384cec6decdb86.jpg;https://vn-test-11.slatic.net/original/97594b10e9f71ee1510b3b3ae00fa274.jpg;https://vn-test-11.slatic.net/original/90adcc7d4e50470d02f91f65f82657a6.jpg;https://vn-test-11.slatic.net/original/a7fd21fb19f0e854842fa2b2d1989f9c.jpg;', 5, 4);

INSERT INTO review (id, product_id, reviewer, rating, `comment`) VALUES(364210, 36421, 'Cao M.', 0, 'rất hài lòng dùng tốt shop phục vụ Tốt có gởi phiếu dĩa chỉ nơi bán hàng cho số dt nữa tôi rất tin tưởng');

INSERT INTO review (id, product_id, reviewer, rating, `comment`) VALUES(364211, 36421, 'Phuoc D.', 2, 'hang mua ve xai khong dc,hang loi rat nhieu.sop noi doi tra duoc ma khong lam duoc.minh qua that vong ve viec buon ban nhu the nay.');

INSERT INTO review (id, product_id, reviewer, rating, `comment`) VALUES(364212, 36421, 'Trần T.', 2, 'Rất ok');

INSERT INTO product (id, name, short_desc, full_desc, category_id, brand_name, status, weight, available_item, unit_price, discount_percent, avg_rating, img_url, total_rating, supplier_id) VALUES(36422, 'Bộ chuyển đổi tín hiệu âm thanh tivi 4k optical sang loa , amply tặng kèm dây quang và nguồn', 'Bộ chuyển đổi tín hiệu âm thanh tivi 4k optical sang loa , amply tặng kèm dây quang và nguồn', '<pre>Chuyển đổi từ tín hiệu Quang hoặc Coaxial sang Audio R/L
Dùng kết nối từ TiVi; PC... có cổng optical tới loa; amply
Hỗ trợ âm thanh stereo 24bit
Kết nối đơn giản , dễ dàng tặng kèm nguồn và dây quang
Tiện lợi phù hợp với mọi loại thiết bị
Bảo hành 1 đổi 1 nhanh chóng tiện ích</pre>', 364, 'Smart New', 'NEW', 2.7405473925119312, 20, 79000, 33, 4.2, 'https://vn-test-11.slatic.net/p/2/bo-chuyen-doi-tin-hieu-am-thanh-tivi-4k-optical-sang-loa-amplytang-kem-day-quang-va-nguon-4422-1382636-eb2d07af2d66aa853747a794e08db9b1-catalog.jpg;https://vn-test-11.slatic.net/p/2/bo-chuyen-doi-tin-hieu-am-thanh-tivi-4k-optical-sang-loa-amplytang-kem-day-quang-va-nguon-4422-1382636-0f3a8ce8b382fbd3b320b3edde723204-catalog.jpg;https://vn-test-11.slatic.net/p/2/bo-chuyen-doi-tin-hieu-am-thanh-tivi-4k-optical-sang-loa-amplytang-kem-day-quang-va-nguon-4422-1382636-4fff48c8c039dc19223f9d1ee3c1db2a-catalog.jpg;', 166, 2);

INSERT INTO review (id, product_id, reviewer, rating, `comment`) VALUES(364220, 36422, 'Trần T.', 1, 'giá rẻ rất đáng tiền,shop phục vụ chu đáo nhiệt tình,báo sp hỏng shop đổi luôn cho,shop rất uy tín,các bạn nên mua nhé');

INSERT INTO review (id, product_id, reviewer, rating, `comment`) VALUES(364221, 36422, 'Dong D.', 4, 'Bảo khuyến mại dây quang mà nhận hàng có thế này thôi, chẳng lẽ ko nhận thì k đc, làm ăn lâu dài thì nên tạo niềm tin và uy tín với khách hàng nhé, làm thế này ko tồn tại lâu đc đâu các bạn ah, tưởng mua rẻ hóa ra lại đắt, chất lượng thì chưa kiểm chứng đc vì chưa đc sử dụng');

INSERT INTO review (id, product_id, reviewer, rating, `comment`) VALUES(364222, 36422, 'Hào S.', 2, '');

INSERT INTO review (id, product_id, reviewer, rating, `comment`) VALUES(364223, 36422, 'Mai T.', 4, 'đặt hàng cùng với  tivi 4k nhưng tivi bị hủy do bọn vận chuyển vớ vẩn quá nên mãi ko nhận dc hàng, lại bị hủy, thành ra chưa dc sử dụng');

INSERT INTO review (id, product_id, reviewer, rating, `comment`) VALUES(364224, 36422, 'Hiep T.', 2, 'ba bộ mà chỉ có một bộ khạc độnghai bộ kia ko được,ko có âm thanh.sao cửa hàng ko kiểm tra trước khi giao cho khách hàng vậy.h xử lý làm sao');

INSERT INTO product (id, name, short_desc, full_desc, category_id, brand_name, status, weight, available_item, unit_price, discount_percent, avg_rating, img_url, total_rating, supplier_id) VALUES(36423, 'Amplifier HiFi SD05 Plus (Đen) - Hàng nhập khẩu - Headamp ArtExtreme', 'Amplifier HiFi SD05 Plus (Đen) - Hàng nhập khẩu - Headamp ArtExtreme', '<pre>Cắm và nghe, không cần cài driver.
Tuổi thọ pin cực cao.
Cải thiện chất lượng âm thanh, thưởng thức âm nhạc đích thực
Thiết kế tinh tế, sang trọng
Nhỏ gọn và di động, sử dụng mọi lúc mọi nơi.
Chất liệu: hợp kim nhôm</pre>', 364, 'OEM', 'NEW', 8.20450139866915, 33, 387000, 33, 4.0, 'https://vn-test-11.slatic.net/p/2/amplifier-hifi-sd05-plus-den-hang-nhap-khau-headamp-artextreme-7583-64590544-2a25ac938b10a64a3a60d63df2689df3-catalog.jpg;https://vn-test-11.slatic.net/p/2/amplifier-hifi-sd05-plus-den-hang-nhap-khau-headamp-artextreme-7583-64590544-20d9e8198378ec03141898fc21aa08b4-catalog.jpg;https://vn-test-11.slatic.net/p/2/amplifier-hifi-sd05-plus-den-hang-nhap-khau-headamp-artextreme-7583-64590544-8e9005ffe2b1499ef16bc61ee4ef702a-catalog.jpg;https://vn-test-11.slatic.net/p/2/amplifier-hifi-sd05-plus-den-hang-nhap-khau-headamp-artextreme-7583-64590544-2b3685522cab3407f117022ff5c97e8a-catalog.jpg;https://vn-test-11.slatic.net/p/2/amplifier-hifi-sd05-plus-den-hang-nhap-khau-headamp-artextreme-7583-64590544-28c1f3120f251a21a79a0e2314c36ee4-catalog.jpg;', 4, 4);

INSERT INTO review (id, product_id, reviewer, rating, `comment`) VALUES(364230, 36423, 'Lazada Customer', 0, 'Sản phẩm giá phải chăng mà nghe rất ok');

INSERT INTO review (id, product_id, reviewer, rating, `comment`) VALUES(364231, 36423, 'Lazada Customer', 4, 'Nghe rất đã, 5 sao');

INSERT INTO review (id, product_id, reviewer, rating, `comment`) VALUES(364232, 36423, 'Lazada Customer', 1, 'âm thanh hay,  tôi rất hài lòng');

INSERT INTO review (id, product_id, reviewer, rating, `comment`) VALUES(364233, 36423, 'Quyền', 4, 'jack căm k chặt dây ngắn có vẻ k bền chất âm đc');

INSERT INTO product (id, name, short_desc, full_desc, category_id, brand_name, status, weight, available_item, unit_price, discount_percent, avg_rating, img_url, total_rating, supplier_id) VALUES(36424, 'Cục đẩy công suất mỏng', 'Cục đẩy công suất mỏng', '<pre>2x600w</pre>', 364, 'OEM', 'USED', 7.065861366777629, 54, 3699000, 33, 0.0, 'https://vn-test-11.slatic.net/p/4909f188dada413c10e86acdb47ce654.jpg;https://vn-test-11.slatic.net/p/47c51c174cf9bcf2b40a94a9067716d4.jpg;https://vn-test-11.slatic.net/p/a1583c61e0c2f145bd96a897c2dc6fb4.jpg;https://vn-test-11.slatic.net/p/01671a555a7c9466404b8c1b9f583610.jpg;https://vn-test-11.slatic.net/p/89ab494cd054d8843d3d3272afa54c35.jpg;https://vn-test-11.slatic.net/p/a5d0eee1d1f19db8321eb0b3fd4dcf83.jpg;https://vn-test-11.slatic.net/p/6984b68b81813e67183bd44d7e5db8d7.jpg;', 0, 2);

INSERT INTO product (id, name, short_desc, full_desc, category_id, brand_name, status, weight, available_item, unit_price, discount_percent, avg_rating, img_url, total_rating, supplier_id) VALUES(36425, 'Loa 3 Tấc Đơn Boston LV F12', 'Loa 3 Tấc Đơn Boston LV F12', '<pre>- Chuyên dùng cho karaoke nhạc sống và hội trường,gia đình
công xuất 400 đến 800w, Bass 3tấc mạnh mẽ , Thùng sơn cao cấp chống trầy</pre>', 364, 'Boston', 'USED', 5.092090062537899, 67, 2149000, 33, 4.4, 'https://vn-test-11.slatic.net/p/2/loa-3-tac-don-boston-lv-f12-9399-39864681-846dbb16855a3142a3e4e7f659b9b4de-catalog.jpg;https://vn-test-11.slatic.net/p/2/loa-3-tac-don-boston-lv-f12-9399-39864681-45a778b999c5b9f2a8f141be47ba882f-catalog.jpg;https://vn-test-11.slatic.net/original/5b3541e378b5f6d1a978e2bf88355c1d.jpg;', 30, 2);

INSERT INTO review (id, product_id, reviewer, rating, `comment`) VALUES(364250, 36425, 'Lazada Customer', 1, 'quá thất vọng về sp...test thử loa trel tịt luôn .thay côn...d. 1 ngày cháy tiếp..phân tần bé xíu....loa bass nghe k hay lắm..mua về chỉ để kấy thùng thôi...nv giao hàng thì quá tệ...đồ nặng kồng kềnh k hỗ trợ bê...chỉ đứng chê là đồ nặng mệt k bê..chốt tất cả tệ...');

INSERT INTO review (id, product_id, reviewer, rating, `comment`) VALUES(364251, 36425, 'Ha P.', 1, 'ok.em thay lazada van chuyen tot,nhanh,va gia tien nhu vay la dung roi khong y kien gi ca.5 sao la đung.ô ma ke');

INSERT INTO review (id, product_id, reviewer, rating, `comment`) VALUES(364252, 36425, 'phạm V.', 1, 'hàng đóng gói ok. y như mẫu. shop tư vấn nhiệt tình. cảm ơn shop nhiều');

INSERT INTO review (id, product_id, reviewer, rating, `comment`) VALUES(364253, 36425, 'Nguyễn H.', 1, 'Chất lượng âm thanh khá tốt, tiếng bass chắc khỏe; tiếng treble thì chưa mỏng lắm, còn mang âm hưởng tiếng treble kim loại hơi chát 1 tí. Tuy nhiên trong tầm giá này thì chấp nhận được và còn giá khá tốt. Đang chờ nhận hóa đơn tài chính sau 7 ngày từ Lazada. Cám ơn.');

INSERT INTO review (id, product_id, reviewer, rating, `comment`) VALUES(364254, 36425, 'Cao M.', 0, 'hàng chất lượng OK shop dong gói Tốt');

INSERT INTO product (id, name, short_desc, full_desc, category_id, brand_name, status, weight, available_item, unit_price, discount_percent, avg_rating, img_url, total_rating, supplier_id) VALUES(36426, 'Kachi - Loa cây karaoke bluetooth Bosser + tặng cặp micro không dây', 'Kachi - Loa cây karaoke bluetooth Bosser + tặng cặp micro không dây', '<pre>HÀNG CHÍNH HÃNG MISHIO KACHI VIỆT NAM
GIAO HÀNG TẬN NƠI MIỄN PHÍ
Loa cây thiết kế thời trang hiện đại
Chức năng bluetooth hát karaoke qua smartphone, tablet, smart tivi
Tặng kèm cặp micro không dây</pre>', 364, 'Kachi', 'USED', 5.183442487519175, 65, 2290000, 33, 2.8, 'https://vn-test-11.slatic.net/original/f3db2de4a27cdea7e4aca370fd3b6079.jpg;https://vn-test-11.slatic.net/p/2/loa-cay-karaoke-bluetooth-tang-cap-micro-khong-day-3250-01637234-418506cc3bb3e6b619deb51bb7e9413a-catalog.jpg;https://vn-test-11.slatic.net/original/3efa18fd072fae8b599fa4836f120bae.jpg;https://vn-test-11.slatic.net/original/8f2e201a7e4dc6ec2a8de399824e0f2c.jpg;', 5, 5);

INSERT INTO review (id, product_id, reviewer, rating, `comment`) VALUES(364260, 36426, 'nguyễn M.', 3, 'uy tín, bảo đảm, nhanh chóng.');

INSERT INTO review (id, product_id, reviewer, rating, `comment`) VALUES(364261, 36426, 'Phi N.', 1, 'micro thì k kết nối đk vs loa! chán');

INSERT INTO review (id, product_id, reviewer, rating, `comment`) VALUES(364262, 36426, 'Tan T.', 2, 'xem lại đơn hàng giúp mình đi , có gửi nhầm ko');

INSERT INTO product (id, name, short_desc, full_desc, category_id, brand_name, status, weight, available_item, unit_price, discount_percent, avg_rating, img_url, total_rating, supplier_id) VALUES(36427, 'Dàn âm thanh LG BH5540T.DVNMLLK (Đen)', 'Dàn âm thanh LG BH5540T.DVNMLLK (Đen)', '<pre>Dàn âm thanh: 5.1 kênh
Công suất RMS: 500W
Giải mã âm thanh Dobly Digital Plus; Dobly TrueHD
Loại đĩa hỗ trợ 3D Bluray; Bluray Video; DVD; CD</pre>', 364, 'LG', 'USED', 9.993148537923004, 69, 4490000, 33, 5.0, 'https://vn-test-11.slatic.net/p/dan-6632-6887012-5bb5c169a650dec33f8f1f7232cd2184-catalog.jpg;', 5, 1);

INSERT INTO review (id, product_id, reviewer, rating, `comment`) VALUES(364270, 36427, 'Ha M.', 2, 'Nhìn kiểu dáng hơi bị được đấy. Đặt trong phòng khách thì nhìn sang phải biết luôn. Bà vợ ở nhà còn may sẵn bộ trải bàn rồi lót đầu cho dàn âm thanh nữa các ông ạ.');

INSERT INTO review (id, product_id, reviewer, rating, `comment`) VALUES(364271, 36427, 'Lazada Guest', 0, 'Mua đồ điện tử của LG thì cũng đỡ phải lo. Nhà tôi trước giờ đa số là mua các sản phẩm của LG thôi, nhìn qua sản phẩm thấy đẹp mắt nữa!');

INSERT INTO review (id, product_id, reviewer, rating, `comment`) VALUES(364272, 36427, 'mr t.', 3, 'Âm thanh rất ngon, rất tốt để xem phim.');

INSERT INTO review (id, product_id, reviewer, rating, `comment`) VALUES(364273, 36427, 'Lazada Guest', 4, 'rat dep');

INSERT INTO product (id, name, short_desc, full_desc, category_id, brand_name, status, weight, available_item, unit_price, discount_percent, avg_rating, img_url, total_rating, supplier_id) VALUES(36428, 'Dàn âm thanh giải trí đỉnh cao tại nhà - loa vi tính lớn hát karaoke âm thanh đỉnh cao có kết nối Bluetooth USB Isky - SK328 (Tặng kèm Micro hát)', 'Dàn âm thanh giải trí đỉnh cao tại nhà - loa vi tính lớn hát karaoke âm thanh đỉnh cao có kết nối Bluetooth USB Isky - SK328 (Tặng kèm Micro hát)', '<pre>Loa vi tính I-SKY SK328 2.1 được trang bị điều khiển từ xa giúp bạn dễ dàng tùy chỉnh, bật/tắt nhanh chóng.
Có cổng mic jack 6.5 ly giúp bạn cùng gia đình hát karaoke như dàn chuyên nghiệp tích hợp echo
Dải tần cao : Loa có khả năng đáp ứng dải tần số khá lớn loa phù hợp để phát nhiều thể loại nhạc, phát nhạc ở âm lượng lớn mà không bị méo tiếng.
Điện nguồn vào : 220v - 50 Hz
Công suất Loa trầm : 30W Dải tần ; 35Hz -200HZ , kiscxh thước ; 5,5 inch
Công suất Loa Vệ Tinh ; 8W x 2 Dải Tần : 150HZ - 20KHz , 2,5 Inch x 4
Hỗ Trợ Kết Nối : Jack 2,5 . Ti vi , Đầu kỹ thuật số , Đài FM ,. các loại máy tính , Bluetooth
Bảo hành chính Hãng 12 tháng</pre>', 364, 'Isky', 'USED', 3.631178097486434, 93, 1319000, 33, 4.8, 'https://vn-test-11.slatic.net/p/619d18e5fdde42df29e8c24d97d015fa.jpg;https://vn-test-11.slatic.net/p/55be951127fb6ba328b3c317be938658.jpg;https://vn-test-11.slatic.net/original/475745f480639e33d64024a2cfae6169.jpg;https://vn-test-11.slatic.net/original/f7a73cd4dd985c019f980afaa15fc1bf.jpg;https://vn-test-11.slatic.net/original/ad0add09c8ae09069ca801d2c05b47a6.jpg;https://vn-test-11.slatic.net/p/0f5c1a41f8e9e48d2fbd6fcef38acd2c.jpg;', 31, 3);

INSERT INTO review (id, product_id, reviewer, rating, `comment`) VALUES(364280, 36428, 'nguyen B.', 1, 'Sp như cc dùng đc 2 tháng thì điều khiển k sử dụng được ấn nút chuyển chế độ sang bluetooth k ch được. Lh thì k biết gặp ai.!  bực mh vcc.!');

INSERT INTO review (id, product_id, reviewer, rating, `comment`) VALUES(364281, 36428, 'Lazada Customer', 4, 'Loa nghe rất hay, âm thanh rõ ràng, nhiều chức năng. Hát karaoke khá ổn, tầm tiền này thì đây là sự lựa chọn hoàn hảo');

INSERT INTO review (id, product_id, reviewer, rating, `comment`) VALUES(364282, 36428, 'Le T.', 3, 'đã nhận hàng, chất lượng tốt, hình thức đẹp. tuy nhiên usb chỉ đọc đc mỗi mp3, mọi chức năng phải.bấm.mò, k có hiển thị gì.');

INSERT INTO review (id, product_id, reviewer, rating, `comment`) VALUES(364283, 36428, 'lzdtm', 3, 'từ kh có em này về nhà lúc nào cũng vui, hết xem bóng đá lại karaoke, nghe nhạc thì tuyệt vời
Điểm 10 cho chất lượng');

INSERT INTO review (id, product_id, reviewer, rating, `comment`) VALUES(364284, 36428, 'Nguyễn A.', 0, 'mới dùng mấy ngày thấy cũng ok.');

INSERT INTO product (id, name, short_desc, full_desc, category_id, brand_name, status, weight, available_item, unit_price, discount_percent, avg_rating, img_url, total_rating, supplier_id) VALUES(36429, 'Dan Am Thanh Karaoke Gia Dinh Loa Bluetooth Xách Tay Kiểu Dáng Nhỏ Gọn, Góc Cạnh Tinh Tế - Âm Thanh Siêu Bass Siêu Trầm - Hứa Hẹn Là Sản Phẩm Đáng Mua', 'Dan Am Thanh Karaoke Gia Dinh Loa Bluetooth Xách Tay Kiểu Dáng Nhỏ Gọn, Góc Cạnh Tinh Tế - Âm Thanh Siêu Bass Siêu Trầm - Hứa Hẹn Là Sản Phẩm Đáng Mua', '<pre>Nhập khẩu, Phân phối &bảo hànhuy tín bởi BÁCH HÓA SÀI GÒN
Bảo hành trêntoàn quốc
Thiết kế nhỏ gọn, sang trọng
Loa A100 trang bị 3 loa kép, 1 Bass + 2Treble
Thiết kế hộp cộng hưởng âm tạo âm thanh 3D cực kỳ sôi động
Tích hợp đầu vào Micro SD, USB, AUX ... dễ dàng kết nối với tất cả các thiết bị nghe nhạc
Hỗ trợ phát nhạc hiển thị thông số trên màn hình LCD cho kiểu dáng đẹp và tinh tê</pre>', 364, 'OEM', 'USED', 7.139062588917233, 86, 609069, 33, 4.7, 'https://vn-test-11.slatic.net/p/7cf49c4cfff7993cc2683863588c0251.jpg;https://vn-test-11.slatic.net/original/0549f727253937c7f3be0d96a8b8b2a5.jpg;https://vn-test-11.slatic.net/original/d4ca33ced18b5b3953108db4638689fe.jpg;https://vn-test-11.slatic.net/original/bfa9707e9c1f62515291bac0bb6eb7fa.jpg;', 81, 6);

INSERT INTO review (id, product_id, reviewer, rating, `comment`) VALUES(364290, 36429, 'TCV', 2, 'loa nghe hay, thấy mọi người đánh giá tốt, cũng mua thử nghe, đúng là không có gì để chê ạ cảm ơn shop, chúc shop buôn máy bán đắt');

INSERT INTO review (id, product_id, reviewer, rating, `comment`) VALUES(364291, 36429, 'Danh N.', 3, 'đánh giá ban đầu sản phẩm khá là đẹp , âm thanh thì khi chạy các bài remix cũng rất trầm và âm thanh nghe khá là hay , độ bền sản phẩm thì mới dùng chưa biết được nhưng điểm cộng về chất lượng , sẽ ủng hộ tiếp');

INSERT INTO review (id, product_id, reviewer, rating, `comment`) VALUES(364292, 36429, 'tuấn', 4, 'loa nghe hay, pin khá lâu, mình mang đi công trường nên có tay xách cũng tiện');

INSERT INTO review (id, product_id, reviewer, rating, `comment`) VALUES(364293, 36429, 'Hà V.', 0, 'ok loa nghe hay nhìn hạt tiêu mà nghe cũng phê phết!ko biết sau này sao mới mua thấy nghe hay ấm mở hết cỡ k rè pin trâu nghe cả ngày!');

INSERT INTO review (id, product_id, reviewer, rating, `comment`) VALUES(364294, 36429, 'phong', 2, 'loa nghe hay, nhận hàng khá nhanh, shop nhiệt tình, dùng 1 thời gian mình sẽ cho cảm nhận tiếp');

INSERT INTO product (id, name, short_desc, full_desc, category_id, brand_name, status, weight, available_item, unit_price, discount_percent, avg_rating, img_url, total_rating, supplier_id) VALUES(36430, 'Loa karaoke đứng yamaha 3 tấc sơn gia đình', 'Loa karaoke đứng yamaha 3 tấc sơn gia đình', '<pre>Loa đứng với thiết kế 2 loa 2 đường tiếng, kiểu dáng thùng loa hình thang trụ độc đáo.
Trang bị mạch bảo vệ loa PowerMaxTM - chống cháy loa tweeter, giúp loa hoạt động bền bỉ ở mức công suất cao trong nhiều giờ liền.
Âm thanh mạnh mẽ với tiếng bass chắc gọn và trung âm trong trẻo giúp tái tạo giọng hát nhẹ nhàng, trung thực.
sử dụng loa bass 30cm cho âm thanh mạnh mẽ 1 loa treble cao cấp
thùng sơn chống trầy với công nghệ sơn gai bền mãi với thời gian
công suất loa: 700w</pre>', 364, 'Yamaha', 'NEW', 2.9330558390046892, 7, 2500000, 33, 4.5, 'https://vn-test-11.slatic.net/original/7cff6f63fd79e5c64a70f56ccb07aa6e.jpg;https://vn-test-11.slatic.net/original/a2822c791cda360f177efa630d9e48f1.jpg;https://vn-test-11.slatic.net/original/30e631da9efa635be0d3a5791367f3ab.jpg;', 2, 2);

INSERT INTO review (id, product_id, reviewer, rating, `comment`) VALUES(364300, 36430, 'Đăng G.', 0, 'hình thức đẹp nghe hay');

INSERT INTO review (id, product_id, reviewer, rating, `comment`) VALUES(364301, 36430, 'lê N.', 0, 'Hang Sao ok');

INSERT INTO product (id, name, short_desc, full_desc, category_id, brand_name, status, weight, available_item, unit_price, discount_percent, avg_rating, img_url, total_rating, supplier_id) VALUES(36431, 'AMPLY MINI PA1 CÔNG XUẤT LỚN BẢO HÀNH 1 ĐỔI 1', 'AMPLY MINI PA1 CÔNG XUẤT LỚN BẢO HÀNH 1 ĐỔI 1', '<pre>Công suất: 100W
Nguồn điện: AC 220V- 50Hz hoặc Ắc Quy 12V/ 9- 12Ah
Trọng lượng: 2,2kg
2 đường Mic điều chỉnh độc lập, Bộ trộn vang cho 2 Mic (Digital Echo Mixer)
Ampli dùng 2 sò công suất MOSFETS công suất 100W
Có thể ghép phù hợp với các cặp loa bass 12, 15, 20.
Sử dụng cho hát karaok gia đình, hoặc hệ thống âm thanh phòng họp.
Tiện dụng khi mang ra ngoài dã ngoại..vì có thể sử dụng trực tiếp nguồn 12V.</pre>', 364, 'OEM', 'USED', 2.377146495249995, 60, 395000, 33, 0.0, 'https://vn-test-11.slatic.net/p/1b29b9319d9cb86fa8afc908a53e1ab9.jpg;https://vn-test-11.slatic.net/p/22890254f605c9efafdcf2bc0665cc99.jpg;https://vn-test-11.slatic.net/p/d14e924922f2c4aaa39a2f3faa1dbe7e.jpg;', 0, 9);

INSERT INTO product (id, name, short_desc, full_desc, category_id, brand_name, status, weight, available_item, unit_price, discount_percent, avg_rating, img_url, total_rating, supplier_id) VALUES(36432, 'Loa tăng cường tiếng Treble, Mid Thumder HT-929 (AT-929)', 'Loa tăng cường tiếng Treble, Mid Thumder HT-929 (AT-929)', '<pre>Bổ sung cực tốt cho dàn thiếu treble
Model : HT-929
Công suất 50 - 200W
Trọn bộ gồm 2 loa treble.
Bảo hành 12 tháng</pre>', 364, 'Thump', 'NEW', 6.6962044123350495, 46, 238000, 33, 4.3, 'https://vn-test-11.slatic.net/original/3dff93a88a2498544b25b4930a0eeadb.jpg;https://vn-test-11.slatic.net/original/99de5707d9eed000f9ecfc38250834ad.jpg;https://vn-test-11.slatic.net/original/162ba86482cd5c55361df9ac34cc0ee7.jpg;https://vn-test-11.slatic.net/original/e973930bd181de47c6b378e1950132f9.jpg;https://vn-test-11.slatic.net/original/883194ebdb8903c9b6c17dd48c5002f5.jpg;https://vn-test-11.slatic.net/original/f6ad876828ca6ef59e7043cc4758fb0a.jpg;', 43, 9);

INSERT INTO review (id, product_id, reviewer, rating, `comment`) VALUES(364320, 36432, 'Trung N.', 4, 'shop quá chuẩn ok tốt');

INSERT INTO review (id, product_id, reviewer, rating, `comment`) VALUES(364321, 36432, 'lam P.', 0, 'sản phẩm như hình ,giá tốt,tư vấn nhiệt tinh,guao hàng nhanh,mình mua lắp thêm vào loa kéo chế ,gắn vào nghe hay hơn hẳn ,nhất là nghe bolero rất hay,mọi người nên mua,mình đang đặt thêm 1 cặp nữa');

INSERT INTO review (id, product_id, reviewer, rating, `comment`) VALUES(364322, 36432, 'Lazada Customer', 4, 'Nhận hàng đúng mẫu. Nghe cũng ok. Bền hay không tùy vào người sử dụng.');

INSERT INTO review (id, product_id, reviewer, rating, `comment`) VALUES(364323, 36432, 'Minh C.', 2, 'hay');

INSERT INTO review (id, product_id, reviewer, rating, `comment`) VALUES(364324, 36432, 'hung', 3, 'Âm thanh chất lượng rất hay đóng gói cẩn thận');

INSERT INTO product (id, name, short_desc, full_desc, category_id, brand_name, status, weight, available_item, unit_price, discount_percent, avg_rating, img_url, total_rating, supplier_id) VALUES(36433, 'COMBO 2 CHIẾC LOA TREBLE KÍCH THƯỚC LỚN THUMPER E20 - GẮN AMPLI', 'COMBO 2 CHIẾC LOA TREBLE KÍCH THƯỚC LỚN THUMPER E20 - GẮN AMPLI', '<pre>Loa dùng để lắp thêm vào hệ thông âm thanh để tăng thêm tiếng treble.Thông số chi tiếtHãng sản xuất: thumperModel: e20Công suất : MAX 200WTần số: 8khz - 16khzMàu sắc Màu đenTrở kháng(Ω) 8ΩĐộ nhạy: 89 dBKích thước hộp: dài 23cm, rộng 17cm, cao 11,5cmKích thước loa: mặt dài 16cm rộng 10cm.. sâu 11cmXuất xứ Việt NamTrọn bộ sản phẩm có 2 loa như hình.sử dụng gắn trực tiếp vào ampli công suất vừa và nhỏ. có thể kết hợp với bass 30cm trở lại.shop cam kết hàng thật như hình.ĐÔNG DƯƠNG AUDIO</pre>', 364, 'HE', 'USED', 7.772390706489824, 73, 125000, 33, 4.5, 'https://vn-test-11.slatic.net/original/61a5309636d10f028836087056136fa2.jpg;https://vn-test-11.slatic.net/original/428a961d3e3701a0f92d7324a8cd9dd9.jpg;https://vn-test-11.slatic.net/original/6eace23edabc6809e46d32c4a8def74b.jpg;https://vn-test-11.slatic.net/original/3d437f488e21a63d8926804c381850f5.jpg;https://vn-test-11.slatic.net/original/4d6bcfbf51165fa61d92a7b32799363c.jpg;https://vn-test-11.slatic.net/original/2c5c6c281e5069dbc7087fa0e680edca.jpg;https://vn-test-11.slatic.net/original/ece51a93ace33a8c07303d7f4b1eb591.jpg;', 18, 4);

INSERT INTO review (id, product_id, reviewer, rating, `comment`) VALUES(364330, 36433, 'Đêm M.', 1, 'loa nghe dc , hay good');

INSERT INTO review (id, product_id, reviewer, rating, `comment`) VALUES(364331, 36433, 'nguyen M.', 3, 'nghe cũng đc , nhưng mới đc 1 tuần đã bị nổ tụ rồi, đang tìm tụ 2.2 để thay');

INSERT INTO review (id, product_id, reviewer, rating, `comment`) VALUES(364332, 36433, 'Nguyễn H.', 4, 'chưa sài thử chưa bk');

INSERT INTO review (id, product_id, reviewer, rating, `comment`) VALUES(364333, 36433, 'Hoa T.', 1, 'Han va');

INSERT INTO review (id, product_id, reviewer, rating, `comment`) VALUES(364334, 36433, 'Quyen L.', 4, 'ok tot');

INSERT INTO product (id, name, short_desc, full_desc, category_id, brand_name, status, weight, available_item, unit_price, discount_percent, avg_rating, img_url, total_rating, supplier_id) VALUES(36434, 'Mixer YAMAHA F7-BT – Mixer đẳng cấp 2018', 'Mixer YAMAHA F7-BT – Mixer đẳng cấp 2018', '<pre>Thích hợp mọi AMPLY hiện nay: Với khả năng đáp ứng tốt với mọi loại công suất amply đang có mặt, YAMAHA F7đang chiếm thị phần mixer không hề nhỏ tại thị trường VN
Tạo vang tốt, sử dụng nhiều cho karaoke gia đình và dàn âm thanh MINI chuyên nghiệp
Kết hợp tốt với nhạc cụ, đàn, sáo,…
Có kết nối không dây Bluetooth</pre>', 364, 'Yamaha', 'USED', 3.223357604577671, 15, 1390000, 33, 4.8, 'https://vn-test-11.slatic.net/original/582ee4a9e33690e38a7ff2ef30d98161.jpg;https://vn-test-11.slatic.net/original/fee917d22cd13778184501c97396f985.jpg;https://vn-test-11.slatic.net/original/bc69792baa114bc828a00612e59be85e.jpg;https://vn-test-11.slatic.net/original/f348271ea8842885ab500095126667e3.jpg;https://vn-test-11.slatic.net/original/942b83335d594c366584669091a98b93.jpg;https://vn-test-11.slatic.net/original/145a3be36abce90abd42eaae39f6cba5.jpg;https://vn-test-11.slatic.net/original/868f34fc6afc6914d0b37628a86cf000.jpg;', 18, 5);

INSERT INTO review (id, product_id, reviewer, rating, `comment`) VALUES(364340, 36434, 'Dv V.', 3, 'đã nhận dc hàng,mẫu mã mới,,,k trầy sướt j...ngày mai mới test thử,,,,chưa test...test xong đánh giá tiếp');

INSERT INTO review (id, product_id, reviewer, rating, `comment`) VALUES(364341, 36434, 'nguyenthudinh', 2, 'rất tuyệt vời.Rất hài lòng,mẫu mã đẹp mới như Qc.');

INSERT INTO review (id, product_id, reviewer, rating, `comment`) VALUES(364342, 36434, 'anh L.', 2, 'Đẹp dùng OK , hay');

INSERT INTO review (id, product_id, reviewer, rating, `comment`) VALUES(364343, 36434, 'Lazada Customer', 0, 'dùng hát livetream hay hơn dùng sound card V8 và K10. tiện hơn có thể dùng để livetream và hát karaoke đều rất hay.');

INSERT INTO review (id, product_id, reviewer, rating, `comment`) VALUES(364344, 36434, 'nguyen Đ.', 4, 'hang tot hat nghe im tai nhung moi sai chua biet co ben hay ko de sai lau moi biet minh ung ho shop 5 sao');

INSERT INTO product (id, name, short_desc, full_desc, category_id, brand_name, status, weight, available_item, unit_price, discount_percent, avg_rating, img_url, total_rating, supplier_id) VALUES(36435, 'Loa thanh soundbar tivi bluetooth SCR 4.0 DM-A8', 'Loa thanh soundbar tivi bluetooth SCR 4.0 DM-A8', '<pre>Thông thường tivi mỏng chất lượng âm thanh kém và nhỏ Giúp thưởng thức âm thanh Tivi mạnh mẽ và hấp dẫn hơn
âm thanh trung thực mạnh mẽ 3Dgiả lập 5.1 rạp hát
Kêt nối đa phương tiện không dây Bluetooth 4.0 ( điện thoại, laptop, mp3 , thẻ nhớ )
Kết nối bluetooth 10m
Kết nối đầu kỹ thuật số
Tổng số loa 8 loa</pre>', 364, 'OEM', 'USED', 6.031161528798235, 58, 862000, 33, 5.0, 'https://vn-test-11.slatic.net/original/9d2bd25c9360a138597a47adac12c1cd.jpg;https://vn-test-11.slatic.net/original/0eab25b1dd190a1cc4101007cbc8397d.jpg;https://vn-test-11.slatic.net/original/fd1c9d19c573d2bc8849d7497d921dae.jpg;https://vn-test-11.slatic.net/original/fca64a1a94f020b365f48fa2c061547b.jpg;https://vn-test-11.slatic.net/original/051cf9e0e43bc510ce4aac7481d6e8ba.jpg;https://vn-test-11.slatic.net/original/d08d3e491dca34e65fb663d81049aa87.jpg;https://vn-test-11.slatic.net/original/2f73c4059ea34ffb6410fd7137ca77aa.jpg;', 1, 2);

INSERT INTO review (id, product_id, reviewer, rating, `comment`) VALUES(364350, 36435, 'Linh P.', 0, 'Giao hàng nhanh trước thời hạn , đóng gói ok  , hàng giống hình mẫu  , nhưng thông số kỹ thuật sai với quảng cáo  ( quảng cáo là 100w nhưng thật sự chỉ có 30 w thôi) nghe nhỏ quá hơi thất vọng');

INSERT INTO product (id, name, short_desc, full_desc, category_id, brand_name, status, weight, available_item, unit_price, discount_percent, avg_rating, img_url, total_rating, supplier_id) VALUES(36436, 'Dàn âm thanh Sony BDV-E6100 (Đen)', 'Dàn âm thanh Sony BDV-E6100 (Đen)', '<pre>Hỗ trợ lướt web
Kênh trao đổi âm thanh (ARC)
Nghe; chép nhạc; xem hình/ phim trên USB
Kết nối HDMI; Optical
Giải mã DTS; Dolby Digital; DTS-HD; Dolby True HD
Công suất 1000W</pre>', 364, 'Sony', 'NEW', 9.450113141505739, 24, 7990000, 33, 3.6, 'https://vn-test-11.slatic.net/p/2/dan-am-thanh-sony-bdv-e6100-den-9260-1962521-c414341969db592c553d10c0c6380a79-catalog.jpg;', 8, 6);

INSERT INTO review (id, product_id, reviewer, rating, `comment`) VALUES(364360, 36436, 'Lazada Guest', 2, 'Nghe khá chất, nghe nhạc và xem phim âm thanh khá chuẩn , có điều tiếng bass hơi mạnh ko có nút chỉnh riêng nên cần kết nối lên tivi và cài đặt mới ok');

INSERT INTO review (id, product_id, reviewer, rating, `comment`) VALUES(364361, 36436, 'vien', 3, 'Hàng nhận được chính hãng, nguyên hộp chưa bóc, T11/2017 mua mà nhận được hàng sx T9/2017 quá tuyệt, xuất xứ Malaysia, model này là cao cấp nhất trong dòng E, âm thanh nghe rất tuyệt, chức năng cực kỳ phong phú: nghe đài FM, kết nối NFC 1 chạm với đt, bluetooth, hình ảnh 3D full HD 1080, nghe nhạc Youtube trực tiếp, thay thế cho smart TV. đặt mua sáng sớm thì trưa có nv giao hàng tận nơi luôn, quá nhanh quá nguy hiểm! Cảm ơn nhà cung cấp và Lazada.');

INSERT INTO review (id, product_id, reviewer, rating, `comment`) VALUES(364362, 36436, 'Lazada Guest', 2, 'Cho mình hỏi dàn âm thanh này hát karaoke được không vậy');

INSERT INTO review (id, product_id, reviewer, rating, `comment`) VALUES(364363, 36436, 'Nguyễn T.', 0, 'Dàn này hát karaoke đc nha mấy bạn');

INSERT INTO review (id, product_id, reviewer, rating, `comment`) VALUES(364364, 36436, 'Lazada Guest', 1, 'CHỈ TIẾC 2000W THÌ TUYỆT VỜI');

INSERT INTO product (id, name, short_desc, full_desc, category_id, brand_name, status, weight, available_item, unit_price, discount_percent, avg_rating, img_url, total_rating, supplier_id) VALUES(36437, 'Usb bluetooth bộ chuyển đổi âm thanh (cao cấp) X6', 'Usb bluetooth bộ chuyển đổi âm thanh (cao cấp) X6', '<pre>Dễ dàng ghép nối Bluetooth với điện thoại, máy tính xách tay, máy tính bảng hay máy nghe nhạc MP3/MP4...
Sau khi kết nối, với Jack cắm 3,5 tiện lợi, bạn có thể dễ dàng thưởng thức những bản nhạc yêu thích trên điện thoại, máy tính... nghe nhạc online, đàm thoại ngay trên dàn loa tại xe ô tô của bạn mà không phải dùng bất cứ dây kết nối nào.
USB Bluetooth cho xe hơi X6sử dụng công nghệ lọc tiếng ồn cho chất lượng đàm thoại tốt
Khoảng cách kết nối 5m đến 10m
Thời gian hoạt động lên tới 8 giờ
Đầu ra âm thanh 3.5mm có thể kết nối với loa, hệ thống âm thanh, Amply hoặc tai nghe...</pre>', 364, 'OEM', 'USED', 4.813509303406084, 87, 69000, 33, 5.0, 'https://vn-test-11.slatic.net/original/d14769001b998f9b0a65e8240ed71cb0.jpg;https://vn-test-11.slatic.net/p/bd292a28727230361b7193d57539ff67.jpg;https://vn-test-11.slatic.net/original/3c8fe72173d12a70073c9023feb5e2fd.jpg;https://vn-test-11.slatic.net/original/c0d6e8799ca972dc1afead00aa07bb24.jpg;https://vn-test-11.slatic.net/original/0b1548382648d8467e781ddb4b80e554.jpg;https://vn-test-11.slatic.net/original/e7203ae4d379f1de7bcb72ffb44d401d.jpg;https://vn-test-11.slatic.net/original/f2cb5e16a3e2a48898930f21a8c4a545.jpg;https://vn-test-11.slatic.net/original/3ca60f6354f150a87447e6720955f8d9.jpg;', 1, 3);

INSERT INTO review (id, product_id, reviewer, rating, `comment`) VALUES(364370, 36437, 'Nguyễn B.', 2, 'Sp đúng như hình quảng cáo, đầy đủ phụ kiện..Kết nối Bluetooth từ máy tính ra Loa cực ổn, ko có gì để phàn nàn...5⭐ cho SP');

INSERT INTO product (id, name, short_desc, full_desc, category_id, brand_name, status, weight, available_item, unit_price, discount_percent, avg_rating, img_url, total_rating, supplier_id) VALUES(36438, '[CHẾ LOA] Mạch âm thanh bluetooth kèm 2 loa siêu chất', '[CHẾ LOA] Mạch âm thanh bluetooth kèm 2 loa siêu chất', '<pre>[CHẾ LOA] Mạch âm thanh bluetooth kèm 2 loa siêu chất
Bộ sản phẩm gồm.
1 mạch khuếch đại âm thanh bluetooth
2 loa 4ohm 3w
Sản phẩm được test chất lượng trước khi giao tới khách hàng 100%</pre>', 364, 'No Brand', 'NEW', 5.591955876621978, 70, 180000, 33, 5.0, 'https://vn-test-11.slatic.net/original/68952ca89b045baa66ea3a084d0ad3db.jpg;https://vn-test-11.slatic.net/original/243e15fcbd34e04ae60a0ae3aa9574f5.jpg;https://vn-test-11.slatic.net/original/9d6f8fed02f51cce168b52a5916134af.jpg;', 1, 4);

INSERT INTO review (id, product_id, reviewer, rating, `comment`) VALUES(364380, 36438, 'Anh T.', 0, 'Loa hơi rè con mạch ok');

INSERT INTO product (id, name, short_desc, full_desc, category_id, brand_name, status, weight, available_item, unit_price, discount_percent, avg_rating, img_url, total_rating, supplier_id) VALUES(36439, 'Dây live stream karaoke online facebook - bigo XOX MA2', 'Dây live stream karaoke online facebook - bigo XOX MA2', '<pre>Tại sao bạn phải cần đến dây live stream 3 màu XOX MA2 trong khi live trên điện thoại của mình? Bởi vì dây live tream XOX MA2 có những ưu điểm như sau: 1.Kết nối dễ dàng hơn với các dòng sound card, không lằng nhằng như cục live stream XOX MA1
2.Kết nối thẳng giữa 2 đầu dây dẫn đến chất lượng âm thanh tốt hơn.
3.Phù hợp với hầu hết các dòng sound card hiện nay
4.Nhỏ gọn, dễ dàng mang đi mang lại
5.Hỗ trợ hầu hết các dòng điện thoại trên thị trường</pre>', 364, 'XOX', 'USED', 1.803752137830028, 55, 79000, 33, 4.3, 'https://vn-test-11.slatic.net/p/2/day-live-stream-karaoke-online-facebook-bigo-xox-ma2-7681-99925022-38f83e9f907c0ffebe6578c7ba7364ee-catalog.jpg;https://vn-test-11.slatic.net/p/2/day-live-stream-karaoke-online-facebook-bigo-xox-ma2-7681-99925022-052f3733755d36b28717c5fb9943c59d-catalog.jpg;https://vn-test-11.slatic.net/p/2/day-live-stream-karaoke-online-facebook-bigo-xox-ma2-7681-99925022-a16ec63077937e8025171c92dba805de-catalog.jpg;', 60, 3);

INSERT INTO review (id, product_id, reviewer, rating, `comment`) VALUES(364390, 36439, 'Hoàng T.', 2, 'Yêu cầu shop test hàng trước khi gửi cho khách, để tránh gửi dính hàng lỗi, đổi đi đổi lại mất thời gian');

INSERT INTO review (id, product_id, reviewer, rating, `comment`) VALUES(364391, 36439, 'Khue D.', 4, 'Sản phẩm tốt');

INSERT INTO review (id, product_id, reviewer, rating, `comment`) VALUES(364392, 36439, 'Huy D.', 3, 'Mua sp này hen sui. dùng thử trước khi đưa tiền.');

INSERT INTO review (id, product_id, reviewer, rating, `comment`) VALUES(364393, 36439, 'Duong D.', 2, 'giao hàng chậm,,còn chất luog thì tạm ổn');

INSERT INTO review (id, product_id, reviewer, rating, `comment`) VALUES(364394, 36439, 'A E.', 3, 'đóng gói sơ sài');

INSERT INTO product (id, name, short_desc, full_desc, category_id, brand_name, status, weight, available_item, unit_price, discount_percent, avg_rating, img_url, total_rating, supplier_id) VALUES(1520, 'Màn Hình LCD 16X Zoom Kỹ Thuật Số Máy Video HD Cầm Tay Máy Ảnh Kỹ Thuật Số 2.7 inch', 'Màn Hình LCD 16X Zoom Kỹ Thuật Số Máy Video HD Cầm Tay Máy Ảnh Kỹ Thuật Số 2.7 inch', '<pre>2.7 inch màn hình. 16X Zoom kỹ thuật số, mặt chụp, chống rung lắc ..
Chụp video và hình ảnh trên tối đêm độc đáo với hồng ngoại nhìn đêm ..
Với ánh sáng tiếp xúc cài đặt để điều chỉnh ánh sáng của hình ảnh và làm chắc chắn bạn có thể ghi âm cao cấp hình ảnh và video ..</pre>', 152, 'No Brand', 'NEW', 4.450146513266586, 38, 512000, 24, 0.0, 'https://my-test-11.slatic.net/p/a6fdca9929e54379a9ae6876c4a61a33.jpg;https://my-test-11.slatic.net/p/56363799d8e26a99073cb3dbe14b2dee.jpg;https://my-test-11.slatic.net/p/5db6dc4e639e10590ed10e8db6701b73.jpg;https://my-test-11.slatic.net/p/e37083b5856dc4e657e8adf8d9c37b49.jpg;https://my-test-11.slatic.net/p/a4ef9b858d546020c5e87ce9b59acfbe.jpg;https://my-test-11.slatic.net/p/b22bc8be5d997f6358b73123bc4c6fe2.jpg;https://my-test-11.slatic.net/p/aa911ab88e8db8aa93f76b39561455a8.jpg;https://my-test-11.slatic.net/p/cc27c0cfbf88c642949efd4d4e619e4a.jpg;', 0, 7);

INSERT INTO product (id, name, short_desc, full_desc, category_id, brand_name, status, weight, available_item, unit_price, discount_percent, avg_rating, img_url, total_rating, supplier_id) VALUES(1521, 'Dueplay 24MP 1080 HD Máy Ảnh Kỹ Thuật Số Hình Máy Ảnh Chống Máy Quay Video CMOS Micro Camera Mặt Chức Năng Phát Hiện Dmiling', 'Dueplay 24MP 1080 HD Máy Ảnh Kỹ Thuật Số Hình Máy Ảnh Chống Máy Quay Video CMOS Micro Camera Mặt Chức Năng Phát Hiện Dmiling', '<pre>DIS chống rung
Vẻ đẹp chức năng
24 triệu điểm ảnh
Hỗ trợ điều khiển từ xa
FHD1080 độ nét cao
Nhận diện khuôn mặt chức năng, mặt cười ảnh</pre>', 152, 'OEM', 'USED', 3.381479559937599, 27, 1118425, 24, 0.0, 'https://my-test-11.slatic.net/p/284208f0063365ab6226df6903de3b87.jpg;https://my-test-11.slatic.net/p/096679bc2cd127342e58002ea155124e.jpg;https://my-test-11.slatic.net/p/5b9ef744a9991ecd66cd9c33610ccf3b.jpg;https://my-test-11.slatic.net/p/4d4f1cf29985244e08a8ea5200fe1cc9.jpg;https://my-test-11.slatic.net/p/5307932a3a17e795bb195b4942093df2.jpg;https://my-test-11.slatic.net/p/f25106e7e87ae7c108f4cf89bdb6e53a.jpg;https://my-test-11.slatic.net/p/637947805b35d107b86877a5207e547a.jpg;https://my-test-11.slatic.net/p/af91a437847183b89207c64e8d1f553b.jpg;', 0, 5);

INSERT INTO product (id, name, short_desc, full_desc, category_id, brand_name, status, weight, available_item, unit_price, discount_percent, avg_rating, img_url, total_rating, supplier_id) VALUES(1522, 'Máy quay phim Full HD 1080P 32GB', 'Máy quay phim Full HD 1080P 32GB', '<pre>Digital Video Camera Full HD 1080P 32GB 16x Zoom Mini Camcorder DV Camera
Operation Modes: CMOS sensor, the max. 16.0 mega pixels
Storage Media: Support SD card/HCSD to 32GB
Sensitivity: automatic, ISO100, ISO200, ISO400
Lens: Fixed lens F/3.2, f=7.6mm
Focus Range: 1.2m~INF
Image Resolution: JEPG/VGA,1M,3M,5M,12M,16M (interpolation)
Video: AVI 1080P 720P VGA</pre>', 152, 'Không xác định', 'NEW', 1.6743299033420347, 59, 496900, 24, 3.2, 'https://my-test-11.slatic.net/original/f700b140a46b7240636399d70e504cca.jpg;https://my-test-11.slatic.net/original/4e1f83803328e1f15f30686a0ce78437.jpg;https://my-test-11.slatic.net/original/8d5976342edc6bd9ab8e06f358e5eec4.jpg;https://my-test-11.slatic.net/original/d776d6bd4c1e400f7f19ad06e4840cb0.jpg;https://my-test-11.slatic.net/original/89b9e9ff56a404c14d4b3844184968cc.jpg;https://my-test-11.slatic.net/original/c2082bec4f5e14a399f67fb9005729bb.jpg;https://my-test-11.slatic.net/original/30f08c337d715893ec2590dfacf385ee.jpg;https://my-test-11.slatic.net/original/ff23f601177518f4c70556db5c14009a.jpg;', 9, 6);

INSERT INTO review (id, product_id, reviewer, rating, `comment`) VALUES(15220, 1522, 'Lazada Customer', 1, '');

INSERT INTO review (id, product_id, reviewer, rating, `comment`) VALUES(15221, 1522, 'Lazada Customer', 2, 'Đúng với giá là đồ chơi cho trẻ. Chế độ quay thì nút zoom ở trên không có tác dụng, zoom thì phải bấm nút phía dưới, zoom thì nhảy mà 16X chẳng khác nào 3x. Chất lượng ảnh thì vỡ.
Kết luận chỉ dùng làm trò chơi thử nghiệm là rất tốt: có quay ghi hình, ghi âm, chụp ảnh như thật, tuy nhiên chức năng các phím lại không đúng.
Hộp sản phẩm đẹp, đầy đủ và còn đợi chất lượng và chế độ bảo hành');

INSERT INTO review (id, product_id, reviewer, rating, `comment`) VALUES(15222, 1522, 'Đồ G.', 1, 'Khong the tin duoc giống nhu đồ chơi em bé vậy. Pin sạc ko vô . Quay phim rất rất tệ. Mua về quay 1lan rồi bỏ');

INSERT INTO review (id, product_id, reviewer, rating, `comment`) VALUES(15223, 1522, 'Thánh B.', 2, 'Máy nhìn cũg đc');

INSERT INTO review (id, product_id, reviewer, rating, `comment`) VALUES(15224, 1522, 'Lazada Customer', 3, 'Have not used it much, but so far video quality and functionality seem very basic.');

INSERT INTO product (id, name, short_desc, full_desc, category_id, brand_name, status, weight, available_item, unit_price, discount_percent, avg_rating, img_url, total_rating, supplier_id) VALUES(1523, '1080 P HD 360 ° Toàn Cảnh Wifi IP Bóng An Ninh Tại Nhà Máy Quay Phim', '1080 P HD 360 ° Toàn Cảnh Wifi IP Bóng An Ninh Tại Nhà Máy Quay Phim', '<pre>Độ nét cao Camera An Ninh với 1080 P độ nét cao ..
Hai Cách Thảo Luận Camera: Camera với micro, phối hợp với một âm thanh chuyên dụng mạch xử lý, thời gian thực intercommunication có thể được thực hiện ..
Hỗ trợ phát hiện chuyển động, nó sẽ kích hoạt báo động nhắn tin thông báo, khi chuyển động vật phát hiện.</pre>', 152, 'OEM', 'NEW', 9.411830423490786, 64, 533000, 24, 5.0, 'https://my-test-11.slatic.net/original/b511871f36ea0f51fc38d1d3da8b3f2a.jpg;https://my-test-11.slatic.net/original/f282924776237a69dd23d5e47a6222c8.jpg;https://my-test-11.slatic.net/original/624a237ba5307c10491e9833c5568602.jpg;https://my-test-11.slatic.net/original/188025949e7f347e8c3b00e4d9129539.jpg;https://my-test-11.slatic.net/original/37df141cb4f35d74cbc1036627c712a7.jpg;https://my-test-11.slatic.net/original/9a3995b31f8ba1143bddc45e568638e0.jpg;https://my-test-11.slatic.net/original/95c816b127e745120a56f86bd805b8b7.jpg;https://my-test-11.slatic.net/original/6edc64e4c3638d8df44a8d6be585d7c3.jpg;', 1, 9);

INSERT INTO review (id, product_id, reviewer, rating, `comment`) VALUES(15230, 1523, 'hoang C.', 3, 'được cám ơn đã giao hàng');

INSERT INTO product (id, name, short_desc, full_desc, category_id, brand_name, status, weight, available_item, unit_price, discount_percent, avg_rating, img_url, total_rating, supplier_id) VALUES(1524, 'OSMAN HD DV HDV Tặng Camera HD Camera Zoom Kỹ Thuật Số Thiết Thực Cảm Biến Điểm Ảnh', 'OSMAN HD DV HDV Tặng Camera HD Camera Zoom Kỹ Thuật Số Thiết Thực Cảm Biến Điểm Ảnh', '<pre>Máy quay Tính năng: Camera HD Máy quay phim, máy tự động tắt nguồn, mặt chụp, Chống rung, với nội bộ micro, loa.
Nhẹ và nhỏ máy quay: Dễ Dàng mang đi và bảo quản, Cao cấp chất liệu và công nghệ tiên tiến, ghi âm chất lượng cao hình ảnh.
Hoàn hảo để làm quà tặng và kỷ lục đặc biệt của bạn những khoảnh khắc đáng yêu, cho bạn một đẹp vui Bộ nhớ trong cuộc sống của bạn.</pre>', 152, 'No Brand', 'USED', 4.910026681202469, 33, 1184000, 24, 0.0, 'https://my-test-11.slatic.net/p/3a7c4202ad7311512f6e9ed907ac5e7b.jpg;https://my-test-11.slatic.net/p/cb3a39e640a772647d911a53f1e9cd11.jpg;https://my-test-11.slatic.net/original/8686f2c9d5fcd4e04b8c03f2b98b0488.jpg;https://my-test-11.slatic.net/p/034771c7d52497eda1266f2e72f9fb79.jpg;https://my-test-11.slatic.net/p/6da60bed041c254ed98ebbf01b802241.jpg;https://my-test-11.slatic.net/p/82e8050b56783c69bcdec00f89c53474.jpg;https://my-test-11.slatic.net/original/b96e5b9753bebfd77ac71b9dba3a14e9.jpg;https://my-test-11.slatic.net/original/7d87cb6b65cc5616ed2cf8da399c021f.jpg;', 0, 3);

INSERT INTO product (id, name, short_desc, full_desc, category_id, brand_name, status, weight, available_item, unit_price, discount_percent, avg_rating, img_url, total_rating, supplier_id) VALUES(1525, 'Máy quay Sony HDR CX405 HD Handycam tặng thẻ nhớ 8G, túi đựng', 'Máy quay Sony HDR CX405 HD Handycam tặng thẻ nhớ 8G, túi đựng', '<pre>Full HD Video/ 9.2MP Stills
Exmor R CMOS sensor
Bionz X Processor
Zeiss 30x Optical Zoom Lens
Optical Steady Shot Image Stabilization
XAVC S Recoding, AVCHD, and MP4
2.7" Flip-Out LCD Viewscreen
Supports Memory Stick Micro Media Cards
Supports Micro SD/SDHC/SDXC Media Cards</pre>', 152, 'Sony', 'NEW', 5.0782111939926065, 23, 4900000, 24, 4.3, 'https://vn-test-11.slatic.net/p/2/may-quay-so-ny-hdr-cx405-hd-handycam-tang-the-nho-8g-tui-dung-6455-93179172-e7840ee08cfe2574510ccf8a39362c6c-catalog.jpg;', 3, 6);

INSERT INTO review (id, product_id, reviewer, rating, `comment`) VALUES(15250, 1525, 'Mai P.', 0, '- Đã nhận được hàng của shop có một số nhận xét như sau : Hàng mới đẹp 100% đầy đủ phụ kiện được thêm thẻ nhớ 8Gb , và túi đựng máy.Máy quay khá nét khi đủ ánh sáng. Tuy nhiên dù là hàng của Sony và có một mức giá khá tốt so với các shop khác nhưng không phải là hàng chính hãng nên không được hưởng bảo hành 24 tháng của Sony Việt Nam mà chỉ được bảo hành 12 tháng tại shop.');

INSERT INTO review (id, product_id, reviewer, rating, `comment`) VALUES(15251, 1525, 'minh N.', 0, 'good');

INSERT INTO product (id, name, short_desc, full_desc, category_id, brand_name, status, weight, available_item, unit_price, discount_percent, avg_rating, img_url, total_rating, supplier_id) VALUES(1526, 'bokeda store Digital Camera 16X 720P ZOOM DV NEW HD Handheld Wedding Record Recorder DVR Camcorder', 'bokeda store Digital Camera 16X 720P ZOOM DV NEW HD Handheld Wedding Record Recorder DVR Camcorder', '<pre>Made from high-quality materials and designed for lasting performance.
Easy to operate, compact and portable, making your experience more wonderful.
Lightweight and easy to carry to everywhere you want to go.
2.4 Inches TFT-LCD screen, 16 x digital zoom, you can enjoy the perfect picture presented in front of you.
100% Brand new and high quality.</pre>', 152, 'OEM', 'NEW', 6.835346375528186, 2, 520000, 24, 4.2, 'https://my-test-11.slatic.net/original/a0c10749a72d88172e73e19659e3c6d6.jpg;https://my-test-11.slatic.net/original/342483091fe2f034987c58ac77196a0f.jpg;https://my-test-11.slatic.net/original/2e177838d1b42a2c7e70832530a9d382.jpg;https://my-test-11.slatic.net/original/b1852eabc5b8a87ec11ac79aa591b41d.jpg;https://my-test-11.slatic.net/original/1a5eccfefdb64c47ca6f7a5bc245a5ce.jpg;https://my-test-11.slatic.net/original/651398971e9f12702744a99ef5cf7b76.jpg;https://my-test-11.slatic.net/original/1d41a59814bd1ea0fcbce1bb8dd5db9c.jpg;https://my-test-11.slatic.net/original/c784a3fc7d1f9b3bb1a344f0bde917c3.jpg;', 6, 8);

INSERT INTO review (id, product_id, reviewer, rating, `comment`) VALUES(15260, 1526, 'Nguyễn V.', 2, 'đc . hàng oke .');

INSERT INTO review (id, product_id, reviewer, rating, `comment`) VALUES(15261, 1526, 'Vũ T.', 3, 'không đáng để mua, chỉ để trưng bày');

INSERT INTO review (id, product_id, reviewer, rating, `comment`) VALUES(15262, 1526, 'thuy N.', 4, 'minh mua pin o dau vay shop');

INSERT INTO review (id, product_id, reviewer, rating, `comment`) VALUES(15263, 1526, 'hoang', 1, 'không kèm pin không kèm thẻ nhớ');

INSERT INTO product (id, name, short_desc, full_desc, category_id, brand_name, status, weight, available_item, unit_price, discount_percent, avg_rating, img_url, total_rating, supplier_id) VALUES(1527, 'Camera Mini Y2000 siêu nhỏ quay phim chụp ảnh chất lượng cao', 'Camera Mini Y2000 siêu nhỏ quay phim chụp ảnh chất lượng cao', '<pre>Chụp ảnh độ phân giải HD 1280x720
Quay phim độ phân giải 640x480
Kích thước nhỏ gọn nhất
Hỗ trợ thẻ nhớ 32Gb
Có thể làm móc khóa</pre>', 152, 'None', 'USED', 1.1863192047120508, 92, 135000, 24, 2.9, 'https://vn-test-11.slatic.net/p/55e9ae91b74cda509970ce2be0d073c5.jpg;https://vn-test-11.slatic.net/original/218fc4ed00fb907db941c2234f3f469d.jpg;https://vn-test-11.slatic.net/p/2/camera-mini-y2000-sieu-nho-quay-phim-chup-anh-chat-luong-cao-1012-0930339-d662efac7e9822f8a2b8f8f34c212b16-catalog.jpg;https://vn-test-11.slatic.net/p/2/camera-mini-y2000-sieu-nho-quay-phim-chup-anh-chat-luong-cao-2997-0930339-ed549b38c5f3e2921ee9adf32b4c97d9-catalog.jpg;https://vn-test-11.slatic.net/p/2/camera-mini-y2000-sieu-nho-quay-phim-chup-anh-chat-luong-cao-2997-0930339-b9d847041bf53e8681eafa79fa02d2eb-catalog.jpg;https://vn-test-11.slatic.net/p/2/camera-mini-y2000-sieu-nho-quay-phim-chup-anh-chat-luong-cao-2997-0930339-e1a8583787c4a6e355ee2c77ac744e7b-catalog.jpg;https://vn-test-11.slatic.net/p/2/camera-mini-y2000-sieu-nho-quay-phim-chup-anh-chat-luong-cao-2997-0930339-e192cb27eaff7f3b90ee8b2bcea6e690-catalog.jpg;https://vn-test-11.slatic.net/p/3a70ee67ef6018efd778dfb8b9a84dcb.jpg;', 42, 6);

INSERT INTO review (id, product_id, reviewer, rating, `comment`) VALUES(15270, 1527, 'Nguyễn Q.', 4, 'Sao không cho mình coi canh ảnh rồi mới chụp vậy 
Nói chụp rõ nét mà chụp xong ảnh đen và cũng không rõ');

INSERT INTO review (id, product_id, reviewer, rating, `comment`) VALUES(15271, 1527, 'Thị M.', 0, 'toi mua 1 cai camera mini nhung ko đunguoc.may bi loi.ma toi da de nghi nhung ko thay ben ban hang doi cho toi.');

INSERT INTO review (id, product_id, reviewer, rating, `comment`) VALUES(15272, 1527, 'Lazada Customer', 3, 'chán');

INSERT INTO review (id, product_id, reviewer, rating, `comment`) VALUES(15273, 1527, 'Lazada Customer', 2, 'Nói chung dùng lâu dài hay không thì chưa biết nhưng chất lượng thì tiền nào của nấy');

INSERT INTO review (id, product_id, reviewer, rating, `comment`) VALUES(15274, 1527, 'Lê C.', 4, 'mua về Chỉ chụp ảnh đc không quay video đc nhanh hết pin');

INSERT INTO product (id, name, short_desc, full_desc, category_id, brand_name, status, weight, available_item, unit_price, discount_percent, avg_rating, img_url, total_rating, supplier_id) VALUES(1528, 'So Young Recording Microphone Handheld SLR Camera Portable', 'So Young Recording Microphone Handheld SLR Camera Portable', '<pre>Specially designed for the camera and high-sensitivity condenser microphone to enhance the quality of the recording
Can effectively reduce the noise of the surrounding environment to be picked up
Use standard universal connector specifications
Can be simply fixed the camera Shock-resistant structural design
To reduce the mechanical noise of the camera and other vibration noise</pre>', 152, 'OEM', 'USED', 9.909820690067491, 90, 340000, 24, 0.0, 'https://my-test-11.slatic.net/original/12319f5a4f07bfc0011c2855d83b2f3c.jpg;https://my-test-11.slatic.net/original/72037f6c5f99b4179b0e0f6809e59a62.jpg;https://my-test-11.slatic.net/original/d28b0bdfd1ac3ee8520531235596033d.jpg;https://my-test-11.slatic.net/original/b7d3ee341be5a2acfc42b92d1e282652.jpg;https://my-test-11.slatic.net/original/cf4b1337cb9b519afd191796ba37f18e.jpg;https://my-test-11.slatic.net/original/a3f6772b3a5d3bc845df2cdc95c4cf67.jpg;https://my-test-11.slatic.net/original/435e61fd9eaab0b6e0257f380e399aa4.jpg;https://my-test-11.slatic.net/original/f0f9bd7277a84eba587046f8a8b7e8c7.jpg;', 0, 7);

INSERT INTO product (id, name, short_desc, full_desc, category_id, brand_name, status, weight, available_item, unit_price, discount_percent, avg_rating, img_url, total_rating, supplier_id) VALUES(1529, 'OSMAN Tầm Nhìn Ban Đêm Máy Quay Phim Kỹ Thuật Số Wi-Fi Kỹ Thuật Số HD HDV-301STR', 'OSMAN Tầm Nhìn Ban Đêm Máy Quay Phim Kỹ Thuật Số Wi-Fi Kỹ Thuật Số HD HDV-301STR', '<pre>Đầu ra HDMI: kết nối máy quay của bạn trực tiếp với một HDTV và phát lại video bạn Lấy cao xác định.
An toàn mọi khoảnh khắc đáng nhớ trong cuộc đời của bạn: Chụp ảnh, theo dõi, tổ chức và chia sẻ mọi quý khoảnh khắc của sự phát triển của bé; lý tưởng cho các nghi lễ chính thức, động vật trong tự nhiên, vui vẻ họ lần, du lịch Kỷ niệm và nhiều hơn nữa.
1920x1080 Full HD Ghi Âm: linh hoạt để có được bắn bạn muốn dù gần hay xa.</pre>', 152, 'No Brand', 'NEW', 8.398855961898462, 39, 1614000, 24, 0.0, 'https://my-test-11.slatic.net/p/ea9408827e8289ca60d5c0d221c464fa.jpg;https://my-test-11.slatic.net/p/b0f69d32bfd445a509eec3abfb8422fa.jpg;https://my-test-11.slatic.net/p/e4563fa055aeea003403840649a245da.jpg;https://my-test-11.slatic.net/p/1af2953cf4c0d62e73fce5844f9f2e1c.jpg;https://my-test-11.slatic.net/p/08a1ed5e5b215613e9be752f55b0906e.jpg;https://my-test-11.slatic.net/p/e727e263a729d54e43a5a558cb02e41c.jpg;https://my-test-11.slatic.net/p/f1f09e32758e4d34e7ed81a9a872473b.jpg;', 0, 3);

INSERT INTO product (id, name, short_desc, full_desc, category_id, brand_name, status, weight, available_item, unit_price, discount_percent, avg_rating, img_url, total_rating, supplier_id) VALUES(15210, 'HXM 4 k Cảm Ứng Hai Màn Hình Thể Thao DV Điều Khiển Từ Xa WIFI Ngoài Trời Chống Nước HD Camera Lặn 170 ° Cực camera rộng', 'HXM 4 k Cảm Ứng Hai Màn Hình Thể Thao DV Điều Khiển Từ Xa WIFI Ngoài Trời Chống Nước HD Camera Lặn 170 ° Cực camera rộng', '<pre>1 、 này Camera thể thao cung cấp 4 K/30fps, 2.7 K/30fps, 1440 p/60fps, 1080 p/60fps Video và 20 MP hình ảnh, chiếm được chi tiết rõ ràng từng khoảnh khắc và vô song rõ ràng kết hợp với 7 lớp thấu kính thủy tinh, CHỐNG TIA UV Phim và kính lọc Hồng Ngoại giảm Chromatic phân tán và chính xác cho Chromatic hiện tượng quang sai, Làm cho hình ảnh tuyệt đẹp và video mọi lúc mọi nơi bắn.
2 、 có thể lên đến 40 m dưới nước và có thể điều chỉnh Góc 170 ° 】 dưới nước máy ảnh sử dụng tự -Thiết kế vỏ chống nước, có thể lặn sâu đến 130 feet (40 mét), sẵn sàng cho bạn dưới nước phiêu lưu. 170 ° quan điểm cho phép chụp nhiều hơn và nhiều hơn nữa rộng, hẹp tự do lựa chọn, cực hay tầm quan sát rộng, để thích ứng với bất kỳ điều kiện chụp.
3 、 kết nối điện thoại qua Wi-Fi và hoàn toàn kiểm soát camera chống thấm nước thông qua ứng dụng miễn phí "" YUTUPRO "". Khi chụp, bạn có thể xem và tải video và hình ảnh cho điện thoại của bạn.
4 、 ổn định hình ảnh điện tử (EIS) công nghệ được thông qua để hạn chế tối đa bị giật hình và làm mờ trong quá trình chuyển động. HD 120FPS tạo tuyệt vời chậm-hiệu ứng chuyển động trong khi duy trì chi tiết rõ ràng. Thích hợp cho các môn thể thao ngoài trời, chẳng hạn như lướt web, trượt ván, đi bộ đường dài, leo núi, v. v.</pre>', 152, 'OEM', 'NEW', 9.829313858962747, 60, 701000, 24, 0.0, 'https://my-test-11.slatic.net/original/bc466a7e3c3a91edac5e6e1e3fea16cc.jpg;https://my-test-11.slatic.net/original/8b90690c38211892be02795bfe794854.jpg;https://my-test-11.slatic.net/original/92671654341ad469fbec8f82c8ddc955.jpg;https://my-test-11.slatic.net/original/561b1c7044111702897ed78031b7230e.jpg;https://my-test-11.slatic.net/original/a53d4c7530ffd94b8a2b6c06e40ee9ce.jpg;https://my-test-11.slatic.net/original/a3db19d04bf4bf9d5d837fd78e2c4581.jpg;https://my-test-11.slatic.net/original/9c8a63a5d5368802658bc3af22cac4fb.jpg;', 0, 6);

INSERT INTO product (id, name, short_desc, full_desc, category_id, brand_name, status, weight, available_item, unit_price, discount_percent, avg_rating, img_url, total_rating, supplier_id) VALUES(15211, 'mingrui Digital Camera 720P 16X ZOOM DV NEW HD Handheld Wedding Record Recorder DVR Camcorder', 'mingrui Digital Camera 720P 16X ZOOM DV NEW HD Handheld Wedding Record Recorder DVR Camcorder', '<pre>Made from high-quality materials and designed for lasting performance.
Easy to operate, compact and portable, making your experience more wonderful.
Lightweight and easy to carry to everywhere you want to go.
2.4 Inches TFT-LCD screen, 16 x digital zoom, you can enjoy the perfect picture presented in front of you.
100% Brand new and high quality. </pre>', 152, 'OEM', 'NEW', 8.242624154100447, 83, 540000, 24, 4.2, 'https://my-test-11.slatic.net/original/6ba70a1fada46607b582f8a2ab09709a.jpg;https://my-test-11.slatic.net/original/36c3e2873e789a4d2ca05d8efa971321.jpg;https://my-test-11.slatic.net/original/9496aec836d12d788b105df1dad4b2cd.jpg;https://my-test-11.slatic.net/original/0e4c8047a57b661f06a71d5b9ecdbd6e.jpg;https://my-test-11.slatic.net/original/6cc2544234c9938fd35b4b680cd93727.jpg;https://my-test-11.slatic.net/original/f7924cb02ea7d5e6e40c0056ed34f6b2.jpg;https://my-test-11.slatic.net/original/dfc57e617b7053f1816e56f9e128c3e3.jpg;https://my-test-11.slatic.net/original/75eab3ca77413e0c83f42c139ba1da18.jpg;', 5, 7);

INSERT INTO review (id, product_id, reviewer, rating, `comment`) VALUES(152110, 15211, 'Nguyenchikhanh', 1, 'không được như quảng cáo');

INSERT INTO product (id, name, short_desc, full_desc, category_id, brand_name, status, weight, available_item, unit_price, discount_percent, avg_rating, img_url, total_rating, supplier_id) VALUES(15212, '2''LCD 16MP Video Camera Camcorder 2''LCD 16MP Digital Camcorder Multiple 4X Zoom FULL HD Camcorder Video DV Shooting', '2''LCD 16MP Video Camera Camcorder 2''LCD 16MP Digital Camcorder Multiple 4X Zoom FULL HD Camcorder Video DV Shooting', '<pre>Made from high-quality materials and designed for lasting performance.
Easy to operate, compact and portable, making your experience more wonderful.
Lightweight and easy to carry to everywhere you want to go.
4 X digital zoom, you can enjoy the perfect picture presented in front of you.
Multiple white balance mode to choose: Auto / Sunny / Cloudy / Tungsten / Fluorescent</pre>', 152, 'Aukey', 'USED', 6.225836125961518, 39, 282000, 24, 5.0, 'https://my-test-11.slatic.net/original/84f8b707e2b1a173298121b906de361f.jpg;https://my-test-11.slatic.net/original/2474d0ae6249e788a9a444ae582ce42e.jpg;https://my-test-11.slatic.net/original/d4c7a2a591356b9c2ec3fdd34a3494eb.jpg;https://my-test-11.slatic.net/original/ff886e4cd0ecb133244df7826856a425.jpg;', 1, 1);

INSERT INTO product (id, name, short_desc, full_desc, category_id, brand_name, status, weight, available_item, unit_price, discount_percent, avg_rating, img_url, total_rating, supplier_id) VALUES(15213, '1080 p Video Camera Full HD 16X Zoom Kỹ Thuật Số Ghi Âm Quay Phim với Tầm Nhìn Ban Đêm Quy Cách: V12', '1080 p Video Camera Full HD 16X Zoom Kỹ Thuật Số Ghi Âm Quay Phim với Tầm Nhìn Ban Đêm Quy Cách: V12', '<pre>Trang bị với cao cấp Cảm biến CMOS, tốt hơn thấp-Độ nhạy sáng trong cảm biến công nghiệp, giảm nhiễu xuyên âm lấy sinh động và hình ảnh rõ nét ..
Có 16X zoom kỹ thuật số khả năng của ống kính, cho dù đó là bình thường chụp hoặc tầm nhìn, nó có thể đạt được ..
Thông qua 1920*1080 Full HD 1080 p định dạng video ghi lại chất lưu video và cho bạn thưởng thức những HD nhà hát video hiệu quả ..</pre>', 152, 'OEM', 'USED', 7.930693291568001, 37, 1139000, 24, 0.0, 'https://my-test-11.slatic.net/original/5ed37d875a43ff2e6f9c4fed7792057a.jpg;https://my-test-11.slatic.net/original/ace0e574baaa5e9009588f0ff4bcf8d9.jpg;https://my-test-11.slatic.net/original/ff251ab989b495f275fa7931b20c2e94.jpg;https://my-test-11.slatic.net/original/9b2f9c30858cc3f3517faa43620b014f.jpg;https://my-test-11.slatic.net/original/f247c10e98d9a0db5722370139f8523d.jpg;https://my-test-11.slatic.net/original/67fda46f0446eb9d5fb69a6c6ba8199f.jpg;https://my-test-11.slatic.net/original/2f06dd626cdfb3716fe29fb14847bfe7.jpg;https://my-test-11.slatic.net/original/04936b29180d18cffeaff493f8c17c31.jpg;', 0, 5);

INSERT INTO product (id, name, short_desc, full_desc, category_id, brand_name, status, weight, available_item, unit_price, discount_percent, avg_rating, img_url, total_rating, supplier_id) VALUES(15214, 'Combo Máy Quay Phim ELITEK HD Digital Video+ Chân Đế Tripod TF-3110+ Thẻ Nhớ 8GB', 'Combo Máy Quay Phim ELITEK HD Digital Video+ Chân Đế Tripod TF-3110+ Thẻ Nhớ 8GB', '<pre>Tính năng Quay phim và chụp ảnh siêu chuẩn
Mức Zoom Digital 16X,
Cảm biến CMOS
Thiết kế nhỏ gọn, cầm chắc tay
Selfie thoải mái với nhiều mức canh chỉnh thời gian
Màn hình LCD 2.7 inch, góc quay lên đến 270 độ
Độ Phân giải 1.0MP</pre>', 152, 'ELITEK', 'NEW', 5.97333207391447, 43, 800000, 24, 3.0, 'https://vn-test-11.slatic.net/p/174eca0cc2c0150686ca323d500c9443.jpg;https://vn-test-11.slatic.net/p/c8c9887ff35e398abf16380f3b0f8cd2.jpg;https://vn-test-11.slatic.net/p/09e2639ada0eeefb33668b94f8647208.jpg;https://vn-test-11.slatic.net/p/a2678b817933dc37d2308554896cdead.jpg;https://vn-test-11.slatic.net/p/85f118cd2f148bb933825bfb18069cb3.jpg;https://vn-test-11.slatic.net/p/fdd62ab3a748b0d9d42f4b005f3e644a.jpg;', 4, 8);

INSERT INTO review (id, product_id, reviewer, rating, `comment`) VALUES(152140, 15214, 'Nguyễn H.', 3, 'mới sử dụng được 1 ngày là hư rôi');

INSERT INTO review (id, product_id, reviewer, rating, `comment`) VALUES(152141, 15214, 'hoàng Y.', 0, 'Máy quay cần đủ sáng, quay trong điều kiện trong phòng  ko đc đẹp, nên quay ngoài trời');

INSERT INTO product (id, name, short_desc, full_desc, category_id, brand_name, status, weight, available_item, unit_price, discount_percent, avg_rating, img_url, total_rating, supplier_id) VALUES(15215, 'A886 USB 12.0 Megapixel Camera Web Cam with Mic Support Night Vision For PC', 'A886 USB 12.0 Megapixel Camera Web Cam with Mic Support Night Vision For PC', '<pre>Item color: Black+Red
DSP chip: Driverless
Image sensor: CMOS
Lens: Superior quality glass lens
High definition: 12.0M pixels</pre>', 152, 'OEM', 'NEW', 4.08101087938163, 43, 127300, 24, 5.0, 'https://my-test-11.slatic.net/original/05ba5d6f92ff00721f93df5c0d0fb236.jpg;https://my-test-11.slatic.net/original/c7da83c3aaab7d9c2fa98a7dff53520a.jpg;https://my-test-11.slatic.net/original/a1750225cd0212f8dae3a73f085d8ad0.jpg;https://my-test-11.slatic.net/original/d94245c37b1af395802e2b2848396427.jpg;https://my-test-11.slatic.net/original/f6dddd505580e1f8699b60a62a5ec8ff.jpg;https://my-test-11.slatic.net/original/17e9261c0558af6aa34609437f39dcab.jpg;https://my-test-11.slatic.net/original/17e874aac79123309300d12403294daa.jpg;https://my-test-11.slatic.net/original/8e639194629f95919b1090d8bfdb3272.jpg;', 1, 4);

INSERT INTO review (id, product_id, reviewer, rating, `comment`) VALUES(152150, 15215, 'Van L.', 2, 'ko xaduoc');

INSERT INTO product (id, name, short_desc, full_desc, category_id, brand_name, status, weight, available_item, unit_price, discount_percent, avg_rating, img_url, total_rating, supplier_id) VALUES(15216, 'FULL HD 1080 p Video FULL HD 1080 P DV Máy Quay Phim FULL HD 1080 P Máy Quay Phim Kỹ Thuật Số Cao Cấp 2.7 ''LCDE', 'FULL HD 1080 p Video FULL HD 1080 P DV Máy Quay Phim FULL HD 1080 P Máy Quay Phim Kỹ Thuật Số Cao Cấp 2.7 ''LCDE', '<pre>Được làm từ chất liệu cao cấp và thiết kế cho hiệu suất lâu dài.
Dễ dàng hoạt động, nhỏ gọn và di động, làm cho bạn trải nghiệm tuyệt vời hơn.
Gọn nhẹ và dễ dàng mang theo đến mọi nơi bạn muốn đi.
8X zoom kỹ thuật số, bạn có thể thưởng thức hình ảnh hoàn hảo trình bày trước mặt bạn.
Nhiều chế độ cân bằng trắng để lựa chọn: Tự Động/Nắng/Mưa/Tungsten/Huỳnh Quang</pre>', 152, 'OEM', 'USED', 5.70074777418746, 48, 990000, 24, 0.0, 'https://my-test-11.slatic.net/p/9c6afec666ff0d9b691f8ef2ff0cfda4.jpg;https://my-test-11.slatic.net/p/3942d2dc7e71d94401ab8fb449ec7312.jpg;https://my-test-11.slatic.net/p/d45af77323edcd1dc28805be3deee907.jpg;https://my-test-11.slatic.net/p/4851fb22afe31ad6db222e10cf608c38.jpg;https://my-test-11.slatic.net/p/d5e7191e752ae1172b02abe79664cb30.jpg;https://my-test-11.slatic.net/p/38065b62434400afbf3ddf8a99b556d8.jpg;https://my-test-11.slatic.net/p/70246a3b89fe1f7d90bbf1f35e6ec49a.jpg;', 0, 9);

INSERT INTO product (id, name, short_desc, full_desc, category_id, brand_name, status, weight, available_item, unit_price, discount_percent, avg_rating, img_url, total_rating, supplier_id) VALUES(15217, 'Camera Mini 12MP Full HD 1080p nhìn xuyên đêm - Hàng quốc tế', 'Camera Mini 12MP Full HD 1080p nhìn xuyên đêm - Hàng quốc tế', '<pre>Kích thước nhỏ, nhỏ gọn và di động
Trang bị với 12MP để ghi lại video HD
Với chức năng tầm nhìn ban đêm, nó có thể làm việc tốt ngay cả dưới chiếu sáng thấp
Hỗ trợ out TIVI và màn hình TV kết nối video
Với 360 độ quay giá đỡ, cho phép bạn điều chỉnh nó tự do</pre>', 152, 'Vococal', 'USED', 8.402250957074486, 43, 338724, 24, 4.3, 'https://vn-test-11.slatic.net/p/2/mini-12mp-camera-full-hd-1080p-night-vision-dv-camera-video-recorder-camcorder-motion-camera-1188-7755523-988a514d93b4340c9d29cfd9c57977fb-catalog.jpg;https://vn-test-11.slatic.net/p/2/mini-12mp-camera-full-hd-1080p-night-vision-dv-camera-video-recorder-camcorder-motion-camera-1188-7755523-3775553636fd9f4f7b1b1c9816468a7f-catalog.jpg;https://vn-test-11.slatic.net/p/2/mini-12mp-camera-full-hd-1080p-night-vision-dv-camera-video-recorder-camcorder-motion-camera-1188-7755523-aedaf7d2334fed4269c8fbb2b9dbf57c-catalog.jpg;https://vn-test-11.slatic.net/p/2/mini-12mp-camera-full-hd-1080p-night-vision-dv-camera-video-recorder-camcorder-motion-camera-1188-7755523-da7a192702cbdffe42875617e0d53c32-catalog.jpg;https://vn-test-11.slatic.net/p/2/mini-12mp-camera-full-hd-1080p-night-vision-dv-camera-video-recorder-camcorder-motion-camera-1188-7755523-aba439a88ba483af3f73111434a1d363-catalog.jpg;https://vn-test-11.slatic.net/p/2/mini-12mp-camera-full-hd-1080p-night-vision-dv-camera-video-recorder-camcorder-motion-camera-1188-7755523-9e13acab982b9857ae64e1bc37bb2ba8-catalog.jpg;https://vn-test-11.slatic.net/p/2/mini-12mp-camera-full-hd-1080p-night-vision-dv-camera-video-recorder-camcorder-motion-camera-1188-7755523-9145a55d24d6c01a770ca6ef5278c748-catalog.jpg;', 3, 5);

INSERT INTO review (id, product_id, reviewer, rating, `comment`) VALUES(152170, 15217, 'Thai N.', 4, 'San phạm bi lỏi ko xài được hì vong nha cung cấp doi tra');

INSERT INTO review (id, product_id, reviewer, rating, `comment`) VALUES(152171, 15217, 'Ngô Q.', 2, 'Sao ko co huong dan su dung thiet bj shop?!');

INSERT INTO product (id, name, short_desc, full_desc, category_id, brand_name, status, weight, available_item, unit_price, discount_percent, avg_rating, img_url, total_rating, supplier_id) VALUES(15218, 'Máy Ảnh kỹ thuật số 1080 P FHD Camera 16 Lần Lần Zoom Đầu Ghi Hình Hồng Ngoại Quan Sát Ban Đêm Cảm Biến CMOS', 'Máy Ảnh kỹ thuật số 1080 P FHD Camera 16 Lần Lần Zoom Đầu Ghi Hình Hồng Ngoại Quan Sát Ban Đêm Cảm Biến CMOS', '<pre>1080 P Full HD VCR với 1920x1080 Full HD Video định dạng
Trang bị với 16 lần lần zoom kỹ thuật số và CẢM BIẾN hình ảnh CMOS cảm biến, với mặt làm đẹp và hồng ngoại ban đêm, bạn có thể chụp sống động, hình ảnh chất lượng cao.
Cảm biến hình ảnh CMOS: Được trang bị với hiệu suất cao cảm biến CMOS, ordro HDV-V12 có thể làm giảm nhiễu xuyên âm và bắt sống động, hình ảnh chất lượng cao.
16 lần Lần Digital Zoom (Zoom Số): Sử Dụng 16 lần lần zoom Kỹ Thuật Số, ordro HDV-V12 có thể phóng to hay dù bình thường hoặc xây dựng một ống kính.
1080 P Full HD ghi âm: ordrd HDV-V12 mất một video mượt mà trong năm 1920x1080 Full HD Video định dạng, cho phép bạn thưởng thức quan điểm trong chuyến đi của mình.
Loại Camera: Camera HD
Loại cảm biến: CMOS
Zoom quang học Bội Số: không
Cảm biến ảnh: 300
Kích Thước Màn Hình LCD: 3.0 inch
Hỗ Trợ độ phân giải: 720 P
Có nên cảm ứng màn hình: không cảm ứng màn hình
Phương tiện lưu trữ: Thẻ SD (Sản phẩm không chứa thẻ TF)
Tĩnh điểm ảnh hiệu quả: 200
Ngang Giải Pháp Độ: 1080 dòng
Microphone: MONO
Chống rung hiệu suất: Điện Tử ổn định
Hỗ trợ cho Ban Đêm Tính năng camera: Hỗ Trợ
Giao Tiếp USB: USB 2.0
Khác Giao diện: USB
Loại pin: NP-120
Tuổi thọ pin: 2.5 giờ
Tính Năng bổ sung: Tính năng Camera
Cơ thể Màu Sắc: Đen</pre>', 152, 'OEM', 'USED', 7.628697463968579, 15, 1898000, 24, 0.0, 'https://my-test-11.slatic.net/original/4777cf4730141d6053601f5b8d6dba29.jpg;https://my-test-11.slatic.net/original/2346f4ae506311136f0412da12cd3297.jpg;https://my-test-11.slatic.net/original/eab95f9100cc7d5570c3bcdc7e73d66e.jpg;https://my-test-11.slatic.net/original/d73d9bd1e825f2c9b4c6afaa3eec9cff.jpg;https://my-test-11.slatic.net/original/4833bfd3f68bc152d3479298f6d92a78.jpg;https://my-test-11.slatic.net/original/d7a8fb4fa804ecb7c0a6bf06039c4aea.jpg;https://my-test-11.slatic.net/original/d0d44595bb654d2ebac9beb20a9f8ad7.jpg;', 0, 1);

INSERT INTO product (id, name, short_desc, full_desc, category_id, brand_name, status, weight, available_item, unit_price, discount_percent, avg_rating, img_url, total_rating, supplier_id) VALUES(15219, 'OSMAN HD Camera Điều Khiển từ xa Máy Quay Video Kỹ Thuật Số MÀN HÌNH LCD Màn Hình Cảm Ứng', 'OSMAN HD Camera Điều Khiển từ xa Máy Quay Video Kỹ Thuật Số MÀN HÌNH LCD Màn Hình Cảm Ứng', '<pre>Hình ảnh Độ Phân Giải 6000*4500 (24MP)/4608*3472 (16MP).
Độ Phân Giải Video 1920*1080 P FULL HD/15fps, 1280*720/30fps, 640*480.
16× Zoom kỹ thuật số, FHD với Đêm-Bắn.
Hỗ trợ đầu ra AV, TRUYỀN HÌNH Ra NTSC/PAL với cho HDMI Khe Cắm.
Khe cắm thẻ nhớ SD/MMC khe cắm thẻ nhớ (lên đến 32 GB), Hỗ Trợ SDHC.
MỘT lỗ vít 1/4 "dưới đáy cho chân máy lắp đặt.</pre>', 152, 'No Brand', 'USED', 5.571024508278505, 92, 1311000, 24, 0.0, 'https://my-test-11.slatic.net/p/1c67b43b3d590ca07d4ec8330c24e17d.jpg;https://my-test-11.slatic.net/p/693d5411786262050a34fafeb7dbbed5.jpg;https://my-test-11.slatic.net/p/ad37c55c39a5795743c579cbf07201a2.jpg;https://my-test-11.slatic.net/p/ff5ed42e1062aed8db32257ce0ad327b.jpg;', 0, 7);

INSERT INTO product (id, name, short_desc, full_desc, category_id, brand_name, status, weight, available_item, unit_price, discount_percent, avg_rating, img_url, total_rating, supplier_id) VALUES(15220, 'WIFI Hồng Ngoại Quan Sát Ban Đêm Máy Ảnh Kỹ Thuật Số Máy Quay Phim FULL HD 1080 P Màn Hình LCD', 'WIFI Hồng Ngoại Quan Sát Ban Đêm Máy Ảnh Kỹ Thuật Số Máy Quay Phim FULL HD 1080 P Màn Hình LCD', '<pre>WIFI: Hỗ Trợ
Nóng Giày chức năng: Hỗ Trợ micro bên ngoài
Cảm Biến hình ảnh: 8 triệu điểm ảnh cảm biến. Tối đa nội suy 24 triệu, hỗ trợ WIFI hồng ngoại quan sát ban đêm
Màn Hình LCD: Màn Hình 3 inch TFT màn hình cảm ứng, có thể xoay 270 độ
Tích hợp Bảo Quản: Không
Lưu Trữ bên ngoài: thẻ SD hỗ trợ tối đa đến 32 gam
Bộ nhớ đệm (Cache): 1 GB DDRS
Đầu ra Kết Nối Máy Tính: USB Mini 2.0 Giao Diện</pre>', 152, 'Không xác định', 'NEW', 6.553364757335421, 81, 1923900, 24, 0.0, 'https://my-test-11.slatic.net/original/97e886dc2586f5d21a5241e06053e634.jpg;https://my-test-11.slatic.net/original/48b8fd41830411388d452b54950d9289.jpg;https://my-test-11.slatic.net/original/a3a812ee6b6174f6cef93af66b86cbec.jpg;https://my-test-11.slatic.net/original/6dcb2cff07d3cd0c4fb74fe8773a01ff.jpg;https://my-test-11.slatic.net/original/b2771e78a88811d507cb0a01f01b15c1.jpg;https://my-test-11.slatic.net/original/fc657ce7a3bc95aefa8aa65a0e376f36.jpg;https://my-test-11.slatic.net/original/eeecdd2f5627f4f80f94815b5a0b7035.jpg;https://my-test-11.slatic.net/original/c90ff9e95f9ae8b8de9f637c443e563c.jpg;', 0, 1);

INSERT INTO product (id, name, short_desc, full_desc, category_id, brand_name, status, weight, available_item, unit_price, discount_percent, avg_rating, img_url, total_rating, supplier_id) VALUES(15221, 'Nữ Thời Trang bán!!!!!!!!! mới 720 P 16X ZOOM Kỹ Thuật Số Máy quay phim Tiện Lợi Cao Cấp HD Flash Đèn', 'Nữ Thời Trang bán!!!!!!!!! mới 720 P 16X ZOOM Kỹ Thuật Số Máy quay phim Tiện Lợi Cao Cấp HD Flash Đèn', '<pre>Được làm từ chất liệu cao cấp và thiết kế cho hiệu suất lâu dài.
Dễ dàng hoạt động, nhỏ gọn và di động, làm cho bạn trải nghiệm tuyệt vời hơn.
Gọn nhẹ và dễ dàng mang theo đến mọi nơi bạn muốn đi.
2.4 inch TFT-LCD màn hình, 16 x zoom kỹ thuật số, bạn có thể thưởng thức hình ảnh hoàn hảo trình bày trước mặt bạn.
100% Thương Hiệu mới và chất lượng cao.</pre>', 152, 'OEM', 'NEW', 5.476509613833947, 18, 510000, 24, 0.0, 'https://my-test-11.slatic.net/p/d1bc043087348f6e2236727ebbda22b7.jpg;https://my-test-11.slatic.net/p/67cfe0998cb9b2a188d4399d201f2cb6.jpg;https://my-test-11.slatic.net/p/0619432caefa870cbabc511964d37dad.jpg;https://my-test-11.slatic.net/p/92eb49aa15c035674fe38164d6d1417a.jpg;https://my-test-11.slatic.net/p/3e5bc0b6cb8316176b343280caab28a2.jpg;https://my-test-11.slatic.net/p/b6b681007417f8641d7798d47ec9b802.jpg;https://my-test-11.slatic.net/p/24a68789244c81fc73c73a82324e5911.jpg;', 0, 2);

INSERT INTO product (id, name, short_desc, full_desc, category_id, brand_name, status, weight, available_item, unit_price, discount_percent, avg_rating, img_url, total_rating, supplier_id) VALUES(15222, 'Máy quay phim cầm tay ELITEK HD Digital Video Zoom 16X + Tặng kèm thẻ nhớ 16GB', 'Máy quay phim cầm tay ELITEK HD Digital Video Zoom 16X + Tặng kèm thẻ nhớ 16GB', '<pre>Độ phân giải 1.0MP
Tính năng Quay phim và chụp ảnh siêu chuẩn
Mức Zoom Digital 16X,
Cảm biến CMOS
Thiết kế nhỏ gọn, cầm chắc tay
Selfie thoải mái với nhiều mức canh chỉnh thời gian
Màn hình LCD 2.7 inch, góc quay lên đến 270 độ
Tặng kèm thẻ nhớ 16GB</pre>', 152, 'ELITEK', 'USED', 4.98512235575071, 21, 729000, 24, 3.7, 'https://vn-test-11.slatic.net/p/ee7c23f9c8e5164d1307a067f41a286c.jpg;https://vn-test-11.slatic.net/p/9e35d4772d7199252e6ddac7befed752.jpg;https://vn-test-11.slatic.net/p/85f118cd2f148bb933825bfb18069cb3.jpg;https://vn-test-11.slatic.net/p/a2678b817933dc37d2308554896cdead.jpg;https://vn-test-11.slatic.net/p/741364200b77c4c38d43a7274a946e19.jpg;https://vn-test-11.slatic.net/p/cb8c063d1983a1871f1a0faa0bfddf75.jpg;', 3, 6);

INSERT INTO review (id, product_id, reviewer, rating, `comment`) VALUES(152220, 15222, 'Lazada Guest', 1, 'hang tốt  dsam bao');

INSERT INTO product (id, name, short_desc, full_desc, category_id, brand_name, status, weight, available_item, unit_price, discount_percent, avg_rating, img_url, total_rating, supplier_id) VALUES(15223, 'Máy quay phim cầm tay ELITEK HD Digital VIDEO 16X + Túi chống nước bất kì', 'Máy quay phim cầm tay ELITEK HD Digital VIDEO 16X + Túi chống nước bất kì', '<pre>Độ phân giải 1.0MP
Tính năng Quay phim và chụp ảnh siêu chuẩn
Mức Zoom Digital 16X,
Cảm biến CMOS
Thiết kế nhỏ gọn, cầm chắc tay
Selfie thoải mái với nhiều mức canh chỉnh thời gian
Màn hình LCD 2.7 inch, góc quay lên đến 270 độ</pre>', 152, 'ELITEK', 'USED', 2.9305552321621398, 10, 669000, 24, 5.0, 'https://vn-test-11.slatic.net/p/2/may-quay-phim-cam-tay-elitek-hd-digital-video-16x-tui-chong-nuoc-bat-ki-4688-8895513-513d1075419d69cffec5c50680cbfdc3-catalog.jpg;https://vn-test-11.slatic.net/p/2/may-quay-phim-cam-tay-elitek-hd-digital-video-16x-tui-chong-nuoc-bat-ki-4406-8895513-ee930ba588b6117ce94494ce60cb0329-catalog.jpg;https://vn-test-11.slatic.net/p/2/may-quay-phim-cam-tay-elitek-hd-digital-video-16x-tui-chong-nuoc-bat-ki-4406-8895513-b2b910ae23e1eabdce5254fdcfefc43c-catalog.jpg;https://vn-test-11.slatic.net/p/2/may-quay-phim-cam-tay-elitek-hd-digital-video-16x-tui-chong-nuoc-bat-ki-4406-8895513-39e7e791ada80bea2ceb707143d6b712-catalog.jpg;https://vn-test-11.slatic.net/p/2/may-quay-phim-cam-tay-elitek-hd-digital-video-16x-tui-chong-nuoc-bat-ki-4406-8895513-41353f2aa2cd97938fe70bf9c42bb05b-catalog.jpg;', 1, 9);

INSERT INTO review (id, product_id, reviewer, rating, `comment`) VALUES(152230, 15223, 'Duyên K.', 1, '');

INSERT INTO product (id, name, short_desc, full_desc, category_id, brand_name, status, weight, available_item, unit_price, discount_percent, avg_rating, img_url, total_rating, supplier_id) VALUES(15224, 'Justgogo Kỹ Thuật Số DV Máy Quay Video Full HD 270 ° Quay 1080 p 16X Cao Cấp Máy Quay Phim Kỹ Thuật Số Video Camera (MỸ Đen)', 'Justgogo Kỹ Thuật Số DV Máy Quay Video Full HD 270 ° Quay 1080 p 16X Cao Cấp Máy Quay Phim Kỹ Thuật Số Video Camera (MỸ Đen)', '<pre>Kỹ thuật số này máy quay được làm từ đủ tiêu chuẩn chất liệu ABS, được cung cấp với kết cấu tốt và đẹp điều trị, hai màu sắc để lựa chọn.
Xoay 270 độ, bạn có thể xoay nó như bạn muốn, thích hợp sử dụng cho gia đình, du lịch và cảnh khác để đáp ứng nhu cầu của bạn chụp hình HD quý hình ảnh ở khắp mọi nơi, thuận tiện cho việc xem xét nó trong khi chụp.
TRUYỀN HÌNH 1080 P độ nét cao đầu ra, hỗ trợ chụp hình với âm thanh và tích hợp loa.
Thông qua chất lượng COMS cảm biến, với chức năng chống sốc, cung cấp ổn định và chụp ảnh chuyên nghiệp, độ phân giải hình ảnh lên đến 16MP, video lên đến 1080 p.</pre>', 152, 'OEM', 'NEW', 2.792671529387254, 52, 530640, 24, 3.1, 'https://my-test-11.slatic.net/original/4bbd699b20bededa8989c12b70240d22.jpg;https://my-test-11.slatic.net/original/7b65f66dfc78821a5c08f4ef43dc3768.jpg;https://my-test-11.slatic.net/original/49346c8c88346026e157347586fb8756.jpg;https://my-test-11.slatic.net/original/968f3c3f9a0057949220dd2c0ba44f88.jpg;https://my-test-11.slatic.net/original/1b12857d2d7b6767fa76bd3f41552e63.jpg;https://my-test-11.slatic.net/original/05a20e8bed89d3ff0f6088a4a7748118.jpg;https://my-test-11.slatic.net/original/c5a5a5ea424f991b8f695264ec04cbdb.jpg;https://my-test-11.slatic.net/original/c31e82dd841d341d7e1398359b600e87.jpg;', 7, 6);

INSERT INTO review (id, product_id, reviewer, rating, `comment`) VALUES(152240, 15224, 'le D.', 4, 'Giao hàng nhanh, đóng gói cẩn thận, phụ kiện đầy đủ, đã sử dụng tiếp xúc thẻ nhớ không được tốt cho lắm.
Tiền nào của đó hàng giá rẻ nên chất lượng hình ảnh khá kém các ae nếu có mua hàng cũng nên biết trước rồi quyết định mua sau.
Nhưng có thể dùng để tập luyện tay nghề cũng không tệ. Nhớ là đừng có đem ra lè dân trong nghề chúng nó chửi cho thối mặt đó.
Nói chung ngoại trừ chất lượng hình ảnh thấp thì các khoản còn lại rất tốt.
Đây là hình ảnh từ 16m -1m ta chụp thử ae xem mà đánh giá.');

INSERT INTO review (id, product_id, reviewer, rating, `comment`) VALUES(152241, 15224, 'nguyen T.', 0, 'full hd ma quay thua dien thoai cui bap nua');

INSERT INTO review (id, product_id, reviewer, rating, `comment`) VALUES(152242, 15224, 'Trương T.', 1, 'rất hài lòng ủng hộ lâu dài');

INSERT INTO product (id, name, short_desc, full_desc, category_id, brand_name, status, weight, available_item, unit_price, discount_percent, avg_rating, img_url, total_rating, supplier_id) VALUES(15225, 'Camera móc khóa Mini Y2000 - Kmart', 'Camera móc khóa Mini Y2000 - Kmart', '<pre>Chụp ảnh độ phân giải HD 1280x720
Quay phim độ phân giải 640x480
Kích thước nhỏ gọn nhất
Hỗ trợ thẻ nhớ 32Gb
Có thể làm móc khóa</pre>', 152, 'None', 'USED', 7.629412910575321, 14, 135000, 24, 4.3, 'https://vn-test-11.slatic.net/p/fb11a7333b878997d0178606ca7275f9.jpg;https://vn-test-11.slatic.net/p/2/camera-moc-khoa-minidv-hola-dt01004-den-2667-0282957-bd328801ce2912f526b4aa8e5b645766-catalog.jpg;https://vn-test-11.slatic.net/p/2/camera-moc-khoa-minidv-hola-dt01004-den-2667-0282957-f0c1416b030aafc66186afa7024dc53b-catalog.jpg;https://vn-test-11.slatic.net/p/2/camera-moc-khoa-minidv-hola-dt01004-den-2667-0282957-189de5b475d302ac7e93796410f1de3f-catalog.jpg;https://vn-test-11.slatic.net/p/2/camera-moc-khoa-minidv-hola-dt01004-den-2667-0282957-dd77aaf2b9703947d0e8c12b7008e8d2-catalog.jpg;https://vn-test-11.slatic.net/p/2/camera-moc-khoa-minidv-hola-dt01004-den-2667-0282957-8c9231013f85081313a75f72da68ea6a-catalog.jpg;https://vn-test-11.slatic.net/p/2/camera-moc-khoa-minidv-hola-dt01004-den-2667-0282957-296f4b10559e71260cddc1d9da5d9d50-catalog.jpg;https://vn-test-11.slatic.net/p/3a70ee67ef6018efd778dfb8b9a84dcb.jpg;', 3, 7);

INSERT INTO review (id, product_id, reviewer, rating, `comment`) VALUES(152250, 15225, 'Pham X.', 1, 'Còn quay video không xem được vì nó kêu rít lên màn hình thì nhoè không xem được');

INSERT INTO review (id, product_id, reviewer, rating, `comment`) VALUES(152251, 15225, 'Thanh T.', 0, 'đúng theo hình sản phẩm dc');

INSERT INTO review (id, product_id, reviewer, rating, `comment`) VALUES(152252, 15225, 'Nguyen T.', 4, 'Tot');

INSERT INTO product (id, name, short_desc, full_desc, category_id, brand_name, status, weight, available_item, unit_price, discount_percent, avg_rating, img_url, total_rating, supplier_id) VALUES(15226, '2018 Thương Hiệu Mới Store Thời Trang Bán!!!!!!!!! 16MP 1080 P Camera 16MP 1080 P HD Máy Ảnh Kỹ Thuật Số Ổn Định Đen 2.4 ''LCD Ngoài Trời Ảnh DV', '2018 Thương Hiệu Mới Store Thời Trang Bán!!!!!!!!! 16MP 1080 P Camera 16MP 1080 P HD Máy Ảnh Kỹ Thuật Số Ổn Định Đen 2.4 ''LCD Ngoài Trời Ảnh DV', '<pre>100% Thương hiệu mới và cao chất lượng sản phẩm
Giá cả phải chăng giá để tăng cường tiêu dùng kinh nghiệm
Gọn nhẹ và tiện lợi, dễ dàng mang theo
Thiết kế chuyên nghiệp, chỉ cần chọn sản phẩm tốt cho bạn
Được chọn lọc cẩn thận cửa hàng, chỉ cho bạn
Cho sản phẩm này được bạn độc quyền</pre>', 152, 'OEM', 'NEW', 4.9968331384168305, 25, 284000, 24, 1.0, 'https://my-test-11.slatic.net/original/8ff95b3ecc4f8de10c51985a0de613aa.jpg;https://my-test-11.slatic.net/original/ba1c9df5540034aa76fe99434ed75dd0.jpg;https://my-test-11.slatic.net/original/f3775385689ba79aa4accd498cbb10ea.jpg;https://my-test-11.slatic.net/original/feb3790fda3ddc5b06d3f9ca1fd15469.jpg;https://my-test-11.slatic.net/original/af5781e156decd7f609c55ed8046c79d.jpg;https://my-test-11.slatic.net/original/8514c073e4e35ef240878d4c03e76b87.jpg;https://my-test-11.slatic.net/original/59ca3c7b6d8f3e797ebfd20422294391.jpg;https://my-test-11.slatic.net/original/7a5847656315f682c8a84802d28b730e.jpg;', 2, 1);

INSERT INTO review (id, product_id, reviewer, rating, `comment`) VALUES(152260, 15226, 'Ler H.', 1, 'K hài lòng tí nào.');

INSERT INTO product (id, name, short_desc, full_desc, category_id, brand_name, status, weight, available_item, unit_price, discount_percent, avg_rating, img_url, total_rating, supplier_id) VALUES(15227, 'Máy quay cầm tay Panasonic HC-V180', 'Máy quay cầm tay Panasonic HC-V180', '<pre>Hãng sản xuất: Panasonic
Loại màn hình: Màn hình cảm ứng
Độ lớn màn hình(inch): 2.7 inch
Megapixel (Số điểm ảnh hiệu dụng): 10 Megapixel
Optical Zoom (Zoom quang): 50x
Tính năng: Ghi âm, Quay phim HD</pre>', 152, 'Panasonic', 'NEW', 7.15292883314398, 48, 5900000, 24, 0.0, 'https://vn-test-11.slatic.net/p/2/may-quay-cam-tay-panasonic-hc-v180-9655-8583898-c223d49a14b9e10ac3c783cda46df759-catalog.jpg;https://vn-test-11.slatic.net/p/2/may-quay-cam-tay-panasonic-hc-v180-9655-8583898-8452eb44b1f56f14be1a74aef4977df9-catalog.jpg;https://vn-test-11.slatic.net/p/2/may-quay-cam-tay-panasonic-hc-v180-9655-8583898-793c7a4cb1a1efb32b5a0108a84d0581-catalog.jpg;', 0, 6);

INSERT INTO product (id, name, short_desc, full_desc, category_id, brand_name, status, weight, available_item, unit_price, discount_percent, avg_rating, img_url, total_rating, supplier_id) VALUES(15228, 'Camera hành trình chống nước U9', 'Camera hành trình chống nước U9', '<pre>Màn hình: 2 inch LCD
Bộ nhớ: thẻ SD card
Dung lượng pin: 900 mAh, thời gian hoạt động 90 phút
Video: 1920 x 1080 px, 1280 x 720 px
Gốc rộng: 140 độ
Cổng kết nối: Micro USB
Kích thước: 59.3 x 24.6 x 41.1 mm</pre>', 152, 'No Brand', 'NEW', 3.1780912206504084, 33, 358000, 24, 0.0, 'https://vn-test-11.slatic.net/p/b7a54d730e8f0eb25a69b2fcad23045b.jpg;https://vn-test-11.slatic.net/p/702fbdffdec8e86a1e1a3c97156cd471.jpg;https://vn-test-11.slatic.net/p/5fe59217d2003afaf1dbf0bab8e54127.jpg;https://vn-test-11.slatic.net/p/0f57288a87704b918ca5cd691756cb7b.jpg;', 0, 2);

INSERT INTO product (id, name, short_desc, full_desc, category_id, brand_name, status, weight, available_item, unit_price, discount_percent, avg_rating, img_url, total_rating, supplier_id) VALUES(15229, 'AMKOV AMK-DV162 Digital Cameras 2.7 inch 4:3 Screen DV Video HD 720P Max 16MP Camera', 'AMKOV AMK-DV162 Digital Cameras 2.7 inch 4:3 Screen DV Video HD 720P Max 16MP Camera', '<pre>Exposure：–3.0EV～+3.0EV
Self-time Mode：Off/2sec/5sec/10sec
Monitor Screen： 2.7 inch LCD; 4:3; 270° Rotation
With microphone and speaker function.
Focus：Normal: 1.2m~infinity
Zoom：16X Digital Zoom</pre>', 152, 'Amkov', 'USED', 9.614123792152762, 20, 998100, 24, 0.0, 'https://my-test-11.slatic.net/p/2/amkov-amk-dv162-digital-cameras-27-inch-43-screen-dv-video-hd-720p-max-16mp-camera-1904-624825411-b8e877a38ba09b106464ba9f2c74243c-catalog.jpg;https://my-test-11.slatic.net/p/2/amkov-amk-dv162-digital-cameras-27-inch-43-screen-dv-video-hd-720p-max-16mp-camera-1904-624825411-7211a73ce5bb9ed24a584a5f28889225-catalog.jpg;https://my-test-11.slatic.net/p/2/amkov-amk-dv162-digital-cameras-27-inch-43-screen-dv-video-hd-720p-max-16mp-camera-1904-624825411-3ce283a8c0ae3ec2eabfff8d5f5020fb-catalog.jpg;https://my-test-11.slatic.net/p/2/amkov-amk-dv162-digital-cameras-27-inch-43-screen-dv-video-hd-720p-max-16mp-camera-1904-624825411-3a2dcc168398266482118507f3b35491-catalog.jpg;https://my-test-11.slatic.net/p/2/amkov-amk-dv162-digital-cameras-27-inch-43-screen-dv-video-hd-720p-max-16mp-camera-1904-624825411-19e62a159d3b5b5dd7ae0986c51154f5-catalog.jpg;https://my-test-11.slatic.net/p/2/amkov-amk-dv162-digital-cameras-27-inch-43-screen-dv-video-hd-720p-max-16mp-camera-1904-624825411-27eb713bad7861348514a971d383eed7-catalog.jpg;https://my-test-11.slatic.net/p/2/amkov-amk-dv162-digital-cameras-27-inch-43-screen-dv-video-hd-720p-max-16mp-camera-1904-624825411-7b36d62fe03818180648f6752defae88-catalog.jpg;', 0, 7);

INSERT INTO product (id, name, short_desc, full_desc, category_id, brand_name, status, weight, available_item, unit_price, discount_percent, avg_rating, img_url, total_rating, supplier_id) VALUES(15230, 'Grand Store FULL HD 1080 P FULL HD 1080 P Máy Quay Phim Kỹ Thuật Số Cao Cấp 2.7 ''LCDE Máy Quay Phim Kỹ Thuật Số Di Động Video camera', 'Grand Store FULL HD 1080 P FULL HD 1080 P Máy Quay Phim Kỹ Thuật Số Cao Cấp 2.7 ''LCDE Máy Quay Phim Kỹ Thuật Số Di Động Video camera', '<pre>Được làm từ chất liệu cao cấp và thiết kế cho hiệu suất lâu dài.
Dễ dàng hoạt động, nhỏ gọn và di động, làm cho bạn trải nghiệm tuyệt vời hơn.
Gọn nhẹ và dễ dàng mang theo đến mọi nơi bạn muốn đi.
8X zoom kỹ thuật số, bạn có thể thưởng thức hình ảnh hoàn hảo trình bày trước mặt bạn.
Nhiều chế độ cân bằng trắng để lựa chọn: Tự Động/Nắng/Mưa/Tungsten/Huỳnh Quang</pre>', 152, 'OEM', 'USED', 1.6017805928621305, 98, 923000, 24, 0.0, 'https://my-test-11.slatic.net/p/e5b7301c5fe60f918ec757eb4c58805b.jpg;https://my-test-11.slatic.net/p/38065b62434400afbf3ddf8a99b556d8.jpg;https://my-test-11.slatic.net/p/d45af77323edcd1dc28805be3deee907.jpg;https://my-test-11.slatic.net/p/9c6afec666ff0d9b691f8ef2ff0cfda4.jpg;https://my-test-11.slatic.net/p/4851fb22afe31ad6db222e10cf608c38.jpg;', 0, 8);

INSERT INTO product (id, name, short_desc, full_desc, category_id, brand_name, status, weight, available_item, unit_price, discount_percent, avg_rating, img_url, total_rating, supplier_id) VALUES(15231, 'Máy quay phim kỹ thuật số Full HD 1080P 32GB', 'Máy quay phim kỹ thuật số Full HD 1080P 32GB', '<pre>Digital Video Camera Full HD 1080P 32GB 16x Zoom Mini Camcorder DV Camera
Operation Modes: CMOS sensor, the max. 16.0 mega pixels
Storage Media: Support SD card/HCSD to 32GB
Sensitivity: automatic, ISO100, ISO200, ISO400
Lens: Fixed lens F/3.2, f=7.6mm
Focus Range: 1.2m~INF
Image Resolution: JEPG/VGA,1M,3M,5M,12M,16M (interpolation)
Video: AVI 1080P 720P VGA</pre>', 152, 'Không xác định', 'USED', 5.690257351627802, 15, 539900, 24, 3.0, 'https://my-test-11.slatic.net/original/bdd3951ecefceb0773755617136ff02c.jpg;https://my-test-11.slatic.net/original/f49054e4074a084d759bb94f9c05db85.jpg;https://my-test-11.slatic.net/original/1e15367945cdd04af67b2bedbe14c48a.jpg;https://my-test-11.slatic.net/original/72bd4d3aabbe688e9c6434bede585b1a.jpg;https://my-test-11.slatic.net/original/bde01649ce52891515f1b63b6bca2760.jpg;https://my-test-11.slatic.net/original/0e153ccf17ba15e6bfa0084f873dd86c.jpg;https://my-test-11.slatic.net/original/c39fb264bebcc1e63bd0d9e2e2116771.jpg;https://my-test-11.slatic.net/original/0e40140f468397cc7eee2be8d0b95434.jpg;', 7, 6);

INSERT INTO review (id, product_id, reviewer, rating, `comment`) VALUES(152310, 15231, 'Lazada Customer', 3, 'shop oi may bi sao vay quai thi mờ mà lai ko gi am dc nua shop ban hang the nai thi chet mat đặc hằnh thi dẽ trả hằng thi kho ko co ai biet sua chang biet lan j em thấp vộng qua mong shop sen set can on');

INSERT INTO review (id, product_id, reviewer, rating, `comment`) VALUES(152311, 15231, 'Lazada Customer', 0, 'Nói chung đừng mua chi co phí tiền');

INSERT INTO review (id, product_id, reviewer, rating, `comment`) VALUES(152312, 15231, 'Huỳnh P.', 1, 'yếu quá dễ hư cho 2 sao thôi');

INSERT INTO review (id, product_id, reviewer, rating, `comment`) VALUES(152313, 15231, 'Đặng A.', 1, '');

INSERT INTO product (id, name, short_desc, full_desc, category_id, brand_name, status, weight, available_item, unit_price, discount_percent, avg_rating, img_url, total_rating, supplier_id) VALUES(15232, 'Camera Mini Y2000 siêu nhỏ quay phim chụp ảnh chất lượng cao', 'Camera Mini Y2000 siêu nhỏ quay phim chụp ảnh chất lượng cao', '<pre>Chụp ảnh độ phân giải HD 1280x720
Quay phim độ phân giải 640x480
Kích thước nhỏ gọn nhất
Hỗ trợ thẻ nhớ 32Gb
Có thể làm móc khóa</pre>', 152, 'OEM', 'USED', 3.666545349085496, 93, 160000, 24, 4.5, 'https://vn-test-11.slatic.net/original/e429a39d34c7750edfb1a6527173a640.jpg;https://vn-test-11.slatic.net/original/15469685189d4213df2998355f0a40b3.jpg;https://vn-test-11.slatic.net/original/47a88f001ed6f5796d235b7151567cd1.jpg;', 2, 3);

INSERT INTO product (id, name, short_desc, full_desc, category_id, brand_name, status, weight, available_item, unit_price, discount_percent, avg_rating, img_url, total_rating, supplier_id) VALUES(15233, 'ELEC DV180 Camera Black 16MP Mini Video Camera With 1.5" TFT Screen 8X Digital Zoom', 'ELEC DV180 Camera Black 16MP Mini Video Camera With 1.5" TFT Screen 8X Digital Zoom', '<pre>Digital Recorder(Max. HD Resolution)
Digital Still image Camera (Max. 16Mega Pixels)
PC Camera
Can work as SC Card Reader,
8X digital zoom</pre>', 152, 'electron3c', 'USED', 9.690791780236784, 26, 562200, 24, 5.0, 'https://my-test-11.slatic.net/original/b6fea5ad4fd140f18a616a6f9cd53ea8.jpg;https://my-test-11.slatic.net/original/87b10d7d6f4415fe2ceab15945e94cd2.jpg;https://my-test-11.slatic.net/original/eef658a716aff6ecb6fadbf541533f64.jpg;https://my-test-11.slatic.net/original/75e98b9ebb5da4a905da5c730c65a334.jpg;https://my-test-11.slatic.net/original/c3138ce7131e74dc75c8a32e5ae7d39f.jpg;https://my-test-11.slatic.net/original/b1d95dcf8ff71f7d2ae17cbbaafb22f6.jpg;https://my-test-11.slatic.net/original/28d3106302bea441473a8936faa82937.jpg;https://my-test-11.slatic.net/original/34099fdfd297627a5c54d8f55928fb0e.jpg;', 1, 5);

INSERT INTO product (id, name, short_desc, full_desc, category_id, brand_name, status, weight, available_item, unit_price, discount_percent, avg_rating, img_url, total_rating, supplier_id) VALUES(15234, 'FIRESTONE Máy Quay Video HD 1080 P Cầm Tay Máy Ảnh Kỹ Thuật Số 16X Zoom Kỹ Thuật Số HD 1080 P', 'FIRESTONE Máy Quay Video HD 1080 P Cầm Tay Máy Ảnh Kỹ Thuật Số 16X Zoom Kỹ Thuật Số HD 1080 P', '<pre>Thông số kỹ thuật và các thông số của cảm biến CMOS, lên đến 16 triệu điểm ảnh
Lưu trữ có thể được mở rộng đến 32 GB thẻ SD/HCSD thẻ
Tự động độ nhạy, ISO100 ISO200, ISO400</pre>', 152, 'OE', 'USED', 7.66909710027598, 53, 680834, 24, 2.0, 'https://my-test-11.slatic.net/p/2469124b3d50550551de50ce38f571ae.jpg;https://my-test-11.slatic.net/p/0207c93e1d45dbf4cce970484cbe394c.jpg;https://my-test-11.slatic.net/p/609e448690fb8ad071567c6d5a927f68.jpg;https://my-test-11.slatic.net/p/ec313a37e8a83ff2b98a5589e8614e70.jpg;https://my-test-11.slatic.net/p/37fef4ed2773e45889cd27ba37cd1429.jpg;https://my-test-11.slatic.net/p/9c4906dedf8a28d222175f67a2c30f22.jpg;', 1, 9);

INSERT INTO product (id, name, short_desc, full_desc, category_id, brand_name, status, weight, available_item, unit_price, discount_percent, avg_rating, img_url, total_rating, supplier_id) VALUES(15235, 'Máy quay Canon-R62 32GB VIXIA HF Full HD màn hình cảm ứng', 'Máy quay Canon-R62 32GB VIXIA HF Full HD màn hình cảm ứng', '<pre>Record up to 1920 x 1080/60p Video
Canon 3.28MP Full HD CMOS Sensor
DIGIC DV 4 Image Processor
Internal 32GB Flash Memory
57x Advanced Zoom & SuperRange O.I.S.
Dual Recording in AVCHD & MP4 Formats
Slow and Fast Motion Recording
Capacitive 3" LCD Touch Panel Display
Wi-Fi / NFC Connectivity
Live Streaming to iOS & Android Devices</pre>', 152, 'OEM', 'NEW', 5.670388783625434, 71, 6690000, 24, 0.0, 'https://vn-test-11.slatic.net/p/d365b025cc35b59384bec9f68127bade.jpg;https://vn-test-11.slatic.net/p/4638fd12b7ab6d597d91b77d75e148a3.jpg;https://vn-test-11.slatic.net/p/4cf4d1c74422acaafc91cb550e26286a.jpg;https://vn-test-11.slatic.net/p/f27955b67f56588713b9ad46a897c4d4.jpg;https://vn-test-11.slatic.net/p/e5c572c993e21d09010501ef12b2ac15.jpg;', 0, 9);

INSERT INTO product (id, name, short_desc, full_desc, category_id, brand_name, status, weight, available_item, unit_price, discount_percent, avg_rating, img_url, total_rating, supplier_id) VALUES(15236, 'Camera Camcorders, 16MP High Definition Digital Video Camcorder 1080P 2.7 Inches TFT LCD Screen 16X Zoom Camera Recorder Specification:American Standard', 'Camera Camcorders, 16MP High Definition Digital Video Camcorder 1080P 2.7 Inches TFT LCD Screen 16X Zoom Camera Recorder Specification:American Standard', '<pre>100% new and high quality
color as pic shown
amazing design and easy to use
package : 1pcs
good product worth your money </pre>', 152, 'OEM', 'NEW', 0.5231581201313549, 1, 490000, 24, 5.0, 'https://my-test-11.slatic.net/original/203741efa8dc185f4755522e173526ee.jpg;https://my-test-11.slatic.net/original/684e2e8c6ae34970dc44c550ecdff810.jpg;https://my-test-11.slatic.net/original/48fda6cb94b5ddd99aa8e08dd817b153.jpg;https://my-test-11.slatic.net/original/31b3494cf865764ac5c867cbb1a6b541.jpg;https://my-test-11.slatic.net/original/d92658621c1f648f404160c84184dba2.jpg;https://my-test-11.slatic.net/original/4deeb1044c914a716e9aac7fafeb1a9c.jpg;https://my-test-11.slatic.net/original/2bda3820977e94d9282823f625ae7ce6.jpg;https://my-test-11.slatic.net/original/b31734d43bcc9b8a8361da7bb4548f58.jpg;', 1, 5);

INSERT INTO product (id, name, short_desc, full_desc, category_id, brand_name, status, weight, available_item, unit_price, discount_percent, avg_rating, img_url, total_rating, supplier_id) VALUES(15237, 'Nhà Lớn 2 inch Màn Hình Hiển Thị TFT 16 Triệu Điểm Ảnh Máy Quay Video HD Cầm Tay Máy Ảnh Kỹ Thuật Số 4X Camera Zoom số', 'Nhà Lớn 2 inch Màn Hình Hiển Thị TFT 16 Triệu Điểm Ảnh Máy Quay Video HD Cầm Tay Máy Ảnh Kỹ Thuật Số 4X Camera Zoom số', '<pre>Digital Zoom 4x Digital Zoom..
2.0 inch TFT LCD screen..
Image sensor 5 million pixels, interpolation 16 million pixels..
White Balance Auto / Fluorescent / Tungsten / Fluorescent / Cloudy..</pre>', 152, 'Big House', 'NEW', 6.065204260497964, 8, 300000, 24, 0.0, 'https://my-test-11.slatic.net/original/2f41c0382845e9f6a69b202f5277c8d5.jpg;https://my-test-11.slatic.net/original/8b8928059ad469b23de0cb498097f9f6.jpg;https://my-test-11.slatic.net/original/6260b4a16ea8c375e48dba8b9e5cb41a.jpg;https://my-test-11.slatic.net/original/84d760fd1f9a5e4e9f622e2420906003.jpg;https://my-test-11.slatic.net/original/8541709c9292532194f771f414ccfdf2.jpg;https://my-test-11.slatic.net/original/d58b094a60b7c96846115ac1d2e2b1b6.jpg;https://my-test-11.slatic.net/original/1279cef5681d19391c99cab35e4d669a.jpg;https://my-test-11.slatic.net/original/48a1378784038231e8852a6e1537fba1.jpg;', 0, 5);

INSERT INTO product (id, name, short_desc, full_desc, category_id, brand_name, status, weight, available_item, unit_price, discount_percent, avg_rating, img_url, total_rating, supplier_id) VALUES(15238, 'WIFI Hồng Ngoại Quan Sát Ban Đêm Máy Ảnh Kỹ Thuật Số Máy Quay Phim FULL HD 1080 P Màn Hình LCD', 'WIFI Hồng Ngoại Quan Sát Ban Đêm Máy Ảnh Kỹ Thuật Số Máy Quay Phim FULL HD 1080 P Màn Hình LCD', '<pre>WIFI: Hỗ Trợ
Nóng Giày chức năng: Hỗ Trợ micro bên ngoài
Cảm Biến hình ảnh: 8 triệu điểm ảnh cảm biến. Tối đa nội suy 24 triệu, hỗ trợ WIFI hồng ngoại quan sát ban đêm
Hình ảnh Định Dạng Tập Tin: JPEG
Băng video Định Dạng Tập Tin: MOV
Bộ nhớ đệm (Cache): 1 GB DDRS
Lưu Trữ bên ngoài: thẻ SD hỗ trợ tối đa đến 32 gam
Tốc Độ màn trập: 1/10 giây-1/2650 GIÂY</pre>', 152, 'Không xác định', 'NEW', 6.197389427370115, 74, 1921200, 24, 0.0, 'https://my-test-11.slatic.net/original/97e886dc2586f5d21a5241e06053e634.jpg;https://my-test-11.slatic.net/original/30b5a9fdceb11d512e1764c085db4e82.jpg;https://my-test-11.slatic.net/original/a3a812ee6b6174f6cef93af66b86cbec.jpg;https://my-test-11.slatic.net/original/b2771e78a88811d507cb0a01f01b15c1.jpg;https://my-test-11.slatic.net/original/eeecdd2f5627f4f80f94815b5a0b7035.jpg;https://my-test-11.slatic.net/original/6dcb2cff07d3cd0c4fb74fe8773a01ff.jpg;https://my-test-11.slatic.net/original/c90ff9e95f9ae8b8de9f637c443e563c.jpg;https://my-test-11.slatic.net/original/5187feadeb27a0e1048d923f1c640aaf.jpg;', 0, 2);

INSERT INTO product (id, name, short_desc, full_desc, category_id, brand_name, status, weight, available_item, unit_price, discount_percent, avg_rating, img_url, total_rating, supplier_id) VALUES(15239, 'Mini Camera Hành Động, full HD 720 P 30 m Chống Nước Thể Thao DV Máy Quay Phim với MÀN HÌNH LCD 2 Inch Màn Hình Cực Chất Thể Thao Ngoài Trời', 'Mini Camera Hành Động, full HD 720 P 30 m Chống Nước Thể Thao DV Máy Quay Phim với MÀN HÌNH LCD 2 Inch Màn Hình Cực Chất Thể Thao Ngoài Trời', '<pre>KÍCH THƯỚC NHỎ VÀ DI ĐỘNG: Camera hành động là trong một di động và siêu mini kích thước ..
1080 P Full HD: 720 HD tốc độ cao chức năng chụp ảnh + MÀN hình LCD 2 inch màn hình. Hỗ trợ thẻ nhớ lên đến 32G (không bao gồm) ..
30 MÉT KHÔNG THẤM NƯỚC: Vỏ chống nước cho phép bạn quay phim thể thao hấp dẫn; với một ruggedized vỏ chống thấm nước đến 30 m, bạn có thể lấy này Fearless camera để lướt web, sườn hay đường phố để chiếm được yêu thích của bạn hành động-Đóng gói hoạt động ..
ỨNG DỤNG: Không Có bất kỳ gánh nặng khi leo núi đá, lặn và các môn thể thao mạo hiểm, xe-Gắn ghi âm, chụp ảnh dưới nước, từ xe đạp của bạn, xe của bạn, hoặc khoăn vít lên một Mũ bảo hiểm, an ninh ngôi nhà, v. v.</pre>', 152, 'No Brand', 'USED', 8.855808547247374, 65, 256000, 24, 0.0, 'https://id-test-11.slatic.net/original/46f182145fa5dc14633724c7012280a8.jpg;https://id-test-11.slatic.net/original/94c07b02d3b8b080550b6dd7cfdb1896.jpg;https://id-test-11.slatic.net/original/80d460f791196d5761afeeb8c3afa76b.jpg;https://id-test-11.slatic.net/original/3285629f0e5ce4ee2968d25afcdcb76e.jpg;https://id-test-11.slatic.net/original/cd43ed0d255667c8a1240c581f06733d.jpg;https://id-test-11.slatic.net/original/b1703b87b1134bb21c4b1480ddb4ac20.jpg;https://id-test-11.slatic.net/original/44eb48d056575d097a9717c325a4eed5.jpg;https://id-test-11.slatic.net/original/f7878a7c5b4cfc8e32837d78b5e6daf0.jpg;', 0, 9);

INSERT INTO product (id, name, short_desc, full_desc, category_id, brand_name, status, weight, available_item, unit_price, discount_percent, avg_rating, img_url, total_rating, supplier_id) VALUES(200, 'Camera IP Xiaomi Home 360 HD 2017 PTZ (Trắng) - Hãng phân phối chính thức', 'Camera IP Xiaomi Home 360 HD 2017 PTZ (Trắng) - Hãng phân phối chính thức', '<pre>Độ phần giải: HD 720P
Góc ngang: 360
Góc dọc: 115
Kết nối: Wifi 2.4G
Hỗ trợ nhìn đêm: Có đèn hồng ngoại
Kết nối ứng dụng: Mihome
Tương thích: iOS 8.0; Android 4.0
Lưu trữ nội dung: Đám mây, Thẻ nhớ (class 10)</pre>', 20, 'Xiaomi', 'USED', 8.490805945797764, 89, 659000, 6, 4.2, 'https://vn-test-11.slatic.net/p/ca92faee2ae7635596d2c8bd49647522.jpg;https://vn-test-11.slatic.net/original/deaba0c6ac3025cce9a57c4664db1fad.jpg;https://vn-test-11.slatic.net/p/2/camera-ip-xiaomi-home-360-hd-2017-ptz-trang-hang-phan-phoi-chinh-thuc-8858-80436912-6d5e25da1cf188d8337d0c4a10c728b6-catalog.jpg;https://vn-test-11.slatic.net/p/2/camera-ip-xiaomi-home-360-hd-2017-ptz-trang-hang-phan-phoi-chinh-thuc-8858-80436912-4502b33b62837821ba4052ebee84bac3-catalog.jpg;https://vn-test-11.slatic.net/p/2/camera-ip-xiaomi-home-360-hd-2017-ptz-trang-hang-phan-phoi-chinh-thuc-8858-80436912-28837050200c12c12b8676341935cf03-catalog.jpg;https://vn-test-11.slatic.net/p/2/camera-ip-xiaomi-home-360-hd-2017-ptz-trang-hang-phan-phoi-chinh-thuc-8858-80436912-47be59695601b8ecefdc0bf36ee472b1-catalog.jpg;https://vn-test-11.slatic.net/original/35c4f9c697a38b752f905d68dec54842.jpg;', 592, 8);

INSERT INTO review (id, product_id, reviewer, rating, `comment`) VALUES(2000, 200, 'Du M.', 1, 'bi loi roi mong duoc ho tro');

INSERT INTO review (id, product_id, reviewer, rating, `comment`) VALUES(2001, 200, 'LÊ H.', 1, 'Sao quét mà QR xng rồi mà đợi kết nối ko được , cài 2 ngày nay rồi shop ơi ( connect time out)');

INSERT INTO review (id, product_id, reviewer, rating, `comment`) VALUES(2002, 200, 'Nguyen C.', 0, 'hàng chất lượng tốt đó, nhưng shop có thể gửi link down firmware này không, có thể hướng dẫn mình update firmware không. thanks');

INSERT INTO review (id, product_id, reviewer, rating, `comment`) VALUES(2003, 200, 'Huỳnh Đ.', 0, 'Camera build tốt nhưng firmware quá tệ, upgrade 1 phát bị lỗi là hư luôn. Lên mạng xem không phải chỉ mình mình bị, nhìn chung là firmware ẩu quá. Nếu hãng biết upgrade không ổn định thì không nên cho app MiHome đề nghị user upgrade. Mới mua giờ phải mang đi bảo hành. Củ chuối.');

INSERT INTO review (id, product_id, reviewer, rating, `comment`) VALUES(2004, 200, 'Lazada Customer', 2, 'Không thấy tuỳ chọn sao lưu dữ liệu qua điện thoại, đám mây. Nếu trộm vào nhà lấy luôn cả Camera thì chịu thua.');

INSERT INTO product (id, name, short_desc, full_desc, category_id, brand_name, status, weight, available_item, unit_price, discount_percent, avg_rating, img_url, total_rating, supplier_id) VALUES(201, 'Camera chống trộm Xiaomi 360° 1080P Xiaomi QDJ4041GL (Trắng)-Chính hãng Xiaomi', 'Camera chống trộm Xiaomi 360° 1080P Xiaomi QDJ4041GL (Trắng)-Chính hãng Xiaomi', '<pre>Hồng ngoại quay ban đêm rất nhạy.
Xoay 360 độ góc lên và xuống tự do.
Độ phân giải 1080p.
Ứng dụng hỗ trợ Mihome trên tất cả smart điện thoại.
Cắm thẻ SD hỗ trợ 64GB.
Có thể kết nối thiết bị phát sóng wifi.</pre>', 20, 'Xiaomi', 'NEW', 8.800160484508208, 20, 779000, 6, 3.6, 'https://vn-test-11.slatic.net/p/be02c61c3d681be837027fb7f0edae6a.jpg;https://vn-test-11.slatic.net/p/14d5b5ed2243cd1024db66ffd5aa6b98.jpg;https://vn-test-11.slatic.net/p/70304f8966c899dfcd63339740059f5e.jpg;https://vn-test-11.slatic.net/p/5a3b90b3c2ac5a8647ebbe9e0241446d.jpg;https://vn-test-11.slatic.net/p/6a1538e445e24dedc872870d05ab0d25.jpg;', 29, 8);

INSERT INTO review (id, product_id, reviewer, rating, `comment`) VALUES(2010, 201, 'Tấn Đ.', 0, 'Hàng chuẩn, xài kết nối ổn định, thích hợp cho bạn nào dùng nhieu cai hoặc build smart home cho nhà mình. Nhưng hdsd chưa tốt, app mihome có nhiều thiết bị, hình giống nhau, nếu chọn không đúng sẽ không kết nối được, mình chọn cái như hình, nằm áp chót mới ok, mấy bạn chú ý nha');

INSERT INTO review (id, product_id, reviewer, rating, `comment`) VALUES(2011, 201, 'Dương K.', 1, 'Hình ảnh rõ đàm thoại rõ. Ko củ sạc máy chỉ hiẻn thị hd ko chi tiết là 720 hay 1080 nên cũng ko biết chính xác mode máy có phải là 1080. Nhưng rất vui khi sử dụng nc cùng các con ở nhà rất tốt. Hy vọng sp bền theo tg. Năm mới chúc shop vạn sự như ý. Cảm ơn shop rất nhiều.');

INSERT INTO review (id, product_id, reviewer, rating, `comment`) VALUES(2012, 201, 'nông M.', 2, 'Sử dụng chưa được 1 tháng đã lỗi. Giờ muốn sử dụng phải reset liên tục. Sáng reset xài được hết ngày tới sáng hôm sau lại phải reset mới sử dụng được tiếp phiền vô cùng. Máy chính hãng đắt tiền vậy mà xài còn thua xa máy rẻ tiền hàng chợ. Coi như rằm tháng 7 tới sớm vậy. ');

INSERT INTO review (id, product_id, reviewer, rating, `comment`) VALUES(2013, 201, 'Ngoc H.', 2, 'mua cái camera hd 1080p của xiaomi, sd thấy camera bị mờ, chất lượng hình ảnh k đc rõ nét, kể cả ban ngày lẫn ban đêm, k biết bị lỗi camera hay do sản phẩm chỉ thu được chất lượng hình ảnh như vậy, cửa hàng cho 1 chút thông tin hỗ trợ khách hàng nhé');

INSERT INTO review (id, product_id, reviewer, rating, `comment`) VALUES(2014, 201, 'Lazada Customer', 3, 'Chất lượng tốt, giá mua ưu đãi, box thiếu cục sạc nên dùng cục sạc samsung, :))');

INSERT INTO product (id, name, short_desc, full_desc, category_id, brand_name, status, weight, available_item, unit_price, discount_percent, avg_rating, img_url, total_rating, supplier_id) VALUES(202, 'Camera IP Wifi Yoosee 3 Râu HD Không Dây Phiên Bản 2018', 'Camera IP Wifi Yoosee 3 Râu HD Không Dây Phiên Bản 2018', '<pre>Là model mới được nâng cấp chip wifi giúp tăng khả năng bắt sóng wifi cực khỏe cho hình ảnh mượt mà trôi chảy hơn.
Chất liệu và linh kiện sản phẩm cũng được nâng cấp cho sản phẩm cứng cáp và đẳng cấp hơn.
QUAY 360 ĐỘ
HÌNH ẢNH SẮC NÉT FULL HD
NGHE ĐƯỢC ÂM THANH
ĐÀM THOẠI 2 CHIỀU
KẾT NỐI KHÔNG DÂY WIFI
DỄ SỬ DỤNG – DỄ CÀI ĐẶT
CẢM BIẾN HỒNG NGOẠI XEM ĐÊM
XEM LẠI VIDEO
GIÁM SÁT MỌI LÚC- MỌI NƠI
BÁO ĐỘNG</pre>', 20, 'OEM', 'NEW', 3.947142364617621, 100, 318500, 6, 4.4, 'https://vn-test-11.slatic.net/original/9c67b641603026fd38a0418d444550a9.jpg;https://vn-test-11.slatic.net/original/67de0ead160cd60978dc2f2ce27d398d.jpg;https://vn-test-11.slatic.net/p/2/camera-ip-wifi-3-rau-8106-14390493-3a1642b6fb3879bcd2f8a6dc078d9d9f-catalog.jpg;https://vn-test-11.slatic.net/p/2/camera-ip-wifi-3-rau-8106-14390493-b55d6261bb9cf79dde29f92574b0163f-catalog.jpg;https://vn-test-11.slatic.net/p/2/camera-ip-wifi-3-rau-8106-14390493-8f900a37754233370e39ff1372eb2bd2-catalog.jpg;', 384, 3);

INSERT INTO review (id, product_id, reviewer, rating, `comment`) VALUES(2020, 202, 'Dang N.', 1, 'Vừa nhận hàng, mình đã tiến hành cài đặt thử, dễ cài đặt. Hình ảnh mới đặt chế độ SD nhưng cũng rõ nét, đàm thoại nghe được 2 chiều.');

INSERT INTO review (id, product_id, reviewer, rating, `comment`) VALUES(2021, 202, 'VÕ H.', 0, 'Shop bán hàng đúng mẫu mình cần, 3 râu rời loại mới. Máy mua về kết nối rất nhanh và ok, mời các bạn xem clip mình kết nối trên youtube: "Cách kết nối camera 3 râu Yoosee mới nhất dễ nhất" của kênh youtube VÕ HIỀN TRỌNG HIẾU sẽ rõ thôi, đó là hàng mình mua của shop nhé.');

INSERT INTO review (id, product_id, reviewer, rating, `comment`) VALUES(2022, 202, 'Nguyễn P.', 2, 'sản phẩm giống với mô tả và sử dụng rất mượt mà trên thiết bị theo dõi. cảm ơn shop đã mang sản phẩm tốt đến tay người tiêu dùng.');

INSERT INTO review (id, product_id, reviewer, rating, `comment`) VALUES(2023, 202, 'Lazada Customer', 1, 'không thể xem nổi hình. trả hàng còn báo không đủ điều kiện đổi trả, nhưng không nói rõ vì sao không đủ. quá tệ');

INSERT INTO review (id, product_id, reviewer, rating, `comment`) VALUES(2024, 202, 'iyfyiyifyif', 2, 'cam chất lượng hình ảnh ok. giao hàng nhanh. đóng gói cẩn thận. có kèm giấy hướng dẫn rất dễ cài đặt. mở hộp phát cài sài luôn. noi chung hàng rất ưng ý . thank shop');

INSERT INTO product (id, name, short_desc, full_desc, category_id, brand_name, status, weight, available_item, unit_price, discount_percent, avg_rating, img_url, total_rating, supplier_id) VALUES(203, 'Canera wifi ngoài trời 2.0 chống nước cực tốt, đàm thoại 2 chiều, xem đêm có màu IPW011', 'Canera wifi ngoài trời 2.0 chống nước cực tốt, đàm thoại 2 chiều, xem đêm có màu IPW011', '<pre>Độ phân giải:1080P,cho hình ảnh sắc nét.
Cóâm thanh đàm thoại 2 chiều
Đèn flash nhìnđêm có màu.
Tiêu chuẩn IP66 chống nước, chống bụi.
Hệ thống tín hiệu: PAL/NTSC
Tốc độ video: 25 FPS hoặc 30 FPS
Hỗ trợ chụp ảnh: Có
Hỗ trợ NVR: Có</pre>', 20, 'YooSee', 'NEW', 7.225273932186389, 2, 545000, 6, 4.5, 'https://vn-test-11.slatic.net/p/22c7ceac9b81e3bfdb235bbff59f4ed6.jpg;https://vn-test-11.slatic.net/p/6ff0606bc0bfade6131a4230b2875574.jpg;https://vn-test-11.slatic.net/p/7dd0124c8ef39c6774240cd0841c4058.jpg;https://vn-test-11.slatic.net/p/9039d73c1e23391d348beddcd8194b73.jpg;https://vn-test-11.slatic.net/p/f0e0292d351c0aa203cd1f40a756fcb6.jpg;https://vn-test-11.slatic.net/p/d66f159581cf1fac7947982387656f60.jpg;https://vn-test-11.slatic.net/original/651bf11e5990762cf80a30e581753e1a.jpg;https://vn-test-11.slatic.net/p/f73e1b255555b4cc53e79e90091b9b36.jpg;', 160, 9);

INSERT INTO review (id, product_id, reviewer, rating, `comment`) VALUES(2030, 203, 'Sieu T.', 0, 'Hợp lý với giá cả, trước mắt thấy ổn,chất lượng ok,nhân viên  Giao hàng nhanh ,tận tình. OK');

INSERT INTO review (id, product_id, reviewer, rating, `comment`) VALUES(2031, 203, 'Ha P.', 0, 'cho5 sao hang rất ok');

INSERT INTO review (id, product_id, reviewer, rating, `comment`) VALUES(2032, 203, 'Phạm V.', 4, 'Hàng giao không như mô tả: Không phải 2.0 độ phân giải1080P mà là loại có độ phân giải quá thấp nên hình ảnh xem trên màn hình full HD rất mờ, màu sắt nhòe nhoẹt. Không nhận thẻ nhớ. Thanh đỡ camera quá yếu nên khi có gió thì camara rung liên tục.
Đã nhắn đề nghị shop đổi cái khác chất lượng đúng như mô tả nhưng shop không trả lời.');

INSERT INTO review (id, product_id, reviewer, rating, `comment`) VALUES(2033, 203, 'Hai D.', 1, 'Tôi đã nhắn tin đề nghị đổi đúng hàng nhưng shop không trả lời.');

INSERT INTO review (id, product_id, reviewer, rating, `comment`) VALUES(2034, 203, 'VO A.', 4, 'camera tốt hình ảnh đẹp, mình đặt mua thêm cái nữa . hài lòng với sp nhưng chưa biết độ bền thế nào để thời gian trả lời..');

INSERT INTO product (id, name, short_desc, full_desc, category_id, brand_name, status, weight, available_item, unit_price, discount_percent, avg_rating, img_url, total_rating, supplier_id) VALUES(204, 'Camera Wifi giám sát 3 râu Yoosee - 10 đèn hồng ngoại quay trong đêm', 'Camera Wifi giám sát 3 râu Yoosee - 10 đèn hồng ngoại quay trong đêm', '<pre>Cảm biến hình ảnh: 960P 1.3M CMOS
Ống kính: 3.6/2.8mm Hồng ngoại : 10 bóng
Hệ thống tín hiệu: PAL/NTSC
Phát hiện chuyển động: Có
Hỗ trợ chụp ảnh: Có
Hỗ trợ NVR: Có .
Đầu vào âm thanh: Microphone tích hợp
Đầu ra âm thanh: Microphone tích hợp, tai nghe gắn ngoài
Hỗ trợ lưu trữ: 1 x Micro SD lên đến 64GB.
Báo động: Hỗ trợ báo động qua điện thoại, email
Hỗ trợ Wireless: 802.11 b/g/n , Wifi không dây
Nguồn đầu vào: DC5V 2A
Video hướng dẫn kết nối :https://www.youtube.com/watch?v=A6iIL2rXNCQ</pre>', 20, 'Smart New', 'NEW', 6.774816599220483, 69, 318099, 6, 4.6, 'https://vn-test-11.slatic.net/original/19faf70d3e9ac505a3166ebeaee4b260.jpg;https://vn-test-11.slatic.net/original/cba89f8dcb58cbf5d85e325d2b424c03.jpg;https://vn-test-11.slatic.net/original/320a7d81a672890beb6c8306dcb772ba.jpg;https://vn-test-11.slatic.net/original/f5b9aa745d7b46b463e7bb44ff645d7d.jpg;', 202, 1);

INSERT INTO review (id, product_id, reviewer, rating, `comment`) VALUES(2040, 204, 'Vương V.', 3, 'sản phẩm nhìn hình ảnh ban ngày rõ nét .đóng gói cẩn thận .mic hơi dè.nói chung dùng được .sẽ đặt thêm 2 cái');

INSERT INTO review (id, product_id, reviewer, rating, `comment`) VALUES(2041, 204, 'Lazada Customer', 4, 'Đừng mua.mua về chang khác nao mang con bo chợ.nhan vien huong dan cai đặt gọi 1000 k nghe may.minh nhắc lai la một nghìn lần k nghe may.hinh ảnh chỉ đạt 720p thui.quảng cáo bão 1090hd.đung  ham rẻ mà mua.cốt nhất la mua ở cửa hang gần nh.    M');

INSERT INTO review (id, product_id, reviewer, rating, `comment`) VALUES(2042, 204, 'Phan D.', 3, 'Tạm ổn so với giá tiền');

INSERT INTO review (id, product_id, reviewer, rating, `comment`) VALUES(2043, 204, 'Hungvy N.', 3, 'Không kết nối wifi được shop ho trợ khach hang nha');

INSERT INTO review (id, product_id, reviewer, rating, `comment`) VALUES(2044, 204, 'Lazada Customer', 0, 'Sài dc 1 thaq r... Sp rat ok');

INSERT INTO product (id, name, short_desc, full_desc, category_id, brand_name, status, weight, available_item, unit_price, discount_percent, avg_rating, img_url, total_rating, supplier_id) VALUES(205, 'Camera YooSee IP Wifi 3 Râu Tặng Thẻ Netac 32GB - Camera Yoosee', 'Camera YooSee IP Wifi 3 Râu Tặng Thẻ Netac 32GB - Camera Yoosee', '<pre>3 râu bắt sóng mạnh hơn 1,5 lần thế hệ cũ. Do đó khoảng cách bạn đặt camera và thiết bị phát wifi được xa hơn.
Sản phẩm được update firmware mới nhất từ nhà sản xuất. Các bạn đang sử dụng Camera yoosee 2 râu cũng có thể được cập nhật lên phiên bản mớinày.
Không cần mua hosting …
Không cần mua tên miền
Không cần cài đặt
Không cần cấu hình
Tất cả đều tự động & hoàn toàn miễn phí
Sử dụng phần mềm xem trên điện toán đám mây YooSee hoặc YYP2P</pre>', 20, 'OEM', 'NEW', 8.00895790526102, 78, 439000, 6, 4.5, 'https://vn-test-11.slatic.net/original/3ef399ace0407d2b5b60c8d3de5c8581.jpg;https://vn-test-11.slatic.net/original/d4797255e9ebbacf46e8f79f3512a07e.jpg;https://vn-test-11.slatic.net/original/0676106d684c574b1bfdffda6a06071e.jpg;', 68, 9);

INSERT INTO review (id, product_id, reviewer, rating, `comment`) VALUES(2050, 205, 'Một M.', 0, 'đã nhận được hàng rất hài lòng với sản phẩm. ba rau Độc Lập. shop tư vấn nhiệt tình');

INSERT INTO review (id, product_id, reviewer, rating, `comment`) VALUES(2051, 205, 'Tran V.', 1, 'tôt hon mong doi.cam on shop!chuc shop ban chay nha!');

INSERT INTO review (id, product_id, reviewer, rating, `comment`) VALUES(2052, 205, 'Phạm Q.', 4, 'hang bị lỗi nên tôi muốn đổi lại làm thế nào');

INSERT INTO review (id, product_id, reviewer, rating, `comment`) VALUES(2053, 205, 'Lazada Customer', 1, 'Camera thi mo, noi la tang kem the nho 32G nhung giao hang khong co, lien he voi shop thi hen chiều giao,Cuoi cung chang thay giao! Kiểu nhu minh bi lua vay, nt hoi may lan nua cung im luon!');

INSERT INTO review (id, product_id, reviewer, rating, `comment`) VALUES(2054, 205, 'Phan T.', 4, 'Cam kết nối dễ dàng! Chạy tốt! Bền hay ko trải nghiệm mới biết! Nói chung hài lòng với sản phẩm! Có thẻ tặng kèm chạy cũng tốt!');

INSERT INTO product (id, name, short_desc, full_desc, category_id, brand_name, status, weight, available_item, unit_price, discount_percent, avg_rating, img_url, total_rating, supplier_id) VALUES(206, 'Tặng thẻ 32GB - Camera Wifi Giám Sát Hồng Ngoại Ngoài Trời Full HD 1080P - 2.0MP – Hỗ Trợ Đàm Thoại 2 Chiều - Có Màu Ban Đêm V380Pro', 'Tặng thẻ 32GB - Camera Wifi Giám Sát Hồng Ngoại Ngoài Trời Full HD 1080P - 2.0MP – Hỗ Trợ Đàm Thoại 2 Chiều - Có Màu Ban Đêm V380Pro', '<pre>App cài đặt: V380Pro
Cảm biến hình ảnh: Full HD 1080P 2.0MP Kích thước: 20 x 12 x 8 cm
Hệ thống tín hiệu: PAL/NTSC Độ phân giải video: 1920 x 1080P
Tốc độ video: giao động từ 20 FPS ~ 30 FPS
Phát hiện chuyển động: Có
Hỗ trợ chụp ảnh: Có
Ống kính: 3.6/2.8mm
Hồng ngoại: 20m
Nguồn đầu vào: DC 5V/2A
Báo động: Hỗ trợ báo động qua điện thoại, email
Hỗ trợ Wireless: 802.11 b/g/n
Cổng giao tiếp Ethernet: RJ45 100m/ 1000m/ Base
Hỗ trợ lưu trữ: 1 x Micro SD, tối đa 64Gb
Nhiệt độ hoạt động: -10 độ đến 65 độ
Hoạt động tốt trong cả điều kiện thời tiết mưa gió
Thiết bị tiện ích không thể thiếu để bảo vệ shop, cửa hàng và ngôi nhà bạn
Có thể kết hợp dùng với nhiều dòng Camera V380 khác nhau để xem trên điện thoại
Hiệu suất camera IP: Quay và ghi video theo thời gian thực
Camera Giám Sát Hồng Ngoại Ngoài Trời sẽ giúp bạn giải quyết tất cả các vấn đề như : Quản lý bãi đỗ xe? Xem ai là người đổ trộm rác trước cửa cổng nhà mình ? Giám sát nguyên nhiên vật liệu ngoài nhà xưởng, bãi sân, công trường…? Mọi công việc từ giám sát đến theo dõi sẽ trở nên đơn giản hơn bao giờ hết chỉ với camera ngoài trời V380Pro Camera giám sát ngoài trời an toàn, nhanh chóng
quan sát mọi lúc, mọi nơiBên cạnh đó tính năng phát triển chuyển động cũng là ưu điểm lớn của Camera Giám Sát Hồng Ngoại Ngoài Trời, giúp phát hiện những chuyển động lạ kịp thời báo lại điện thoại hoặc thiết bị theo dõi cho người dùng để kịp thời xử lý.
Đảm bảo tuyệt đối an toàn an ninhLàm thế nào để camera giám sát hồng ngoại ngoài trời luôn hoạt động tốt?Các dòng sản phẩm camera ngoài trời không thể tránh khỏi những trục trặc trong quá trình sử dụng chủ yếu bắt nguồn từ nguyên nhân thời tiết. Do vậy để đảm bảo camera hoạt động tốt đặc biệt trong mùa mưa, người dùng cần chú ý :
Khi thời tiết quá cực đoạn như sấm sét, nên nhanh chóng rút nguồn điện vào camera để tránh bị ảnh hưởng do sét qua cảm ứng điện từ hoặc dây tín hiệu.
Quá trình lắp đặt khá đơn gian người dùng có thể tự lắp đặt tuy nhiên khi có những trục trặc và hư hỏng không nên tự ý tháo lắp hoặc sửa chữa mà nên nhờ sự hỗ trợ của các chuyên gia kỹ thuật.
Tùy vào địa hình, khu vực hoặc không gian lắp đặt để chọn lựa camera giám sát hồng ngoại ngoài trời phù hợp.
Tặng thẻ nhớ 32GB chuẩn dung lượng và tốc độ đọc ghi</pre>', 20, 'No Brand', 'NEW', 8.321914340814933, 17, 625000, 6, 4.9, 'https://vn-test-11.slatic.net/p/d127dbc86af831573c2f6292a0c2d30c.jpg;https://vn-test-11.slatic.net/p/680d7bf1d2c3c4a8aa4cc0fdef9b1a21.jpg;https://vn-test-11.slatic.net/p/1a97cf7a6c9146cc5d67d71c938e11af.jpg;https://vn-test-11.slatic.net/p/3cd6a06c5d381b968d5340bff9dba843.jpg;https://vn-test-11.slatic.net/p/077174d1d6acbe98f4efc266bc16276f.jpg;', 8, 5);

INSERT INTO review (id, product_id, reviewer, rating, `comment`) VALUES(2060, 206, 'hoang T.', 4, 'Shop tư vấn lắp đặt tốt nhiệt tình, camera rõ nét ở tầm giá đó . Thanks shop');

INSERT INTO review (id, product_id, reviewer, rating, `comment`) VALUES(2061, 206, 'Hieu N.', 1, 'sp hình ảnh rỏ nét ok');

INSERT INTO review (id, product_id, reviewer, rating, `comment`) VALUES(2062, 206, 'nguyenminhdac', 4, 'camera  rat ôm.tien nao cua nay chưa bât thuong gi het. không đô bên thi sao ha');

INSERT INTO review (id, product_id, reviewer, rating, `comment`) VALUES(2063, 206, 'Trọng N.', 4, 'đã nhận đc hàng.rất ưng ý');

INSERT INTO product (id, name, short_desc, full_desc, category_id, brand_name, status, weight, available_item, unit_price, discount_percent, avg_rating, img_url, total_rating, supplier_id) VALUES(207, 'CAMERA IP WIFI BÓNG ĐÈN QUAY TOÀN CẢNH 360 ĐỘ NETCAM B3L ULTRAHD 3.0MP (Trắng)', 'CAMERA IP WIFI BÓNG ĐÈN QUAY TOÀN CẢNH 360 ĐỘ NETCAM B3L ULTRAHD 3.0MP (Trắng)', '<pre>Độ phân giải 3.0MP, hình ảnh chuẩn 1536P sắc nét và góc nhìn 360 độ
Chuẩn nén âm thanh AAC và chuẩn nén hình ảnh H.264
Chuẩn ONVIF
Hỗ trợ khe cắm thẻ nhớ lênđến 128GB.
Tích hợp Microphone và loa thoại
Phạm vi quay ban đêm10m.
Chiếu sáng với 3 đèn LED sáng trắng 1W
Giám sát, điều khiển, bật / tắt đèntừ xa qua ứng dụng iCSee trên điện thoại, máy tính bảng hay laptop.
Gắn trực tiếp với chuôi đèn xoắn ốc</pre>', 20, 'Netcam', 'USED', 8.892307809269091, 71, 678000, 6, 4.7, 'https://vn-test-11.slatic.net/p/2/camera-bong-den-quay-toan-canh-360-do-netcam-b3l-30mp-trang-9833-19204152-2a4595e30bca003f5366394350fc4a3d-catalog.jpg;https://vn-test-11.slatic.net/p/2/camera-bong-den-quay-toan-canh-360-do-netcam-b3l-30mp-trang-9832-19204152-ecb3be2759363c6d73c92d891628898a-catalog.jpg;https://vn-test-11.slatic.net/p/2/camera-bong-den-quay-toan-canh-360-do-netcam-b3l-30mp-trang-9832-19204152-cad0f19f02e8ceb27af477a043c1386e-catalog.jpg;https://vn-test-11.slatic.net/p/2/camera-bong-den-quay-toan-canh-360-do-netcam-b3l-30mp-trang-9832-19204152-09aefffe9d22697655799dbca6f0dd33-catalog.jpg;https://vn-test-11.slatic.net/p/2/camera-bong-den-quay-toan-canh-360-do-netcam-b3l-30mp-trang-9832-19204152-683ca67c5877442dbc5baad61d7b0391-catalog.jpg;https://vn-test-11.slatic.net/p/2/camera-bong-den-quay-toan-canh-360-do-netcam-b3l-30mp-trang-9832-19204152-742f31dc835ac2ae1c0aa0720c47c40a-catalog.jpg;https://vn-test-11.slatic.net/p/2/camera-bong-den-quay-toan-canh-360-do-netcam-b3l-30mp-trang-9832-19204152-49eeed796b0cd13b114db565b0530ebb-catalog.jpg;', 29, 2);

INSERT INTO review (id, product_id, reviewer, rating, `comment`) VALUES(2070, 207, 'Xệ Ú.', 3, 'Hang xai Ok hai Long nhung phai mua the nho kem theo thi moi xai duoc cho thoi gian xai co lau hay ko thoi cam on shop');

INSERT INTO review (id, product_id, reviewer, rating, `comment`) VALUES(2071, 207, 'Hung H.', 1, 'Tuyệt lắm nhưng rất tiếc không có hồng ngoại.');

INSERT INTO review (id, product_id, reviewer, rating, `comment`) VALUES(2072, 207, 'Vo D.', 4, 'Mới ủng hộ 1 sản phẩm, còn lúng túng việc cài đặc mò 1 hồi cũng ok ,sản phẩm mượt, chờ thời gian và độ bền xem sao ,');

INSERT INTO review (id, product_id, reviewer, rating, `comment`) VALUES(2073, 207, 'ngọc L.', 0, 'Giao diện xem trên phần mềm rất đẹp, có thể xem theo nhiều giao diện khác nhau đặt biệt có thể chia ra làm 6 khung hình cùng một lúc.');

INSERT INTO review (id, product_id, reviewer, rating, `comment`) VALUES(2074, 207, 'ngọc L.', 4, 'Sản phẩm  hình ảnh đẹp và có thể xem được qua nhiều điện thoại khác nhau, cả gia đình điều xem được.');

INSERT INTO product (id, name, short_desc, full_desc, category_id, brand_name, status, weight, available_item, unit_price, discount_percent, avg_rating, img_url, total_rating, supplier_id) VALUES(208, 'Gia Ban Camera Wifi - Camera Wifi An Ninh Ngoài Trời Chống Nước Full Hd 1280X720 Chất Lượng Cao, Sử Dụng Công Nghệ Hiện Đại Led Exir Quan Sát Ngày Đêm Cực Nét, Bảo Hành 3 Năm Toàn Quốc', 'Gia Ban Camera Wifi - Camera Wifi An Ninh Ngoài Trời Chống Nước Full Hd 1280X720 Chất Lượng Cao, Sử Dụng Công Nghệ Hiện Đại Led Exir Quan Sát Ngày Đêm Cực Nét, Bảo Hành 3 Năm Toàn Quốc', '<pre>Camera Wifi An Ninh Ngoài Trời Chống Nước Siêu Nét FullHD Bản Super
Thiết kế hợp kim nhôm chắc chắn, chống mưa, chống nắng, chống bụi bẩn - Chuyên dụng ngoài trời
Trạng bị ăng ten cỡ lớn 7 dBi - Tăng cường khả năng thu phát sóng không dây - hình ảnh rõ nét không đứt đoạn
Tích hợp đường truyền tín hiệu cố định song song với wifi- Cáp mạng LAN RJ45 bạn có thể chạy đường mạng dự phòng nếu cần.
Tỉ lệ chuyển đổi bao quát khung hình rộng - chi khả năng quan sát 1 cách bao quát.
Sản xuất trên dây truyền chuyên nghiệp - Chống nước bụi bản theo tiêu chuẩn IP66.
Trang bị đèn hồng ngoại EXIR với 4 LED hồng ngoại cỡ lớn hiệu suất gấp 5 lần camera đời trước- Quan sát hiệu quả về đêm.
Hỗ trợ thẻ nhớ đến 128GB để ghi hình xem lại khi cần thiết
Cài đặt trên IOS và Android , máy tính windows …
Số lượng có hạn nhanh tay đặt mua ngay hôm nay</pre>', 20, 'OEM', 'NEW', 0.72021846544206, 76, 710000, 6, 4.9, 'https://vn-test-11.slatic.net/p/087f16b93537416fd733547935845c4e.jpg;https://vn-test-11.slatic.net/p/ea91a26892d3c845ebbdcd3f9a4eee18.jpg;https://vn-test-11.slatic.net/p/be5089a18c8a638fd21f2abdfe1dffed.jpg;https://vn-test-11.slatic.net/p/74c4c0d0e6ae9506d85f8fbc18f29349.jpg;https://vn-test-11.slatic.net/p/d530c916b1279c9d9f011a052e9ab3fe.jpg;https://vn-test-11.slatic.net/p/adba1b487941a3d6a31349fb9add4398.jpg;https://vn-test-11.slatic.net/p/eb7bee25d4691723f9d20ff58198779f.jpg;https://vn-test-11.slatic.net/p/cc5e0713bb57cde83b5f03b5a77554dc.jpg;', 25, 9);

INSERT INTO review (id, product_id, reviewer, rating, `comment`) VALUES(2080, 208, 'TÔ T.', 1, 'Đặt mua 2 ngày đã nhận được hàng . Lúc đầu lắp đặt rất khó khăn nhưng liên hệ với shop được shop hướng dẫn rất cụ thể nên giờ sử dụng rất ok.
Quay rất nét . Cảm ơn Shop');

INSERT INTO review (id, product_id, reviewer, rating, `comment`) VALUES(2081, 208, 'Anh K.', 4, '');

INSERT INTO review (id, product_id, reviewer, rating, `comment`) VALUES(2082, 208, 'NGÔ Q.', 4, 'Dùng khá ok, nhưng tốc độ load video qua apps rất tốt, tôi để dầm mưa gần 5 ngày rổi vẫn chưa bị hỏng , camera đặt trên cao mà quay như quay gần. Nói chung là ổn trong tầm giá, cho shop 5 sao');

INSERT INTO review (id, product_id, reviewer, rating, `comment`) VALUES(2083, 208, 'NGUYỄN H.', 2, 'camera được thiết kế cho ngoài trời, cso khung kim loại sơn tĩnh điện, có khả năng chống nước nhưng mình vẫn khuyên anh em ở đây nên để cam ở chỗ tránh năng mưa trực tiếp để tuổi thọ camera được lâu!');

INSERT INTO review (id, product_id, reviewer, rating, `comment`) VALUES(2084, 208, 'ĐỖ Đ.', 3, 'Cảm thế hài lòng hơn khi công ty có tặng kèm dây điện 5 mét, sử dụng rất tiện, cắm là có thể dùng được luôn, ủng hộ shop phát triển, tôi sẽ nghé mua nữa');

INSERT INTO product (id, name, short_desc, full_desc, category_id, brand_name, status, weight, available_item, unit_price, discount_percent, avg_rating, img_url, total_rating, supplier_id) VALUES(209, 'Camera Yoosee 3 râu Wifi - HD720 - Hồng ngoại - Báo trộm', 'Camera Yoosee 3 râu Wifi - HD720 - Hồng ngoại - Báo trộm', '<pre>Kết nối bằng wifi. Không cần đi dâyHổ trợ hồng ngoại ban đêmBáo động khi có chuyển độngLưu trử thẻ nhớ ko cần đầu thuCài đặt dể dàng, nhanh chóng</pre>', 20, 'YooSee', 'NEW', 6.560648188767511, 96, 309000, 6, 4.5, 'https://vn-test-11.slatic.net/p/406f9f6d2d3845b7af964bbf449a2771.jpg;https://vn-test-11.slatic.net/p/1b99e3cc18a3a533f68412f0221f9121.jpg;https://vn-test-11.slatic.net/p/0542f344b76ef9c27514a32367225c89.jpg;https://vn-test-11.slatic.net/p/608675b46d70b2454982214344ba69e5.jpg;', 32, 3);

INSERT INTO review (id, product_id, reviewer, rating, `comment`) VALUES(2090, 209, 'nguyen D.', 0, '');

INSERT INTO review (id, product_id, reviewer, rating, `comment`) VALUES(2091, 209, 'Nguyễn P.', 0, 'Toi mua camera ve ket noi voi dien thoai khong duoc nen Toi tra lai xem lai san pham sao kh«ng su dung duoc');

INSERT INTO review (id, product_id, reviewer, rating, `comment`) VALUES(2092, 209, 'Duy P.', 0, 'Giao hàng kg có ốc bắt camera vào chân đế');

INSERT INTO review (id, product_id, reviewer, rating, `comment`) VALUES(2093, 209, 'Toản T.', 1, 'xài cũng tốt');

INSERT INTO review (id, product_id, reviewer, rating, `comment`) VALUES(2094, 209, 'minhsang N.', 1, 'shop ơi, sao mình ko kết nối đt với camera đươc.. làm theo hương dẫn trên you tube');

INSERT INTO product (id, name, short_desc, full_desc, category_id, brand_name, status, weight, available_item, unit_price, discount_percent, avg_rating, img_url, total_rating, supplier_id) VALUES(2010, 'Camera Mini siêu nhỏ SQ11 Full HD1080P', 'Camera Mini siêu nhỏ SQ11 Full HD1080P', '<pre>Model: SQ11
Chất lượng hình ảnh: Full HD1080P
Pin lithium: 200mAh
Hỗ trợ lưu trữ qua thẻ nhớ Micro SD lên tới 32GB
Hai chế độ quay Video: •1280×720 •1920×1080
Định dạng video: AVI
Định dạng ảnh: JPG
Video mã hóa: M-JPEG
Số khung hình trên giây: 30fps
Hỗ trợ hệ điều hành: Windows ME/2000/XP/2003/Vista, Mac OS, Linux
Hồng ngoại quay ban đêm: có
Nguồn: DV-5V 0.5A
Góc quay: 140 độ, chân đế xoay linh hoạt
Tỷ lệ hình ảnh: 4:3
Kích thước 2.5cm x 2cm x 2.5cm
Độ phân giải ảnh: M12 (4032X3024)
Độ phân giải camera: 12MP
Tích hợp Microphone
Phát hiện chuyển động thông minh</pre>', 20, 'No Brand', 'USED', 3.122374559859218, 73, 159000, 6, 4.0, 'https://vn-test-11.slatic.net/original/f25a09b2e005d679e075685034f49230.jpg;https://vn-test-11.slatic.net/original/e5998e9c335966117396aa1c25f37195.jpg;https://vn-test-11.slatic.net/original/973a4c74c15e34f807cda9ade2cfcd93.jpg;https://vn-test-11.slatic.net/original/554351ece9f582e9d843cc81e8d3aa71.jpg;https://vn-test-11.slatic.net/original/bda9d35ad8ebf68b42243619f04b0ff6.jpg;https://vn-test-11.slatic.net/original/c53c156cfef8acda0142036a542ea15b.jpg;https://vn-test-11.slatic.net/original/818b7ff23e8802405b0b43b0abd66255.jpg;', 9, 8);

INSERT INTO review (id, product_id, reviewer, rating, `comment`) VALUES(20100, 2010, 'Lầu A.', 1, 'hien dai qua ko biet dung');

INSERT INTO product (id, name, short_desc, full_desc, category_id, brand_name, status, weight, available_item, unit_price, discount_percent, avg_rating, img_url, total_rating, supplier_id) VALUES(2011, 'Camera IP Wifi Yoosee không dây 2.0 Full HD 1080P 3 anten Góc Cực Rộng', 'Camera IP Wifi Yoosee không dây 2.0 Full HD 1080P 3 anten Góc Cực Rộng', '<pre>Nâng cấp độ phân giải lên 2.0 MP cho hình ảnh chuẩn Full HD 1080p.
3 râu bắt sóng mạnh hơn 1,5 lần thế hệ cũ. Do đó khoảng cách bạn đặt camera và thiết bị phát Wi-Fi được xa hơn.
Sản phẩm được update firmware mới nhất từ nhà sản xuất. Các bạn đang sử dụngcamera YooSee 2 râucũng có thể được cập nhật lên phiên bản mớinày.
Không cần dây cáp tín hiệu, chỉ cần có mạng Wi-Fi và nguồn điện, thẻ nhớ lưu trữ
Cảm biến với độ phân giải 2MP cho chất lượng hình ảnh Full HD 1080p – xem trực tiếp và ghi hình với hình ảnh rõ nét tuyệt vời
Hỗ trợđèn LED hồng ngoại IR-cut, quay rõ cả ban đêm với tầm xa lên tới 15m
Góc quay ngang 355 độ, lên xuống 120 độ
Xem trực tiếp qua mạng Internet với công nghệ P2P, không cần cài đặt DDNS, Port Forwarding trong router
Hỗ trợ thẻ nhớ lên tới 64GB, lưu trữ video hơn 15 ngày, tự động ghi đè khi thẻ nhớ đầy
Đàm thoại hai chiều trực tiếp với loa, mic tích hợp
Phát hiện chuyển động thông minh, cảnh báo đột nhập qua email hoặc qua phần mềm trên điện thoại
Tương thích với nhiều hệ điều hành: Windows, iOS, Android.
App: Yoosee hoặc YYP2P
Độ phân giải:Full HD1080P-2.0MP,cho hình ảnh sắc nét.
Hệ thống tín hiệu: PAL/NTSC
Tốc độ video: 25 FPS hoặc 30 FPS
Phát hiện chuyển động: Có
Hỗ trợ chụp ảnh: Có
Hỗ trợ NVR: Có
Đầu vào âm thanh: Microphone tích hợp
Đầu ra âm thanh: Microphone tích hợp, tai nghe gắn ngoài
Hỗ trợ lưu trữ:Micro SD 64GB
Báo động: Hỗ trợ báo động qua điện thoại
Báo động Wireless: 64 sectors
Hỗ trợ Wireless: 802.11 b/g/n
Cổng giao tiếp Ethernet: RJ45 100m/ 1000m/ Base-TX
Ống kính: 3.6/2.8mm
Hồng ngoại: 10m
Nguồn đầu vào: DC5V 2A
Nhiệt độ hoạt động: -10 độ đến 65độ
Độ ẩm hoạt động: tối đa 92%</pre>', 20, 'OEM', 'NEW', 7.805261775343646, 99, 419000, 6, 4.2, 'https://vn-test-11.slatic.net/original/28f2dd64417160547a7cd7c78de29643.jpg;https://vn-test-11.slatic.net/original/d11898c328321dbe6340c6e841a3ca78.jpg;https://vn-test-11.slatic.net/original/4ced3a9748c6ad48d994728436acc117.jpg;https://vn-test-11.slatic.net/original/b083679665bf189f9ce2057a4c2cc22e.jpg;', 13, 6);

INSERT INTO review (id, product_id, reviewer, rating, `comment`) VALUES(20110, 2011, 'ly T.', 1, 'Dùng ok.. Nhưng sao vài ngày lại báo thẻ nhớ ko hoạt động, tháo thẻ ra lắp vô thì sử dụng dược vài ngày rồi lại bị như cũ... Biết lý do ko shop???');

INSERT INTO review (id, product_id, reviewer, rating, `comment`) VALUES(20111, 2011, 'Hieu C.', 3, 'Ok sài ngon đóng gói cẩn thận');

INSERT INTO review (id, product_id, reviewer, rating, `comment`) VALUES(20112, 2011, 'Hieu C.', 4, 'Đạt ok mọi thứ');

INSERT INTO review (id, product_id, reviewer, rating, `comment`) VALUES(20113, 2011, 'Huỳnh V.', 2, 'Sản phẩm k chạy shop ơi');

INSERT INTO review (id, product_id, reviewer, rating, `comment`) VALUES(20114, 2011, 'nguyen H.', 1, 'Ok xài ổn, dễ cái đặt');

INSERT INTO product (id, name, short_desc, full_desc, category_id, brand_name, status, weight, available_item, unit_price, discount_percent, avg_rating, img_url, total_rating, supplier_id) VALUES(2012, 'CAMERA WIFI - YOOSEE WIFI SIÊU NÉT 2.0 FULL HD 1920 x 1080P MỚI', 'CAMERA WIFI - YOOSEE WIFI SIÊU NÉT 2.0 FULL HD 1920 x 1080P MỚI', '<pre>Chuẩn Full HD (1920 x 1080 P): sắc nét, không bị giật, không vỡ hình khi chuyển động.
Công nghệ LED EXIR
Kích thước: 20x20x30 (cm)
Trọng lượng : 500g.
Kết nối wifi hoặc mạng LAN
Xem qua mạng từ xa trên PC, laptop, mobile có Android, IOS... dù bạn ở bất cứ đâu
Nhận dạng chuyển động, cảnh báo về thiết bị theo dõi, giúp báo động nếu có trộm đột nhập vào
Hỗ trợ xoay đa chiều: xoay ngang 355 độ, xoay lên xuống 120 độ
Hỗ trợ khe cắm thẻ nhớ Micro SD lên đến 128GB (không bao gồm thẻ nhớ trong camera).
Lắp đặt đơn giản, theo dõi video qua mạng bất cứ đâu,
Không cần đầu ghi, ổ cứng, tên miền
Tự động chụp hình, nhận dạng khi có vật thể lại gần hoặc đi qua, cảnh báo qua email
Chuẩn ONVIF.</pre>', 20, 'YooSee', 'NEW', 9.008860034244279, 8, 449000, 6, 4.3, 'https://vn-test-11.slatic.net/original/16fc56592e997cd79a91df32d55b10ad.jpg;https://vn-test-11.slatic.net/original/203e186a4b7d87f18f27183623e538ff.jpg;https://vn-test-11.slatic.net/original/17b8a8d0fede2bf78f99b5d45fb11e5a.jpg;', 160, 1);

INSERT INTO review (id, product_id, reviewer, rating, `comment`) VALUES(20120, 2012, 'hoang T.', 0, 'Kg thê khét noi voi mang được');

INSERT INTO review (id, product_id, reviewer, rating, `comment`) VALUES(20121, 2012, 'Nguyễn T.', 2, 'giao hàng nhanh. đúng như giới thiệu. thích.');

INSERT INTO review (id, product_id, reviewer, rating, `comment`) VALUES(20122, 2012, 'Nguyễn Q.', 1, 'Chất lượng hình ảnh tốt chút nữa so với tầm tiền thì OK.  Dễ sử dụng. còn độ bền thì phải coi thời gian đã đánh giá sau');

INSERT INTO review (id, product_id, reviewer, rating, `comment`) VALUES(20123, 2012, 'Duyên V.', 0, 'hình ảnh rõ nét, dễ cài đặt. Trừ 1 sao vì ko thể kết nối mạng ko dây mà phải dùng dây Lan, vấn đề ở chỗ dây lan không có sẵn mà phải tự mua.');

INSERT INTO review (id, product_id, reviewer, rating, `comment`) VALUES(20124, 2012, 'Nguyễn H.', 3, 'Khuyên chân thành mọi người nên mua đúng camera này. Mình đã dùng hơn 10 cái của nhiều nơi khác nhau. Đây là camera góc rất rộng và hình ảnh chuẩn.');

INSERT INTO product (id, name, short_desc, full_desc, category_id, brand_name, status, weight, available_item, unit_price, discount_percent, avg_rating, img_url, total_rating, supplier_id) VALUES(2013, 'Camera wifi V380 1.0 anten giấu kín xem gia đình từ xa qua điện thoại-Trắng', 'Camera wifi V380 1.0 anten giấu kín xem gia đình từ xa qua điện thoại-Trắng', '<pre>Hỗ trợ xem từ xa bằng điện thoại qua ứng dụng : V380
Cảm biến hình ảnh: 8135S + 9712Sensor (720P 1280 * 720)
Ống kính: 3.6mm
Độ phân giải: 1280 x 720 (1.0MP)
Góc quay: xoay ngang 355 độ, xoay dọc 110 độ
Chiếu sáng tối thiểu: 0.02Lux @ (F2.0, AGC ON), 0Lux với IR
IR-Cut Không dây: Xem từ xa qua thiết bị Iphone, Android
Đôi lọc tự động chuyển mạch, 5-10M (phụ thuộc) khoảng cách hồng ngoại
Chuẩn nén: H.264
Video frame Rate : 30FPS
Video tốc độ dữ liệu nén: HD (720p) thạo (VGA)
Audio chuẩn nén: AOPCM, tốc độ dữ liệu: Adaptive
Giao thức mạng không dây: Wi-Fi (IEEE802.11b)
Bộ nhớ: Micro SD thẻ nhớ, tối đa 64GB
Nguồn cung cấp: DC 5V 1A
Nhỏ gọn và tiện lợi, có thế đặt ở bất cứ vị trí nào cực kì dễ dàng .
Đàm thoại 2 chiều
Có khe cắm thẻ nhớ lưu trữ TF, Pan / Tilt</pre>', 20, 'V380', 'USED', 8.501667754002819, 6, 280000, 6, 4.4, 'https://vn-test-11.slatic.net/p/5cc1225c7933c591812b801d28e1ed2c.jpg;https://vn-test-11.slatic.net/p/fb3798e233763d1d3406c41e577cb964.jpg;https://vn-test-11.slatic.net/original/ff345445bc7a2dc5fe70845d5fdebe37.jpg;https://vn-test-11.slatic.net/original/a38401eaca7f449d5e8912171ddfa742.jpg;https://vn-test-11.slatic.net/original/55c4a6181869be848104a98b9fbf1f3f.jpg;https://vn-test-11.slatic.net/original/d9e2b5a931ef78b69060e2de476801e7.jpg;https://vn-test-11.slatic.net/original/4020b7f1ab54c58fd8f28ce260933d4f.jpg;https://vn-test-11.slatic.net/original/2a5730d500baa27262956421a3de31d4.jpg;', 44, 5);

INSERT INTO review (id, product_id, reviewer, rating, `comment`) VALUES(20130, 2013, 'mai T.', 1, 'tôi đặt 3 cái. nhưng chỉ coi được từng cái. kết nối luôn 3 cái thì coi ko được');

INSERT INTO review (id, product_id, reviewer, rating, `comment`) VALUES(20131, 2013, 'Phương H.', 4, 'Mình đã đặt hàng ở Siêu thị Bảo An 4 lần (1_2_3_2)/1 cái bị lỗi kỹ thuật mình đã gởi đến SHOP : thời gian nhận lại hàng và được SHOP hồi âm LÂU QUÁ');

INSERT INTO review (id, product_id, reviewer, rating, `comment`) VALUES(20132, 2013, 'Lazada Customer', 0, 'K kết nối dc b oi');

INSERT INTO review (id, product_id, reviewer, rating, `comment`) VALUES(20133, 2013, 'mai D.', 3, 'sam pham khong nhận the nhớ');

INSERT INTO review (id, product_id, reviewer, rating, `comment`) VALUES(20134, 2013, 'Huỳnh Đ.', 1, 'Camera Trước mắt sử dụng Rất Hài lòng. Shop tận tình hướng dẫn Chu Đáo (Mình đã mua 3 cái rồi, chờ thời gian sử dụng TỐT nữa có 10 SAO cho luôn');

INSERT INTO product (id, name, short_desc, full_desc, category_id, brand_name, status, weight, available_item, unit_price, discount_percent, avg_rating, img_url, total_rating, supplier_id) VALUES(2014, 'Camera Chống Trộm Gia ĐìnhCamera Chống Trộm WifiCamera Wifi An Ninh Kiêm Cổng Sạc USB AM1, Độ Phân Giải Full HD 1080 Cho Hình Ảnh Rõ Nét, Hỗ Trợ Khe Thẻ Nhớ Ngoài Lên Đến 32GB', 'Camera Chống Trộm Gia ĐìnhCamera Chống Trộm WifiCamera Wifi An Ninh Kiêm Cổng Sạc USB AM1, Độ Phân Giải Full HD 1080 Cho Hình Ảnh Rõ Nét, Hỗ Trợ Khe Thẻ Nhớ Ngoài Lên Đến 32GB', '<pre>Camera An Ninh Nha Trang
Quý khách lưu ý CHẤT LƯỢNG sản phẩm tương tự khác, có GIÁ RẺ hơn trên thị trường.
Cam kết: GIÁ CẢ sản phẩm của shop chúng tôi luôn đi kèm với CHẤT LƯỢNG TỐT và CHẾ ĐỘ HẬU MÃI TỐT
Camera an ninh hình cổng sạc USB
Pixel: 5 Mega Pixel Pixel
Độ phân giải Video: 1080 / 720p 25 khung hình / giây
Định dạng nén: H.264
Điện năng tiêu thụ: 240mA / 3.7V.
Góc nhìn: 90 độ.
Hệ điều hành điện thoại di động: Android / iOS, etc
Khe cắm thẻ nhớ ngoài max 32Gb .
Mic thu âm độ nhạy cao .
Công nghệ Starlight không hồng ngoại xem nơi ánh sáng yếu .
Sạc điện thoại qua cổng USB .
Thu phát Wifi không dây .
Tích hợp công nghệ đám mây P2P xem qua thiết bị th.
Camera An Ninh Nào Tốt</pre>', 20, 'OEM', 'NEW', 1.336853818685269, 15, 737572, 6, 5.0, 'https://vn-test-11.slatic.net/original/18eee6c9c61fe1428e5081344dcb8837.jpg;https://vn-test-11.slatic.net/original/c74df167f4208a3bdb89860f4dc7ef5b.jpg;https://vn-test-11.slatic.net/original/5f969fb790b61d10d49d16215ae28b1b.jpg;https://vn-test-11.slatic.net/original/8845b349dc52d74545b498585e9104be.jpg;https://vn-test-11.slatic.net/original/442de632ecec33043d98588fb659be9a.jpg;https://vn-test-11.slatic.net/original/fb8bea00823380d076d2747465add073.jpg;https://vn-test-11.slatic.net/original/82e616f7a1ffbe250e273cbba6d71fc1.jpg;https://vn-test-11.slatic.net/original/00f53db024eef1bb6ea94f8deff199ea.jpg;', 5, 2);

INSERT INTO review (id, product_id, reviewer, rating, `comment`) VALUES(20140, 2014, 'cuc N.', 3, 'camera này dùng, trộm đố phát hiện ra');

INSERT INTO review (id, product_id, reviewer, rating, `comment`) VALUES(20141, 2014, 'tuyet', 4, 'Hàng chất lượng, nhân viên hỗ trợ cài đặt nhiệt tình. Tinh thần cho 5 sao');

INSERT INTO review (id, product_id, reviewer, rating, `comment`) VALUES(20142, 2014, 'Len', 2, 'Camera thông minh, dễ lắp đặt, hình ảnh sắc nét');

INSERT INTO review (id, product_id, reviewer, rating, `comment`) VALUES(20143, 2014, 'Hoa M.', 2, 'Hàng chuẩn có tem bảo hành của hãng, chất lượng đã test 1080 chuản như mô tả');

INSERT INTO review (id, product_id, reviewer, rating, `comment`) VALUES(20144, 2014, 'Nguyễn V.', 3, 'Hàng chuẩn, chất luwwonwngj đúng như quảng cáo, mua 5 lần rồi đều ưng ý,');

INSERT INTO product (id, name, short_desc, full_desc, category_id, brand_name, status, weight, available_item, unit_price, discount_percent, avg_rating, img_url, total_rating, supplier_id) VALUES(2015, 'Bộ đầu ghi camera wifi Hamscy NVR HD + 4 camera wifi 720p- 1.0M', 'Bộ đầu ghi camera wifi Hamscy NVR HD + 4 camera wifi 720p- 1.0M', '<pre> Ưu điểm của bộ 4 camera không dây NVR Kit này:– Không cần đi dây lòng vòng và tốn kém, chỉ cần cung cấp điện cho các thiết bị là được.– Không cần cài đặt tên miền, công nghệ điện toán đám mây sẽ giúp bạn xem được camera trên điện thoại, máy tính bảng,– Hỗ trợ ổ ứng lưu trữ tối tới 4T ( lưu trữ tới 2 năm) - chưa kèm HDD– Hình ảnh camera chất lượng HD.</pre>', 20, 'OEM', 'USED', 3.149630039883248, 69, 2299000, 6, 4.5, 'https://vn-test-11.slatic.net/original/7d2f97509eda79cf37ec50832954db11.jpg;https://vn-test-11.slatic.net/p/2/bo-dau-ghi-camera-wifi-hamscy-nvr-hd-4-camera-wifi-720p-10m-6844-9808496-0326a8fd878ae6d6d5f91325672416bd-catalog.jpg;https://vn-test-11.slatic.net/p/2/bo-dau-ghi-camera-wifi-hamscy-nvr-hd-4-camera-wifi-720p-10m-6844-9808496-8dc2cd9934649623a681da8bc8e0bee4-catalog.jpg;https://vn-test-11.slatic.net/p/2/bo-dau-ghi-camera-wifi-hamscy-nvr-hd-4-camera-wifi-720p-10m-6844-9808496-44917390b115874a8c2ae93e8b51bdc0-catalog.jpg;https://vn-test-11.slatic.net/p/2/bo-dau-ghi-camera-wifi-hamscy-nvr-hd-4-camera-wifi-720p-10m-6844-9808496-8f831a2279a34a452e965815a9f7ccdd-catalog.jpg;', 15, 3);

INSERT INTO review (id, product_id, reviewer, rating, `comment`) VALUES(20150, 2015, 'Lazada Customer', 0, 'thiếu mất 1 râu wifi, dễ dùng, quay đêm tạm, đã kiểm kỹ rồi, shop bù cho 1 cần WiFi cam thì good, shop làm ăn uy tín');

INSERT INTO review (id, product_id, reviewer, rating, `comment`) VALUES(20151, 2015, 'Hoàng Đ.', 2, 'Mình vừa mua một bộ sản phẩm 4 mắt, rất ưng ý, gói hàng kỷ, sản phẩm nguyên tem còn rất mới, rất vừa lòng, cho 5 sao nhé.');

INSERT INTO review (id, product_id, reviewer, rating, `comment`) VALUES(20152, 2015, 'Nguyễn T.', 0, 'Camera chắc chắn,dễ cài đặt
Tuy nhiên 1 trong 4 camera chập chờn lúc kết nối đc ,lúc không được');

INSERT INTO review (id, product_id, reviewer, rating, `comment`) VALUES(20153, 2015, 'Lazada Guest', 4, 'đánh giá qua;
1- bộ cam thiết kế chắc chắn, mắt kim loại .
2- Hồng ngoại lớn. soi đêm tốt.
3- Hỗ trợ cả kết nối dây và không dây, rất tiện lợi.
4- Mắt wifi tự nhận. không phải cài đặt nhiều.
5- Cài đặt tiếng việt rất dễ dùng.');

INSERT INTO review (id, product_id, reviewer, rating, `comment`) VALUES(20154, 2015, 'Nguyễn M.', 3, 'Mẫu mã như quảng cáo, dể sử dụng, vô cùng tiện ích, nên mua sản phẩm này');

INSERT INTO product (id, name, short_desc, full_desc, category_id, brand_name, status, weight, available_item, unit_price, discount_percent, avg_rating, img_url, total_rating, supplier_id) VALUES(2016, 'Camera Wifi Robot Thông Minh Sony - Tặng Thẻ 32Gb MicroSD', 'Camera Wifi Robot Thông Minh Sony - Tặng Thẻ 32Gb MicroSD', '<pre>Nhỏ gọn bằng nắm tay, có thể treo hoặc ốp trên tường
Kết nối không dây bằng wifi trong nhà bạn
Xem mọi lúc trên điện thoại, máy tính
Có thể nghe nói 2 chiều qua mic và loa trên camera
Ứng dụng trong nhiều
Sử dụng đơn giản, cắm điện là chạy
Có mắt hồng ngoại xem được rõ trong ban đêm
Quay video siêu nét chất lượng HD 1080P
Hỗ trợ thẻ nhớ để ghi hình xem lại khi cần thiết</pre>', 20, 'No Brand', 'NEW', 0.7169193883344169, 24, 539000, 6, 4.5, 'https://vn-test-11.slatic.net/original/c86bb7c560b23b9121d3d54f1d0b9e4f.jpg;https://vn-test-11.slatic.net/original/7a7e8f91d7f0863e6b066bb3d13e4025.jpg;https://vn-test-11.slatic.net/original/6f25592594c94c8b342b2c052320fafe.jpg;https://vn-test-11.slatic.net/original/f990146eaf501f414f769cd8f4a458b2.jpg;https://vn-test-11.slatic.net/original/aeea853cfe02ef1973b12d0a82e560f0.jpg;', 26, 9);

INSERT INTO review (id, product_id, reviewer, rating, `comment`) VALUES(20160, 2016, 'Bôn', 1, 'Thẻ nhớ tặng bị lỗi (có vẻ loại này là hàng nhái), gọi điện trợ giúp thì bắt máy, hỏi vấn đề rồi không trợ giúp.');

INSERT INTO review (id, product_id, reviewer, rating, `comment`) VALUES(20161, 2016, 'dung', 3, 'Thẻ nhớ mới dùng 2 tháng đã hư , có đổi trả được không shop');

INSERT INTO review (id, product_id, reviewer, rating, `comment`) VALUES(20162, 2016, 'Trần B.', 1, 'Test thử tạm thời chấp nhận được. Nhưng test thử bị mất điện đột ngột camera khôi phục lại khó khăn.');

INSERT INTO review (id, product_id, reviewer, rating, `comment`) VALUES(20163, 2016, 'A Đ.', 0, 'lần đầu mua hàng của shop rất yên tâm. hàng đã test: hình ảnh đẹp, góc rộng full hd1080p. xem rất muợt không bị giật. rất phù hợp với giá tiền. shop uy tín!!!');

INSERT INTO review (id, product_id, reviewer, rating, `comment`) VALUES(20164, 2016, 'Vandoai H.', 2, 'oke, hình rỏ nét, cài đặt dễ. mình đã mua 2 cái');

INSERT INTO product (id, name, short_desc, full_desc, category_id, brand_name, status, weight, available_item, unit_price, discount_percent, avg_rating, img_url, total_rating, supplier_id) VALUES(2017, 'camera 3 rau yoosee', 'camera 3 rau yoosee', '<pre>CHỨC NĂNG CỦA CAMERA IP WIFI YOOSEE 3 RÂU 1. Chống trộm
Đây là chức năng nổi bật nhất của Camera Yoosee. Nếu như có chuyển động lạ nào vào trong nhà của bạn thì máy sẽ ghi hình lại và bật còi hú kết hợp với báo động về máy điện thoại của bạn giúp kiểm soát được tình hình một cách nhanh nhất. Kể cả khi có kẻ đột nhập vào nhà bạn vào ban đêm thì camera yoosee vẫn phát hiện được chuyển động vì máy được trang bị hồng ngoại siêu sáng với tầm nhìn lên đến 15m.2. Quản lý giúp việc
Thuê người giúp việc để làm đỡ việc nhà hiện nay không còn quá xa lạ với nhiều hộ gia đình. Tuy nhiên không phải lúc nào bạn cũng có thể để mắt tới người giúp việc xem công việc đã làm đến đâu rồi, hay đồ đạc có bị thất thoát gì không. Hãy để camera yooseegiúp bạn thực hiện điều đó.3. Quản lý trẻ em
Nhiều em học sinh hiện nay lười học mải chơi, rảnh ra có thể ngồi chơi ở nhà hoặc trốn ra ngoài đi chơi mà nhiều bậc phụ huynh lại quá bận nên khó mà kiểm soát được. Giờ đây camera yoosee sẽ như một người bảo mẫu giúp bạn vượt qua nỗi lo đó. Với khả năng xoay ngang 355 độ, xoay dọc 120 độ thì bất cứ vị trí nào trong phòng học của con bạn cũng sẽ bị ghi hình lại.
Với việc hỗ trợ thẻ nhớ lên đến 64Gb thì việc kiểm soát hình ảnh của con bạn sẽ trở nên dễ dàng hơn bao giờ hết. Khi bạn muốn hướng dẫn con của bạn học bài từ xa hay nhắc nhở trẻ nên tập trung học thì có thể trao đổi trực tiếp qua camera
yoosee với chức năng đàm thoại 2 chiều có sẵn với âm thanh to, rõ ràng, hình ảnh sắc nét.4. Quản lý doanh nghiệp của bạn
Với Camera YooSee, khu xưởng sản xuất công nghiệp, nhà máy, kho hàng hay văn phòng công ty đều có thể được bạn theo dõi, kiểm soát mọi lúc, mọi nơi mà không cần phải có mặt.TÍNH NĂNG NỔI BẬT + Camera có khả năng xoay 4 chiều:Camera ip wifi yoosee 3 râu có khả năng xoay ngang 355 độ, lên xuống đặt đến 120 độ tầm quan sát thực rất rộng. Chức năng này có thể sử dụng thao tác & điều chỉnh ngay trên máy tính bảng hay điện thoại.+ Chống trộm, cảnh báo qua điện thoại, email Thông báo qua Email là chưa đủ, Camera ip wifi YooSee 3 râu còn có chế độ đặc biệt hơn đó là camera này tự động cảnh báo ngay lập tức trên điện thoại của bạn khi có chuyển động hay những hoạt động bất thường.+ Đàm thoại 2 chiều: Tích hợp micro và loa+ Ghi hình : Camera wifi ip có khe cắm thẻ nhớ giúp ghi, lưu trữ và xem lại truờng hợp bạn vắng nhà. Hỗ trợ đèn hồng ngoại cho phép bạn quan sát ban đêm vẫn rõ nét.CHÍNH SÁCH BẢO HÀNH Bảo hành sản phẩm 12 tháng Đổi trả sản phẩm trong vòng 7 ngày</pre>', 20, 'YooSee', 'USED', 6.482655480598392, 81, 420000, 6, 4.2, 'https://vn-test-11.slatic.net/p/4e3ba833c4d82d6c6ef82f7f09618e81.jpg;https://vn-test-11.slatic.net/p/af548360cb60532f3815451bb625ab81.jpg;https://vn-test-11.slatic.net/p/de90bd92eb9e9ac8518bf66b98a0d7f2.jpg;', 5, 1);

INSERT INTO review (id, product_id, reviewer, rating, `comment`) VALUES(20170, 2017, 'Lazada Customer', 2, 'Phần ghi hình chỉ có ghi hình bằng tay, không ghi được cảnh báo khi ghi hình, phiên bản phần sụn 2.35 không sử dụng được, phiên bản cũ thì có cảnh báo khi ghi hình');

INSERT INTO product (id, name, short_desc, full_desc, category_id, brand_name, status, weight, available_item, unit_price, discount_percent, avg_rating, img_url, total_rating, supplier_id) VALUES(2018, 'Camera wifi siêu nhỏ dây dù V99-HD1080P hình cúc áo + thẻ nhớ 4gb và 3 bộ nút cài cúc áo', 'Camera wifi siêu nhỏ dây dù V99-HD1080P hình cúc áo + thẻ nhớ 4gb và 3 bộ nút cài cúc áo', '<pre>Hỗ trợ xem hình ảnh từ xa qua ứng dụng HDMiniCam
Tích hợp pin sạc, có thể vừa sạc vừa quay
Cảm biến hình ảnh: Cảm biến CMOS
Độ phân giải video: 1080P
Độ phân giải ngang: 480TVL
Khuếch đại ánh sáng: Tự động
Khoảng cách xem được trên điện thoại: không giới hạn nhờ công nghệ điện toán đám mây.
Video Format: AVI
Microphone: Chất lượng cao, có chống ồn giúp âm thanh trong trẻo, rõ nét.
Wifi: Chế độ WIFI, Hỗ trợ IOS, Điện thoại thông minh hệ điều hành Android
Giao thức mạng: Hỗ trợ TCP/UDP
Đầu ra giao diện: 1 x Mini USB, 1 x Khe cắm thẻ nhớ Micro SD
Hỗ trợ lưu trữ qua thẻ nhớ MicroSD lên đến 32GB
Giao diện Mạnh: DC 5V 1A
Power: 1W
Nhiệt độ hoạt động: 0 ℃ -45 ℃
Độ ẩm hoạt động: 20-80%
Màu sắc: Đen</pre>', 20, 'No Brand', 'NEW', 6.333543727098774, 50, 569000, 6, 5.0, 'https://vn-test-11.slatic.net/p/8e41fbbfb5818cfb6feb443fd9b5f241.jpg;https://vn-test-11.slatic.net/original/5a4257e574e3099fd30b9d396e9c8328.jpg;https://vn-test-11.slatic.net/p/b4bc2daab0a8ef73f3f79bcac2f9c531.jpg;https://vn-test-11.slatic.net/p/a59276888adc5a9e28e06f12831fc724.jpg;https://vn-test-11.slatic.net/original/af18984768c51c3089bbb08dfefe660e.jpg;https://vn-test-11.slatic.net/original/70f35e053042eda701752670efb450cd.jpg;https://vn-test-11.slatic.net/original/474b4ba4a67d2ea7d56713efd4e3038e.jpg;', 1, 7);

INSERT INTO review (id, product_id, reviewer, rating, `comment`) VALUES(20180, 2018, 'THUONG T.', 0, 'Camera có bộ cúc áo đi kèm nên cực ưng. Mình gắn ở nhà để giám sát cô giúp việc vì nhà có trẻ con rất là tiện.');

INSERT INTO product (id, name, short_desc, full_desc, category_id, brand_name, status, weight, available_item, unit_price, discount_percent, avg_rating, img_url, total_rating, supplier_id) VALUES(2019, 'Sao Bắc Mini WIFI 1080 p HD Camera IP An Ninh Không Dây Module DIY DV DVR NVR Bảo Mẫu Cam', 'Sao Bắc Mini WIFI 1080 p HD Camera IP An Ninh Không Dây Module DIY DV DVR NVR Bảo Mẫu Cam', '<pre>Phù hợp cho iPhone, iPad, IOS, Android hệ thống và sản phẩm ..
Hỗ trợ kết nối Wi-Fi và từ xa màn hình cho thuận tiện hơn khi sử dụng ..
Màn hình video và âm thanh đồng thời gian ..
Tự động ghi hình khi bạn mở camera ..</pre>', 20, 'OEM', 'NEW', 4.9108849753491945, 61, 226000, 6, 3.8, 'https://id-test-11.slatic.net/original/57a90589311d2e8678e84242717953ab.jpg;https://id-test-11.slatic.net/original/299225d8c0d15c545e7b3d506404782c.jpg;https://my-test-11.slatic.net/original/01e49d2fe3b5cf3480f69a0d1de7c844.jpg;https://id-test-11.slatic.net/original/b3eee3c984f1dd5bf5bb44feab09bfcc.jpg;https://id-test-11.slatic.net/original/63ba0bacdc962e609bb2f686e5c140cf.jpg;https://id-test-11.slatic.net/original/078eb1f5d79b99714621e796cf490c69.jpg;https://id-test-11.slatic.net/original/ac48c9f6dc11d72bc73117e319915188.jpg;https://id-test-11.slatic.net/original/edba80d56a7b09159a0424be3e0fe13f.jpg;', 19, 4);

INSERT INTO review (id, product_id, reviewer, rating, `comment`) VALUES(20190, 2019, 'Người X.', 2, '');

INSERT INTO review (id, product_id, reviewer, rating, `comment`) VALUES(20191, 2019, 'Phu Q.', 0, 'co camara đâu ko lam dc jo ca');

INSERT INTO review (id, product_id, reviewer, rating, `comment`) VALUES(20192, 2019, 'bố C.', 2, 'Tôi k xem dk camera.');

INSERT INTO review (id, product_id, reviewer, rating, `comment`) VALUES(20193, 2019, 'Ngoc H.', 2, 'cái này shop chỉ cách mình sài được không ạ');

INSERT INTO product (id, name, short_desc, full_desc, category_id, brand_name, status, weight, available_item, unit_price, discount_percent, avg_rating, img_url, total_rating, supplier_id) VALUES(2020, 'Camera wifi bóng đèn HD-1.3MP xem 360 độ và phát sáng', 'Camera wifi bóng đèn HD-1.3MP xem 360 độ và phát sáng', '<pre>Đàm thoại 2 chiều
Xem qua ứng dụng iCsee trên điện thoại
Độ phân giải: HD960p (1.3M).
Cảm biến hình ảnh: 1/3″ Cmos.
Tiêu cự ống kính f(mm): 1,29mm.
Góc quan sát (độ): 185*185.
Tích hợp sẵn Micro & loa ngoài (Speaker).
Zoom: 3x số
Hỗ trợ thẻ nhớ: 128G
Quan sát trên điện thoại, máy tính bảng, PC…
Bảo hành 12 tháng 1 đổi 1 cho sản phẩm lỗi</pre>', 20, 'Vitacam', 'NEW', 1.339686617018474, 1, 299900, 6, 4.4, 'https://vn-test-11.slatic.net/p/37c1b76be63482321eb23c695428e67a.jpg;https://vn-test-11.slatic.net/p/5073a99acc28f6f7f03d1789401d0362.jpg;https://vn-test-11.slatic.net/p/fc6df576cb283a1f0507e0143b084095.jpg;https://vn-test-11.slatic.net/original/741e996d13f0f72ed15458536bec8fe0.jpg;https://vn-test-11.slatic.net/original/bfe880286e3785bd99f37ba6ff6df7a5.jpg;https://vn-test-11.slatic.net/original/e52a91b8c5c8ccc4d2a2e7ed5d27ad76.jpg;https://vn-test-11.slatic.net/original/8d9114b2af24f3b0497e722592427adf.jpg;', 77, 7);

INSERT INTO review (id, product_id, reviewer, rating, `comment`) VALUES(20200, 2020, 'Trươơng M.', 0, 'khi xem lại phần đã quay chạy chậm cứ đang đệm');

INSERT INTO review (id, product_id, reviewer, rating, `comment`) VALUES(20201, 2020, 'Tìm H.', 0, 'không thể tắt được tiếng thông báo. điều này làm giật mình người thân và làm điều lưu ý cho kẻ xấu');

INSERT INTO review (id, product_id, reviewer, rating, `comment`) VALUES(20202, 2020, 'Do T.', 2, 'Ban hang bao hanh kg tot');

INSERT INTO review (id, product_id, reviewer, rating, `comment`) VALUES(20203, 2020, 'Ba C.', 3, 'Camera gi hinh tot ro net de cai dat .co the giao cho minh them 1 bo nua ko shop');

INSERT INTO review (id, product_id, reviewer, rating, `comment`) VALUES(20204, 2020, 'Nguyen V.', 4, 'Sản phẩm không rõ nét cho lắm. Camera loại 1.3MP');

INSERT INTO product (id, name, short_desc, full_desc, category_id, brand_name, status, weight, available_item, unit_price, discount_percent, avg_rating, img_url, total_rating, supplier_id) VALUES(2021, 'Camera IP WIFI 3 Râu Full HD 1080P Siêu nét 2019', 'Camera IP WIFI 3 Râu Full HD 1080P Siêu nét 2019', '<pre>Cảm biến hình ảnh: 1080P 2.0M CMOS
Hệ thống tín hiệu: PAL/NTSC
Tốc độ video: 25 FPS hoặc 30 FPS
Phát hiện chuyển động: Có
Hỗ trợ chụp ảnh: Có
Hỗ trợ NVR: Có
Đầu vào âm thanh: Microphone tích hợp
Đầu ra âm thanh: Microphone tích hợp, tai nghe gắn ngoài
Hỗ trợ lưu trữ: 1 x Micro SD lên đến 64GB.
Báo động: Hỗ trợ báo động qua điện thoại, email
Báo động Wireless: 64 sectors
Hỗ trợ Wireless: 802.11 b/g/n
Cổng giao tiếp Ethernet: RJ45 100m/ 1000m/ Base-TX
Ống kính: 3.6/2.8mm
Hồng ngoại: 10m
Nguồn đầu vào: DC5V 2A
Nhiệt độ hoạt động: -10 độ đến 60 độ
Độ ẩm hoạt động: tối đa 90%</pre>', 20, 'OEM', 'USED', 4.506304834002877, 4, 356000, 6, 3.9, 'https://vn-test-11.slatic.net/original/854b4454e94e6fa47c2a716f35004910.jpg;https://vn-test-11.slatic.net/p/2/camera-ip-wifi-3-rau-full-hd-1080p-sieu-net-2017-3166-7532296-c634f0d8794a542a4132cb7144d732ab-catalog.jpg;https://vn-test-11.slatic.net/original/e3f8eeb2f1b85be79b0fffacf6996b89.jpg;https://vn-test-11.slatic.net/original/4aadfc0b5c90bd23095c598aba9d75f6.jpg;', 330, 1);

INSERT INTO review (id, product_id, reviewer, rating, `comment`) VALUES(20210, 2021, 'Phuong T.', 2, 'mình mua và đã dùng mấy cái rồi, cái này cài dc ngon lành, nhưng sau lại báo lỗi như vây.đổi phần mềm yoosee sang yyp2p cũng vẫn lỗi vậy.');

INSERT INTO review (id, product_id, reviewer, rating, `comment`) VALUES(20211, 2021, 'Ngoc H.', 2, 'Mua 5 con của shop này. Thấy chất lượng tốt. Ban ngày nét, có chỉnh được cả độ sáng ở núm các mắt hồng ngoại.
Để cài đặt tốt thì nên cắm dây mạng vào sau khi cài xong chuyển sang wifi.
Để xem được nhiều máy thì nên đổi mật khẩu mặc định 123 sang mật khẩu khác.
Hy vọng sẽ bền lâu dài');

INSERT INTO review (id, product_id, reviewer, rating, `comment`) VALUES(20212, 2021, 'duy T.', 3, 'giao hàng cực nhanh, mỗi tội hàng vớ vẩn,  cài đặt ngay cạnh cục phát wifi mà không thu được sóng, khi mở sản phẩm ra thấy bộ phận thu sống đã bị hàn nhoe  nhoét.  Tổ cha bọn làm ăn thất đức');

INSERT INTO review (id, product_id, reviewer, rating, `comment`) VALUES(20213, 2021, 'Thanh T.', 1, 'Sp jong nhu hinh..dung Ok..Neu co cup dien tu dong ket noi lai...chu k can phai reset lai nhu tui kia noi dau..tom lai dung ok');

INSERT INTO review (id, product_id, reviewer, rating, `comment`) VALUES(20214, 2021, 'Tuấn N.', 0, 'Camera dễ kết nối, sắc nét , đẹp, dễ lắp đặt');

INSERT INTO product (id, name, short_desc, full_desc, category_id, brand_name, status, weight, available_item, unit_price, discount_percent, avg_rating, img_url, total_rating, supplier_id) VALUES(2022, 'Camera Kết nối IP Internet - góc nhìn 360 độ - Chống trộm - V380 - FALAS - Tặng thẻ 16GB khi mua', 'Camera Kết nối IP Internet - góc nhìn 360 độ - Chống trộm - V380 - FALAS - Tặng thẻ 16GB khi mua', '<pre>Tặng ngay 1 thẻ nhớ 16GB khi mua CAMERA IP V380
Loại: CAMERA kết nối IP Internet
Độ phân giải: 720p
Pixel: 2 triệu điểm (dpi)
Góc quay: 360 độ
Khoảng cách hiệu quả: từ bán kính 0 - 10m
Bù sáng đèn nền: tự động
Ống kính camera giám sát:Ống kính Fisheye toàn cảnh HD
Có thể quan sát vào ban đêm: Sử dụng tia hồng ngoại
Sử dụng trong: môi trường trong nhà chẳng hạn như phòng khách, lớp học, văn phòng, quầy tính tiền, vv
Đàm thoại 2 chiều
Đặc biệt là có chế độ chống trộm</pre>', 20, 'FALAS', 'USED', 8.995299131974324, 22, 1080000, 6, 4.7, 'https://vn-test-11.slatic.net/original/0b8d75b6067376ae1497cb0aacaff53b.jpg;https://vn-test-11.slatic.net/original/fc3ba665c62b6591cd17acfbaf2dbafe.jpg;https://vn-test-11.slatic.net/original/208f70df559859b479ab706044180b2f.jpg;https://vn-test-11.slatic.net/original/d21180022326c55c7e07b3fcb60b02ed.jpg;https://vn-test-11.slatic.net/original/e10f2663841f5ce382112f73083f5960.jpg;https://vn-test-11.slatic.net/original/08d10731a58b65feb8ffde2c6aad4b84.jpg;https://vn-test-11.slatic.net/original/2f468610de666070eded2b936c2eea23.jpg;https://vn-test-11.slatic.net/p/8a74d1fb33130ee627d00cdf0499ea44.jpg;', 61, 6);

INSERT INTO review (id, product_id, reviewer, rating, `comment`) VALUES(20220, 2022, 'Pha-men T.', 4, 'Ok tren cả tuyệt vời,tuy giá thanh cao hơn cửa hàng khác bán,nhung tin tuong san phẩm có khong van đề gì,nhân viên kỷ thuật goi dien tư vấn nhiệt tinh về phần cài Đặt ,cam ơn mot san phẩm ngoài  mong đợi sẽ ưỡn hộ tiep cho nhung san phẩm');

INSERT INTO review (id, product_id, reviewer, rating, `comment`) VALUES(20221, 2022, 'Nguyen P.', 3, 'Giao hàng trong 2 ngày, có người hỗ trợ cài đặt tốt
Hơi tiếc là Camera chỉ có 720p nhưng với giá tiền như vậy là ok rồi!');

INSERT INTO review (id, product_id, reviewer, rating, `comment`) VALUES(20222, 2022, 'Huongly', 3, 'Nói thật là từ đầu mình chỉ tham khảo thôi chưa định đặt vì đặt hàng trên mạng cũng hơi lo lo,nhất là đồ công nghệ điện tử như thế này.Nhưng khi để lại sdt ,shop tư vấn,thấy cũng oki nên quyết định đặt lun.Khi nhận hàng loay hoay mãi ko cài đặt được ,tức lắm.Xong mình có gọi điện lại cho shop,giọng có hơi thái độ.Nhưng bạn nhân viên kĩ thuật vẫn nhiệt tình hướng dẫn cho mình rất lâu đến khi mình cài được.Mình thật sự rất thích cách phục vụ của shop');

INSERT INTO review (id, product_id, reviewer, rating, `comment`) VALUES(20223, 2022, 'Lazada Customer', 0, 'Giao hàng nhanh, sản phẩm ban đầu cũng ok, chỉ có hơi bất tiện là nhà hơi rộng nên 1 cái chắc k đủ , chắc dùng 1tg nữa rồi đặt thêm');

INSERT INTO review (id, product_id, reviewer, rating, `comment`) VALUES(20224, 2022, 'Bùi Q.', 2, 'Cài đặt dễ, có video hướng dẫn. Sử dụng rất thuận tiện, ứng dụng chạy mượt mà, dùng 3g vẫn truy cập nhanh.');

INSERT INTO product (id, name, short_desc, full_desc, category_id, brand_name, status, weight, available_item, unit_price, discount_percent, avg_rating, img_url, total_rating, supplier_id) VALUES(2023, 'Camera giám sát ngày đêm V380 chuẩn HD 720p bảo hành 12 tháng', 'Camera giám sát ngày đêm V380 chuẩn HD 720p bảo hành 12 tháng', '<pre>Thiết kế mô hình Robot nhỏ gọn hiện đại
Bộ nhớ: Micro SD, thẻ nhớ tối đa 64GB - Khuyên dùng thẻ 32G Class 10
Độ phân giải: 720P (1.0MP)
Ống kính: 3.6mm
Góc quay: Horizontal: 0 ° -355 °,
Dọc: -20 ° (giảm) - 90 °
Chiếu sáng tối thiểu: 0.02Lux @ (F2.0, AGC ON), 0Lux với IR
IR-cut, đôi lọc tự động chuyển mạch, 5-10M (phụ thuộc) khoảng cách hồng ngoại
Chuẩn nén: H.264
Video frame Rate : 30FPS
Audio chuẩn nén: AOPCM, tốc độ dữ liệu: Adaptive
Giao thức mạng không dây: Wi-Fi (IEEE802.11b)
Nguồn cung cấp: DC 5V 1A</pre>', 20, 'Smart New', 'USED', 8.313409854400113, 36, 270000, 6, 4.5, 'https://vn-test-11.slatic.net/original/f51a27949bd2531f55be9ce3bf7a267f.jpg;https://vn-test-11.slatic.net/original/5e1e3fb0616c11530fb126834431846c.jpg;https://vn-test-11.slatic.net/original/f616c239661a62916e266205a0a33d43.jpg;', 56, 9);

INSERT INTO review (id, product_id, reviewer, rating, `comment`) VALUES(20230, 2023, 'Nguyễn V.', 3, 'chất lượng rất ok, đáng đồng tiền');

INSERT INTO review (id, product_id, reviewer, rating, `comment`) VALUES(20231, 2023, 'lê H.', 4, 'Mình đã thử  1 chưa được 1 ngày đã bị lỗi rồi');

INSERT INTO review (id, product_id, reviewer, rating, `comment`) VALUES(20232, 2023, 'Thien T.', 3, 'Đồ đểu..vớ vẩn hỏi tư vấn mà chẳng ma nào hồi âm.đúng là người việt lừa nhau');

INSERT INTO review (id, product_id, reviewer, rating, `comment`) VALUES(20233, 2023, 'Lai H.', 3, 'Hàng kém phẩm chất, hàng quảng cáo có đàm thoại 2 chiều, khi giao hàng thì giao hàng lỗi, đàm thoại 1 chiều');

INSERT INTO review (id, product_id, reviewer, rating, `comment`) VALUES(20234, 2023, 'Giuse N.', 1, 'ngon bổ rẻ.tốt bảo hành 1 năm là quá ok');

INSERT INTO product (id, name, short_desc, full_desc, category_id, brand_name, status, weight, available_item, unit_price, discount_percent, avg_rating, img_url, total_rating, supplier_id) VALUES(2024, 'CAMERA WIFI - YOOSEE WIFI SIÊU NÉT 2.0 FULL HD 1920x1080 MỚI NHẤT - BẢO HÀNH 1 ĐỔI 1', 'CAMERA WIFI - YOOSEE WIFI SIÊU NÉT 2.0 FULL HD 1920x1080 MỚI NHẤT - BẢO HÀNH 1 ĐỔI 1', '<pre>Hỗ trợ khe cắm thẻ nhớ tối đa 64GB
Lắp đặt đơn giản, xem qua 3G 4Gkhông bị giật,
Camera siêu nét FULL HD 1920x1080, mới nhất.
Góc quay rộng, lên xuống 120 độ, xung quanh 350 độ.
Giúp giám sát nhân viên, công nhân, cửa hàng, nhà ở, trường học,...
Tích hợp đèn cảm biến, đèn hồng ngoại, công nghệ LED EXIR ghi lại hình ảnh vào ban đêm cực kỳ rõ nét
Tự động chụp hình, nhận dạng khi có vật thể lại gần hoặc đi qua, cảnh báo qua email
Các Bạn có thể Tham khảo các sản phẩm khác của shop tại đâyhttps://www.lazada.vn/shop/may-tinh-ba-thang/?spm=a2o4n.pdp.seller.1.27774140PXk3N4</pre>', 20, 'YOSEE', 'NEW', 2.0953373122423775, 73, 463000, 6, 3.5, 'https://vn-test-11.slatic.net/p/ab14ce6e380f0957bc19a4fafeab015d.jpg;https://vn-test-11.slatic.net/p/c6a5563761a2ab3e54acd33684323406.jpg;https://vn-test-11.slatic.net/p/e57a7766434772a9cf1a3367cce1360f.jpg;https://vn-test-11.slatic.net/original/e70144a32cbfaf0ba31e3b7222e1ec91.jpg;https://vn-test-11.slatic.net/p/2799f4335e41da7dbaeee56fc7569dfb.jpg;https://vn-test-11.slatic.net/original/1bff87ef149b7c17bc026a0405a93a7c.jpg;https://vn-test-11.slatic.net/original/98a9a24629d50a765bd086a91ed94ed7.jpg;', 61, 9);

INSERT INTO review (id, product_id, reviewer, rating, `comment`) VALUES(20240, 2024, 'Lazada Customer', 3, 'Tốt, chuan , dễ cài đặt');

INSERT INTO review (id, product_id, reviewer, rating, `comment`) VALUES(20241, 2024, 'Phan Đ.', 3, 'Chất lượng nét. Đúng 2.0. Quay được phạm vi khá rộng. Cảnh báo nhạy quá nên 1 chuyển động nhỏ cũng kêu do đó ít dùng');

INSERT INTO review (id, product_id, reviewer, rating, `comment`) VALUES(20242, 2024, 'Nguyễn A.', 3, 'Sản phẩm thì khá ok, không bắt được onvif. Shop hướng dẫn không nhiệt tình, mua hàng rồi là thôi, cài đặt được hay không mặc bay');

INSERT INTO review (id, product_id, reviewer, rating, `comment`) VALUES(20243, 2024, 'Nguyễn T.', 3, 'Camera này rất kém . Phải rút ra cắm vào điện thường xuyên . Chắc chắn tôi không bao giờ mua hàng ở cửa hàng thêm một lần nữa .');

INSERT INTO review (id, product_id, reviewer, rating, `comment`) VALUES(20244, 2024, 'Bang T.', 0, 'camer khó kết nối. chỉ xem hình thoi, còn video ko coi được, ko thấy mặt được ai hết. camera ko phải là tệ, quá tệ');

INSERT INTO product (id, name, short_desc, full_desc, category_id, brand_name, status, weight, available_item, unit_price, discount_percent, avg_rating, img_url, total_rating, supplier_id) VALUES(2025, 'Camera yoosee combo thẻ nhớ 32g', 'Camera yoosee combo thẻ nhớ 32g', '<pre>- Camera yoosee combo thẻ nhớ 32g
- Góc mở cực rộng 125 độ (không cần xoay vẫn quan sát hết phòng rộng)
- Hồng ngoại quan sát 10m trong đêm
- Quan sát cả ngày và đêm rõ nét với hình ảnh HD
- Sử dụng lâu dài và bền bỉ, chất lượng ổn định
- Cắm là xài không cần mở port, chỉ 5p là có thể chạy
- Hàng chính hãng Bảo hành 24 tháng - 1 đổi 1 trong 1 tháng đầu tiên</pre>', 20, 'YOOSEE VIỆT NAM', 'NEW', 5.434405786442026, 80, 420000, 6, 4.3, 'https://vn-test-11.slatic.net/original/c69c92ee16d791c311d13ff9d3ba50a5.jpg;https://vn-test-11.slatic.net/p/de90bd92eb9e9ac8518bf66b98a0d7f2.jpg;https://vn-test-11.slatic.net/p/af548360cb60532f3815451bb625ab81.jpg;', 62, 5);

INSERT INTO review (id, product_id, reviewer, rating, `comment`) VALUES(20250, 2025, 'Nguyễn V.', 2, 'treo đầu dê bán thịt chó');

INSERT INTO review (id, product_id, reviewer, rating, `comment`) VALUES(20251, 2025, 'Nguyễn T.', 4, 'Giao hàng từ Hà Nội về nên chậm. Shop giao đúng mẫu, nhưng sơ sài, không đóng thùng. Cam xài được. Hiện đang test trước khi lắp đặt. Bền nữa là được. Đánh giá 3 sao thôi.');

INSERT INTO review (id, product_id, reviewer, rating, `comment`) VALUES(20252, 2025, 'đức D.', 0, 'Sory shop. Ban đầu thấy bề ngoài sp ko có thông tin gì tưởng shop giao cho loại camera 720mp. Về kết nối xem thì khá nét. Ko biết bền ko nhưng thấy camera ổn. Thank shop');

INSERT INTO review (id, product_id, reviewer, rating, `comment`) VALUES(20253, 2025, 'Nguyễn V.', 3, 'Máy đúng như quảng cáo ,chất lượng tốt sắc nét.chế độ quay đêm hoạt động tốt.có thể chỉnh góc quay mọi hướng.sp tốt,giá cả cực hợp lý mọi ngupwif nên mua');

INSERT INTO review (id, product_id, reviewer, rating, `comment`) VALUES(20254, 2025, 'Đinh V.', 0, 'sản phẩm đúng và rất chất lượng tôi rất hài lòng');

INSERT INTO product (id, name, short_desc, full_desc, category_id, brand_name, status, weight, available_item, unit_price, discount_percent, avg_rating, img_url, total_rating, supplier_id) VALUES(2026, 'Switch POE 8 cổng chuyên dụng', 'Switch POE 8 cổng chuyên dụng', '<pre>+ Switch POE tiêu chuẩn:- 8 cổng POE + 2 cổng Lan uplink tốc độ 10/100Mp- Vỏ sắt, tản nhiệt tốt- Nguồn vào: 220V, công suất: 75W- Có đèn báo kết nối- Thích hợp sử dụng cho hệ thống camera IP POE chỉ cần chạy 1 dây lan kết nối tớicamera là đc, hỗ trợ khoảng cách tối đa 200 mét</pre>', 20, 'No Brand', 'USED', 6.48504773425836, 23, 599000, 6, 5.0, 'https://vn-test-11.slatic.net/p/0a971ff24cc07be572212ba672674490.jpg;https://vn-test-11.slatic.net/p/b11df2c5aa229fb541eeca7a98a5df8a.jpg;https://vn-test-11.slatic.net/p/f6f62830ac5cf91455eaefe28d7fc243.jpg;https://vn-test-11.slatic.net/p/aacb8352d5340a2d24bd129696737659.jpg;', 1, 7);

INSERT INTO product (id, name, short_desc, full_desc, category_id, brand_name, status, weight, available_item, unit_price, discount_percent, avg_rating, img_url, total_rating, supplier_id) VALUES(2027, 'Camera wifi IP Bóng đèn ICSEE', 'Camera wifi IP Bóng đèn ICSEE', '<pre>Độ phân giải 1.3/720P.
Bóng đèn LED 3W
Kết nối Wifi mạnh 25M
Đàm thoại nghe 2 chiều
Tầm nghìn rộng 360 độ dễ dàng quan sát</pre>', 20, 'OEM', 'NEW', 7.0530872915639975, 25, 298000, 6, 4.7, 'https://vn-test-11.slatic.net/original/acd71809b9326555145735a727f7d311.jpg;https://vn-test-11.slatic.net/original/e07872f1f827ec84503555288d457b5d.jpg;https://vn-test-11.slatic.net/original/c011e7287960bbd380365f278cce1f00.jpg;https://vn-test-11.slatic.net/original/0c62b952cfeb05e41610adbc9e081681.jpg;https://vn-test-11.slatic.net/original/53a537fbaa0399cc6ff86b0f93ee35bf.jpg;https://vn-test-11.slatic.net/original/7b0f4eaba23ae8217b37fa6012ba841c.jpg;https://vn-test-11.slatic.net/original/b889292ac08eeb936c1a3eccdab575ae.jpg;', 9, 4);

INSERT INTO review (id, product_id, reviewer, rating, `comment`) VALUES(20270, 2027, 'Trương V.', 4, '');

INSERT INTO review (id, product_id, reviewer, rating, `comment`) VALUES(20271, 2027, 'Mai Q.', 0, 'Ok dùng ổn. Tưởng dùng phần mềm YOOSEE hóa ra dùng ICSEE. Có cả chức năng bật tắt đèn trong app như điều khiển từ xa. Cũng phát ra trò he he');

INSERT INTO review (id, product_id, reviewer, rating, `comment`) VALUES(20272, 2027, 'Nguyễn H.', 4, 'mua 1 cái ko có thẻ nhớ đặt câu hỏi ko có ai trả lời');

INSERT INTO review (id, product_id, reviewer, rating, `comment`) VALUES(20273, 2027, 'Son V.', 4, 'ok rất tốt');

INSERT INTO review (id, product_id, reviewer, rating, `comment`) VALUES(20274, 2027, 'Phạm X.', 0, 'Đã nhận hàng nhận xét là ổn, giá rẻ, wifi bắt mạnh. Hy vong sẽ được bền.');

INSERT INTO product (id, name, short_desc, full_desc, category_id, brand_name, status, weight, available_item, unit_price, discount_percent, avg_rating, img_url, total_rating, supplier_id) VALUES(2028, 'Camera wifi Yoosee ngoài trời IPW011 chống nước quay đêm có màu, chuẩn onvif kết nối đầu ghi-Trắng', 'Camera wifi Yoosee ngoài trời IPW011 chống nước quay đêm có màu, chuẩn onvif kết nối đầu ghi-Trắng', '<pre>Hỗ trợ xem hình ảnh qua điện thoại, máy tính bảng bằng ứng dụng Yoosee, YYP2P có tiếng việt
Model: IPW011
Hình ảnh FULL HD 1080 2.0 Megapixel
Hỗ trợ lưu trữ thông qua thẻ nhớ lên tới 64GB
Tiêu cự ống kính: 4mm cho góc quan sát rộng 61 độ
Nguồn cấp: 12V2A
Hệ quay phim: PAL/NTSC
Cảm biến hình ảnh: 1/4 " Micron, 1.0 Megapixel CMOS sensor
Tỉ số tín hiệu cực đại trên nhiễu: 39dB
Độ phân giải màn hình: 1080(H) x 720(V)
Tích hợp Mic và loa giúp đàm thoại 2 chiều
Tốc độ truyền tải dữ liệu: 32Kbps~4Mbps,Supports CBR/VBR
Có khả năng chống nước, chịu được thời tiết khắc nghiệt
Hỗ trợ hồng ngoại quay ban đêm
Có 2 đèn Led giúp quay đêm có màu
Bảo hành: 12 tháng</pre>', 20, 'YooSee', 'NEW', 5.391431206962192, 39, 589000, 6, 4.8, 'https://vn-test-11.slatic.net/p/150779b4b5ea785ad2799df2c5d64e44.jpg;https://vn-test-11.slatic.net/p/30ea057595a0b2caf99ca903d64f2c1b.jpg;https://vn-test-11.slatic.net/p/eda9c2cf8e1ab2800277b745e09cb631.jpg;https://vn-test-11.slatic.net/p/ea6aab4c660e661b50c5754298542d18.jpg;https://vn-test-11.slatic.net/p/b46eeb3bb70a7d3a4918dd5bc2c6dfc9.jpg;https://vn-test-11.slatic.net/p/42e590c3f3cf247d760b2b0931cbaa65.jpg;https://vn-test-11.slatic.net/p/cf3d526182cca9284d92e6cf23c383b2.jpg;https://vn-test-11.slatic.net/p/e1bd728f4381ff0c62cc3fbb0387cb08.jpg;', 6, 8);

INSERT INTO review (id, product_id, reviewer, rating, `comment`) VALUES(20280, 2028, 'Lazada Customer', 1, 'Camera chất lượng tốt so với giá bán. Mình xem qua được phần mềm Yoosee có tiếng việt nên rất dễ sử dụng.');

INSERT INTO product (id, name, short_desc, full_desc, category_id, brand_name, status, weight, available_item, unit_price, discount_percent, avg_rating, img_url, total_rating, supplier_id) VALUES(2029, 'Camera IP Wifi đồng hồ treo tường DW003 Full HD 2.0', 'Camera IP Wifi đồng hồ treo tường DW003 Full HD 2.0', '<pre>Model: DW003
Hỗ trợ xem từ xa qua điện thoại bằng app HDMiniCam
Cảm biến hình ảnh: 1080P 2.0M CMOS
Độ phân giải video: Full HD 1080P
Hỗ trợ lưu trữ qua thẻ nhớ Micro SD lên đến 32GB
Số khung hình hiển thị trên giây: 30fps
Góc quay: 90 độ
Pin: 500mAh hết pin có thể sạc hoặc cắm sạc dự phòng.
Định dạng video: AVI
Nguồn đầu vào: DC 5V 1A
Hỗ trợ Wireless: 802.11 b/g/n
Cổng giao tiếp Ethernet: RJ45 100m/ 1000m/ Base-TX
Ống kính: 3.6/2.8mm
Tích hợp Microphone
Phạm vi tín hiệu: 30m không có rào cản
Hỗ trợ hệ điều hành IOS hoặc Android</pre>', 20, 'No Brand', 'USED', 8.40962925404489, 82, 1199000, 6, 5.0, 'https://vn-test-11.slatic.net/original/275d5d9e0e58301c30c3294af03046a9.jpg;https://vn-test-11.slatic.net/original/e2a049d37412eee0b2366d4e729c883d.jpg;https://vn-test-11.slatic.net/original/b3dd31a3e54e85e5948cd6a8e708c567.jpg;https://vn-test-11.slatic.net/original/8a5437cbc836e107f7124563aee836a0.jpg;https://vn-test-11.slatic.net/original/80779edcae885e58ed28c2484d5f2b44.jpg;', 1, 6);

INSERT INTO review (id, product_id, reviewer, rating, `comment`) VALUES(20290, 2029, 'trang T.', 2, 'sản phẩm đóng gói cẩn thận, mẫu mã đẹp. mình gắn ở cửa hàng vừa giám sát được từ xa qua điện thoại vừa xem giờ được rất tiện lợi mà không bị phát hiện');

INSERT INTO product (id, name, short_desc, full_desc, category_id, brand_name, status, weight, available_item, unit_price, discount_percent, avg_rating, img_url, total_rating, supplier_id) VALUES(2030, 'Mắt kính Camera 720p HD cao cấp, máy quay phim, thiết bị ghi hình, ghi âm', 'Mắt kính Camera 720p HD cao cấp, máy quay phim, thiết bị ghi hình, ghi âm', '<pre>Độ phân giải cao.Âm Thanh cực rõ
Hộ trợ bộ nhớ 8GB Micro SD (TF) card.
HD 1280×960
Chức năng quay phim
Chụp hình
Thẻ nhớ có thể tháo rời</pre>', 20, 'OEM', 'USED', 1.2512345760616022, 88, 177000, 6, 5.0, 'https://vn-test-11.slatic.net/original/48bec2d74e68d6cc7deaadccf8d13f7b.jpg;https://vn-test-11.slatic.net/original/7bd55ec434af2b2475e2a8d732c7de3d.jpg;https://vn-test-11.slatic.net/original/5444fe93f1607b702530f4bf7320469e.jpg;', 1, 5);

INSERT INTO review (id, product_id, reviewer, rating, `comment`) VALUES(20300, 2030, 'phan H.', 4, 'nhận hàng rồi bạn ơi..nhưng chỉ chụp được ảnh còn quay phim k tài nào quay được..nói chung là hài lòng');

INSERT INTO product (id, name, short_desc, full_desc, category_id, brand_name, status, weight, available_item, unit_price, discount_percent, avg_rating, img_url, total_rating, supplier_id) VALUES(2031, 'Camera an ninh giám sát ngày đêm Yoosee ( Phiên bản 2017 )', 'Camera an ninh giám sát ngày đêm Yoosee ( Phiên bản 2017 )', '<pre>Camera IP không dây xoay 360 độ
Độ phân giải video: 1280 x 720
Hỗ trợ khe cắm thẻ nhớ micro SD
Tích hợp khả năng nhận diện chuyển động để báo động mỗi khi bạn vắng nhà
Sử dụng hồng ngoại để quay về đêm giúp hình ảnh sắc nét
Phiên bản 2017 cho chất lượng hình ảnh tốt hơn
Người bảo vệ gia đình bạn 24/24</pre>', 20, 'Smart New', 'USED', 3.929792603462355, 80, 310000, 6, 4.2, 'https://vn-test-11.slatic.net/original/0aa2c52a25544c96899b8f4fc63d40d6.jpg;https://vn-test-11.slatic.net/original/8d82d5775834b685088e95ba14ad4625.jpg;https://vn-test-11.slatic.net/original/96f272e0038a43c00f384a6bb6c057cf.jpg;', 144, 1);

INSERT INTO review (id, product_id, reviewer, rating, `comment`) VALUES(20310, 2031, 'Nguyễn Q.', 0, '');

INSERT INTO review (id, product_id, reviewer, rating, `comment`) VALUES(20311, 2031, 'Nguyenvantinh', 2, 'Mua 3 Sài dc 2.đang đổi lại 1 e');

INSERT INTO review (id, product_id, reviewer, rating, `comment`) VALUES(20312, 2031, 'Nguyen m.', 3, 'Giao hàng nhanh,hàng tốt nhưng không biết thời gian nữa như thế nào. Bước đầu vậy là ok rồi.cảm ơn shop.');

INSERT INTO review (id, product_id, reviewer, rating, `comment`) VALUES(20313, 2031, 'Long C.', 1, 'Giao hàng thân thiện nhiệt tình .Tuy sản phẩm không có dòng chữ yoosee chính hãng , nhưng cài đặt kết nối dễ dàng, hình ảnh sắc nét, âm thanh to rõ, tốc độ tốt có hồng ngoại xem được ban đêm tương đối rõ . so với số tiền thì đây là một sản phẩm tuyệt vời còn độ bền thì từ từ trải nghiệm');

INSERT INTO review (id, product_id, reviewer, rating, `comment`) VALUES(20314, 2031, 'Doxuanhuyen', 0, 'Dùng được cả ban ngày lẫn ban đêm, muốn xoay thì phải điểu khiển trên phần mềm được cài trên smartphone. Độ bền thì cần thêm thời gian để nhận xét.');

INSERT INTO product (id, name, short_desc, full_desc, category_id, brand_name, status, weight, available_item, unit_price, discount_percent, avg_rating, img_url, total_rating, supplier_id) VALUES(2032, 'Camera wifi mini siêu nhỏ V99-HD4K sắc nét nhất+03 bộ nút cài cúc áo', 'Camera wifi mini siêu nhỏ V99-HD4K sắc nét nhất+03 bộ nút cài cúc áo', '<pre>WIFI Wireless / IP P2P
Chất lượng hình ảnh 4K H.264
Video Recording + Ảnh chụp + Motion Detection
Hỗ trợ tối đa 32GB thẻ TF.
Định dạng nén: H.264
Độ phân giải video: 4K / 2K/ 1080p / 720p / 480p Selectable
Video định dạng: AVI
Frame: 25 fps
Xem góc: 90 độ
Pixel: 5MP CMOS
Motion Detection Khoảng cách: 6m đường thẳng
Chiếu sáng tối thiểu: 1LUX
Phạm vi ghi âm thanh: 5 mét
Dung lượng pin: 2200mAh
Thời gian làm việc: 10 giờ chờ – 4-5h ghi hình liên tục
Công suất tiêu thụ: 260MA / 3.7V
Bộ nhớ: hỗ trợ tối đa 32GB thẻ TF
Phần mềm Play: VLCPlayer / SMPlayer
Hệ điều hành máy tính: Windows / Mac OS X
Điện thoại di động hệ điều hành điện thoại: Android / iOS
Trình duyệt: IE7 trở lên, chrome, firefox safari.etc
Nhiệt độ lưu trữ: -20 đến 80 độ C
Nhiệt độ hoạt động: -10 đến 60 độ C
Độ ẩm hoạt động: 15-85% RH
Có thể vừa sạc vừa quay</pre>', 20, 'No Brand', 'USED', 0.8232598354811318, 17, 519000, 6, 4.8, 'https://vn-test-11.slatic.net/p/22974507ceb6385b95de67eb485f1a1e.jpg;https://vn-test-11.slatic.net/original/6c103b543658754d0d0102cef29066e3.jpg;https://vn-test-11.slatic.net/p/94a7d97dd30e28b46e89c720175de844.jpg;https://vn-test-11.slatic.net/p/95baf2922be307c8011939764a14ea83.jpg;https://vn-test-11.slatic.net/p/a59276888adc5a9e28e06f12831fc724.jpg;https://vn-test-11.slatic.net/p/474b4ba4a67d2ea7d56713efd4e3038e.jpg;https://vn-test-11.slatic.net/original/267ad73a934765bd541741dc7a181207.jpg;', 13, 6);

INSERT INTO review (id, product_id, reviewer, rating, `comment`) VALUES(20320, 2032, 'Thái H.', 3, 'máy nóng lắm nha shop, pin k đc 24h, khoảng 3 4h là hết pin, chắc do mạch nóng nên nhanh hết pin, mong shop sớm cải thiện hoặc ra bản mới tốt hơn, thanks shop.');

INSERT INTO review (id, product_id, reviewer, rating, `comment`) VALUES(20321, 2032, 'THUONG T.', 2, 'mọi người nên mua sản phẩm này dùng công việc chất lượng như shop giới thiệu không lệch gì, dùng phần mềm xem HDminicam chất lượng hình ảnh HD4k rất nét');

INSERT INTO review (id, product_id, reviewer, rating, `comment`) VALUES(20322, 2032, 'Nguyễn M.', 2, 'camera  bị mất sóng khi kết nối wifi');

INSERT INTO review (id, product_id, reviewer, rating, `comment`) VALUES(20323, 2032, 'Lập B.', 1, 'Chất lượng tốt ,giao hàng nhanh,Ok');

INSERT INTO review (id, product_id, reviewer, rating, `comment`) VALUES(20324, 2032, 'Nguyen V.', 1, 'Rat tot rat hai long voi san pham');

INSERT INTO product (id, name, short_desc, full_desc, category_id, brand_name, status, weight, available_item, unit_price, discount_percent, avg_rating, img_url, total_rating, supplier_id) VALUES(2033, 'Camera HDTVI ngoài trời hồng ngoại 20m 2MP Hikvision DS-2CE16D0T-IRP', 'Camera HDTVI ngoài trời hồng ngoại 20m 2MP Hikvision DS-2CE16D0T-IRP', '<pre>HD1080p, Cảm biến CMOS 2Mp, 24 bóng LEDs, Hồng ngoại 20m, Hình trụ hồng ngoại ngoài trời, Cắt lọc hồng ngoại.
Độ nhạy sáng 0.01 Lux/F1.2.
Hồng ngoại thông minh (Smart IR).
Giảm nhiễu KTS.
Ống kính 3.6(Đặt hàng ôk 6mm).</pre>', 20, 'Hikvision', 'USED', 7.456305383905163, 63, 355000, 6, 4.8, 'https://vn-test-11.slatic.net/p/2/camera-hdtvi-ngoai-troi-hong-ngoai-20m-2mp-hikvision-ds-2ce16d0t-irp-8207-55760811-b0a97e0f54e8465fce5a3245c492106d-catalog.jpg;https://vn-test-11.slatic.net/p/2/camera-hdtvi-ngoai-troi-hong-ngoai-20m-2mp-hikvision-ds-2ce16d0t-irp-8207-55760811-d65771771b7b2d51f197c31e00e2e183-catalog.jpg;https://vn-test-11.slatic.net/original/00ac5879e8cb3303787899ebddae73cc.jpg;', 17, 5);

INSERT INTO review (id, product_id, reviewer, rating, `comment`) VALUES(20330, 2033, 'Tran M.', 3, 'camera rõ rất là ok');

INSERT INTO review (id, product_id, reviewer, rating, `comment`) VALUES(20331, 2033, 'Đặng N.', 2, 'Hình ảnh rõ, đẹp. Sẽ tiếp tục ủng hộ shop');

INSERT INTO review (id, product_id, reviewer, rating, `comment`) VALUES(20332, 2033, 'đồng X.', 0, 'tốt, đóng gói cẩn thận');

INSERT INTO review (id, product_id, reviewer, rating, `comment`) VALUES(20333, 2033, 'Nguyễn Đ.', 0, 'Tiếc là sản phẩm không kèm theo nguồn -> không đúng nghĩa của 1 sản phẩm trọn vẹn (1 cam + 1 nguồn).
Phải chạy ra ngoài mua riêng nguồn + dây nối. Shop nên ghi rõ ràng và đứng vai trò tư vấn với khách!!!');

INSERT INTO review (id, product_id, reviewer, rating, `comment`) VALUES(20334, 2033, 'trinh H.', 1, '');

INSERT INTO product (id, name, short_desc, full_desc, category_id, brand_name, status, weight, available_item, unit_price, discount_percent, avg_rating, img_url, total_rating, supplier_id) VALUES(2034, 'Camera mini SQ11', 'Camera mini SQ11', '<pre>Chất liệu cao cấp
Độ bền cao
An toàn khi sử dụng
Giá cả hợp lý</pre>', 20, 'No Brand', 'NEW', 7.588771560882163, 92, 139000, 6, 0.0, 'https://vn-test-11.slatic.net/original/f936054316d28e3f559fd17f4e7647f0.jpg;https://vn-test-11.slatic.net/original/16fa17b42627aa4698d5811e72903c53.jpg;https://vn-test-11.slatic.net/original/74dc2285d0bea3065af923876dbe2d98.jpg;', 0, 9);

INSERT INTO product (id, name, short_desc, full_desc, category_id, brand_name, status, weight, available_item, unit_price, discount_percent, avg_rating, img_url, total_rating, supplier_id) VALUES(2035, 'Camera IP/Wifi Yoosee 3 râu - Đàm thoại hai chiều tặng thẻ nhớ 32GB', 'Camera IP/Wifi Yoosee 3 râu - Đàm thoại hai chiều tặng thẻ nhớ 32GB', '<pre>Cảm biến hình ảnh: 720P 1.0M CMOS
Hệ thống tín hiệu: PAL/NTSC
Tốc độ video: 25 FPS hoặc 30 FPS
Phát hiện chuyển động: Có
Hỗ trợ chụp ảnh: Có
Hỗ trợ NVR: Có
Đầu vào âm thanh: Microphone tích hợp
Đầu ra âm thanh: Microphone tích hợp, tai nghe gắn ngoài
Hỗ trợ lưu trữ: 1 x Micro SD
Báo động: Hỗ trợ báo động qua điện thoại, email
Báo động Wireless: 64 sectors
Hỗ trợ Wireless: 802.11 b/g/n
Cổng giao tiếp Ethernet: RJ45 100m/ 1000m/ Base-TX
Ống kính: 3.6/2.8mm
Hồng ngoại: 10m
Nguồn đầu vào: DC5V 2A
Nhiệt độ hoạt động: -10 độ đến 60 độ
Độ ẩm hoạt động: tối đa 90%</pre>', 20, 'OEM', 'USED', 1.4816726217945506, 59, 399000, 6, 4.4, 'https://vn-test-11.slatic.net/p/d499a093586118d1f56059f5bf8f4c2f.jpg;https://vn-test-11.slatic.net/p/9218cfc089a2bde42c333f40d06485f5.jpg;https://vn-test-11.slatic.net/p/149122f6ac77c063f2d7e97424668942.jpg;https://vn-test-11.slatic.net/p/88789a035a14608d6b0df13876dcb2f8.jpg;https://vn-test-11.slatic.net/p/b0827c5f622b624fb43f8b81a44cb4cc.jpg;', 28, 7);

INSERT INTO review (id, product_id, reviewer, rating, `comment`) VALUES(20350, 2035, 'Pham V.', 2, 'Camera ko cài dc , ko có nút reset , nhờ hỗ trợ cài cũng ko có người liên lạc, mua 2 cái vất đi luôn nói chung là quá tệ');

INSERT INTO review (id, product_id, reviewer, rating, `comment`) VALUES(20351, 2035, 'TRAN T.', 1, 'hàng  chất lượng tốt; giao hàng nhanh');

INSERT INTO review (id, product_id, reviewer, rating, `comment`) VALUES(20352, 2035, 'Phạm H.', 1, 'Nói tặng thẻ nhớ mà có thấy thẻ nhớ đâu.');

INSERT INTO review (id, product_id, reviewer, rating, `comment`) VALUES(20353, 2035, 'TRAN T.', 2, 'hàng tốt');

INSERT INTO review (id, product_id, reviewer, rating, `comment`) VALUES(20354, 2035, 'TRAN T.', 3, 'hàng  tốt');

INSERT INTO product (id, name, short_desc, full_desc, category_id, brand_name, status, weight, available_item, unit_price, discount_percent, avg_rating, img_url, total_rating, supplier_id) VALUES(2036, 'Camera Wifi YooSee 3 Anten HD720P + Thẻ 32Gb Chuyên Dụng CAMERA', 'Camera Wifi YooSee 3 Anten HD720P + Thẻ 32Gb Chuyên Dụng CAMERA', '<pre>Cảm biến hình ảnh: 720P 1.0M CMOS
Hệ thống tín hiệu: PAL/NTSC
Độ phân giải video: 1280 x 720
Tốc độ video: 25 FPS hoặc 30 FPS
Phát hiện chuyển động: Có
Hỗ trợ chụp ảnh: Có
Hỗ trợ NVR: Có
Đầu vào âm thanh: Microphone tích hợp
Đầu ra âm thanh: Microphone tích hợp, tai nghe gắn ngoài
Hỗ trợ lưu trữ: 1 x Micro SD
Hỗ trợ Wireless: 802.11 b/g/n
Cổng giao tiếp Ethernet: RJ45 100m/ 1000m/ Base-TX
Ống kính: 3.6/2.8mm
Hồng ngoại: 10m
Nguồn đầu vào: DC5V 2A
Nhiệt độ hoạt động: -10 độ đến 60 độ
Độ ẩm hoạt động: tối đa 90%</pre>', 20, 'No Brand', 'USED', 6.372023415365048, 8, 449000, 6, 4.4, 'https://vn-test-11.slatic.net/original/1f55df2b730bef26d57cc5c575d7581f.jpg;https://vn-test-11.slatic.net/original/c3d9daf00d61857ab3068682a59cde4a.jpg;https://vn-test-11.slatic.net/original/2ab2fc5c9ab1c20534f4151fb47debf6.jpg;', 93, 5);

INSERT INTO review (id, product_id, reviewer, rating, `comment`) VALUES(20360, 2036, 'Binh P.', 4, 'mình đã nhận được hàng, nhưng thắc mắc là cùng camera của hãng yoosee kèm theo thẻ nhớ 32g mà soop bán cho mình 460k loại 720 trong khi đó loại đề xuất cho mình 1080 cùng hãng lại có 398k');

INSERT INTO review (id, product_id, reviewer, rating, `comment`) VALUES(20361, 2036, 'Hoàng Đ.', 0, 'Mình mua 2 cái, dùng cũng tạm ổn. Về độ bền thì cần thêm thời gian mới biết được. Mình mua loại 720P nên chất lượng hơi mờ. So với ngoài thị trường thì tạm hài lòng với sản phẩm. Nhưng có lần sau thì mình sẽ chọn chất lượng cao hơn.');

INSERT INTO review (id, product_id, reviewer, rating, `comment`) VALUES(20362, 2036, 'Vu H.', 2, 'Hình ảnh tạm ổn, nhưng chỉ dùng trên một máy được thôi, máy sau vào thiết bị toàn báo sai mật khẩu. Mà sao gọi hotline toàn tắt máy là sao?');

INSERT INTO review (id, product_id, reviewer, rating, `comment`) VALUES(20363, 2036, 'Lazada Customer', 3, '3Anten thực sự dùng có1 cái 2 cái kia là lừa khách hang');

INSERT INTO review (id, product_id, reviewer, rating, `comment`) VALUES(20364, 2036, 'Lazada Customer', 3, 'độ nét chưa cao');

INSERT INTO product (id, name, short_desc, full_desc, category_id, brand_name, status, weight, available_item, unit_price, discount_percent, avg_rating, img_url, total_rating, supplier_id) VALUES(2037, 'Camera Wifi Sony 2.0 1080 mẫu 2018 xoay 360', 'Camera Wifi Sony 2.0 1080 mẫu 2018 xoay 360', '<pre>Nhỏ gọn bằng nắm tay, có thể treo hoặc ốp trên tường
Kết nối không dây bằng wifi trong nhà bạn
Xem mọi lúc trên điện thoại, máy tính
Có thể nghe nói 2 chiều qua mic và loa trên camera
Ứng dụng trong nhiều
Sử dụng đơn giản, cắm điện là chạy
Có mắt hồng ngoại xem được rõ trong ban đêm
Quay video siêu nét chất lượng HD 1080P
Hỗ trợ thẻ nhớ để ghi hình xem lại khi cần thiết</pre>', 20, 'No Brand', 'USED', 5.679074815069688, 9, 515000, 6, 5.0, 'https://vn-test-11.slatic.net/original/da7b632dbe1d6203a6eb7ba8765186da.jpg;https://vn-test-11.slatic.net/original/fbbb7aebf5c630872a850ad5debb7a4e.jpg;https://vn-test-11.slatic.net/original/3457e5da3764f4fd7fd652cdc6e6c48d.jpg;https://vn-test-11.slatic.net/original/e16bfdf933869231634554fb56939548.jpg;https://vn-test-11.slatic.net/original/c816627b831e0ee0096444b8b32ee683.jpg;https://vn-test-11.slatic.net/original/3bc3f56fac5f1c05d13e16d9c597adef.jpg;', 5, 6);

INSERT INTO review (id, product_id, reviewer, rating, `comment`) VALUES(20370, 2037, 'Lazada Customer', 4, 'Camera nét căng, hỗ trợ tận tình');

INSERT INTO product (id, name, short_desc, full_desc, category_id, brand_name, status, weight, available_item, unit_price, discount_percent, avg_rating, img_url, total_rating, supplier_id) VALUES(2038, 'Camera bóng đèn Yoosee VR960 Panorama tặng kèm thẻ nhớ 32GB chuẩn Class 10', 'Camera bóng đèn Yoosee VR960 Panorama tặng kèm thẻ nhớ 32GB chuẩn Class 10', '<pre>Tặng kèm thẻ nhớ Yoosee 32GB
Camera Wifi IP giám sát toàn cảnh không sợ điểm mù
Xem trực tiếp và xem lại dễ dàng qua điện thoại
Kiểu dáng bóng đèn , sang trong , cá tính
Góc siêu rộng 360 độ, độ phân giải 1080
Mắt camera 1.3M , cảm biến ánh sáng
Đàm thoại 2 chiều từ xa mọi lúc mọi nơi</pre>', 20, 'YooSee', 'USED', 1.2590069026876791, 56, 499000, 6, 5.0, 'https://vn-test-11.slatic.net/original/f53b7fe80e7ffdd44833b2df2e6f166c.jpg;https://vn-test-11.slatic.net/original/ff5b69ae90dc4cd687699c8fad68ebbc.jpg;https://vn-test-11.slatic.net/original/996bdb355df1bdc0a0608391cfa89a9a.jpg;https://vn-test-11.slatic.net/original/9512f93eeb3a5032ab3da2005e8b923c.jpg;', 7, 1);

INSERT INTO review (id, product_id, reviewer, rating, `comment`) VALUES(20380, 2038, 'Tiến D.', 2, 'Sản phẩm dùng tốt');

INSERT INTO product (id, name, short_desc, full_desc, category_id, brand_name, status, weight, available_item, unit_price, discount_percent, avg_rating, img_url, total_rating, supplier_id) VALUES(2039, 'camera AHD thân hồng ngoại Questek QTX-3701AHD', 'camera AHD thân hồng ngoại Questek QTX-3701AHD', '<pre>- Cảm biến hình ảnh: HD 720p SONY image sensor ( 1.0 Megapixel )- Truyền hình ảnh chất lượng HD với khoảng cách 500-700m ,không bị delay hình ảnh- Độ phân giải:HD (1280 x 7200 ) 1.0 MP- Ánh sáng tối thiểu:0.01 Lux/F1.2- Ống kính:4mm(6/8mm tùy chọn)- Hồng ngoại: 2 array led- Tầm xa hồng ngoại:25~30m- Chức năng khác:BLC,D-WDR( chống ngược sáng),HSBLC(chống chói sáng)- Giảm nhiễu khi ánh sáng yếu:2D,3D,NR- Tự động cân bằng sáng- Nguồn:12v</pre>', 20, 'QUESTEK', 'USED', 2.755206207393754, 9, 200000, 6, 4.5, 'https://vn-test-11.slatic.net/original/6f0211b332daf35738d90d98956327f7.jpg;', 2, 5);

INSERT INTO review (id, product_id, reviewer, rating, `comment`) VALUES(20390, 2039, 'BÙI Đ.', 1, 'Hiện tại chưa thấy có vấn đề gì.');

INSERT INTO product (id, name, short_desc, full_desc, category_id, brand_name, status, weight, available_item, unit_price, discount_percent, avg_rating, img_url, total_rating, supplier_id) VALUES(210, 'Camera IP Xiaomi Home 360 HD 2017 PTZ (Trắng) - Hãng phân phối chính thức', 'Camera IP Xiaomi Home 360 HD 2017 PTZ (Trắng) - Hãng phân phối chính thức', '<pre>Độ phần giải: HD 720P
Góc ngang: 360
Góc dọc: 115
Kết nối: Wifi 2.4G
Hỗ trợ nhìn đêm: Có đèn hồng ngoại
Kết nối ứng dụng: Mihome
Tương thích: iOS 8.0; Android 4.0
Lưu trữ nội dung: Đám mây, Thẻ nhớ (class 10)</pre>', 21, 'Xiaomi', 'NEW', 0.7766138288877299, 3, 659000, 6, 4.2, 'https://vn-test-11.slatic.net/p/ca92faee2ae7635596d2c8bd49647522.jpg;https://vn-test-11.slatic.net/original/deaba0c6ac3025cce9a57c4664db1fad.jpg;https://vn-test-11.slatic.net/p/2/camera-ip-xiaomi-home-360-hd-2017-ptz-trang-hang-phan-phoi-chinh-thuc-8858-80436912-6d5e25da1cf188d8337d0c4a10c728b6-catalog.jpg;https://vn-test-11.slatic.net/p/2/camera-ip-xiaomi-home-360-hd-2017-ptz-trang-hang-phan-phoi-chinh-thuc-8858-80436912-4502b33b62837821ba4052ebee84bac3-catalog.jpg;https://vn-test-11.slatic.net/p/2/camera-ip-xiaomi-home-360-hd-2017-ptz-trang-hang-phan-phoi-chinh-thuc-8858-80436912-28837050200c12c12b8676341935cf03-catalog.jpg;https://vn-test-11.slatic.net/p/2/camera-ip-xiaomi-home-360-hd-2017-ptz-trang-hang-phan-phoi-chinh-thuc-8858-80436912-47be59695601b8ecefdc0bf36ee472b1-catalog.jpg;https://vn-test-11.slatic.net/original/35c4f9c697a38b752f905d68dec54842.jpg;', 592, 9);

INSERT INTO review (id, product_id, reviewer, rating, `comment`) VALUES(2100, 210, 'Du M.', 1, 'bi loi roi mong duoc ho tro');

INSERT INTO review (id, product_id, reviewer, rating, `comment`) VALUES(2101, 210, 'LÊ H.', 3, 'Sao quét mà QR xng rồi mà đợi kết nối ko được , cài 2 ngày nay rồi shop ơi ( connect time out)');

INSERT INTO review (id, product_id, reviewer, rating, `comment`) VALUES(2102, 210, 'Nguyen C.', 3, 'hàng chất lượng tốt đó, nhưng shop có thể gửi link down firmware này không, có thể hướng dẫn mình update firmware không. thanks');

INSERT INTO review (id, product_id, reviewer, rating, `comment`) VALUES(2103, 210, 'Huỳnh Đ.', 3, 'Camera build tốt nhưng firmware quá tệ, upgrade 1 phát bị lỗi là hư luôn. Lên mạng xem không phải chỉ mình mình bị, nhìn chung là firmware ẩu quá. Nếu hãng biết upgrade không ổn định thì không nên cho app MiHome đề nghị user upgrade. Mới mua giờ phải mang đi bảo hành. Củ chuối.');

INSERT INTO review (id, product_id, reviewer, rating, `comment`) VALUES(2104, 210, 'Lazada Customer', 4, 'Không thấy tuỳ chọn sao lưu dữ liệu qua điện thoại, đám mây. Nếu trộm vào nhà lấy luôn cả Camera thì chịu thua.');

INSERT INTO product (id, name, short_desc, full_desc, category_id, brand_name, status, weight, available_item, unit_price, discount_percent, avg_rating, img_url, total_rating, supplier_id) VALUES(211, 'Camera chống trộm Xiaomi 360° 1080P Xiaomi QDJ4041GL (Trắng)-Chính hãng Xiaomi', 'Camera chống trộm Xiaomi 360° 1080P Xiaomi QDJ4041GL (Trắng)-Chính hãng Xiaomi', '<pre>Hồng ngoại quay ban đêm rất nhạy.
Xoay 360 độ góc lên và xuống tự do.
Độ phân giải 1080p.
Ứng dụng hỗ trợ Mihome trên tất cả smart điện thoại.
Cắm thẻ SD hỗ trợ 64GB.
Có thể kết nối thiết bị phát sóng wifi.</pre>', 21, 'Xiaomi', 'USED', 4.591621883396866, 1, 779000, 6, 3.6, 'https://vn-test-11.slatic.net/p/be02c61c3d681be837027fb7f0edae6a.jpg;https://vn-test-11.slatic.net/p/14d5b5ed2243cd1024db66ffd5aa6b98.jpg;https://vn-test-11.slatic.net/p/70304f8966c899dfcd63339740059f5e.jpg;https://vn-test-11.slatic.net/p/5a3b90b3c2ac5a8647ebbe9e0241446d.jpg;https://vn-test-11.slatic.net/p/6a1538e445e24dedc872870d05ab0d25.jpg;', 29, 8);

INSERT INTO review (id, product_id, reviewer, rating, `comment`) VALUES(2110, 211, 'Tấn Đ.', 0, 'Hàng chuẩn, xài kết nối ổn định, thích hợp cho bạn nào dùng nhieu cai hoặc build smart home cho nhà mình. Nhưng hdsd chưa tốt, app mihome có nhiều thiết bị, hình giống nhau, nếu chọn không đúng sẽ không kết nối được, mình chọn cái như hình, nằm áp chót mới ok, mấy bạn chú ý nha');

INSERT INTO review (id, product_id, reviewer, rating, `comment`) VALUES(2111, 211, 'Dương K.', 1, 'Hình ảnh rõ đàm thoại rõ. Ko củ sạc máy chỉ hiẻn thị hd ko chi tiết là 720 hay 1080 nên cũng ko biết chính xác mode máy có phải là 1080. Nhưng rất vui khi sử dụng nc cùng các con ở nhà rất tốt. Hy vọng sp bền theo tg. Năm mới chúc shop vạn sự như ý. Cảm ơn shop rất nhiều.');

INSERT INTO review (id, product_id, reviewer, rating, `comment`) VALUES(2112, 211, 'nông M.', 3, 'Sử dụng chưa được 1 tháng đã lỗi. Giờ muốn sử dụng phải reset liên tục. Sáng reset xài được hết ngày tới sáng hôm sau lại phải reset mới sử dụng được tiếp phiền vô cùng. Máy chính hãng đắt tiền vậy mà xài còn thua xa máy rẻ tiền hàng chợ. Coi như rằm tháng 7 tới sớm vậy. ');

INSERT INTO review (id, product_id, reviewer, rating, `comment`) VALUES(2113, 211, 'Ngoc H.', 3, 'mua cái camera hd 1080p của xiaomi, sd thấy camera bị mờ, chất lượng hình ảnh k đc rõ nét, kể cả ban ngày lẫn ban đêm, k biết bị lỗi camera hay do sản phẩm chỉ thu được chất lượng hình ảnh như vậy, cửa hàng cho 1 chút thông tin hỗ trợ khách hàng nhé');

INSERT INTO review (id, product_id, reviewer, rating, `comment`) VALUES(2114, 211, 'Lazada Customer', 0, 'Chất lượng tốt, giá mua ưu đãi, box thiếu cục sạc nên dùng cục sạc samsung, :))');

INSERT INTO product (id, name, short_desc, full_desc, category_id, brand_name, status, weight, available_item, unit_price, discount_percent, avg_rating, img_url, total_rating, supplier_id) VALUES(212, 'Thẻ nhớ SanDisk SDHC Ultra 32GB 48Mb/s (Đen) - HãngPhânphốichínhthức', 'Thẻ nhớ SanDisk SDHC Ultra 32GB 48Mb/s (Đen) - HãngPhânphốichínhthức', '<pre>Dễ dàng sử dụng
Thiết kế độc đáo thông minh
Dung lượng 32GB
Truyền tải hình ảnh và video tốc độ cao
Tương thích với camera và máy ảnh du lịch
Thẻ nhớ Class 10 hỗ trợ quay phim Full HD
Hoạt động tốt trong môi trường khắc nghiệt</pre>', 21, 'SanDisk', 'USED', 8.24878901479871, 41, 175700, 6, 4.4, 'https://vn-test-11.slatic.net/p/3c7dd906c7c8a2e0b58423ea38de0b60.jpg;https://vn-test-11.slatic.net/p/2/the-nho-sandisk-sdhc-ultra-32gb-48mbs-den-hangphanphoichinhthuc-1513175535-0460303-58b7f2c5043b964015e92ab10b8848c5-catalog.jpg;', 170, 9);

INSERT INTO review (id, product_id, reviewer, rating, `comment`) VALUES(2120, 212, 'Hảii S.', 2, 'hàng đã bị rạch một đường. không còn nguyên kiện. mã số trên hộp không trùng với mã số trên thẻ. có hành vi lừa đảo');

INSERT INTO review (id, product_id, reviewer, rating, `comment`) VALUES(2121, 212, 'nguyễn t.', 2, 'Ổn, nhung sao có vẻ chậm hơn cái 16g tôc độ 30mb hiện có của tôi.dùng trên dslr tốc độ lưu ảnh chỉ tạm được chứ chưa nhanh lắm, độ trễ hơi nhiều');

INSERT INTO review (id, product_id, reviewer, rating, `comment`) VALUES(2122, 212, 'Đại L.', 0, 'Đặt hàng sáng sớm, chiều đã nhận được hàng, đúng là hàng được giao bởi chính Lazada, nhanh thật đấy!');

INSERT INTO review (id, product_id, reviewer, rating, `comment`) VALUES(2123, 212, 'Trương Đ.', 0, 'Lúc đầu thấy giá rẻ tưởng bị hàng kém chất lượng, ai ngờ về check thì là hàng của nhà phân phối sandisk tại Việt Nam nên rất yên tâm, test tốc độ bằng phần mềm thấy tốc độ ghi 15Mb/s, ổn, chụp ảnh và quay video thử thì rất nhanh và mượt. Lần đầu tiên đặt hàng trên Lazada, giao hàng rất nhanh, bọc gói hàng cẩn thận. Tuy nhiên mình còn đợi hoàn tiền của 1 đơn hàng hủy, hi vọng sẽ nhanh nhận lại tiền!');

INSERT INTO review (id, product_id, reviewer, rating, `comment`) VALUES(2124, 212, 'Nguyễn H.', 0, 'Giao hàng nhanh. đóng gói cẩn thận. Sản phẩm tốt. made in Taiwan. Nhập mã lên trang chủ Sandisk báo thời hạn bảo hành đến 2023.');

INSERT INTO product (id, name, short_desc, full_desc, category_id, brand_name, status, weight, available_item, unit_price, discount_percent, avg_rating, img_url, total_rating, supplier_id) VALUES(213, 'Camera IP Wifi Yoosee 3 Râu HD Không Dây Phiên Bản 2018', 'Camera IP Wifi Yoosee 3 Râu HD Không Dây Phiên Bản 2018', '<pre>Là model mới được nâng cấp chip wifi giúp tăng khả năng bắt sóng wifi cực khỏe cho hình ảnh mượt mà trôi chảy hơn.
Chất liệu và linh kiện sản phẩm cũng được nâng cấp cho sản phẩm cứng cáp và đẳng cấp hơn.
QUAY 360 ĐỘ
HÌNH ẢNH SẮC NÉT FULL HD
NGHE ĐƯỢC ÂM THANH
ĐÀM THOẠI 2 CHIỀU
KẾT NỐI KHÔNG DÂY WIFI
DỄ SỬ DỤNG – DỄ CÀI ĐẶT
CẢM BIẾN HỒNG NGOẠI XEM ĐÊM
XEM LẠI VIDEO
GIÁM SÁT MỌI LÚC- MỌI NƠI
BÁO ĐỘNG</pre>', 21, 'OEM', 'NEW', 1.78440193597231, 74, 318500, 6, 4.4, 'https://vn-test-11.slatic.net/original/9c67b641603026fd38a0418d444550a9.jpg;https://vn-test-11.slatic.net/original/67de0ead160cd60978dc2f2ce27d398d.jpg;https://vn-test-11.slatic.net/p/2/camera-ip-wifi-3-rau-8106-14390493-3a1642b6fb3879bcd2f8a6dc078d9d9f-catalog.jpg;https://vn-test-11.slatic.net/p/2/camera-ip-wifi-3-rau-8106-14390493-b55d6261bb9cf79dde29f92574b0163f-catalog.jpg;https://vn-test-11.slatic.net/p/2/camera-ip-wifi-3-rau-8106-14390493-8f900a37754233370e39ff1372eb2bd2-catalog.jpg;', 384, 5);

INSERT INTO review (id, product_id, reviewer, rating, `comment`) VALUES(2130, 213, 'Dang N.', 4, 'Vừa nhận hàng, mình đã tiến hành cài đặt thử, dễ cài đặt. Hình ảnh mới đặt chế độ SD nhưng cũng rõ nét, đàm thoại nghe được 2 chiều.');

INSERT INTO review (id, product_id, reviewer, rating, `comment`) VALUES(2131, 213, 'VÕ H.', 4, 'Shop bán hàng đúng mẫu mình cần, 3 râu rời loại mới. Máy mua về kết nối rất nhanh và ok, mời các bạn xem clip mình kết nối trên youtube: "Cách kết nối camera 3 râu Yoosee mới nhất dễ nhất" của kênh youtube VÕ HIỀN TRỌNG HIẾU sẽ rõ thôi, đó là hàng mình mua của shop nhé.');

INSERT INTO review (id, product_id, reviewer, rating, `comment`) VALUES(2132, 213, 'Nguyễn P.', 2, 'sản phẩm giống với mô tả và sử dụng rất mượt mà trên thiết bị theo dõi. cảm ơn shop đã mang sản phẩm tốt đến tay người tiêu dùng.');

INSERT INTO review (id, product_id, reviewer, rating, `comment`) VALUES(2133, 213, 'Lazada Customer', 3, 'không thể xem nổi hình. trả hàng còn báo không đủ điều kiện đổi trả, nhưng không nói rõ vì sao không đủ. quá tệ');

INSERT INTO review (id, product_id, reviewer, rating, `comment`) VALUES(2134, 213, 'iyfyiyifyif', 0, 'cam chất lượng hình ảnh ok. giao hàng nhanh. đóng gói cẩn thận. có kèm giấy hướng dẫn rất dễ cài đặt. mở hộp phát cài sài luôn. noi chung hàng rất ưng ý . thank shop');

INSERT INTO product (id, name, short_desc, full_desc, category_id, brand_name, status, weight, available_item, unit_price, discount_percent, avg_rating, img_url, total_rating, supplier_id) VALUES(214, 'Thẻ nhớ MicroSDHC Samsung EVO Plus 32GB 95MB/s (New 2017)', 'Thẻ nhớ MicroSDHC Samsung EVO Plus 32GB 95MB/s (New 2017)', '<pre>Loại card : Micro SDHC UHS-I- Tốc độ đọc : 95MB/s ( tối đa )
Tốc độ ghi : 20MB/s ( tối đa )
Lưu ý : Tốc độ thực tế có thể khác nhau tùy thuộc vào điều kiện sử dụng thiết bị máy chủ và môi trường.</pre>', 21, 'Samsung', 'NEW', 1.3019372504757523, 9, 111000, 6, 4.7, 'https://vn-test-11.slatic.net/p/2/the-nho-microsdhc-samsung-evo-plus-32gb-95mbs-new-2017-0617-4769806-9e3529d0c6b80b60e2bd71b3667b7c47-catalog.jpg;https://vn-test-11.slatic.net/original/f53e87335d0b8ab15248125a64deb298.jpg;https://vn-test-11.slatic.net/original/168ec0680e0847d9c81caa77c99eb137.jpg;https://vn-test-11.slatic.net/original/8f23ad446776101d8cb2ba773bd07152.jpg;https://vn-test-11.slatic.net/original/70c9c368733889257ca350f93677b312.jpg;https://vn-test-11.slatic.net/original/57c8cbf4407d7d221957c5fa5a95e520.jpg;', 1251, 9);

INSERT INTO review (id, product_id, reviewer, rating, `comment`) VALUES(2140, 214, 'Bùi H.', 4, 'Thẻ nhớ dùng rất tốt. Dung lượng trống khoảng 30 GB (mình check trên PC).
Tốc độ copy dữ liệu khá nhanh, dao động từ 12 - 16mb/s. Nói chung là rất đáng tiền !!');

INSERT INTO review (id, product_id, reviewer, rating, `comment`) VALUES(2141, 214, 'Nguyen T.', 2, 'ok đúng như qc');

INSERT INTO review (id, product_id, reviewer, rating, `comment`) VALUES(2142, 214, 'LÊ D.', 1, 'nhận được dùng cho camera thấy ghi hình ok , camera trước cũng dùng SamSung thấy lưu được 2 tuần nên mua thêm cái nữa cho cái camera thứ 2');

INSERT INTO review (id, product_id, reviewer, rating, `comment`) VALUES(2143, 214, 'Phạm V.', 1, 'Rất hài lòng với sản phẩm.');

INSERT INTO review (id, product_id, reviewer, rating, `comment`) VALUES(2144, 214, 'Cao T.', 4, 'Mình mua ngay ngày sales của Lazada 11.11 giá 128k + tiền ship 11k nữa là 139k, tính ra cũng khá rẻ so với mua ở ngoài cửa hàng. Thẻ nhớ mình nhận được là hàng nguyên seal và không thấy tem bảo hành đâu cả nên không biết lỡ có trục trặc thì sao, nhưng thôi kệ đi, dù sao thẻ nhớ cũng hiếm khi nào bị hư nếu xài đúng cách. Mình thử copy 5 file, mỗi file hơn 1GB, tổng cộng hơn 5GB trên máy tính chạy Windows 10 vào thẻ nhớ mất khoảng 3 phút, đối với mình như vậy là OK rồi.');

INSERT INTO product (id, name, short_desc, full_desc, category_id, brand_name, status, weight, available_item, unit_price, discount_percent, avg_rating, img_url, total_rating, supplier_id) VALUES(215, 'Thẻ nhớ Micro SD 32Gb U3 Class 10 Tốc độ cao siêu bền cho camera', 'Thẻ nhớ Micro SD 32Gb U3 Class 10 Tốc độ cao siêu bền cho camera', '<pre>Dung lượng 32gb
Tương thích nhiều thiết bị : Điện thoại , Camera IP, Camera hành trình , máy tính bảng ,...
Tốc độ đọc CÓ THỂ lên tới 100MB/s
XIN QUÝ KHÁCH LƯU Ý : TỐC ĐỘ THẺ NHỚ U3 ĐƯỢC KIỂM TRA TRÊN ĐẦU ĐỌC THẺ NHỚ USB 3.0
Bảo hành theo chính sách đổi mới , 1 đổi 1 trong 5 năm</pre>', 21, 'No Brand', 'USED', 9.845187075018007, 1, 75000, 6, 4.6, 'https://vn-test-11.slatic.net/original/86b496a519f2d92163b00a665268b5c6.jpg;https://vn-test-11.slatic.net/original/78477a3e021bffa9d3d661a833a24caf.jpg;https://vn-test-11.slatic.net/original/0f4164ba333bed5f26448534e44c560e.jpg;', 92, 1);

INSERT INTO review (id, product_id, reviewer, rating, `comment`) VALUES(2150, 215, 'Dang T.', 3, 'mình đặt mua 2 cái thì nhận dc 1 cái lành lặn còn 1 cái bị gãy mà shop vẫn giao cho khách là thế nào, tuy ko đáng bao nhiêu tiền nhưng shop làm vậy sẽ ảnh hưởng đến uy tín của shop,quá thất vọng');

INSERT INTO review (id, product_id, reviewer, rating, `comment`) VALUES(2151, 215, 'Bùi C.', 0, 'và vấn đề là mình thẻ nhớ ko hoạt động mình đã thử qua mấy dòng điện thoại nhưng ko dc,buồn 😞😞');

INSERT INTO review (id, product_id, reviewer, rating, `comment`) VALUES(2152, 215, 'nguyen T.', 3, 'Đung Lượng Gần Đủ Thiếu Có 0,01GB Thui :))');

INSERT INTO review (id, product_id, reviewer, rating, `comment`) VALUES(2153, 215, 'Đỗ M.', 2, 'nhận được hàng,ok rẻ nhưng chưa biết có bền ko');

INSERT INTO review (id, product_id, reviewer, rating, `comment`) VALUES(2154, 215, 'Đinh V.', 4, 'Chuẩn như quảng cáo! Class 10, U3. cắm vào điện thoại nhận luôn!');

INSERT INTO product (id, name, short_desc, full_desc, category_id, brand_name, status, weight, available_item, unit_price, discount_percent, avg_rating, img_url, total_rating, supplier_id) VALUES(216, 'Thẻ nhớ MicroSDHC SanDisk Ultra 32GB 80MB/s (New)', 'Thẻ nhớ MicroSDHC SanDisk Ultra 32GB 80MB/s (New)', '<pre>Loai thẻ nhớ: MicroSDHCHãng sản xuất: Sandisk (USA)Dung lượng: 32GBTốc độ đọc: 80MB/s (tối đa)Tốc độ ghi: 15MB/s (tối đa)</pre>', 21, 'SanDisk', 'USED', 3.4997428419845065, 92, 103000, 6, 4.8, 'https://vn-test-11.slatic.net/p/2/the-nho-microsdhc-sandisk-ultra-32gb-80mbs-new-8439-35120504-eedb844e641aae764ed6b223376e0386-catalog.jpg;https://vn-test-11.slatic.net/p/2/the-nho-microsdhc-sandisk-ultra-32gb-80mbs-new-8439-35120504-9a22198026f3fe4a03b22ac0c4111c56-catalog.jpg;', 257, 9);

INSERT INTO review (id, product_id, reviewer, rating, `comment`) VALUES(2160, 216, 'Lolicon O.', 3, 'chất lượng tốt đóng gói khá đơn giản, dung lượng đủ như quảng cáo được tặng kèm thẻ SD lớn mà không dùng tới :v');

INSERT INTO review (id, product_id, reviewer, rating, `comment`) VALUES(2161, 216, 'tri.trung', 4, 'nhìn chung bề ngoài ok, còn nguyên seal, đóng gói tuy không được đẹp lắm, dung lượng tốt.');

INSERT INTO review (id, product_id, reviewer, rating, `comment`) VALUES(2162, 216, 'Lê V.', 2, 'Hàng đóng gói cẩn thận. Tốc độ cho đầu đọc 2.0 là 16M/s, đầu đọc 3.0 là 28M/s. Như vậy mình thấy cũng là ngon trong tầm giá rồi. Thanks shop.');

INSERT INTO review (id, product_id, reviewer, rating, `comment`) VALUES(2163, 216, 'Nguyễn T.', 0, 'cũng đc,thiếu hơn 1gb');

INSERT INTO review (id, product_id, reviewer, rating, `comment`) VALUES(2164, 216, 'Lazada Customer', 0, 'Giá tốt, sd ok, độ bền chờ xem sao');

INSERT INTO product (id, name, short_desc, full_desc, category_id, brand_name, status, weight, available_item, unit_price, discount_percent, avg_rating, img_url, total_rating, supplier_id) VALUES(217, 'Camera hành trình chồng nước full 1080HD Camera hành trình', 'Camera hành trình chồng nước full 1080HD Camera hành trình', '<pre>- Màn hình: 2 inch LCD
- Bộ nhớ: sử dụng thẻ SD , hỗ trợ lên đến 32GB
- Thời gian hoạt động lên đến 120''
- Video: 1920 x 1080 px, 1280 x 720 px ,Góc rộng: 140 độ</pre>', 21, 'No Brand', 'NEW', 3.8679721118623758, 78, 165000, 6, 4.3, 'https://vn-test-11.slatic.net/original/d800d1b2f059550df1135334e21d3ac2.jpg;https://vn-test-11.slatic.net/original/326e0d1346093272f6551bf9618e5919.jpg;https://vn-test-11.slatic.net/original/8cdcccab04e696dc5aaff662ab859655.jpg;https://vn-test-11.slatic.net/original/aa24b00c260982c414144055419fdefc.jpg;https://vn-test-11.slatic.net/original/b22330faaa93eba39de13e322f714afc.jpg;https://vn-test-11.slatic.net/original/728af3bf7aaa7e06325885ffec75d923.jpg;https://vn-test-11.slatic.net/original/ac46bee73eb67f0d786a2c732d824f06.jpg;https://vn-test-11.slatic.net/original/c8fd22c883cdfddf2dfb6d96c7ce1170.jpg;', 32, 2);

INSERT INTO review (id, product_id, reviewer, rating, `comment`) VALUES(2170, 217, 'Tran A.', 4, 'hàng quay thì cũng tạm nhưng mà tại sao camera lại bị trầy xước quá nhiều ở mặt màn hình! mong shop lần sau kiểm tra kĩ hàng trước khi gửi.');

INSERT INTO review (id, product_id, reviewer, rating, `comment`) VALUES(2171, 217, 'Lazada Customer', 3, 'Giao thiếu 1 phụ kiện với lại cái vỏ hộp camera bị móp méo bị bốc mở ra 
Chất lượng vừa vừa');

INSERT INTO review (id, product_id, reviewer, rating, `comment`) VALUES(2172, 217, 'Sang G.', 1, 'Hàng kem chat luon vay');

INSERT INTO review (id, product_id, reviewer, rating, `comment`) VALUES(2173, 217, 'Nguyên K.', 0, 'mua về rùi mà ko quay được . mà có quay được cũng ko phát lại videol');

INSERT INTO review (id, product_id, reviewer, rating, `comment`) VALUES(2174, 217, 'Đạt', 3, 'Giao thiếu keo 3m k làm j đcp');

INSERT INTO product (id, name, short_desc, full_desc, category_id, brand_name, status, weight, available_item, unit_price, discount_percent, avg_rating, img_url, total_rating, supplier_id) VALUES(218, 'Camera Hanh Trinh Tren Xe May, Mua Ngay Camera Hành Trình Sport Full Hd 1080 cao cấp, Chống Bụi Chống Nước Tốt, BH uy tín 1 đổi 1', 'Camera Hanh Trinh Tren Xe May, Mua Ngay Camera Hành Trình Sport Full Hd 1080 cao cấp, Chống Bụi Chống Nước Tốt, BH uy tín 1 đổi 1', '<pre>Phân phối và bảo hành 1 đổi 1 trong 6 Tháng bởi KINGTECH-SG
Được thiết kế để gắn lên các vị trí như mũ bảo hiểm, ghi-dong xe máy, xe đạp, trên otô và thậm chí là trên máy bay điều khiển từ xa để quay lại những hình ảnh mà người sử dụng mong muốn
Khi kết hợp với case chống nước IP 68 giúp máy có KHẢ NĂNG CHỐNG NƯỚC tốt ở độ sâu 30m giúp bạn có thể quay phim khi đi bơi hay lặn mà không lo lắng chiếc Camera bị hỏng.
Màn hình RỘNG 2 INCH giúp bạn có thể xem lại video, ảnh 1 cách thuận tiện.
Máy có khả năng xác định và CẢNH BÁO MỨC PIN giúp bạn dễ dàng xác định để sạc, và bạn sẽ không bị bỏ lỡ những khung hình đẹp vì hết pin, bạn cũng có thể vừa sạc vừa quay phim.
Chế độ cân bằng sáng tự động (WDR) có thể QUAY RÕ NÉT TRONG ĐÊM
Với khả năng chống rung hiệu quả .
Pin theo máy: quay được 1,5 tiếng
Máy có 5 chế độ cân bằng sang tự động.
Ứng dụng: Các môn thể thao mạo hiểm, thể thao ngoài trời, xe đạp, motor, lặn biển, camera an ninh, fly camera, nhảy dù, web camera...</pre>', 21, 'OEM', 'USED', 7.015596981573873, 79, 264170, 6, 4.2, 'https://vn-test-11.slatic.net/original/30eb8610c7350a18decdb24d3f11d0be.jpg;https://vn-test-11.slatic.net/original/c2ab058f4291619bdb33fce30cb59ab8.jpg;https://vn-test-11.slatic.net/original/b4d4f2ab15618170dc58baebe3ffcf7d.jpg;https://vn-test-11.slatic.net/original/63c5be01a8111ef9798ca9381818a0f0.jpg;https://vn-test-11.slatic.net/original/dfa9dc1ac638f8b1ba1cd6b2d4f084a2.jpg;https://vn-test-11.slatic.net/original/fb09c9ea3098b2377d496d8a67e24e3f.jpg;https://vn-test-11.slatic.net/original/94bc79b47d49753f2e2761d15c5a2542.jpg;https://vn-test-11.slatic.net/original/9898b4619960e94da1a5a8b5de3dadd5.jpg;', 175, 5);

INSERT INTO review (id, product_id, reviewer, rating, `comment`) VALUES(2180, 218, 'Lazada Customer', 1, 'camera xài ổn định, hình ảnh nét
Shop cực kì nhiệt tình. Các bạn nên mua shop này vì sự tư vấn tận tâm của chủ cửa hàng
camera tot khong bi van de gi ca dong goi san pham rat dep
Rất cảm ơn shop');

INSERT INTO review (id, product_id, reviewer, rating, `comment`) VALUES(2181, 218, 'Hưng V.', 4, 'san pham boc rat ky, co mut xop ben trong, phu kien day du, cam on shop
còn gắn được nón bảo hiểm nữa, hay!');

INSERT INTO review (id, product_id, reviewer, rating, `comment`) VALUES(2182, 218, 'Nguyễn T.', 0, 'quá rẻ so với thị trường , đáng với đồng tiền bỏ ra, đã nhận hàng đầy đủ phụ kiện, đóng gói đẹp và cẩn thận, tư vấn kĩ. thks shop');

INSERT INTO review (id, product_id, reviewer, rating, `comment`) VALUES(2183, 218, 'tuyết F.', 3, 'trả ảnh shop nè, mới test thử , âm thanh, hình ảnh tot. Cam đẹp, quay chụp đều nét. phụ kiện đầy đủ, đóng gói đẹp');

INSERT INTO review (id, product_id, reviewer, rating, `comment`) VALUES(2184, 218, 'Thủy T.', 0, 'Camera có Quay phim, chụp ảnh. Độ nét ảnh Quay khá tốt , sáng . Pin sử dụng Quay liên tục khoảng 1h đến 1h30 . Có menu chỉnh chức năng , âm thanh rõ . Dễ sử dụng, nhìn chung rất ổn.');

INSERT INTO product (id, name, short_desc, full_desc, category_id, brand_name, status, weight, available_item, unit_price, discount_percent, avg_rating, img_url, total_rating, supplier_id) VALUES(219, 'Ống Nhòm Nhìn Xa 10Km, Ống Nhòm Galileo 20X50 Hải Quân Hoa Kỳ, Bạn Có Thể Thỏa Mãn Với Tất Cả Các Nhu Cầu Sử Dụng Cao Của Mình, Sale 50%.', 'Ống Nhòm Nhìn Xa 10Km, Ống Nhòm Galileo 20X50 Hải Quân Hoa Kỳ, Bạn Có Thể Thỏa Mãn Với Tất Cả Các Nhu Cầu Sử Dụng Cao Của Mình, Sale 50%.', '<pre>Ống nhòm 20 x 50mm phóng đại 20 lần
Mắt kinh thủy tinh cao cấp, hình ảnh sáng trong
Kết cấu hợp kim phủ sao su, hàng chuẩn giá đi đôi chất lượng
Thích hợp cho người muốn quan sát theo dõi từ xa
thấu kính BAK4 tái tạo mầu sắc siêu nét,
Hình ảnh sắc nét, Film FMC bảo vệ mắt
Bảo hàng 12 tháng toàn quốc</pre>', 21, 'OEM', 'NEW', 5.101230773815854, 48, 480000, 6, 4.8, 'https://vn-test-11.slatic.net/p/83c3b712f3065fa9f9324cb43ed594b5.jpg;https://vn-test-11.slatic.net/p/61e1a919dbfafd1b65b60be729be173f.jpg;https://vn-test-11.slatic.net/original/dfce5215d6bf1e73b9f509a17744d263.jpg;https://vn-test-11.slatic.net/original/429708e930ce61ee57d6ccf9d28c5e41.jpg;https://vn-test-11.slatic.net/original/b69e5069d1649aaf0eb99ba172b9e9b4.jpg;https://vn-test-11.slatic.net/original/6d316baaedcc58b3b64310d2ce199c78.jpg;https://vn-test-11.slatic.net/original/8b977f82c068c33da7acfd1fed5c0705.jpg;https://vn-test-11.slatic.net/original/645bcbc429436561837edaa429328b83.jpg;', 102, 3);

INSERT INTO review (id, product_id, reviewer, rating, `comment`) VALUES(2190, 219, 'Dat', 3, 'Sau khi nhận hàng và sử dụng thì hiện tại thấy dùng ổn k có vấn đề j. Nếu có lỗi j thì sẽ báo lại cho cửa hàng để xử lý');

INSERT INTO review (id, product_id, reviewer, rating, `comment`) VALUES(2191, 219, 'a N.', 1, 'tôi đã nhận được rồi nhé shop sản phẩm rất rõ nét zoom cũng rất ok giá cả hợp lý tôi rất thích sản phẩm này');

INSERT INTO review (id, product_id, reviewer, rating, `comment`) VALUES(2192, 219, 'CS H.', 1, 'sản phẩm tốt mình rất hài lòng');

INSERT INTO review (id, product_id, reviewer, rating, `comment`) VALUES(2193, 219, 'Quyết', 1, 'Đóng gói chắc chắn, sản phẩm sử dụng tốt. Tôi rất hài lòng, shop rất nhiệt tình tư vấn, cách nói chuyện vui tính, rất ôn hòa với khách!');

INSERT INTO review (id, product_id, reviewer, rating, `comment`) VALUES(2194, 219, 'Giá Đ.', 3, 'đã mua 3 cái rồi shop nhé. ngắn gọn thôi : đẹp , rẻ, tốt ngoài dự kiến . giao hàng nhanh, đóng gói cẩn thận . thanks shop nhiều');

INSERT INTO product (id, name, short_desc, full_desc, category_id, brand_name, status, weight, available_item, unit_price, discount_percent, avg_rating, img_url, total_rating, supplier_id) VALUES(2110, 'Máy Ảnh kỹ thuật số Cầm Tay Ngoài Trời Cấp Cứu Sống Còn Máy Ảnh Cổ Tay Vòng Tay (Xanh Quân Đội)-quốc tế', 'Máy Ảnh kỹ thuật số Cầm Tay Ngoài Trời Cấp Cứu Sống Còn Máy Ảnh Cổ Tay Vòng Tay (Xanh Quân Đội)-quốc tế', '<pre>Được làm từ chất liệu chất lượng cao, chắc chắn, bền và thân thiện với môi trường
Kèm dây đeo này với máy ảnh của bạn, rất tiện lợi để mang theo máy ảnh của bạn và để giữ máy ảnh của bạn an toàn khi bạn chụp ảnh
Dệt thiết kế, có thể mở ra như một sợi dây (dây khoảng 3 mét đường kính) cho dừng chảy máu và bó lên lều tạm và thiết bị để chống mất
Chỉ như một chiếc vòng tay, thích hợp mang hàng ngày</pre>', 21, 'OEM', 'NEW', 2.7871599252047394, 62, 94000, 6, 4.1, 'https://vn-test-11.slatic.net/p/2/digital-camera-hand-strap-outdoor-emergency-survival-camera-wrist-bracelet-army-green-intl-0631-21206471-828f587e869aa76099a4a194a4340655-catalog.jpg;https://vn-test-11.slatic.net/p/2/digital-camera-hand-strap-outdoor-emergency-survival-camera-wrist-bracelet-army-green-intl-0631-21206471-751e80f18f569c93cbbe3c6268bf8f2a-catalog.jpg;https://vn-test-11.slatic.net/p/2/digital-camera-hand-strap-outdoor-emergency-survival-camera-wrist-bracelet-army-green-intl-0631-21206471-ce1070b4decb4425d35c1c032b4c9159-catalog.jpg;https://vn-test-11.slatic.net/p/2/digital-camera-hand-strap-outdoor-emergency-survival-camera-wrist-bracelet-army-green-intl-0631-21206471-0197b4e5e64ed6782a928b77b87ea86b-catalog.jpg;https://vn-test-11.slatic.net/p/2/digital-camera-hand-strap-outdoor-emergency-survival-camera-wrist-bracelet-army-green-intl-0631-21206471-025c310d2fb084fb79c6b9ad9f4e2695-catalog.jpg;https://vn-test-11.slatic.net/p/2/digital-camera-hand-strap-outdoor-emergency-survival-camera-wrist-bracelet-army-green-intl-0631-21206471-1c5b90482f7bc694c95a17bcaca94fa8-catalog.jpg;https://vn-test-11.slatic.net/p/2/digital-camera-hand-strap-outdoor-emergency-survival-camera-wrist-bracelet-army-green-intl-0631-21206471-ca760873adc649c43f8298788f232bf9-catalog.jpg;https://vn-test-11.slatic.net/p/2/digital-camera-hand-strap-outdoor-emergency-survival-camera-wrist-bracelet-army-green-intl-0631-21206471-4b2042b6a16cec280141c11d2f505c86-catalog.jpg;', 17, 5);

INSERT INTO review (id, product_id, reviewer, rating, `comment`) VALUES(21100, 2110, 'chien D.', 2, 'giới thiệu sai sản phẩm. tưởng là máy ảnh hoá ra là đây.đề nghị shop xem lại cách làm việc');

INSERT INTO review (id, product_id, reviewer, rating, `comment`) VALUES(21101, 2110, 'Út D.', 3, 'Thất vọng cứ ngỡ la may chụp hình quang cao k chinh xác');

INSERT INTO review (id, product_id, reviewer, rating, `comment`) VALUES(21102, 2110, 'Nguyễn V.', 2, '高品质');

INSERT INTO product (id, name, short_desc, full_desc, category_id, brand_name, status, weight, available_item, unit_price, discount_percent, avg_rating, img_url, total_rating, supplier_id) VALUES(2111, 'Canera wifi ngoài trời 2.0 chống nước cực tốt, đàm thoại 2 chiều, xem đêm có màu IPW011', 'Canera wifi ngoài trời 2.0 chống nước cực tốt, đàm thoại 2 chiều, xem đêm có màu IPW011', '<pre>Độ phân giải:1080P,cho hình ảnh sắc nét.
Cóâm thanh đàm thoại 2 chiều
Đèn flash nhìnđêm có màu.
Tiêu chuẩn IP66 chống nước, chống bụi.
Hệ thống tín hiệu: PAL/NTSC
Tốc độ video: 25 FPS hoặc 30 FPS
Hỗ trợ chụp ảnh: Có
Hỗ trợ NVR: Có</pre>', 21, 'YooSee', 'USED', 4.197700701658967, 98, 545000, 6, 4.5, 'https://vn-test-11.slatic.net/p/22c7ceac9b81e3bfdb235bbff59f4ed6.jpg;https://vn-test-11.slatic.net/p/6ff0606bc0bfade6131a4230b2875574.jpg;https://vn-test-11.slatic.net/p/7dd0124c8ef39c6774240cd0841c4058.jpg;https://vn-test-11.slatic.net/p/9039d73c1e23391d348beddcd8194b73.jpg;https://vn-test-11.slatic.net/p/f0e0292d351c0aa203cd1f40a756fcb6.jpg;https://vn-test-11.slatic.net/p/d66f159581cf1fac7947982387656f60.jpg;https://vn-test-11.slatic.net/original/651bf11e5990762cf80a30e581753e1a.jpg;https://vn-test-11.slatic.net/p/f73e1b255555b4cc53e79e90091b9b36.jpg;', 160, 6);

INSERT INTO review (id, product_id, reviewer, rating, `comment`) VALUES(21110, 2111, 'Sieu T.', 3, 'Hợp lý với giá cả, trước mắt thấy ổn,chất lượng ok,nhân viên  Giao hàng nhanh ,tận tình. OK');

INSERT INTO review (id, product_id, reviewer, rating, `comment`) VALUES(21111, 2111, 'Ha P.', 4, 'cho5 sao hang rất ok');

INSERT INTO review (id, product_id, reviewer, rating, `comment`) VALUES(21112, 2111, 'Phạm V.', 2, 'Hàng giao không như mô tả: Không phải 2.0 độ phân giải1080P mà là loại có độ phân giải quá thấp nên hình ảnh xem trên màn hình full HD rất mờ, màu sắt nhòe nhoẹt. Không nhận thẻ nhớ. Thanh đỡ camera quá yếu nên khi có gió thì camara rung liên tục.
Đã nhắn đề nghị shop đổi cái khác chất lượng đúng như mô tả nhưng shop không trả lời.');

INSERT INTO review (id, product_id, reviewer, rating, `comment`) VALUES(21113, 2111, 'Hai D.', 1, 'Tôi đã nhắn tin đề nghị đổi đúng hàng nhưng shop không trả lời.');

INSERT INTO review (id, product_id, reviewer, rating, `comment`) VALUES(21114, 2111, 'VO A.', 4, 'camera tốt hình ảnh đẹp, mình đặt mua thêm cái nữa . hài lòng với sp nhưng chưa biết độ bền thế nào để thời gian trả lời..');

INSERT INTO product (id, name, short_desc, full_desc, category_id, brand_name, status, weight, available_item, unit_price, discount_percent, avg_rating, img_url, total_rating, supplier_id) VALUES(2112, 'Pin sạc 18650 LSY công suất thực 2200MAH dùng cho Box sạc, cell laptop, đèn pin, mic...hiệu suất chuyển đổi năng lượng cao (1 viên)', 'Pin sạc 18650 LSY công suất thực 2200MAH dùng cho Box sạc, cell laptop, đèn pin, mic...hiệu suất chuyển đổi năng lượng cao (1 viên)', '<pre>Pin sạc lithium 18650 3.7V cho thời lượng chiếu sáng Pin được lâu
Sử dụng cho đèn pin và các thiết bị có điện áp 3.7V như box sạc, đèn pin, cell laptop, quạt, mic...
Pin cho phép sạc lại đến 1000 lần mà không làm giảm chất lượng pin.
Dung lượng thật: 2200mAh
Hiệu suất chuyển đổi năng lượng cao</pre>', 21, 'OEM', 'NEW', 7.047358237906264, 34, 17000, 6, 4.6, 'https://vn-test-11.slatic.net/original/cb9a7713ea612ee32326030f30664afe.jpg;https://vn-test-11.slatic.net/original/cf65cb6881ead93226a019af8c636f42.jpg;https://vn-test-11.slatic.net/original/1f5177fa6593288cd7e6320042ea2f98.jpg;', 17, 6);

INSERT INTO review (id, product_id, reviewer, rating, `comment`) VALUES(21120, 2112, 'Đào V.', 3, 'Hình thức như mới ổn định nói chung sản phẩm đúng với giá tiền cho 5☆');

INSERT INTO review (id, product_id, reviewer, rating, `comment`) VALUES(21121, 2112, 'Mạnh N.', 1, 'tốt');

INSERT INTO review (id, product_id, reviewer, rating, `comment`) VALUES(21122, 2112, 'Nguyễn T.', 4, 'chúng tôi cảm ơn shop');

INSERT INTO review (id, product_id, reviewer, rating, `comment`) VALUES(21123, 2112, 'Nhỏ T.', 1, 'Tạm ổn');

INSERT INTO review (id, product_id, reviewer, rating, `comment`) VALUES(21124, 2112, 'Ha N.', 3, 'Sp ok.');

INSERT INTO product (id, name, short_desc, full_desc, category_id, brand_name, status, weight, available_item, unit_price, discount_percent, avg_rating, img_url, total_rating, supplier_id) VALUES(2113, 'thẻ nhớ micro sd tặng đầu đọc thẻ xoay', 'thẻ nhớ micro sd tặng đầu đọc thẻ xoay', '<pre>nhỏ gọn tiện dụng tóc độ nhanh</pre>', 21, 'OEM', 'NEW', 4.142551292464672, 39, 42000, 6, 4.5, 'https://vn-test-11.slatic.net/original/0c96d6c1f0b2c307cd40cba901928e4a.jpg;https://vn-test-11.slatic.net/original/895fbe456132669883546b3ded4fdc71.jpg;https://vn-test-11.slatic.net/original/0dfabcd724f2c07b612efb7f1306fe86.jpg;', 58, 1);

INSERT INTO review (id, product_id, reviewer, rating, `comment`) VALUES(21130, 2113, 'Lazada Customer', 3, 'Thẻ đúng loại ,đầu đọc dùng được,giao hàng nhanh.');

INSERT INTO review (id, product_id, reviewer, rating, `comment`) VALUES(21131, 2113, 'pham Q.', 3, '');

INSERT INTO review (id, product_id, reviewer, rating, `comment`) VALUES(21132, 2113, 'Đại Q.', 0, 'Sản phẩm rất tốt.');

INSERT INTO review (id, product_id, reviewer, rating, `comment`) VALUES(21133, 2113, 'nguyễn V.', 2, 'the nho ok chat luog dc tag them usb cug ok lun se ug ho shop nua');

INSERT INTO review (id, product_id, reviewer, rating, `comment`) VALUES(21134, 2113, 'Đăng T.', 4, 'Chất lượng OK, giá hợp lý');

INSERT INTO product (id, name, short_desc, full_desc, category_id, brand_name, status, weight, available_item, unit_price, discount_percent, avg_rating, img_url, total_rating, supplier_id) VALUES(2114, 'Camera Wifi giám sát 3 râu Yoosee - 10 đèn hồng ngoại quay trong đêm', 'Camera Wifi giám sát 3 râu Yoosee - 10 đèn hồng ngoại quay trong đêm', '<pre>Cảm biến hình ảnh: 960P 1.3M CMOS
Ống kính: 3.6/2.8mm Hồng ngoại : 10 bóng
Hệ thống tín hiệu: PAL/NTSC
Phát hiện chuyển động: Có
Hỗ trợ chụp ảnh: Có
Hỗ trợ NVR: Có .
Đầu vào âm thanh: Microphone tích hợp
Đầu ra âm thanh: Microphone tích hợp, tai nghe gắn ngoài
Hỗ trợ lưu trữ: 1 x Micro SD lên đến 64GB.
Báo động: Hỗ trợ báo động qua điện thoại, email
Hỗ trợ Wireless: 802.11 b/g/n , Wifi không dây
Nguồn đầu vào: DC5V 2A
Video hướng dẫn kết nối :https://www.youtube.com/watch?v=A6iIL2rXNCQ</pre>', 21, 'Smart New', 'NEW', 8.645880802327822, 35, 318099, 6, 4.6, 'https://vn-test-11.slatic.net/original/19faf70d3e9ac505a3166ebeaee4b260.jpg;https://vn-test-11.slatic.net/original/cba89f8dcb58cbf5d85e325d2b424c03.jpg;https://vn-test-11.slatic.net/original/320a7d81a672890beb6c8306dcb772ba.jpg;https://vn-test-11.slatic.net/original/f5b9aa745d7b46b463e7bb44ff645d7d.jpg;', 202, 3);

INSERT INTO review (id, product_id, reviewer, rating, `comment`) VALUES(21140, 2114, 'Vương V.', 0, 'sản phẩm nhìn hình ảnh ban ngày rõ nét .đóng gói cẩn thận .mic hơi dè.nói chung dùng được .sẽ đặt thêm 2 cái');

INSERT INTO review (id, product_id, reviewer, rating, `comment`) VALUES(21141, 2114, 'Lazada Customer', 0, 'Đừng mua.mua về chang khác nao mang con bo chợ.nhan vien huong dan cai đặt gọi 1000 k nghe may.minh nhắc lai la một nghìn lần k nghe may.hinh ảnh chỉ đạt 720p thui.quảng cáo bão 1090hd.đung  ham rẻ mà mua.cốt nhất la mua ở cửa hang gần nh.    M');

INSERT INTO review (id, product_id, reviewer, rating, `comment`) VALUES(21142, 2114, 'Phan D.', 3, 'Tạm ổn so với giá tiền');

INSERT INTO review (id, product_id, reviewer, rating, `comment`) VALUES(21143, 2114, 'Hungvy N.', 2, 'Không kết nối wifi được shop ho trợ khach hang nha');

INSERT INTO review (id, product_id, reviewer, rating, `comment`) VALUES(21144, 2114, 'Lazada Customer', 2, 'Sài dc 1 thaq r... Sp rat ok');

INSERT INTO product (id, name, short_desc, full_desc, category_id, brand_name, status, weight, available_item, unit_price, discount_percent, avg_rating, img_url, total_rating, supplier_id) VALUES(2115, 'Bán Camera Hành Trình Sport 1080 HD Mua Ngay Camera Hành Trình Sport Full Hd 1080 Cao Cấp - Chống Bụi - Chống Nước Tốt -Video 4K Bh Uy Tín 1 Đổi 1 Bởi Good 365 Sale Đẫm Máu 50%', 'Bán Camera Hành Trình Sport 1080 HD Mua Ngay Camera Hành Trình Sport Full Hd 1080 Cao Cấp - Chống Bụi - Chống Nước Tốt -Video 4K Bh Uy Tín 1 Đổi 1 Bởi Good 365 Sale Đẫm Máu 50%', '<pre>Phân phối và bảo hành 1 đổi 1 trong 6 Tháng bởi Good 365
Được thiết kế để gắn lên các vị trí như mũ bảo hiểm, ghi-dong xe máy, xe đạp, trên otô và thậm chí là trên máy bay điều khiển từ xa để quay lại những hình ảnh mà người sử dụng mong muốn
Khi kết hợp với case chống nước IP 68 giúp máy có KHẢ NĂNG CHỐNG NƯỚC tốt ở độ sâu 30m giúp bạn có thể quay phim khi đi bơi hay lặn mà không lo lắng chiếc Camera bị hỏng.
Màn hình RỘNG 2 INCH giúp bạn có thể xem lại video, ảnh 1 cách thuận tiện.
Máy có khả năng xác định và CẢNH BÁO MỨC PIN giúp bạn dễ dàng xác định để sạc, và bạn sẽ không bị bỏ lỡ những khung hình đẹp vì hết pin, bạn cũng có thể vừa sạc vừa quay phim
Chế độ cân bằng sáng tự động (WDR) có thể QUAY RÕ NÉT TRONG ĐÊM
Với khả năng chống rung hiệu quả .
Pin theo máy: quay được 1,5 tiếng
Máy có 5 chế độ cân bằng sang tự động.
Ứng dụng: Các môn thể thao mạo hiểm, thể thao ngoài trời, xe đạp, motor, lặn biển, camera an ninh, fly camera, nhảy dù, web camera...
Hỗ trợ thẻ nhớ lên tới 32gb
Góc rộng 170 độ ống kính cho phép bạn quay ở các góc độ của người dùng mong muốn
Cảm biến : 12Mega Pixels CMOS-Sensor AR0330</pre>', 21, 'No Brand', 'USED', 0.7034964668039787, 50, 310000, 6, 4.5, 'https://vn-test-11.slatic.net/p/dacfcc8a828f29d1e82c6c07166d34fd.jpg;https://vn-test-11.slatic.net/p/2b79d37de0f4ac80009c5056a3a88633.jpg;https://vn-test-11.slatic.net/p/a291d19cee7f7a7ff21615c8a2cd6b0f.jpg;https://vn-test-11.slatic.net/p/1c088d747a1c74c5ece854a528e0f934.jpg;https://vn-test-11.slatic.net/p/5342aa0aca6806c585f36a23dafeb079.jpg;https://vn-test-11.slatic.net/p/fcb1e9d275ba73c638f71b9f49c66b9e.jpg;https://vn-test-11.slatic.net/p/0e3b1f37f7ac080e1d9de0046c1f4291.jpg;https://vn-test-11.slatic.net/p/3e558821015994cf6b488ef2a6469cd1.jpg;', 67, 8);

INSERT INTO review (id, product_id, reviewer, rating, `comment`) VALUES(21150, 2115, 'A3', 1, 'trả ảnh shop nè, mới test thử , âm thanh, hình ảnh sắc nét.gói hàng chắc chắn, cẩn thận. k biết dùng thời gian nua thế nào 
nhưng vân cho shop 5 sao nhé.');

INSERT INTO review (id, product_id, reviewer, rating, `comment`) VALUES(21151, 2115, 'b15', 0, 'trả hình shop này sp ok lắm phụ kiện đầy đủ nữa hàng đóng gói rất cẩn thân thank shop');

INSERT INTO review (id, product_id, reviewer, rating, `comment`) VALUES(21152, 2115, 'A2', 2, 'xịn quá. vừa nhận hàng lúc chiều giờ mới rảnh để kiểm tra hàng.camera khá nét, chống nước khá tốt.nói chung rất thích.');

INSERT INTO review (id, product_id, reviewer, rating, `comment`) VALUES(21153, 2115, 'Lazada Customer', 0, 'giao hàng đúng hẹn chống nước oke nhân viên giao hàng vui vẻ nhiệt tình. s minh quay thử playcam thấy hơi mờ nằm trong tầm giá, nhưng vẫn ủng hộ 5*');

INSERT INTO review (id, product_id, reviewer, rating, `comment`) VALUES(21154, 2115, 'Giang', 1, '');

INSERT INTO product (id, name, short_desc, full_desc, category_id, brand_name, status, weight, available_item, unit_price, discount_percent, avg_rating, img_url, total_rating, supplier_id) VALUES(2116, 'Camera wifi V380 1.0 anten giấu kín xem gia đình từ xa qua điện thoại-Trắng', 'Camera wifi V380 1.0 anten giấu kín xem gia đình từ xa qua điện thoại-Trắng', '<pre>Hỗ trợ xem từ xa bằng điện thoại qua ứng dụng : V380
Cảm biến hình ảnh: 8135S + 9712Sensor (720P 1280 * 720)
Ống kính: 3.6mm
Độ phân giải: 1280 x 720 (1.0MP)
Góc quay: xoay ngang 355 độ, xoay dọc 110 độ
Chiếu sáng tối thiểu: 0.02Lux @ (F2.0, AGC ON), 0Lux với IR
IR-Cut Không dây: Xem từ xa qua thiết bị Iphone, Android
Đôi lọc tự động chuyển mạch, 5-10M (phụ thuộc) khoảng cách hồng ngoại
Chuẩn nén: H.264
Video frame Rate : 30FPS
Video tốc độ dữ liệu nén: HD (720p) thạo (VGA)
Audio chuẩn nén: AOPCM, tốc độ dữ liệu: Adaptive
Giao thức mạng không dây: Wi-Fi (IEEE802.11b)
Bộ nhớ: Micro SD thẻ nhớ, tối đa 64GB
Nguồn cung cấp: DC 5V 1A
Nhỏ gọn và tiện lợi, có thế đặt ở bất cứ vị trí nào cực kì dễ dàng .
Đàm thoại 2 chiều
Có khe cắm thẻ nhớ lưu trữ TF, Pan / Tilt</pre>', 21, 'V380', 'NEW', 9.023262534485673, 34, 280000, 6, 4.4, 'https://vn-test-11.slatic.net/p/5cc1225c7933c591812b801d28e1ed2c.jpg;https://vn-test-11.slatic.net/p/fb3798e233763d1d3406c41e577cb964.jpg;https://vn-test-11.slatic.net/original/ff345445bc7a2dc5fe70845d5fdebe37.jpg;https://vn-test-11.slatic.net/original/a38401eaca7f449d5e8912171ddfa742.jpg;https://vn-test-11.slatic.net/original/55c4a6181869be848104a98b9fbf1f3f.jpg;https://vn-test-11.slatic.net/original/d9e2b5a931ef78b69060e2de476801e7.jpg;https://vn-test-11.slatic.net/original/4020b7f1ab54c58fd8f28ce260933d4f.jpg;https://vn-test-11.slatic.net/original/2a5730d500baa27262956421a3de31d4.jpg;', 44, 9);

INSERT INTO review (id, product_id, reviewer, rating, `comment`) VALUES(21160, 2116, 'mai T.', 2, 'tôi đặt 3 cái. nhưng chỉ coi được từng cái. kết nối luôn 3 cái thì coi ko được');

INSERT INTO review (id, product_id, reviewer, rating, `comment`) VALUES(21161, 2116, 'Phương H.', 3, 'Mình đã đặt hàng ở Siêu thị Bảo An 4 lần (1_2_3_2)/1 cái bị lỗi kỹ thuật mình đã gởi đến SHOP : thời gian nhận lại hàng và được SHOP hồi âm LÂU QUÁ');

INSERT INTO review (id, product_id, reviewer, rating, `comment`) VALUES(21162, 2116, 'Lazada Customer', 4, 'K kết nối dc b oi');

INSERT INTO review (id, product_id, reviewer, rating, `comment`) VALUES(21163, 2116, 'mai D.', 4, 'sam pham khong nhận the nhớ');

INSERT INTO review (id, product_id, reviewer, rating, `comment`) VALUES(21164, 2116, 'Huỳnh Đ.', 2, 'Camera Trước mắt sử dụng Rất Hài lòng. Shop tận tình hướng dẫn Chu Đáo (Mình đã mua 3 cái rồi, chờ thời gian sử dụng TỐT nữa có 10 SAO cho luôn');

INSERT INTO product (id, name, short_desc, full_desc, category_id, brand_name, status, weight, available_item, unit_price, discount_percent, avg_rating, img_url, total_rating, supplier_id) VALUES(2117, 'Gậy Chụp Hình Tripod 3120 + Tặng kèm 1 Remote chụp hình + Tripod bạch tuột + 1 Gá kẹp điện thoại', 'Gậy Chụp Hình Tripod 3120 + Tặng kèm 1 Remote chụp hình + Tripod bạch tuột + 1 Gá kẹp điện thoại', '<pre>Kết cấu 3 chân rút, vững chắc.
Chiều cao tối đa 102cm
Chiều cao gấp gọn 35cm
Chất liệu hợp kim nhôm, đẹp.</pre>', 21, 'No Brand', 'NEW', 4.97543315941484, 31, 119000, 6, 4.6, 'https://vn-test-11.slatic.net/original/0f68a9b190d18f1b69cbda76ce2d4cb8.jpg;https://vn-test-11.slatic.net/original/a33cf6f06ed5f487fb01b9878eff3a86.jpg;https://vn-test-11.slatic.net/original/da8f779f88c05197a61271580b2a4954.jpg;https://vn-test-11.slatic.net/original/6c00a6269c5d8e17c72df16c3fdfa86c.jpg;https://vn-test-11.slatic.net/original/90b8af033ac8ea1cecfbeb4f79c34674.jpg;', 82, 9);

INSERT INTO review (id, product_id, reviewer, rating, `comment`) VALUES(21170, 2117, 'Hoàng P.', 3, 'Hàng giao đầy đủ, giao không quá trễ');

INSERT INTO review (id, product_id, reviewer, rating, `comment`) VALUES(21171, 2117, 'Nguyễn Đ.', 4, 'giao hàng như hình, giá cả tốt, chất lượng ổn, khá chắc chắn, còn về lâu về dài sử dụng không biết sao');

INSERT INTO review (id, product_id, reviewer, rating, `comment`) VALUES(21172, 2117, 'Trịnh T.', 3, '');

INSERT INTO review (id, product_id, reviewer, rating, `comment`) VALUES(21173, 2117, 'quang T.', 0, 'Hàng OK phù hợp với giá tiền');

INSERT INTO review (id, product_id, reviewer, rating, `comment`) VALUES(21174, 2117, 'Nguyen K.', 3, 'quá tốt so với giá');

INSERT INTO product (id, name, short_desc, full_desc, category_id, brand_name, status, weight, available_item, unit_price, discount_percent, avg_rating, img_url, total_rating, supplier_id) VALUES(2118, 'Thẻ nhớ 16GB Micro SDHC C10 + Tặng đầu đọc thẻ nhớ Micro (Mẫu ngẫu nhiên)', 'Thẻ nhớ 16GB Micro SDHC C10 + Tặng đầu đọc thẻ nhớ Micro (Mẫu ngẫu nhiên)', '<pre>Tương thích , sử dụng được cho nhiều thiết bị như : điện thoại , Camera , Máy tính bảng ,.... Nhỏ gọn tiện lợi
Độ bền cao
Đáp ứng nhu cầu sử dụng
class10 quay phim FullHD</pre>', 21, 'OEM', 'NEW', 1.2986505588508968, 73, 58000, 6, 4.7, 'https://vn-test-11.slatic.net/p/2/the-nho-16gb-micro-sdhc-c10-tang-dau-doc-the-nho-micro-mau-ngau-nhien-9539-37694204-0ae770ec7aa51223eea48c5aa253638b-catalog.jpg;https://vn-test-11.slatic.net/original/b4950d434bd6643cda88b14a76e5efd6.jpg;https://vn-test-11.slatic.net/original/3f71ff4590e62797418115fb45b78b79.jpg;', 84, 6);

INSERT INTO review (id, product_id, reviewer, rating, `comment`) VALUES(21180, 2118, 'Duong N.', 4, 'tốt mà tải game ko đc');

INSERT INTO review (id, product_id, reviewer, rating, `comment`) VALUES(21181, 2118, 'MC N.', 3, 'thẻ sài rất là rẻ mà còn chất lượng nữa chứ dung lượng thì chỉ có 14.5g chứ không được 16g như qc nhưng vẫn cho shop năm Sao ai có nhu cầu mua thẻ xin hãy vào shop này mua bảo đảm mọi người sẽ rất hài lòng với shop không phải sợ tiền mất tật mang đâu nha mọi người ạ');

INSERT INTO review (id, product_id, reviewer, rating, `comment`) VALUES(21182, 2118, 'Mai H.', 2, 'Shop này rất có uy tính và chất lượng...tuy giao hàng lâu là do bên vận chuyển nhưng sản phẩm thì phải nói rất là ngon');

INSERT INTO review (id, product_id, reviewer, rating, `comment`) VALUES(21183, 2118, 'Dương N.', 4, 'Giao hàng khá nhanh(TPHCM). Thẻ giá rẻ, chất lượng phục vụ tốt. Đơn hàng của mình bị thiếu đầu đọc bonus, mình phản ánh lập tức gọi điện xin lỗi KH.
Cho 9.5đ.');

INSERT INTO review (id, product_id, reviewer, rating, `comment`) VALUES(21184, 2118, 'Thịnh Q.', 3, 'Chưa bao giờ thấy Shop nào như vầy.... Gói cẩn thận đầy đủ phụ kiện, đã vậy còn phiếu hướng dẫn sử dụng đổi trả. Quà tặng kèm đầy đủ Rất Ưng');

INSERT INTO product (id, name, short_desc, full_desc, category_id, brand_name, status, weight, available_item, unit_price, discount_percent, avg_rating, img_url, total_rating, supplier_id) VALUES(2119, 'Bộ Tripod chân chụp ảnh 1020mm và giá đỡ điện thoại (Xám bạc)', 'Bộ Tripod chân chụp ảnh 1020mm và giá đỡ điện thoại (Xám bạc)', '<pre>Chiều cao tối đa 106cm
Chiều cao gấp gọn 35.5cm
Chiều cao tối thiểu 34.5cm
Chất liệu hợp kim nhôm
Sản xuất tại Trung Quốc</pre>', 21, 'OEM', 'USED', 1.2502066936586154, 9, 69000, 6, 4.7, 'https://vn-test-11.slatic.net/p/2/bo-tripod-chan-chup-anh-1020mm-va-gia-do-dien-thoai-xam-bac-6857-2923316-1df4760b5202810e08ac5a9ce5ee0a9a-catalog.jpg;https://vn-test-11.slatic.net/p/2/bo-tripod-chan-chup-anh-1020mm-va-gia-do-dien-thoai-xam-bac-6857-2923316-edf3f382e91e64cabb81e1a128bc2063-catalog.jpg;https://vn-test-11.slatic.net/p/2/bo-tripod-chan-chup-anh-1020mm-va-gia-do-dien-thoai-xam-bac-6857-2923316-7c1710e0ca5486cc3ecc45e2242b6c4e-catalog.jpg;', 163, 4);

INSERT INTO review (id, product_id, reviewer, rating, `comment`) VALUES(21190, 2119, 'Cocankp', 3, 'Chân chụp rất vững. Chắc chắn lắm. Đóng gói rất kĩ. Giao hàng chiên nghiệp. Ngoài hộp ra có kèm túi đựng chân chụp. Nói chung rất hài lòng. Sh y quảng cáo. Lúc m đặt ko có bluetooth nên hơi bất tiện. M đag hỏi shop để mua thêm.');

INSERT INTO review (id, product_id, reviewer, rating, `comment`) VALUES(21191, 2119, 'Tran T.', 3, 'sản phẩm vois tầm giá này là quá ngon, mợi người chú ý loại nhựa này ko đc chắc cho lắm, nên cần để lỏng chốt ròi điểu chỉnh hướng theo ý muốn');

INSERT INTO review (id, product_id, reviewer, rating, `comment`) VALUES(21192, 2119, 'Quỳnh P.', 1, 'Các chi tiết khoá đều chắc chắn. Có tặng túi đựng kèm');

INSERT INTO review (id, product_id, reviewer, rating, `comment`) VALUES(21193, 2119, 'Nguyễn N.', 1, 'Chân đế vững, các khớp nối bằng nhựa khá dễ bị tổn thương, cần thao tác rất nhẹ nhàng! Tuy nhiên không thể đòi hỏi quá nhiều ở tầm giá này.');

INSERT INTO review (id, product_id, reviewer, rating, `comment`) VALUES(21194, 2119, 'Tài N.', 1, 'Shop bán hàng chất lượng.  Giá 66k thì khỏi phải băn khoăn. Tóm tắt là Rất Rất đẹp đáng tiền lắm các bạn không cần suy nghỉ đâu 
Rất ok luôn đó. 
Cám ơn shop');

INSERT INTO product (id, name, short_desc, full_desc, category_id, brand_name, status, weight, available_item, unit_price, discount_percent, avg_rating, img_url, total_rating, supplier_id) VALUES(2120, 'Camera IP Wifi Yoosee không dây 2.0 Full HD 1080P 3 anten Góc Cực Rộng', 'Camera IP Wifi Yoosee không dây 2.0 Full HD 1080P 3 anten Góc Cực Rộng', '<pre>Nâng cấp độ phân giải lên 2.0 MP cho hình ảnh chuẩn Full HD 1080p.
3 râu bắt sóng mạnh hơn 1,5 lần thế hệ cũ. Do đó khoảng cách bạn đặt camera và thiết bị phát Wi-Fi được xa hơn.
Sản phẩm được update firmware mới nhất từ nhà sản xuất. Các bạn đang sử dụngcamera YooSee 2 râucũng có thể được cập nhật lên phiên bản mớinày.
Không cần dây cáp tín hiệu, chỉ cần có mạng Wi-Fi và nguồn điện, thẻ nhớ lưu trữ
Cảm biến với độ phân giải 2MP cho chất lượng hình ảnh Full HD 1080p – xem trực tiếp và ghi hình với hình ảnh rõ nét tuyệt vời
Hỗ trợđèn LED hồng ngoại IR-cut, quay rõ cả ban đêm với tầm xa lên tới 15m
Góc quay ngang 355 độ, lên xuống 120 độ
Xem trực tiếp qua mạng Internet với công nghệ P2P, không cần cài đặt DDNS, Port Forwarding trong router
Hỗ trợ thẻ nhớ lên tới 64GB, lưu trữ video hơn 15 ngày, tự động ghi đè khi thẻ nhớ đầy
Đàm thoại hai chiều trực tiếp với loa, mic tích hợp
Phát hiện chuyển động thông minh, cảnh báo đột nhập qua email hoặc qua phần mềm trên điện thoại
Tương thích với nhiều hệ điều hành: Windows, iOS, Android.
App: Yoosee hoặc YYP2P
Độ phân giải:Full HD1080P-2.0MP,cho hình ảnh sắc nét.
Hệ thống tín hiệu: PAL/NTSC
Tốc độ video: 25 FPS hoặc 30 FPS
Phát hiện chuyển động: Có
Hỗ trợ chụp ảnh: Có
Hỗ trợ NVR: Có
Đầu vào âm thanh: Microphone tích hợp
Đầu ra âm thanh: Microphone tích hợp, tai nghe gắn ngoài
Hỗ trợ lưu trữ:Micro SD 64GB
Báo động: Hỗ trợ báo động qua điện thoại
Báo động Wireless: 64 sectors
Hỗ trợ Wireless: 802.11 b/g/n
Cổng giao tiếp Ethernet: RJ45 100m/ 1000m/ Base-TX
Ống kính: 3.6/2.8mm
Hồng ngoại: 10m
Nguồn đầu vào: DC5V 2A
Nhiệt độ hoạt động: -10 độ đến 65độ
Độ ẩm hoạt động: tối đa 92%</pre>', 21, 'OEM', 'NEW', 6.306128272917441, 89, 419000, 6, 4.2, 'https://vn-test-11.slatic.net/original/28f2dd64417160547a7cd7c78de29643.jpg;https://vn-test-11.slatic.net/original/d11898c328321dbe6340c6e841a3ca78.jpg;https://vn-test-11.slatic.net/original/4ced3a9748c6ad48d994728436acc117.jpg;https://vn-test-11.slatic.net/original/b083679665bf189f9ce2057a4c2cc22e.jpg;', 13, 6);

INSERT INTO review (id, product_id, reviewer, rating, `comment`) VALUES(21200, 2120, 'ly T.', 1, 'Dùng ok.. Nhưng sao vài ngày lại báo thẻ nhớ ko hoạt động, tháo thẻ ra lắp vô thì sử dụng dược vài ngày rồi lại bị như cũ... Biết lý do ko shop???');

INSERT INTO review (id, product_id, reviewer, rating, `comment`) VALUES(21201, 2120, 'Hieu C.', 2, 'Ok sài ngon đóng gói cẩn thận');

INSERT INTO review (id, product_id, reviewer, rating, `comment`) VALUES(21202, 2120, 'Hieu C.', 4, 'Đạt ok mọi thứ');

INSERT INTO review (id, product_id, reviewer, rating, `comment`) VALUES(21203, 2120, 'Huỳnh V.', 3, 'Sản phẩm k chạy shop ơi');

INSERT INTO review (id, product_id, reviewer, rating, `comment`) VALUES(21204, 2120, 'nguyen H.', 3, 'Ok xài ổn, dễ cái đặt');

INSERT INTO product (id, name, short_desc, full_desc, category_id, brand_name, status, weight, available_item, unit_price, discount_percent, avg_rating, img_url, total_rating, supplier_id) VALUES(2121, 'M_home Micro SQ11 HD 1080 P 200 mAh Dung Lượng Cảm Biến Tầm Nhìn Ban Đêm Máy Quay Video ĐẦU GHI HÌNH Camera DV Chuyển Động Đầu Ghi Camera', 'M_home Micro SQ11 HD 1080 P 200 mAh Dung Lượng Cảm Biến Tầm Nhìn Ban Đêm Máy Quay Video ĐẦU GHI HÌNH Camera DV Chuyển Động Đầu Ghi Camera', '<pre>Thời gian sạc: Khoảng 2-3 giờ
Thời gian làm việc: Khoảng 100 phút tại 1080 P 30fps
Hỗ trợ 32 GB thẻ TF tối đa. (không bao gồm thẻ Nhớ)
Tích hợp pin lithium bền vững camera lên đến 100 phút
Hỗ trợ hệ thống: Windows ME/2000/XP/2003/Vista, Mac OS, Linux</pre>', 21, 'Veaglede', 'NEW', 7.112331242344494, 79, 173899, 6, 4.0, 'https://my-test-11.slatic.net/p/5c29c7396bb67e87fbb84278de8e6396.jpg;https://my-test-11.slatic.net/p/fa3a2f14293464169b00b81027a814fd.jpg;https://my-test-11.slatic.net/p/db38f540919530edda50ce05c607682c.jpg;https://my-test-11.slatic.net/original/7ccce477cb57f902c628a8559e53f2d5.jpg;https://my-test-11.slatic.net/original/423342530afcde35dfd4fdf8c82b2d24.jpg;https://my-test-11.slatic.net/original/ba4e908b56c44b87190e38ee1dfd507d.jpg;https://my-test-11.slatic.net/original/09a7073fb13af9a943e9e3817ba79f13.jpg;https://my-test-11.slatic.net/original/be9e4a67446998e0009c5babffb21cbc.jpg;', 4, 2);

INSERT INTO review (id, product_id, reviewer, rating, `comment`) VALUES(21210, 2121, 'Lazada Customer', 1, 'chẳng quay phim 📹được, xem trực tiếp cũng không, đành bỏ đi mất 200n vất đi');

INSERT INTO product (id, name, short_desc, full_desc, category_id, brand_name, status, weight, available_item, unit_price, discount_percent, avg_rating, img_url, total_rating, supplier_id) VALUES(2122, 'Ong nhom do khoang cach, Ông nhòm nhìn rõ nét , ống nhòm panda 1 mắt , Có gắn kết nối với camera điện thoại, Dùng được cho quay phim , Sale 50% ngay hôm nay 238', 'Ong nhom do khoang cach, Ông nhòm nhìn rõ nét , ống nhòm panda 1 mắt , Có gắn kết nối với camera điện thoại, Dùng được cho quay phim , Sale 50% ngay hôm nay 238', '<pre>Có thể chụp hình, quay phim xa vìkhả năng phóng to và nét
Gọn nhẹ có thể mang đi phượt, leo núi hay dùng trên tầng thượng tại nhà ở
Có thể điều chỉnh góc nhìn dễ dàng, quay góc mượt ,hỗ trợcả Iphone và Android, Nokia,...
Tiết kiệm diện tích trong túi sách, balo, bền không lobị vỡ, dễ dàng rửa và vệ sinh</pre>', 21, 'OEM', 'NEW', 7.066462810768176, 93, 254170, 6, 4.9, 'https://vn-test-11.slatic.net/original/80c3ce4473a66cf5493f05fa43eed35c.jpg;https://vn-test-11.slatic.net/original/9f39d069682249c3d0c0ffe4426fc3ec.jpg;https://vn-test-11.slatic.net/original/5c7cf630548e6f791c2258e2b94ca2f2.jpg;https://vn-test-11.slatic.net/original/81ca611aa61aa44851a6fd5e8d6c9dfe.jpg;https://vn-test-11.slatic.net/original/fad81634feeb3a93def0458a1ab9adb4.jpg;https://vn-test-11.slatic.net/original/a0e29d1f0a56dc2e853c0ed36212e4ef.jpg;https://vn-test-11.slatic.net/original/59139345114fa20441ad488c6ce09af6.jpg;', 49, 4);

INSERT INTO review (id, product_id, reviewer, rating, `comment`) VALUES(21220, 2122, 'Vương V.', 1, 'hàng không giống mô tả ,khó nhìn .');

INSERT INTO review (id, product_id, reviewer, rating, `comment`) VALUES(21221, 2122, 'Pham V.', 0, 'sp shop giao nhanh
sài rất ok cho độ rom nét và xa
có chế độ tùy chỉnh phóng gần xa rất hay
mỗi lần đi phượt hoặc du lịch sẽ mang sp này đi sài rất tiện');

INSERT INTO review (id, product_id, reviewer, rating, `comment`) VALUES(21222, 2122, 'Son N.', 2, 'rom xa và rất nét thich nhất chế độ tự điều chỉnh ánh sáng khi gắn vào máy chụp 
không như cái loại ngày trước mình mua 
sp shop giao hàng nhanh đóng hàng cẩn thận');

INSERT INTO review (id, product_id, reviewer, rating, `comment`) VALUES(21223, 2122, 'Thao P.', 2, 'gắn vào ip hay samsung chụp và rom xa gần rất nét
thích nhất sp có chế độ thu phóng to nhỏ khi chụp
k ngờ giá rẻ mà sp lại làm mình hài lòng vậy
tin tưởng shop và sẽ giới thiệu b bè');

INSERT INTO review (id, product_id, reviewer, rating, `comment`) VALUES(21224, 2122, 'le A.', 3, 'Tầm giá này thì ko đòi hỏi thêm về chất lượng. Khi giao hàng mình kiểm tra thì bị trầy 1 đường như trong hình! Vận chuyển hộp ko móp méo, bên trong thì có lớp đóng gói bao bọc kỹ lưỡng nên lỗi do người kiểm tra tra hàng của shop');

INSERT INTO product (id, name, short_desc, full_desc, category_id, brand_name, status, weight, available_item, unit_price, discount_percent, avg_rating, img_url, total_rating, supplier_id) VALUES(2123, 'Digital Camera 720P 16X ZOOM Digital Camera 720P 16X ZOOM DV Wedding Record DV Flash Lamp', 'Digital Camera 720P 16X ZOOM Digital Camera 720P 16X ZOOM DV Wedding Record DV Flash Lamp', '<pre>Bạn có thể dễ dàng gửi ảnh với máy tính và chia sẻ nó trong xã hội trang web như Facebook, Youtube, Vlog, ins và những nơi khác. và để cho bạn bè của bạn và họ chia sẻ hạnh phúc khoảnh khắc.
Hoạt động của điểm và quay camera là rất đơn giản và dễ hiểu.
Iit là một camera tốt cho người mới chơi hoặc trẻ em hoặc người già cũng là một lựa chọn tốt như một món quà cho bạn bè và trẻ em.
Ngoài ra, nó là thuận tiện để mang theo với một dây đeo trong gói. này cameraMaximum mở rộng lưu trữ: Xuyên Thẻ Flash Card 64 GB (LƯU Ý: bộ sản phẩm không bao gồm thẻ SD.)
Lớn 30 inch MÀN HÌNH LCD với một màn hình chấm bi cho phép dễ dàng xem THẬM CHÍ từ một góc rộng.</pre>', 21, 'OEM', 'NEW', 1.4444553113311414, 73, 540000, 6, 3.7, 'https://vn-test-11.slatic.net/p/5f03d8f6c3a31e0f71fa07349caa95b5.jpg;https://my-test-11.slatic.net/original/fb9bffba09d383d19dc9a57d8e8c943a.jpg;https://my-test-11.slatic.net/original/e3053f5e3b6a611b42771251bd885ef8.jpg;https://my-test-11.slatic.net/original/8cfbbd3c473cbd0e41338fdfe500fcef.jpg;https://my-test-11.slatic.net/original/eb9ecfb30d78c057b593aea7d701651d.jpg;https://my-test-11.slatic.net/original/b75e154bfecb9bbc9dc41dbd4ab7ff1e.jpg;https://my-test-11.slatic.net/original/fc8f9c9f6453a18a8870e7124ad84a04.jpg;', 6, 4);

INSERT INTO product (id, name, short_desc, full_desc, category_id, brand_name, status, weight, available_item, unit_price, discount_percent, avg_rating, img_url, total_rating, supplier_id) VALUES(2124, 'Thẻ nhớ Netac 32Gb Class 10 chuyên camera', 'Thẻ nhớ Netac 32Gb Class 10 chuyên camera', '<pre>Tốc độ Class 10 48Mb/s
Thiết kế thời trang
Chính hãng Remax
Chuyên dùng cho điện thoại và Camera iP
Độ tương thích tốt, phù hợp với đa số Smartphone hiện nay
Tốc độ đọc và ghi cao dung lượng lưu trữ khủng</pre>', 21, 'Netac', 'USED', 2.244780293921092, 21, 99000, 6, 4.9, 'https://vn-test-11.slatic.net/p/14f82fab19672565a5acdc235f9fc3a1.jpg;https://vn-test-11.slatic.net/original/93707b6cc625811de1c479ca53382f27.jpg;https://vn-test-11.slatic.net/original/03f179fe09b2b3dde790d95552aab816.jpg;https://vn-test-11.slatic.net/original/e020dd24b35986da8e0c05f14f4d9133.jpg;', 118, 5);

INSERT INTO review (id, product_id, reviewer, rating, `comment`) VALUES(21240, 2124, 'Trần V.', 0, 'hàng đóng gói cẩn thận, giao hàng nhanh, lưu lượng khả dụng còn 30gb, tốc độ truyền nhanh');

INSERT INTO review (id, product_id, reviewer, rating, `comment`) VALUES(21241, 2124, 'Lazada Customer', 3, 'Thấy giá mềm mua chơi có test thử không ngờ tốc độ vượt trội với máy cùi bắp 945 đầu đọc cũng rởm mà đạt 12-13 so với 7-8 của hãng khác chỉ kém thời gian bh là 1năm so với 5 năm');

INSERT INTO review (id, product_id, reviewer, rating, `comment`) VALUES(21242, 2124, 'quang', 3, 'thẻ nhớ chất lượng và đúng dung lượng 5 sao cho shop vì giao hàng quá nhanh! còn có thêm quà tặng! tks shop');

INSERT INTO review (id, product_id, reviewer, rating, `comment`) VALUES(21243, 2124, 'Trần T.', 2, 'Hàg rất tuyệt máy chạy rất mượt và nhanh. Mn nê n mua ko thì phí , sản phẩm tốt còn phù hợp giá tiền nữa , có phiếu bảo hành nữa nha mn , đóg gói đẹp và kĩ càg');

INSERT INTO review (id, product_id, reviewer, rating, `comment`) VALUES(21244, 2124, 'trần V.', 0, 'thẻ nhớ Netac dung lượng 29,9Gb , đã test thử 3 thẻ điều chạy tốt , hàng còn nguyên hộp chưa khui nên rất yên tâm về sản phẩm, hàng chính hãng .cám ơn nhà bán hàng nhé.');

INSERT INTO product (id, name, short_desc, full_desc, category_id, brand_name, status, weight, available_item, unit_price, discount_percent, avg_rating, img_url, total_rating, supplier_id) VALUES(2125, 'Thẻ nhớ Micro SDHC 32Gb 16Gb class 10 - 100Mb siêu tốc độ', 'Thẻ nhớ Micro SDHC 32Gb 16Gb class 10 - 100Mb siêu tốc độ', '<pre>Dung lượng 32gb 16Gb tùy theo phân loại hàng
Tương thích nhiều thiết bị : Điện thoại , Camera , máy tính bảng ,...
Tốc độ ĐỌC có thể lên tới 100Mb/s
XIN QUÝ KHÁCH LƯU Ý : TỐC ĐỘ THẺ NHỚ ĐƯỢC KIỂM TRA TRÊN ĐẦU ĐỌC THẺ NHỚ USB 3.0
Bảo hành theo chính sách đổi mới
Sản phẩm được bảo hành tại TTBH của Vpmax tại Hà Nội Và TP. HCM</pre>', 21, 'No Brand', 'USED', 5.569153273639691, 20, 59000, 6, 4.4, 'https://vn-test-11.slatic.net/p/0b39acb6659542e9a57afea34ce6d013.jpg;https://vn-test-11.slatic.net/p/100c8965a46a4d3c7ebed26b637aed80.jpg;https://vn-test-11.slatic.net/p/e951a61deb09fe932225c95a218f4c50.jpg;https://vn-test-11.slatic.net/p/9dcdea8c0be8479bdad94cdcf8a3fd07.jpg;https://vn-test-11.slatic.net/p/b0197fa7f6f6fc440181eb0e071fdade.jpg;', 11, 7);

INSERT INTO review (id, product_id, reviewer, rating, `comment`) VALUES(21250, 2125, 'Trương Đ.', 4, 'Tốc độ và dung lượng khả dụng ok (29,2G/32G). Tuổi thọ thì chưa biết. Sản phẩm vượt mong đợi so với tầm giá.');

INSERT INTO review (id, product_id, reviewer, rating, `comment`) VALUES(21251, 2125, 'Trương Đ.', 3, 'Tốc độ vs dung lượng khả dụng ok 29,2/32G. Tuổi thọ thì chưa biết. Sản phẩm vượt mong đợi.');

INSERT INTO review (id, product_id, reviewer, rating, `comment`) VALUES(21252, 2125, 'Bùi M.', 2, 'Thẻ chuẩn.đọc và copy file rất nhanh');

INSERT INTO review (id, product_id, reviewer, rating, `comment`) VALUES(21253, 2125, 'Đông P.', 0, '');

INSERT INTO product (id, name, short_desc, full_desc, category_id, brand_name, status, weight, available_item, unit_price, discount_percent, avg_rating, img_url, total_rating, supplier_id) VALUES(2126, 'Camera Yoosee 3 râu Wifi - HD720 - Hồng ngoại - Báo trộm', 'Camera Yoosee 3 râu Wifi - HD720 - Hồng ngoại - Báo trộm', '<pre>Kết nối bằng wifi. Không cần đi dâyHổ trợ hồng ngoại ban đêmBáo động khi có chuyển độngLưu trử thẻ nhớ ko cần đầu thuCài đặt dể dàng, nhanh chóng</pre>', 21, 'YooSee', 'NEW', 1.708096395475312, 43, 309000, 6, 4.5, 'https://vn-test-11.slatic.net/p/406f9f6d2d3845b7af964bbf449a2771.jpg;https://vn-test-11.slatic.net/p/1b99e3cc18a3a533f68412f0221f9121.jpg;https://vn-test-11.slatic.net/p/0542f344b76ef9c27514a32367225c89.jpg;https://vn-test-11.slatic.net/p/608675b46d70b2454982214344ba69e5.jpg;', 32, 7);

INSERT INTO review (id, product_id, reviewer, rating, `comment`) VALUES(21260, 2126, 'nguyen D.', 3, '');

INSERT INTO review (id, product_id, reviewer, rating, `comment`) VALUES(21261, 2126, 'Nguyễn P.', 3, 'Toi mua camera ve ket noi voi dien thoai khong duoc nen Toi tra lai xem lai san pham sao kh«ng su dung duoc');

INSERT INTO review (id, product_id, reviewer, rating, `comment`) VALUES(21262, 2126, 'Duy P.', 1, 'Giao hàng kg có ốc bắt camera vào chân đế');

INSERT INTO review (id, product_id, reviewer, rating, `comment`) VALUES(21263, 2126, 'Toản T.', 0, 'xài cũng tốt');

INSERT INTO review (id, product_id, reviewer, rating, `comment`) VALUES(21264, 2126, 'minhsang N.', 3, 'shop ơi, sao mình ko kết nối đt với camera đươc.. làm theo hương dẫn trên you tube');

INSERT INTO product (id, name, short_desc, full_desc, category_id, brand_name, status, weight, available_item, unit_price, discount_percent, avg_rating, img_url, total_rating, supplier_id) VALUES(2127, 'Thẻ nhớ Micro SD 32GB, 16GB Class 10 Tốc độ 100Mb/s', 'Thẻ nhớ Micro SD 32GB, 16GB Class 10 Tốc độ 100Mb/s', '<pre>Dung lượng 32gb hoặc 16Gb theo phân loại hàng
Tương thích nhiều thiết bị: Điện thoại , Camera , máy tính bảng ,...
Tốc độ ĐỌCcó thểlên tới 80-100MB/s
XIN QUÝ KHÁCH LƯU Ý : TỐC ĐỘ THẺ NHỚ ĐƯỢC KIỂM TRA TRÊN ĐẦU ĐỌC THẺ NHỚ USB 3.0
Bảo hành theo chính sách đổi mới
Sản phẩm được bảo hành tại TTBH của Vpmax tại Hà Nội Và TP. HCM</pre>', 21, 'No Brand', 'USED', 8.680890080063877, 60, 65000, 6, 4.4, 'https://vn-test-11.slatic.net/original/0b39acb6659542e9a57afea34ce6d013.jpg;https://vn-test-11.slatic.net/original/c9fc79221a4dceb70b442591f3e919cc.jpg;https://vn-test-11.slatic.net/original/eba1e369d9675714e975deafc70f4789.jpg;', 116, 3);

INSERT INTO review (id, product_id, reviewer, rating, `comment`) VALUES(21270, 2127, 'Bao B.', 2, 'Giao hàng không bao bì. Thất vọng');

INSERT INTO review (id, product_id, reviewer, rating, `comment`) VALUES(21271, 2127, 'Namo A.', 0, 'chưa biết thể nhớ  có tốt như tren bán hàng giới thiệu như vậy hay không nếu đúng như những lời trên giới thiệu thì tốt biết mấy');

INSERT INTO review (id, product_id, reviewer, rating, `comment`) VALUES(21272, 2127, 'Đặng B.', 3, 'Tôi có mua 1 lô 5 thẻ nhớ, về sử dụng dần, 3 thẻ đầu ok, 2 thẻ sau cắm vào camera yoosee không nhận, kiểm tra trên điện thoại và laptop đều không nhận, Toi có yêu cầu đổi mới thì cửa hàng báo không được vì mua qua lazada khó bảo hành, với họ chỉ là cộng tác viên thôi và với thêm lý do rách em, tem bảo hành làm bằng giấy mềm, chỉ cần cắm vào thiết bị là phần giấy phía trên bị rách, trầy đi, nhưng phần giấy bạc phía dưới vẫn cong nguyên,từ chối bảo hành thật nực cười và vô lý,vì tin tưởng tôi mới mua đến 5 chiếc, Tôi đề nghị cửa hàng nghiêm túc xem lại đổi mới cho tôi vì tôi chưa dùng được gì với 2 thẻ còn lại.');

INSERT INTO review (id, product_id, reviewer, rating, `comment`) VALUES(21273, 2127, 'Hoang T.', 1, 'Đèn nhu cc.  Vua mua gắn vào nẹt mấy cái khét nget');

INSERT INTO review (id, product_id, reviewer, rating, `comment`) VALUES(21274, 2127, 'Truong G.', 3, 'mua 32 ma giao co 16 gb');

INSERT INTO product (id, name, short_desc, full_desc, category_id, brand_name, status, weight, available_item, unit_price, discount_percent, avg_rating, img_url, total_rating, supplier_id) VALUES(2128, 'Tặng thẻ 32GB - Camera Wifi Giám Sát Hồng Ngoại Ngoài Trời Full HD 1080P - 2.0MP – Hỗ Trợ Đàm Thoại 2 Chiều - Có Màu Ban Đêm V380Pro', 'Tặng thẻ 32GB - Camera Wifi Giám Sát Hồng Ngoại Ngoài Trời Full HD 1080P - 2.0MP – Hỗ Trợ Đàm Thoại 2 Chiều - Có Màu Ban Đêm V380Pro', '<pre>App cài đặt: V380Pro
Cảm biến hình ảnh: Full HD 1080P 2.0MP Kích thước: 20 x 12 x 8 cm
Hệ thống tín hiệu: PAL/NTSC Độ phân giải video: 1920 x 1080P
Tốc độ video: giao động từ 20 FPS ~ 30 FPS
Phát hiện chuyển động: Có
Hỗ trợ chụp ảnh: Có
Ống kính: 3.6/2.8mm
Hồng ngoại: 20m
Nguồn đầu vào: DC 5V/2A
Báo động: Hỗ trợ báo động qua điện thoại, email
Hỗ trợ Wireless: 802.11 b/g/n
Cổng giao tiếp Ethernet: RJ45 100m/ 1000m/ Base
Hỗ trợ lưu trữ: 1 x Micro SD, tối đa 64Gb
Nhiệt độ hoạt động: -10 độ đến 65 độ
Hoạt động tốt trong cả điều kiện thời tiết mưa gió
Thiết bị tiện ích không thể thiếu để bảo vệ shop, cửa hàng và ngôi nhà bạn
Có thể kết hợp dùng với nhiều dòng Camera V380 khác nhau để xem trên điện thoại
Hiệu suất camera IP: Quay và ghi video theo thời gian thực
Camera Giám Sát Hồng Ngoại Ngoài Trời sẽ giúp bạn giải quyết tất cả các vấn đề như : Quản lý bãi đỗ xe? Xem ai là người đổ trộm rác trước cửa cổng nhà mình ? Giám sát nguyên nhiên vật liệu ngoài nhà xưởng, bãi sân, công trường…? Mọi công việc từ giám sát đến theo dõi sẽ trở nên đơn giản hơn bao giờ hết chỉ với camera ngoài trời V380Pro Camera giám sát ngoài trời an toàn, nhanh chóng
quan sát mọi lúc, mọi nơiBên cạnh đó tính năng phát triển chuyển động cũng là ưu điểm lớn của Camera Giám Sát Hồng Ngoại Ngoài Trời, giúp phát hiện những chuyển động lạ kịp thời báo lại điện thoại hoặc thiết bị theo dõi cho người dùng để kịp thời xử lý.
Đảm bảo tuyệt đối an toàn an ninhLàm thế nào để camera giám sát hồng ngoại ngoài trời luôn hoạt động tốt?Các dòng sản phẩm camera ngoài trời không thể tránh khỏi những trục trặc trong quá trình sử dụng chủ yếu bắt nguồn từ nguyên nhân thời tiết. Do vậy để đảm bảo camera hoạt động tốt đặc biệt trong mùa mưa, người dùng cần chú ý :
Khi thời tiết quá cực đoạn như sấm sét, nên nhanh chóng rút nguồn điện vào camera để tránh bị ảnh hưởng do sét qua cảm ứng điện từ hoặc dây tín hiệu.
Quá trình lắp đặt khá đơn gian người dùng có thể tự lắp đặt tuy nhiên khi có những trục trặc và hư hỏng không nên tự ý tháo lắp hoặc sửa chữa mà nên nhờ sự hỗ trợ của các chuyên gia kỹ thuật.
Tùy vào địa hình, khu vực hoặc không gian lắp đặt để chọn lựa camera giám sát hồng ngoại ngoài trời phù hợp.
Tặng thẻ nhớ 32GB chuẩn dung lượng và tốc độ đọc ghi</pre>', 21, 'No Brand', 'USED', 3.589369779677238, 36, 625000, 6, 4.9, 'https://vn-test-11.slatic.net/p/d127dbc86af831573c2f6292a0c2d30c.jpg;https://vn-test-11.slatic.net/p/680d7bf1d2c3c4a8aa4cc0fdef9b1a21.jpg;https://vn-test-11.slatic.net/p/1a97cf7a6c9146cc5d67d71c938e11af.jpg;https://vn-test-11.slatic.net/p/3cd6a06c5d381b968d5340bff9dba843.jpg;https://vn-test-11.slatic.net/p/077174d1d6acbe98f4efc266bc16276f.jpg;', 8, 1);

INSERT INTO review (id, product_id, reviewer, rating, `comment`) VALUES(21280, 2128, 'hoang T.', 4, 'Shop tư vấn lắp đặt tốt nhiệt tình, camera rõ nét ở tầm giá đó . Thanks shop');

INSERT INTO review (id, product_id, reviewer, rating, `comment`) VALUES(21281, 2128, 'Hieu N.', 0, 'sp hình ảnh rỏ nét ok');

INSERT INTO review (id, product_id, reviewer, rating, `comment`) VALUES(21282, 2128, 'nguyenminhdac', 1, 'camera  rat ôm.tien nao cua nay chưa bât thuong gi het. không đô bên thi sao ha');

INSERT INTO review (id, product_id, reviewer, rating, `comment`) VALUES(21283, 2128, 'Trọng N.', 3, 'đã nhận đc hàng.rất ưng ý');

INSERT INTO product (id, name, short_desc, full_desc, category_id, brand_name, status, weight, available_item, unit_price, discount_percent, avg_rating, img_url, total_rating, supplier_id) VALUES(2129, 'CAMERA WIFI - YOOSEE WIFI SIÊU NÉT 2.0 FULL HD 1920 x 1080P MỚI', 'CAMERA WIFI - YOOSEE WIFI SIÊU NÉT 2.0 FULL HD 1920 x 1080P MỚI', '<pre>Chuẩn Full HD (1920 x 1080 P): sắc nét, không bị giật, không vỡ hình khi chuyển động.
Công nghệ LED EXIR
Kích thước: 20x20x30 (cm)
Trọng lượng : 500g.
Kết nối wifi hoặc mạng LAN
Xem qua mạng từ xa trên PC, laptop, mobile có Android, IOS... dù bạn ở bất cứ đâu
Nhận dạng chuyển động, cảnh báo về thiết bị theo dõi, giúp báo động nếu có trộm đột nhập vào
Hỗ trợ xoay đa chiều: xoay ngang 355 độ, xoay lên xuống 120 độ
Hỗ trợ khe cắm thẻ nhớ Micro SD lên đến 128GB (không bao gồm thẻ nhớ trong camera).
Lắp đặt đơn giản, theo dõi video qua mạng bất cứ đâu,
Không cần đầu ghi, ổ cứng, tên miền
Tự động chụp hình, nhận dạng khi có vật thể lại gần hoặc đi qua, cảnh báo qua email
Chuẩn ONVIF.</pre>', 21, 'YooSee', 'USED', 4.227993167687043, 67, 449000, 6, 4.3, 'https://vn-test-11.slatic.net/original/16fc56592e997cd79a91df32d55b10ad.jpg;https://vn-test-11.slatic.net/original/203e186a4b7d87f18f27183623e538ff.jpg;https://vn-test-11.slatic.net/original/17b8a8d0fede2bf78f99b5d45fb11e5a.jpg;', 160, 5);

INSERT INTO review (id, product_id, reviewer, rating, `comment`) VALUES(21290, 2129, 'hoang T.', 0, 'Kg thê khét noi voi mang được');

INSERT INTO review (id, product_id, reviewer, rating, `comment`) VALUES(21291, 2129, 'Nguyễn T.', 4, 'giao hàng nhanh. đúng như giới thiệu. thích.');

INSERT INTO review (id, product_id, reviewer, rating, `comment`) VALUES(21292, 2129, 'Nguyễn Q.', 4, 'Chất lượng hình ảnh tốt chút nữa so với tầm tiền thì OK.  Dễ sử dụng. còn độ bền thì phải coi thời gian đã đánh giá sau');

INSERT INTO review (id, product_id, reviewer, rating, `comment`) VALUES(21293, 2129, 'Duyên V.', 3, 'hình ảnh rõ nét, dễ cài đặt. Trừ 1 sao vì ko thể kết nối mạng ko dây mà phải dùng dây Lan, vấn đề ở chỗ dây lan không có sẵn mà phải tự mua.');

INSERT INTO review (id, product_id, reviewer, rating, `comment`) VALUES(21294, 2129, 'Nguyễn H.', 0, 'Khuyên chân thành mọi người nên mua đúng camera này. Mình đã dùng hơn 10 cái của nhiều nơi khác nhau. Đây là camera góc rất rộng và hình ảnh chuẩn.');

INSERT INTO product (id, name, short_desc, full_desc, category_id, brand_name, status, weight, available_item, unit_price, discount_percent, avg_rating, img_url, total_rating, supplier_id) VALUES(2130, 'Camera hành trình sports cam Full HD 1080p chống nước', 'Camera hành trình sports cam Full HD 1080p chống nước', '<pre>Bộ sản phẩm bao gồm: Cáp USB, Pin, bộ phụ kiện đi kèm 6 món
Kích thước: 59,3 x 24,6 x 41,1 (mm)
Trọng lượng: 275gr
Độ phân giải: HD 1080p (30fps)
Góc nhìn: 140 độ; Chống rung
Số lượng LED hồng ngoại: 12
Thẻ nhớ: Micro SD ( tối đa 32GB)( Kiến nghị dùng thẻ class 6 trở lên)
Chống nước tới 30m
Màn hình LCD 2 Inch
Dung lượng pin: 900 mAh, tương đương 1,5 giờ sử dụng</pre>', 21, 'OEM', 'NEW', 8.772368033174416, 92, 160000, 6, 3.9, 'https://vn-test-11.slatic.net/original/7cef586bdc125d82910503e39d472963.jpg;https://vn-test-11.slatic.net/original/fcf7b0836f7d4601b36300fdcbc8e5d1.jpg;https://vn-test-11.slatic.net/original/c1440a70d0618011b770aa196614d3df.jpg;https://vn-test-11.slatic.net/original/e11627d14f453df6490a33d4ed3cc98c.jpg;https://vn-test-11.slatic.net/original/5a3b10246fea6933d81ddd9a4cd4d597.jpg;https://vn-test-11.slatic.net/original/bdaff7dc61416f40b4aa41db8c2680b3.jpg;https://vn-test-11.slatic.net/original/c8bb919ada494713e2a4f9d5f2cd0aba.jpg;https://vn-test-11.slatic.net/original/dc025c35b1ab30065e9e64f505aff235.jpg;', 15, 9);

INSERT INTO review (id, product_id, reviewer, rating, `comment`) VALUES(21300, 2130, 'Nguyễn T.', 0, 'lúc nhìn sơ qua thì thấy đủ kiểm tra lại thì 2 thứ shop à thiếu miếng dán mũ bảo hiểm cổ nhỏ nhỏ ấy c');

INSERT INTO review (id, product_id, reviewer, rating, `comment`) VALUES(21301, 2130, 'kim S.', 3, 'sao ma mau het pin qua voi lai minh gan vao non bao hiem 3/4 cung ko duoc');

INSERT INTO review (id, product_id, reviewer, rating, `comment`) VALUES(21302, 2130, 'trần D.', 0, 'hàng rất đẹp vừa với giá tiền');

INSERT INTO review (id, product_id, reviewer, rating, `comment`) VALUES(21303, 2130, 'Hach', 2, 'hàng đẹp nhưng chất lượng quay hơi kém');

INSERT INTO review (id, product_id, reviewer, rating, `comment`) VALUES(21304, 2130, 'Van K.', 0, 'pin yếu');

INSERT INTO product (id, name, short_desc, full_desc, category_id, brand_name, status, weight, available_item, unit_price, discount_percent, avg_rating, img_url, total_rating, supplier_id) VALUES(2131, 'Máy bay Camera Có Mũ Che Nắng Dành Cho TIA LỬA DJI Phụ Kiện Mô Hình Các Bộ Phận Xe', 'Máy bay Camera Có Mũ Che Nắng Dành Cho TIA LỬA DJI Phụ Kiện Mô Hình Các Bộ Phận Xe', '<pre>Chất liệu: ABS
Màu sắc: Đen/Đỏ/Xám
Kích thước sản phẩm: 4.3*4.4*2.7 cm</pre>', 21, 'OEM', 'USED', 5.924224904155689, 69, 55000, 6, 0.0, 'https://my-test-11.slatic.net/p/be281dbd800faa5e33b1cca1ceab579c.jpg;https://my-test-11.slatic.net/p/6c3b5598b1c4e60d23c84b6b8399a33b.jpg;https://my-test-11.slatic.net/p/909be11e6a4b34dd9b01ec407d8b583c.jpg;https://my-test-11.slatic.net/p/d96065698bbabb46127cb950b7b4d1b6.jpg;', 0, 5);

INSERT INTO product (id, name, short_desc, full_desc, category_id, brand_name, status, weight, available_item, unit_price, discount_percent, avg_rating, img_url, total_rating, supplier_id) VALUES(2132, 'Gậy Chụp Hình Tripod 3120 Mẫu Mới nhất 2018 - Gậy 3 Chân [Phụ Kiện Giá Tốt 24H]', 'Gậy Chụp Hình Tripod 3120 Mẫu Mới nhất 2018 - Gậy 3 Chân [Phụ Kiện Giá Tốt 24H]', '<pre>Điều chỉnh chiều cao dễ dàng
Chân máy Tripod 3120 đa năng với khả năng điều chỉnh chiều cao một cách linh hoạt từ 35 mm đến 1020mm để bạn thoải mái chụp ảnh ở nhiều góc độ khác nhau.
Nhẹ nhàng và chắc chắn
Chân máy ảnh Tripod 3120 được làm bằng inox và nhựa cao cấp với kiểu dáng hiện đại và nhỏ gọn, có thể dễ dàng di chuyển. Ngoài ra, các bộ phận kim loại của chân đều được phủ lớp sơn chống oxy hóa, đem lại sự bền bỉ cho sản phẩm.
Đặc biệt bạn được tặng kèm 1 đầu cố định điện thoại và máy ảnh giúp cho bạn có thể dễ dàng có được những bức ảnh tuyệt đẹp cùng gia đình, bạn bè
Thông tin sản phẩm:
Tên sản phẩm: Chân Điện Thoại Và Máy Ảnh Tripod TF-3120
Chất liệu: nhôm cao cấp
Chiều dài: max – min : 102 – 35 cm
Sử dụng cho: máy ảnh DSLR loại nhỏ, máy kỹ thuật số, điện thoại di động.</pre>', 21, 'No Brand', 'USED', 9.530192460079078, 70, 78000, 6, 4.7, 'https://vn-test-11.slatic.net/p/9f5017aee134c907ffb486e9482edfe3.jpg;https://vn-test-11.slatic.net/original/4f767d77232a20c12789740f68432e67.jpg;https://vn-test-11.slatic.net/original/055eb8c9dfe9726cb2258f462122273d.jpg;https://vn-test-11.slatic.net/original/c4f8e6f2543a01f3679396f4fd264df1.jpg;https://vn-test-11.slatic.net/original/b9253d24a5bdd5e346aac4d9b1b075b3.jpg;', 21, 1);

INSERT INTO review (id, product_id, reviewer, rating, `comment`) VALUES(21320, 2132, 'Nguyễn V.', 1, '');

INSERT INTO review (id, product_id, reviewer, rating, `comment`) VALUES(21321, 2132, 'vũ T.', 4, 'Mình có làm video đánh giá các bạn có thể lên youtube đánh từ khóa: Tripod 3120 Có Nên Mua Hàng Giá Rẻ Trên Lazada');

INSERT INTO review (id, product_id, reviewer, rating, `comment`) VALUES(21322, 2132, 'NGUYEN T.', 4, 'Shop gói hàng rất kỹ,sản phẩm cầm chắc tay,sản phẩm rất giống như miêu tả trong hình.Giao hàng sớm hơn dự kiến 1 ngày.Vô cùng hài lòng với sản phẩm');

INSERT INTO review (id, product_id, reviewer, rating, `comment`) VALUES(21323, 2132, 'Nguyễn H.', 0, 'shóp gói hàng kỹ. hàng như mẫu. Nhìn rất thít 5••••• Cho shop');

INSERT INTO review (id, product_id, reviewer, rating, `comment`) VALUES(21324, 2132, 'kênh C.', 0, 'sản phẩm tốt OK cảm ơn shop');

INSERT INTO product (id, name, short_desc, full_desc, category_id, brand_name, status, weight, available_item, unit_price, discount_percent, avg_rating, img_url, total_rating, supplier_id) VALUES(2133, 'Zhiyun Smooth 4 (Đen) - Gimbal chống rung cho điện thoại', 'Zhiyun Smooth 4 (Đen) - Gimbal chống rung cho điện thoại', '<pre>-Tương thích với điện thoại 75-210g-Bánh xe bên trái lớn giúp thu phóng và focus-Chế độ "PhoneGo" phản hồi nhanh-Chế độ hiệu ứng "Vertigo" Dolly / Zoom-Kiểm soát Chọn chức năng điện thoại-Phạm vi xoay: 300 ° Pan, 240 ° Tilt và Roll-Thời gian chạy lên tới 12 giờ-Bảng điều khiển Ergonomic\-Bảo hành 12 tháng</pre>', 21, 'ZHIYUN', 'NEW', 2.3179213385416615, 75, 1900000, 6, 4.8, 'https://vn-test-11.slatic.net/original/f8ef60b93706d56436067e4686070197.jpg;https://vn-test-11.slatic.net/original/428b9198252107a3b6c9aa20c3c92ebb.jpg;https://vn-test-11.slatic.net/original/3e8f25cbe6711413471cd249a27d9b05.jpg;https://vn-test-11.slatic.net/original/57a459784fc40e1b9671e2b039d336a1.jpg;', 27, 5);

INSERT INTO review (id, product_id, reviewer, rating, `comment`) VALUES(21330, 2133, 'Nông N.', 3, 'Tốc độ giao hàng quá nhanh! Đặt ngày hôm qua hôm nay đã nhận được! Hài lòng với sản phẩm và sự nhiệt tình của chủ shop!');

INSERT INTO review (id, product_id, reviewer, rating, `comment`) VALUES(21331, 2133, 'Dang D.', 3, 'Cảm ơn shop đã gửi hàng rất nhanh. Hàng thì nguyên seal tự tay bóc. 
Hàng đóng gói cẩn thận. 
Đặt hôm trước hôm sau có rồi. Quá yêu luôn. 
Mới mở còn test vài ngày tới đã xem có vấn đề gì không.');

INSERT INTO review (id, product_id, reviewer, rating, `comment`) VALUES(21332, 2133, 'Quang Đ.', 4, 'Đóng gói tốt, sản phẩm nguyên còn nguyên seal không bị tháo ra dán tem như các shop khác (bạn mình mua), sản phẩm như hình, như mô tả và review của nhiều youtuber.
Công nhận cầm nặng vcl. với lại chưa mình chưa biết dùnng.
DailySG.vn');

INSERT INTO review (id, product_id, reviewer, rating, `comment`) VALUES(21333, 2133, 'Trần Đ.', 4, 'Shop tư vấn nhiệt tình, hàng y hịt quảng cáo. Giao hàng quá nhanh nên không kịp chuẩn bị tiền thanh toán. Nói chung là hài lòng, cần gì sẽ quay lại với shop!');

INSERT INTO review (id, product_id, reviewer, rating, `comment`) VALUES(21334, 2133, 'Nguyễn K.', 1, 'Ship nhanh, hàng nguyên seal, dùng tốt');

INSERT INTO product (id, name, short_desc, full_desc, category_id, brand_name, status, weight, available_item, unit_price, discount_percent, avg_rating, img_url, total_rating, supplier_id) VALUES(2134, 'Camara chống rung - Camera hành trình Sport Cam HD 1080P,Cao cấp, Ghi hình sắc nét chân thực, Giảm giá SỐC Ngay hôm nay, Ms : BBS005', 'Camara chống rung - Camera hành trình Sport Cam HD 1080P,Cao cấp, Ghi hình sắc nét chân thực, Giảm giá SỐC Ngay hôm nay, Ms : BBS005', '<pre>Vỏ chống thấm nước với chức năng chống thấm nước, thuận tiện cho bạn để bắn tuyệt vời thể thao dưới nước, độ sâu không thấm nước của 30 mét
Màn hình hiển thị Ultra HD, hiển thị và phát lại các cảnh quay video tuyệt vời
Pin có thể tháo rời để thay thế dễ dàng và sử dụng mở rộng
Quay video trong khi sạc, không cần phải lo lắng về tuổi thọ pin
Video tự động nguồn bên ngoài
5 triệu ống kính góc rộng độ nét cao
Chức năng đầu ra HDMI HD
Chức năng Webcam
Hỗ trợ thẻ nhớ lên tới 32G
Các loại định dạng quay video 1080P 720P WVGA
Quay video định dạng VGA,
Chế độ chụp nhiều lần Chụp liên tiếp tự động
Khóa tệp video
Camara chống rung - Camera hành trình Sport Cam HD 1080P,Cao cấp, Ghi hình sắc nét chân thực, Giảm giá SỐC Ngay hôm nay, Ms : BBS005</pre>', 21, 'OEM', 'NEW', 5.7317619922675185, 16, 263020, 6, 4.7, 'https://vn-test-11.slatic.net/original/ca51c2a8732f94cfb7ec1521565dad1d.jpg;https://vn-test-11.slatic.net/original/81137ffa191180cfe4c4cc6183a6c8e9.jpg;https://vn-test-11.slatic.net/original/ca958e2f32190c809b8b6c17e63d9170.jpg;https://vn-test-11.slatic.net/original/54a9a97d97abf4d6645a7cb66656d5a7.jpg;https://vn-test-11.slatic.net/original/4661b3a09adfe165dc623a92c504d4ac.jpg;https://vn-test-11.slatic.net/original/7b84439993f32668454b6f0c72eeaafb.jpg;https://vn-test-11.slatic.net/original/a5ec86856551266322edd9822e746cc5.jpg;https://vn-test-11.slatic.net/original/222c6733a344cf3837103d202784f7b0.jpg;', 21, 9);

INSERT INTO review (id, product_id, reviewer, rating, `comment`) VALUES(21340, 2134, 'Vlogs N.', 0, 'rất nét ở kế tất cả đều là ảnh từ camera');

INSERT INTO review (id, product_id, reviewer, rating, `comment`) VALUES(21341, 2134, 'Hari', 1, 'Camera quay rõ nét đẹp.có cả giấy bảo hành cho mk nữa');

INSERT INTO review (id, product_id, reviewer, rating, `comment`) VALUES(21342, 2134, 'BEAT Y.', 0, 'camera  quay zất mờ. tớ khuyên các bạn đừng tốn tiền mua');

INSERT INTO review (id, product_id, reviewer, rating, `comment`) VALUES(21343, 2134, 'Trường N.', 2, 'tốt');

INSERT INTO review (id, product_id, reviewer, rating, `comment`) VALUES(21344, 2134, 'Truong V.', 3, 'ok');

INSERT INTO product (id, name, short_desc, full_desc, category_id, brand_name, status, weight, available_item, unit_price, discount_percent, avg_rating, img_url, total_rating, supplier_id) VALUES(2135, 'Camera YooSee IP Wifi 3 Râu Tặng Thẻ Netac 32GB - Camera Yoosee', 'Camera YooSee IP Wifi 3 Râu Tặng Thẻ Netac 32GB - Camera Yoosee', '<pre>3 râu bắt sóng mạnh hơn 1,5 lần thế hệ cũ. Do đó khoảng cách bạn đặt camera và thiết bị phát wifi được xa hơn.
Sản phẩm được update firmware mới nhất từ nhà sản xuất. Các bạn đang sử dụng Camera yoosee 2 râu cũng có thể được cập nhật lên phiên bản mớinày.
Không cần mua hosting …
Không cần mua tên miền
Không cần cài đặt
Không cần cấu hình
Tất cả đều tự động & hoàn toàn miễn phí
Sử dụng phần mềm xem trên điện toán đám mây YooSee hoặc YYP2P</pre>', 21, 'OEM', 'USED', 9.04137770080554, 48, 439000, 6, 4.5, 'https://vn-test-11.slatic.net/original/3ef399ace0407d2b5b60c8d3de5c8581.jpg;https://vn-test-11.slatic.net/original/d4797255e9ebbacf46e8f79f3512a07e.jpg;https://vn-test-11.slatic.net/original/0676106d684c574b1bfdffda6a06071e.jpg;', 68, 2);

INSERT INTO review (id, product_id, reviewer, rating, `comment`) VALUES(21350, 2135, 'Một M.', 4, 'đã nhận được hàng rất hài lòng với sản phẩm. ba rau Độc Lập. shop tư vấn nhiệt tình');

INSERT INTO review (id, product_id, reviewer, rating, `comment`) VALUES(21351, 2135, 'Tran V.', 1, 'tôt hon mong doi.cam on shop!chuc shop ban chay nha!');

INSERT INTO review (id, product_id, reviewer, rating, `comment`) VALUES(21352, 2135, 'Phạm Q.', 0, 'hang bị lỗi nên tôi muốn đổi lại làm thế nào');

INSERT INTO review (id, product_id, reviewer, rating, `comment`) VALUES(21353, 2135, 'Lazada Customer', 2, 'Camera thi mo, noi la tang kem the nho 32G nhung giao hang khong co, lien he voi shop thi hen chiều giao,Cuoi cung chang thay giao! Kiểu nhu minh bi lua vay, nt hoi may lan nua cung im luon!');

INSERT INTO review (id, product_id, reviewer, rating, `comment`) VALUES(21354, 2135, 'Phan T.', 0, 'Cam kết nối dễ dàng! Chạy tốt! Bền hay ko trải nghiệm mới biết! Nói chung hài lòng với sản phẩm! Có thẻ tặng kèm chạy cũng tốt!');

INSERT INTO product (id, name, short_desc, full_desc, category_id, brand_name, status, weight, available_item, unit_price, discount_percent, avg_rating, img_url, total_rating, supplier_id) VALUES(2136, 'Thẻ nhớ micro SD 32G tặng đầu đọc thẻ chuyên dụng', 'Thẻ nhớ micro SD 32G tặng đầu đọc thẻ chuyên dụng', '<pre>Tiện lợi.Tốc độ nhanh.</pre>', 21, 'OEM', 'USED', 1.9242046006657103, 88, 75000, 6, 4.4, 'https://vn-test-11.slatic.net/p/2/the-nho-micro-sd-32g-tang-dau-doc-the-chuyen-dung-8295-64844171-a28da20119ce0f1056316a45afa91437-catalog.jpg;https://vn-test-11.slatic.net/original/65c960ddecd94dcb3e74ace122405c15.jpg;https://vn-test-11.slatic.net/original/895fbe456132669883546b3ded4fdc71.jpg;', 92, 5);

INSERT INTO review (id, product_id, reviewer, rating, `comment`) VALUES(21360, 2136, 'Phong Q.', 1, 'giá rẻ đúng 32g');

INSERT INTO review (id, product_id, reviewer, rating, `comment`) VALUES(21361, 2136, 'Ngô T.', 2, 'Đóng gói cẩn thận');

INSERT INTO review (id, product_id, reviewer, rating, `comment`) VALUES(21362, 2136, 'Linh L.', 0, 'giao hàng nhanh, sản phẩm cx bình thường');

INSERT INTO review (id, product_id, reviewer, rating, `comment`) VALUES(21363, 2136, 'Minh N.', 4, 'ko chuyển dữ liệu qua đc, cc');

INSERT INTO review (id, product_id, reviewer, rating, `comment`) VALUES(21364, 2136, 'Phạm X.', 3, 'Đặt hàng bản SD 32 G mà nhận bản 8 G khe nhỏ là sao vậy shop!?? Làm ăn chán quá!!');

INSERT INTO product (id, name, short_desc, full_desc, category_id, brand_name, status, weight, available_item, unit_price, discount_percent, avg_rating, img_url, total_rating, supplier_id) VALUES(2137, 'Combo sạc Doublepow DP-B02 và 4 pin tiểu sạc Doublepow AA 1200mAh', 'Combo sạc Doublepow DP-B02 và 4 pin tiểu sạc Doublepow AA 1200mAh', '<pre>Hãng sản xuất: Doublepow
Com bo :Bộ sạc thông minh DoublePow DP-B02 và 4 pin Doublepow AA 1200mAh
Sản phẩm chính hãng nên có dòng sạc nhanh ổn định và chống trai pin
Dòng sạc cho mỗi viên : pin AA là 150mA ; pin AAA là 130mA .
 Bao bì đóng gói công nghiệp, đẹp, chắc.</pre>', 21, 'Doublepow', 'USED', 5.315662133914615, 49, 74000, 6, 4.2, 'https://vn-test-11.slatic.net/p/2/combo-sac-doublepow-dp-b02-va-4-pin-tieu-sac-doublepow-aa-1200mah-5101-60387331-3da8a54c6511a10b4de2d302d81d80b6-catalog.jpg;https://vn-test-11.slatic.net/p/2/combo-sac-doublepow-dp-b02-va-4-pin-tieu-sac-doublepow-aa-1200mah-5101-60387331-8ad91a5b6fa95f01bbaa4d3dac0f65d0-catalog.jpg;https://vn-test-11.slatic.net/p/2/combo-sac-doublepow-dp-b02-va-4-pin-tieu-sac-doublepow-aa-1200mah-5101-60387331-d4ca39a6d612b86b36e85a0eff0bdfcf-catalog.jpg;https://vn-test-11.slatic.net/p/2/combo-sac-doublepow-dp-b02-va-4-pin-tieu-sac-doublepow-aa-1200mah-5101-60387331-2fb27b9b3567a8b9b147025cbe599717-catalog.jpg;https://vn-test-11.slatic.net/p/2/combo-sac-doublepow-dp-b02-va-4-pin-tieu-sac-doublepow-aa-1200mah-5101-60387331-2b4f5c1baf0abc61a24368f431118334-catalog.jpg;https://vn-test-11.slatic.net/p/2/combo-sac-doublepow-dp-b02-va-4-pin-tieu-sac-doublepow-aa-1200mah-5101-60387331-2b82414f776afbb9e633f3fbd3fcbef3-catalog.jpg;https://vn-test-11.slatic.net/p/2/combo-sac-doublepow-dp-b02-va-4-pin-tieu-sac-doublepow-aa-1200mah-5101-60387331-d416df852dda7d65f5e3e8d6ce7fda36-catalog.jpg;https://vn-test-11.slatic.net/p/2/combo-sac-doublepow-dp-b02-va-4-pin-tieu-sac-doublepow-aa-1200mah-5101-60387331-8b88af8732712efdb841ac512a980573-catalog.jpg;', 287, 9);

INSERT INTO review (id, product_id, reviewer, rating, `comment`) VALUES(21370, 2137, 'Lê A.', 4, 'pin sài được ko bk sau này thế nào chứ ms nhận về test tốt nhưng có một đèn của bộ sạc bị vỡ ko bk có sao ko
noi chung tiền nào của nấy vs giá này thì ko mong gì hơn');

INSERT INTO review (id, product_id, reviewer, rating, `comment`) VALUES(21371, 2137, 'Nguyễn V.', 3, 'về sạc thêm 5 giờ  hát karaoke 3 giờ chưa thấy hết nên mua các bạn dùng dù ít hay nhiều cũng phải sạc luôn đầy  mới ok');

INSERT INTO review (id, product_id, reviewer, rating, `comment`) VALUES(21372, 2137, 'Lazada Customer', 3, 'Xài tốt, không vấn đề gì');

INSERT INTO review (id, product_id, reviewer, rating, `comment`) VALUES(21373, 2137, 'Diep V.', 1, 'Xài được, giá thành hợp lý');

INSERT INTO review (id, product_id, reviewer, rating, `comment`) VALUES(21374, 2137, 'Hải N.', 2, 'hàng đẹp đạt yêu cầu');

INSERT INTO product (id, name, short_desc, full_desc, category_id, brand_name, status, weight, available_item, unit_price, discount_percent, avg_rating, img_url, total_rating, supplier_id) VALUES(2138, 'Gia Ban Camera Wifi - Camera Wifi An Ninh Ngoài Trời Chống Nước Full Hd 1280X720 Chất Lượng Cao, Sử Dụng Công Nghệ Hiện Đại Led Exir Quan Sát Ngày Đêm Cực Nét, Bảo Hành 3 Năm Toàn Quốc', 'Gia Ban Camera Wifi - Camera Wifi An Ninh Ngoài Trời Chống Nước Full Hd 1280X720 Chất Lượng Cao, Sử Dụng Công Nghệ Hiện Đại Led Exir Quan Sát Ngày Đêm Cực Nét, Bảo Hành 3 Năm Toàn Quốc', '<pre>Camera Wifi An Ninh Ngoài Trời Chống Nước Siêu Nét FullHD Bản Super
Thiết kế hợp kim nhôm chắc chắn, chống mưa, chống nắng, chống bụi bẩn - Chuyên dụng ngoài trời
Trạng bị ăng ten cỡ lớn 7 dBi - Tăng cường khả năng thu phát sóng không dây - hình ảnh rõ nét không đứt đoạn
Tích hợp đường truyền tín hiệu cố định song song với wifi- Cáp mạng LAN RJ45 bạn có thể chạy đường mạng dự phòng nếu cần.
Tỉ lệ chuyển đổi bao quát khung hình rộng - chi khả năng quan sát 1 cách bao quát.
Sản xuất trên dây truyền chuyên nghiệp - Chống nước bụi bản theo tiêu chuẩn IP66.
Trang bị đèn hồng ngoại EXIR với 4 LED hồng ngoại cỡ lớn hiệu suất gấp 5 lần camera đời trước- Quan sát hiệu quả về đêm.
Hỗ trợ thẻ nhớ đến 128GB để ghi hình xem lại khi cần thiết
Cài đặt trên IOS và Android , máy tính windows …
Số lượng có hạn nhanh tay đặt mua ngay hôm nay</pre>', 21, 'OEM', 'NEW', 6.696706464242438, 71, 710000, 6, 4.9, 'https://vn-test-11.slatic.net/p/087f16b93537416fd733547935845c4e.jpg;https://vn-test-11.slatic.net/p/ea91a26892d3c845ebbdcd3f9a4eee18.jpg;https://vn-test-11.slatic.net/p/be5089a18c8a638fd21f2abdfe1dffed.jpg;https://vn-test-11.slatic.net/p/74c4c0d0e6ae9506d85f8fbc18f29349.jpg;https://vn-test-11.slatic.net/p/d530c916b1279c9d9f011a052e9ab3fe.jpg;https://vn-test-11.slatic.net/p/adba1b487941a3d6a31349fb9add4398.jpg;https://vn-test-11.slatic.net/p/eb7bee25d4691723f9d20ff58198779f.jpg;https://vn-test-11.slatic.net/p/cc5e0713bb57cde83b5f03b5a77554dc.jpg;', 25, 6);

INSERT INTO review (id, product_id, reviewer, rating, `comment`) VALUES(21380, 2138, 'TÔ T.', 4, 'Đặt mua 2 ngày đã nhận được hàng . Lúc đầu lắp đặt rất khó khăn nhưng liên hệ với shop được shop hướng dẫn rất cụ thể nên giờ sử dụng rất ok.
Quay rất nét . Cảm ơn Shop');

INSERT INTO review (id, product_id, reviewer, rating, `comment`) VALUES(21381, 2138, 'Anh K.', 4, '');

INSERT INTO review (id, product_id, reviewer, rating, `comment`) VALUES(21382, 2138, 'NGÔ Q.', 0, 'Dùng khá ok, nhưng tốc độ load video qua apps rất tốt, tôi để dầm mưa gần 5 ngày rổi vẫn chưa bị hỏng , camera đặt trên cao mà quay như quay gần. Nói chung là ổn trong tầm giá, cho shop 5 sao');

INSERT INTO review (id, product_id, reviewer, rating, `comment`) VALUES(21383, 2138, 'NGUYỄN H.', 1, 'camera được thiết kế cho ngoài trời, cso khung kim loại sơn tĩnh điện, có khả năng chống nước nhưng mình vẫn khuyên anh em ở đây nên để cam ở chỗ tránh năng mưa trực tiếp để tuổi thọ camera được lâu!');

INSERT INTO review (id, product_id, reviewer, rating, `comment`) VALUES(21384, 2138, 'ĐỖ Đ.', 4, 'Cảm thế hài lòng hơn khi công ty có tặng kèm dây điện 5 mét, sử dụng rất tiện, cắm là có thể dùng được luôn, ủng hộ shop phát triển, tôi sẽ nghé mua nữa');

INSERT INTO product (id, name, short_desc, full_desc, category_id, brand_name, status, weight, available_item, unit_price, discount_percent, avg_rating, img_url, total_rating, supplier_id) VALUES(2139, 'Bộ 4 pin sạc AAA Doublepow 900mAh Cam Kết Dung Lượng Thật', 'Bộ 4 pin sạc AAA Doublepow 900mAh Cam Kết Dung Lượng Thật', '<pre>Cam kết dung lượng thậtHãng sản xuất: Doublepow
Kiểu pin: AAA
Điện áp 1.2V
Dùng cho: đèn pin, đồ chơi, micro karaoke,…
Số lần sạc: 1000 lần
Dung lượng: 900mAh
Đóng hộp: 4 viên pin sạc
Loại pin: Ni-MHSản phẩm chính hãng nên có dòng sạc nhanh ổn định và chống chai pinBao bì đóng gói công nghiệp, đẹp, chắc.</pre>', 21, 'DP', 'USED', 8.80159957762572, 38, 50000, 6, 4.6, 'https://vn-test-11.slatic.net/p/2/bo-4-pin-sac-aaa-doublepow-900mah-cam-ket-dung-luong-that-6707-85978633-87788ea4b98271fc7b6327b0130f3a6b-catalog.jpg;https://vn-test-11.slatic.net/p/2/bo-4-pin-sac-aaa-doublepow-900mah-cam-ket-dung-luong-that-6707-85978633-2127d297297c34ff9976cc0f5e3cea1e-catalog.jpg;https://vn-test-11.slatic.net/p/2/bo-4-pin-sac-aaa-doublepow-900mah-cam-ket-dung-luong-that-6707-85978633-9d8542ce89663f94e57e65df5dda21e3-catalog.jpg;', 68, 8);

INSERT INTO review (id, product_id, reviewer, rating, `comment`) VALUES(21390, 2139, 'QQTK4', 2, 'nhà này bán hàng chính hãng,pin sài khá ổn, ngoài kỳ vọng của mình. mua về chủ yếu sài remot, chuột, đèn pin rất ok.');

INSERT INTO review (id, product_id, reviewer, rating, `comment`) VALUES(21391, 2139, 'Nguyễn B.', 4, 'Chất lượng chưa rõ, phải dùng 1 tg mới biết đc..Cho vào sạc tầm 15 phút thấy nóng rực cục pin, liệu do pin hay là sạc? Có ảnh hưởng gì ko?');

INSERT INTO review (id, product_id, reviewer, rating, `comment`) VALUES(21392, 2139, 'Đặng N.', 4, 'Shop giao hàng nhanh , đúng loại pin sạc 3A , pin mới nguyên có bọc nilong và hộp đựng pin , độ bền pin thì dùng 1 thời gian sau mới biết dc , tạm thời rất ok');

INSERT INTO review (id, product_id, reviewer, rating, `comment`) VALUES(21393, 2139, 'Lê C.', 1, 'Chất lượng tốt ,giao hàng nhanh. Cho điểm 10');

INSERT INTO review (id, product_id, reviewer, rating, `comment`) VALUES(21394, 2139, 'Nguyễn V.', 0, 'Tuyệt á. Highly recommend cho anh em!');

INSERT INTO product (id, name, short_desc, full_desc, category_id, brand_name, status, weight, available_item, unit_price, discount_percent, avg_rating, img_url, total_rating, supplier_id) VALUES(430, 'Son lì mịn môi L''Oreal Paris Color Riche Matte 3.7g', 'Son lì mịn môi L''Oreal Paris Color Riche Matte 3.7g', '<pre>Kết cấu son mềm mịn
Thành phần son chứa dưỡng ẩm cao
Mang đến đôi môi quyến rũ
Không chứa paraben
Dùng được cho mọi làn da</pre>', 43, 'L''Oreal Paris', 'NEW', 6.311667562946756, 24, 79000, 67, 4.2, 'https://vn-test-11.slatic.net/p/cdadf98f814114e2599b91be4067ad0c.jpg;https://vn-test-11.slatic.net/p/e0bf444fe84f841cbc362e816d017019.jpg;https://vn-test-11.slatic.net/p/ad3cd9a38f9c3de9c542141d02337cbe.jpg;https://vn-test-11.slatic.net/p/f771213e92b849991224e901618f6e30.jpg;https://vn-test-11.slatic.net/p/4ebb6457981ac536bb7fa80890886778.jpg;', 1854, 3);

INSERT INTO review (id, product_id, reviewer, rating, `comment`) VALUES(4300, 430, 'Nhi', 3, '');

INSERT INTO review (id, product_id, reviewer, rating, `comment`) VALUES(4301, 430, 'Lazada Customer', 4, 'Mềm môi,xuất sắc❤❤');

INSERT INTO review (id, product_id, reviewer, rating, `comment`) VALUES(4302, 430, 'Kung N.', 0, 'Son k giống màu');

INSERT INTO review (id, product_id, reviewer, rating, `comment`) VALUES(4303, 430, 'Quách N. từ lazada.vn', 4, 'Đặt mua màu 263 hồng tím như ảnh mà nhận hàng mở son ra chán hẳn. Mã son chỉ là tem dán giấy có thể bóc ra dán lại (k phải là mã son khắc hc in lên vỏ như nhiều hãng khác). Tem dán là 263 mà ruột son màu nâu thẫm. Màu này chỉ hoá trang chứ trang điểm gì. Treo đầu dê bán thịt chó. Giảm giá thương hiệu lớn mà thế thì khách cũng chỉ mua 1 lần thôi.');

INSERT INTO review (id, product_id, reviewer, rating, `comment`) VALUES(4304, 430, 'Ninh H. từ lazada.vn', 3, 'shop giao hàng nhanh, đúng màu, đóng gói kỹ. Mình vừa thử lên tay thôi thì thấy chất son cũng tốt, màu lên đẹp giống hình, son không có mùi. Mua được deal 98k nên thấy hài lòng lắm.');

INSERT INTO product (id, name, short_desc, full_desc, category_id, brand_name, status, weight, available_item, unit_price, discount_percent, avg_rating, img_url, total_rating, supplier_id) VALUES(431, 'Kem Nền Lì Tự Nhiên Maybelline New York Fit Me Matte Poreless Foundation 30ml', 'Kem Nền Lì Tự Nhiên Maybelline New York Fit Me Matte Poreless Foundation 30ml', '<pre>Kem nền số 1 tại Mỹ
Hiệu ứng mịn lì tự nhiên
12 màu kem nền - tiệp mọi tông da
Kiềm dầu, che phủ lỗ chân lông
Kem nền lý tưởng cho da nhạy cảm, da dầu và da mụn</pre>', 43, 'Maybelline', 'USED', 4.217742607600641, 88, 107500, 67, 4.8, 'https://vn-test-11.slatic.net/p/d7bf47aac98b07333cdd4d66cd0c391e.jpg;https://vn-test-11.slatic.net/p/21ed4986adb21e3a81e6a4a82653ed17.jpg;https://vn-test-11.slatic.net/p/a422a5a67e360bfe4a9408659a3fe975.jpg;https://vn-test-11.slatic.net/p/796e694626da6bed9a36acc0483879a9.jpg;https://vn-test-11.slatic.net/p/680f9da48991ff3e0e170059e7b98bd0.jpg;', 145, 9);

INSERT INTO review (id, product_id, reviewer, rating, `comment`) VALUES(4310, 431, 'Ái Q.', 4, 'Mua 2 lần và lần nào cũng siêu hài lòng. Giao hàng nhanh mà đóng gói rất đẹp. Tất nhiên sẽ lại ủng hộ tiếp tục ❤️');

INSERT INTO review (id, product_id, reviewer, rating, `comment`) VALUES(4311, 431, 'Huong L.', 0, 'Design chắc chắn sang trọng, cầm nặng tay deso, giao hàng chưa đến 24h');

INSERT INTO review (id, product_id, reviewer, rating, `comment`) VALUES(4312, 431, 'Giao H.', 4, 'kem lên da đẹp mịn lì, kiềm dầu khá tốt . màu 128 hơi sáng hơn da của mình nhưng cũng ko mấy gì quá khác biệt nhưng chọn đúng tông màu  sẽ đẹp hơn. chụp để các bạn tham khảo, mình đậy nắp kín dốc hủ kem xuống cho lượng kem dính vào lỗ tròn của nắp rồi dùng ngón giữa chấm kem hoặc là dùng cọ nhỏ cũng dc, lượng kem đủ dùng cho một mặt luôn nha cả nhà. về nhà phân phối thì đóng gói kĩ kem ko chảy đổ, giao hàng nhanh nhân viên vui vẻ. like');

INSERT INTO review (id, product_id, reviewer, rating, `comment`) VALUES(4313, 431, 'Lazada Customer', 4, 'Đã là lọ thứ 5 6 7 8 gì đó rồi. Với những làn da combination to oily skin thì đây chính xác là sản phẩm hoàn hảo, giữ lớp nền khá tốt và tone màu chuẩn Á');

INSERT INTO review (id, product_id, reviewer, rating, `comment`) VALUES(4314, 431, 'Huyền N.', 4, 'Cửa hàng giao cho mình 1 lọ kem nền bị bóc mất vỏ không biết tại làm sao nhưng không đồng tình với cách làm việc như vậy. Dòng maybelline dùng tốt chọn màu phù hợp với da dùng khá ổn.');

INSERT INTO product (id, name, short_desc, full_desc, category_id, brand_name, status, weight, available_item, unit_price, discount_percent, avg_rating, img_url, total_rating, supplier_id) VALUES(432, 'Kem nền mịn da dạng lỏng L''Oreal Paris True match Liquid Foundation 30ml', 'Kem nền mịn da dạng lỏng L''Oreal Paris True match Liquid Foundation 30ml', '<pre>Hạt phấn siêu mịn.
Che phủ hoàn hảo.
Tông màu tự nhiên.
Tôn vẻ rạng rỡ của làn da.</pre>', 43, 'L''Oreal Paris', 'NEW', 8.14382189585049, 31, 139000, 67, 4.5, 'https://vn-test-11.slatic.net/p/f4b81c5b6dfef093876ba3af2934c018.jpg;https://vn-test-11.slatic.net/p/0f9c799c0685de8074a4a7692d75476a.jpg;https://vn-test-11.slatic.net/p/3d418a40f39158fef191fef8557a3408.jpg;https://vn-test-11.slatic.net/p/756669acba968e7ab70ff379c90045f7.jpg;https://vn-test-11.slatic.net/p/c956c19f039d3252576d4fb44c8ac241.jpg;', 724, 6);

INSERT INTO review (id, product_id, reviewer, rating, `comment`) VALUES(4320, 432, 'Đặng M.', 1, 'Foundation khá lỏng, dễ tán, có hiệu ứng hạt nhũ nhỏ khá hay. Mình test thử bằng tay lên da mặt thì thấy che được lcl tầm 60-70%, sử dụng thêm kem lót chắc chắn hiệu quả cao hơn nhiều. Test vội để thử xem màu  ntn thì lại hơi tối so với mặt mình :)))) nhưng lớp nền lại khá ổn, nếu tán bằng cọ hoặc mút hiệu quả sẽ cao hơn. Lại để đây make cho mẹ vậy 😂 tiếc quá');

INSERT INTO review (id, product_id, reviewer, rating, `comment`) VALUES(4321, 432, 'Hồng', 3, 'Chưa xài nhưng sp đúng với hình-ok');

INSERT INTO review (id, product_id, reviewer, rating, `comment`) VALUES(4322, 432, 'Lazada Customer', 3, 'Rất khô da và chất kem lại không lỏng như trong các bài review mà kiểu đặc quánh, tôi không thấy hsd trên bao bì nên k biết sp còn hạn dùng không');

INSERT INTO review (id, product_id, reviewer, rating, `comment`) VALUES(4323, 432, '郑晋成', 2, 'Đóng gói hàng không đẹp mắt hộp bị móp méo và rất mất thẩm mỹ. Bù lại được chất lượng sản phẩm dùng ok, kem mịn đều màu da đúng với màu order.');

INSERT INTO review (id, product_id, reviewer, rating, `comment`) VALUES(4324, 432, 'luong T.', 0, 'kem nen ok còn mặt nạ hơi khô');

INSERT INTO product (id, name, short_desc, full_desc, category_id, brand_name, status, weight, available_item, unit_price, discount_percent, avg_rating, img_url, total_rating, supplier_id) VALUES(433, 'Son môi VIBELY cao cấp, son kem - [ToTo Shop]', 'Son môi VIBELY cao cấp, son kem - [ToTo Shop]', '<pre>⚡️⚡️CAM KẾT SẢN PHẨM Y HÌNH⚡️⚡️ Hãy " Trò chuyện " để liên hệ với chúng tôi, chúng tôi sẽ trả lời sớm nhất có thể Like và theo dõi chúng tôi để cập nhật sản phẩm mới nhất mỗi ngày Hy vọng bạn có khoảnh khắc mua sắm vui vẻ trong cửa hàng của tôi!</pre>', 43, 'No Brand', 'USED', 5.501227482594366, 33, 49000, 67, 4.6, 'https://vn-test-11.slatic.net/p/8ac370095391dd4f6a53fed82f016354.jpg;https://vn-test-11.slatic.net/p/820e2c33a157570323fb549fe206cbbb.jpg;https://vn-test-11.slatic.net/p/7767f58e550bc47442c7a7c9b027fcd9.jpg;https://vn-test-11.slatic.net/p/fa17db154ef0149250fc9073e85274c0.jpg;https://vn-test-11.slatic.net/p/73382d0e3b2f45969f0ba19d840eae17.jpg;https://vn-test-11.slatic.net/p/ca3038c373be25bc8cf210cfa57a0f96.jpg;https://vn-test-11.slatic.net/p/1e011fea0a8d95298f60762fe363af7b.jpg;https://vn-test-11.slatic.net/p/eab7e4cff3cf5492c0b2a8dc21bdbbd1.jpg;', 80, 6);

INSERT INTO review (id, product_id, reviewer, rating, `comment`) VALUES(4330, 433, 'Mai T.', 1, 'son thơm, màu bám tốt. Đặt màu số 7 lá phong, nhưng shop giao để số 7 nhưng không giống màu trên hình, trên hình là màu cam cam, gửi thì lại màu hồng trừ 1* vì không giống màu đăng');

INSERT INTO review (id, product_id, reviewer, rating, `comment`) VALUES(4331, 433, 'thuha', 0, 'so đẹp lâu trôi.có điều giao thiếu 1 thỏi so với đơn hàng mình dặt.giao hàng thì lâu đợi dài cổ.đặt hàng từ 17 đến 26 mới nhận đc hàng');

INSERT INTO review (id, product_id, reviewer, rating, `comment`) VALUES(4332, 433, 'Phuong', 0, 'K ngờ cây son đẹp vầy mà mua đc với giá 55k luôn á. Bền màu, mềm môi, thơm phức. Cây son láng mướt k 1 vết trầy. Shop gói hàng rất cẩn thận, để trong hộp carton mà còn thêm 1 lớp xốp chống sốc. Cám ơn shop ạ 😍😍');

INSERT INTO review (id, product_id, reviewer, rating, `comment`) VALUES(4333, 433, 'Sharon N.', 3, 'Xuat sac');

INSERT INTO review (id, product_id, reviewer, rating, `comment`) VALUES(4334, 433, 'Vy T.', 4, '');

INSERT INTO product (id, name, short_desc, full_desc, category_id, brand_name, status, weight, available_item, unit_price, discount_percent, avg_rating, img_url, total_rating, supplier_id) VALUES(434, 'Chai Xịt Chống Nắng và Làm Trắng Da Maycreate', 'Chai Xịt Chống Nắng và Làm Trắng Da Maycreate', '<pre>Chai Xịt Chống Nắng và Làm Trắng Da Maycreate:Dạng xịt, dungtích 150ml , Xuất xứ: Nôi địa Trung . Hãng Maycreate
Chai Xịt Chống Nắng và Làm Trắng Da Maycreate :là sản phẩm dùng để make -up ( trang điểm ). Tương tự như cushion hay phấn nước mà chúng ta thường hay thấy. Nhưng bạn này khác ở chỗ làdạng xịt .nên hạt phấn đều hơn và tạo thành lớp mỏng hơn . Đi ngoài trời được 6-7h, không sợ bắt nắng vì chính bạn ý cũng có thành phần chống nắng rồi ạ. Mình đã dùng thử 1 chai , mùi thơm dễ chịu lên tầm 2 tone , sản phẩm không bị lộ vân thẩm thấu nhanh và tiệp da . Cảm giác da căng hơn và mát khi dùngChai Xịt Chống Nắng và Làm Trắng Da Maycreate
Chai Xịt Chống Nắng và Làm Trắng Da Maycreate : Nâng tone,che mờ vết thâm 60-70% , chống nắng, cấp ẩm giúp da không bị khô vào mùa đông . Sản phẩm sẽ nâng từ 2 tone, nhìn rất tự nhiên nha các bạn.
Chai Xịt Chống Nắng và Làm Trắng Da Maycreate chủ yếu dùng cho body , cổ. Các bạn có thể dùng cho mặt được nhưng nên dùng trước một lớp kem lót nhé . Có thể dùng phấn phủ phủ lên càng tốt nhé các bạn</pre>', 43, 'No Brand', 'NEW', 9.962825101022132, 87, 70000, 67, 4.8, 'https://vn-test-11.slatic.net/original/79032f57bddf5db4432033a364460b67.jpg;https://vn-test-11.slatic.net/original/8a4f26f6e6be89e33235b4aee8b4c469.jpg;https://vn-test-11.slatic.net/original/5e18f9fc555be780a4d07c683f4cb9a0.jpg;https://vn-test-11.slatic.net/original/9bb389b8cd24d21ad3c3997c70ad1a57.jpg;', 215, 8);

INSERT INTO review (id, product_id, reviewer, rating, `comment`) VALUES(4340, 434, 'Lazada Customer', 4, 'hàng đẹp ok mẹ mik rất thik');

INSERT INTO review (id, product_id, reviewer, rating, `comment`) VALUES(4341, 434, 'Lazada Customer', 4, 'Xịt lên tay thì có trắng hơn khoảng 2 tông, còn lên cổ thì k trắng lắm. Chắc phần cổ da dày hơn nên khó trắng. Sp có hơi loãng chút nhưng đối vs mình thế là ok r. Lần tới sẽ tiếp tục ủng hộ shop');

INSERT INTO review (id, product_id, reviewer, rating, `comment`) VALUES(4342, 434, 'Nguyen T.', 1, 'xịt lên lỏng wa, lên tông nhẹ..');

INSERT INTO review (id, product_id, reviewer, rating, `comment`) VALUES(4343, 434, 'mo P.', 0, 'Lên tông nhưng ko trắng như quảng cáo, 4 Sao');

INSERT INTO review (id, product_id, reviewer, rating, `comment`) VALUES(4344, 434, 'Thạch T.', 2, 'Ok chuẩn hết ko nói ji nhìu kkk');

INSERT INTO product (id, name, short_desc, full_desc, category_id, brand_name, status, weight, available_item, unit_price, discount_percent, avg_rating, img_url, total_rating, supplier_id) VALUES(435, 'Son thỏi lì siêu nhẹ môi Baby Sexy( kèm quà tặng tri ân KH)', 'Son thỏi lì siêu nhẹ môi Baby Sexy( kèm quà tặng tri ân KH)', '<pre>Thương hiệu: BabeSexy (Việt Nam) Version 1.
Chất son: Lì-mịn, có chất dưỡng, không bóng và khô nhanh. Chất son đảm bảo an toàn đặc biệt có thể tận dụng làm má hồng.
Độ bám: Độ bám từ 8-10 tiếng không làm môi cảm giác bị nặng.
Bộ sản phẩm: 1 son-1 túi giấy-1 thiệp.
Lưu ý: Vì là son lì nên trước khi thoa son các bạn nên thoa son dưỡng trước để son lên màu đẹp và dễ hơn.
Màu son: 11 màu thuộc version 1.
#Doping.
#Choco.
#Velvet Brown.
#Secret.
#Virgin.
#Real Love
#Candy Bae.
#Darked.
#Rose.
#RedVelvet.
#Poison.</pre>', 43, 'Babe Sexy', 'NEW', 7.375981887924441, 95, 88000, 67, 4.8, 'https://vn-test-11.slatic.net/original/5b6080c85ffa8a48d68a443a48be0b7c.jpg;https://vn-test-11.slatic.net/original/5c20454710029e03f3249919fa679b51.jpg;https://vn-test-11.slatic.net/original/e32562c6b668c9042e0a6115de8e0b76.jpg;https://vn-test-11.slatic.net/original/408b293e3ae8a9660a0bd952f19cb2d5.jpg;https://vn-test-11.slatic.net/original/7ff8712d5e0594e304479e0b47cf677f.jpg;', 86, 2);

INSERT INTO review (id, product_id, reviewer, rating, `comment`) VALUES(4350, 435, 'Long V.', 2, 'Lần đầu mua của shop và sử dụng hiệu son này ko biết có uy tín ko và kết quả ưng ý vô cùng, lên màu rất đẹp và lì vô cùng. Mình thử rửa mặt mà vẫn ko trôi. Cực kỳ thích hiệu son này sẽ ủng hộ lâu dài cho 5 sao luôn.');

INSERT INTO review (id, product_id, reviewer, rating, `comment`) VALUES(4351, 435, 'Nhung T.', 4, 'son đẹp lắm nhưng mình ko thích túi đỏ cho lắm hi vọng lần sao mua đồ bên shop là túi trắng 😘😘😘😘 có 10sao cũng cho nữa');

INSERT INTO review (id, product_id, reviewer, rating, `comment`) VALUES(4352, 435, 'Trần T.', 2, 'đóng gói chắc chắn,màu son đẹp,giả cả hợp lí 😍');

INSERT INTO review (id, product_id, reviewer, rating, `comment`) VALUES(4353, 435, 'Lê T.', 3, 'Màu đẹp, mịn môi, vỏ hơi trầy một chút nhưng Shop đã gửi tặng coupon 15% vì lỗi này.

Sẽ ủng hộ shop lần tới.');

INSERT INTO review (id, product_id, reviewer, rating, `comment`) VALUES(4354, 435, 'Triệu L.', 3, 'đóng gói cẩn thận. nhưng son dễ trôi ạ');

INSERT INTO product (id, name, short_desc, full_desc, category_id, brand_name, status, weight, available_item, unit_price, discount_percent, avg_rating, img_url, total_rating, supplier_id) VALUES(436, 'Bộ 5 món: 2 chai nước hoa mini, 1 son lớn màu đỏ, 1 son nước, 1 chì kẻ mắt', 'Bộ 5 món: 2 chai nước hoa mini, 1 son lớn màu đỏ, 1 son nước, 1 chì kẻ mắt', '<pre>Bộ 5 món với thiết kế sang trọng, thích hợp dùng làm quà tặng cho người yêu, bạn bè, người thân trong các dịp đặc biệt nhè!
Bộ 5 món mỹ phẩm . Kiểu dáng sang trọng, thiết kế hiện đại
Gồm:+ Nước hoa sang trọng hương thơm nồng nàng, say đắm+ Son: được thiết kế cực kỳ thanh lịch và sang trọng, màu sắc trang nhã tô điểm cho đôi môi nổi bật thu hút mọi ánh nhìn+ 1 son nước dưỡng môi lì siêu đẹp ah+ Chì kẻ mắt: giúp đôi mắt của bạn xuất hiện to hơn, & cân đối hơn</pre>', 43, 'OEM', 'NEW', 9.724066809010122, 86, 110000, 67, 4.5, 'https://vn-test-11.slatic.net/original/725986754cc70e3b25d78500426cf7d1.jpg;https://vn-test-11.slatic.net/original/0ef3a368f352641e29c04bb4a672e161.jpg;https://vn-test-11.slatic.net/original/02c9091ebf3ea6193cc4dfb0a5e54ed6.jpg;https://vn-test-11.slatic.net/original/87bcbbac0839384920a477516939e056.jpg;https://vn-test-11.slatic.net/original/0f03175825ff61e8b15dc8ca42c19010.jpg;', 42, 7);

INSERT INTO review (id, product_id, reviewer, rating, `comment`) VALUES(4360, 436, 'Vy P.', 3, 'đẹp tốt có điều nước hoa đã bị đổ . nhưng rất ưng ý mẹ mik rất thích c.ơn shop');

INSERT INTO review (id, product_id, reviewer, rating, `comment`) VALUES(4361, 436, 'Nam A.', 1, 'Rất đẹp rất hài lòng giao hàng nhanh cảm ơn nhiều rất thích 5mon này');

INSERT INTO review (id, product_id, reviewer, rating, `comment`) VALUES(4362, 436, 'Phú H.', 3, 'hành giống hình chất lượng thì ok,tiền nào của đó mà');

INSERT INTO review (id, product_id, reviewer, rating, `comment`) VALUES(4363, 436, 'Vy T.', 1, 'Tạm. Nước hoa lưu hương đc nữa tiếng. Ns chung tiền nào của nấy. Masscara thì đc 1 tiếng. Son cũng đc tầm 1 tiếng.');

INSERT INTO review (id, product_id, reviewer, rating, `comment`) VALUES(4364, 436, 'Diệu T.', 4, 'ok');

INSERT INTO product (id, name, short_desc, full_desc, category_id, brand_name, status, weight, available_item, unit_price, discount_percent, avg_rating, img_url, total_rating, supplier_id) VALUES(437, 'Xịt makup kiêm chống nắng', 'Xịt makup kiêm chống nắng', '<pre>Chai xịt CHỐNG NẮNG, TRANG ĐIỂM Maycreate+++
Chai xịt thần thánh dùng được cho cả Body & Face ☀️☀️
Chai xịt trang điểm đốn tim phái đẹpsản phẩm đang cực kỳ HOT HOT HOT
Makeup chưa đầy 5 phút cho những cô nàng bận rộn và không biết make up.
✅ Chai xịt trang điểm hàng nội địa Trung
✅ Dùng được cho Mặt, Cổ, Nách, Chân, Tay ( muốn trắng chỗ nào trắng chỗ đó).
✅ Chỉ số chống nắng SPF 50+
✅ Không bị xuống tone cả ngày dài, ĐẶC BIỆT KHÔNG THẤM NƯỚC - KHÔNG TRÔI.
Giá : 120.000₫
#kemchongnang #makeup #làmđẹp #beauty #làmtrắng #trắngdatoànthân #spf50 #trangđiểm #chaixitchongnang #tiệnlợi</pre>', 43, 'No Brand', 'NEW', 1.2001351710403865, 89, 86000, 67, 5.0, 'https://vn-test-11.slatic.net/p/3be7799bd068a4500baec5f895dfc178.jpg;https://vn-test-11.slatic.net/p/38c63bef3980b5db3f8eeca7deebe07e.jpg;https://vn-test-11.slatic.net/p/78f45a14d4e03e1c29b1e746f7de01b9.jpg;https://vn-test-11.slatic.net/p/555f81d244927953bc0114c7f93e5656.jpg;https://vn-test-11.slatic.net/p/595d84eee5b90b432e7d3982426c0fcb.jpg;https://vn-test-11.slatic.net/p/bf704120daec9dc5bdeadedfaed7fa81.jpg;https://vn-test-11.slatic.net/p/7f1b1b56298a97ec4f6f361bd4006631.jpg;https://vn-test-11.slatic.net/p/3e6c6495e4b261b0351e27f8a8106c9b.jpg;', 11, 7);

INSERT INTO review (id, product_id, reviewer, rating, `comment`) VALUES(4370, 437, 'Hoa P''.', 0, 'hàng xài tốt lắm ạ');

INSERT INTO review (id, product_id, reviewer, rating, `comment`) VALUES(4371, 437, 'Ú''ss M.', 2, 'sản phẩm tốt.mình rất thích😘😘');

INSERT INTO review (id, product_id, reviewer, rating, `comment`) VALUES(4372, 437, 'Nguyễn T.', 2, 'sp tốt cho 5sao');

INSERT INTO review (id, product_id, reviewer, rating, `comment`) VALUES(4373, 437, 'duong K.', 0, 'hàng ok đóng gói kỉ');

INSERT INTO review (id, product_id, reviewer, rating, `comment`) VALUES(4374, 437, 'Lazada Customer', 2, 'sp tốt');

INSERT INTO product (id, name, short_desc, full_desc, category_id, brand_name, status, weight, available_item, unit_price, discount_percent, avg_rating, img_url, total_rating, supplier_id) VALUES(438, 'Son kem lì siêu nhẹ môi Baby Sexy (Kèm son dưỡng + quà tặng tri ân KH)', 'Son kem lì siêu nhẹ môi Baby Sexy (Kèm son dưỡng + quà tặng tri ân KH)', '<pre>Thương hiệu: BabeSexy (Việt Nam).
Chất son: Kem lì, mịn không vón cục và có chất dưỡng. Son không bóng và khô nhanh.
Độ bám: Độ bám từ 6-8 tiếng không làm môi cảm giác bị nặng.
Bộ sản phẩm bao gồm: 1 son- 1 son dưỡng- 1 túi giấy- 1 thiệp.
Lưu ý: Vì là son kem lì nên trước khi thoa son các bạn nên dưỡng môi nhé.
Màu son: 12 màu.
# DarkRose- Đỏ gạch.
#Rubywoo- Đỏ thuần.
#Strawberry- Hồng dâu.
#Kiss- Đỏ tươi.
#Nude- Nude cam.
#Candy- Đỏ cam.
#Cherry- Đỏ đậm.
#Teddy- Cam đất.
#TeaRose- Hồng trà.
#RoseSexy- Hồng đất.
#Baby- Hồng baby-cam sữa.
#Kelsey- Đỏ nâu.</pre>', 43, 'Babe Sexy', 'NEW', 9.272600013702, 68, 119000, 67, 4.8, 'https://vn-test-11.slatic.net/p/mdc/1cf33dcfb3436dd4022928a2f7b83716.jpg;https://vn-test-11.slatic.net/p/mdc/3da15db76886222135ee60c85c216da7.jpg;https://vn-test-11.slatic.net/p/mdc/100e99cadf4e23d7f1538053d08ea0de.jpg;https://vn-test-11.slatic.net/p/mdc/1620e8ddd79496ea56f2293f0767442e.jpg;', 75, 1);

INSERT INTO review (id, product_id, reviewer, rating, `comment`) VALUES(4380, 438, 'Nguyenthithuyuyen', 2, 'son đẹp, lì. gói quà đẹp');

INSERT INTO review (id, product_id, reviewer, rating, `comment`) VALUES(4381, 438, 'Lê A.', 3, 'Son mới, êm môi, màu sắc rất ưng ;)');

INSERT INTO review (id, product_id, reviewer, rating, `comment`) VALUES(4382, 438, 'Cẩm N.', 1, 'đẹp.nên mua.nếu các bạn chuộng dòng son kem thì bảo đảm sẽ thúch.màu cực đẹp.nhưng hơi đậm.các bạn sử dụng son kem mua loại nàu sd thử đi.rẻ mà đẹp nữa');

INSERT INTO review (id, product_id, reviewer, rating, `comment`) VALUES(4383, 438, 'Lazada Customer', 3, '');

INSERT INTO review (id, product_id, reviewer, rating, `comment`) VALUES(4384, 438, 'ho T.', 0, '. màu đẹp lắm nha❤lần sau sẽ ủng hộ nữa❤');

INSERT INTO product (id, name, short_desc, full_desc, category_id, brand_name, status, weight, available_item, unit_price, discount_percent, avg_rating, img_url, total_rating, supplier_id) VALUES(439, 'Son Chu Liptick Đủ Màu', 'Son Chu Liptick Đủ Màu', '<pre>Son Chu Liptick bên shop bán là 100/100 Chính hãng.
1 bộ gồm cây son + phiếu kết quả thử ngiệm + 1 hủ son dưỡng + 1 túi giấy đựng son
Dòng son kem lì tuy vừa ra mắt nhưng đã tạo nên cơn sốt không hề nhẹ vì chất son độc đáo khác biệt hoàn toàn với thị trường hiện nay.
100% không chìKhông gây hại cho môi
Lên tông màu cực chuẩn cực Tây với 1 lần quét
Mịn, không vón cục, không khô môi, mùi thơm dù là khách hàng kén mùi cũng hài lòng.</pre>', 43, 'Chuliptick', 'USED', 7.292009778549411, 26, 72000, 67, 4.3, 'https://vn-test-11.slatic.net/original/39f33553e0bdd2e951beb1654ca2b581.jpg;https://vn-test-11.slatic.net/original/1d6447e71b5bbd4256395edfcdfd9492.jpg;https://vn-test-11.slatic.net/original/77ef8d3dfcb816f32959689440dc13d5.jpg;https://vn-test-11.slatic.net/original/0e4218cba33fc8d1c01f270018891251.jpg;https://vn-test-11.slatic.net/original/66f2e64f5c59c1916306b7d84d65ed6a.jpg;https://vn-test-11.slatic.net/original/89e7e76aaf910a34e4c55c94a22a039e.jpg;', 132, 8);

INSERT INTO review (id, product_id, reviewer, rating, `comment`) VALUES(4390, 439, 'Hạnh N.', 4, 'Son rất mịn. Thơm nhẹ nhàng. K gây cảm giác khô môi. Mk cũng có mua 1 thỏi chu như này ở xiao nhưng mùi nồng hơn đánh lên môi toàn bị rộp da chết. Sản phẩm rất được ạ');

INSERT INTO review (id, product_id, reviewer, rating, `comment`) VALUES(4391, 439, 'nguyễn T.', 2, 'son như hình ,son lên màu đẹp , mềm mịn, khá ưng những điểm đó . Nhưng son hk lỳ bôi là bay màu , tuy hk lì nhưng chất lượng son rất ok');

INSERT INTO review (id, product_id, reviewer, rating, `comment`) VALUES(4392, 439, 'Nguyễn H.', 1, 'son lên màu tự nhiên cảm giác mượt và mịn môi khá lì rất ok rất thích');

INSERT INTO review (id, product_id, reviewer, rating, `comment`) VALUES(4393, 439, 'Như K.', 2, 'son hàng face');

INSERT INTO review (id, product_id, reviewer, rating, `comment`) VALUES(4394, 439, 'Thuong N.', 0, 'khá đẹp và son tốt... lần sau sẽ mua thêm..😊');

INSERT INTO product (id, name, short_desc, full_desc, category_id, brand_name, status, weight, available_item, unit_price, discount_percent, avg_rating, img_url, total_rating, supplier_id) VALUES(4310, 'Mascara Maybelline New York dài và tơi mi Lash Sensational 10ml (Đen)', 'Mascara Maybelline New York dài và tơi mi Lash Sensational 10ml (Đen)', '<pre>Mascara làm dài và tơi mi ngay lập tức
Lâu trôi, không lem, không vón cục, không thấm nước
Công nghệ cọ tơ độc đáo, tạo hiệu ứng cánh quạt
Mascara Maybelline bán chạy số 1 thế giới</pre>', 43, 'Maybelline', 'NEW', 3.6349644002832293, 67, 119000, 67, 4.9, 'https://vn-test-11.slatic.net/p/880f4abe062ce11d513f1abeedf0ba39.jpg;https://vn-test-11.slatic.net/p/8d03880878db0502a974d312d0a08ebc.jpg;https://vn-test-11.slatic.net/p/5d76ce9c506136a2e57a5ad0d2d356ad.jpg;https://vn-test-11.slatic.net/p/30b3c151f671b2077c218eb7d6025ed2.jpg;https://vn-test-11.slatic.net/p/8e833b0208f396c669dfedd90f9d512b.jpg;', 235, 6);

INSERT INTO review (id, product_id, reviewer, rating, `comment`) VALUES(43100, 4310, 'Nguyen H.', 2, 'Hàng giao chuẩn thời gian, đóng gói cẩn thận, chất lượng tốt, mau khô và khó trôi! Săn đc đúng đợt sale nên chỉ còn 89k cả ship là 100k! ❤❤❤ Mọi người nên mua nha! ❤❤❤ 5 sao!');

INSERT INTO review (id, product_id, reviewer, rating, `comment`) VALUES(43101, 4310, 'Huỳnh T.', 2, 'Xài ok không vón cục, tơi mi. Date mới nữa! Ưng ý lắm! Giao hàng nhanh chóng, hôm qua đặt hôm nay đã giao rồi.');

INSERT INTO review (id, product_id, reviewer, rating, `comment`) VALUES(43102, 4310, 'huong N.', 3, 'tuyệt vời. hàng giao có đầy đủ thông tin nhãn mác. quet thử thấy mi dài hẳn,  ko bị bết dính, rất ok.');

INSERT INTO review (id, product_id, reviewer, rating, `comment`) VALUES(43103, 4310, 'Hoàng H.', 4, 'giao đúng hàng. k lem khi sử dụng');

INSERT INTO review (id, product_id, reviewer, rating, `comment`) VALUES(43104, 4310, 'Le N.', 4, 'giao hàng rất nhanh, rất hài lòng');

INSERT INTO product (id, name, short_desc, full_desc, category_id, brand_name, status, weight, available_item, unit_price, discount_percent, avg_rating, img_url, total_rating, supplier_id) VALUES(4311, 'Bộ kit trang điểm ADS 5 in 1', 'Bộ kit trang điểm ADS 5 in 1', '<pre>Bộ kit trang điểm ADS 5 in 1 tiện lợi giúp bạn trang điểm mọi lúc mọi nơi gồm: 24 màu mắt, 4 màu má hồng, 3 màu phấn nền, 8 màu son môi, 1 bông phấn và bộ cọ 3 cây tiện lợi.
Sản phẩm với nhiều tông màu khác nhau, cho bạn thỏa thích sáng tạo khi trang điểm với thật nhiều phong cách.
Hộp thiết kế sang trọng, thanh lịch, nhỏ gọn, có gương lớn tiện lợi cho việc trang điểm ở bất cứ đâu.
Chất liệu sản phẩm đảm bảo, độ kết dính cao, cho bạn gương mặt tươi tắn, quyến rũ và lâu phai.</pre>', 43, 'OEM', 'NEW', 3.2735069349448565, 92, 70000, 67, 4.7, 'https://vn-test-11.slatic.net/original/abc80b069b370f44642d843af919f34e.jpg;https://vn-test-11.slatic.net/original/7b3dc16e735cbbbc473104e2bc873279.jpg;https://vn-test-11.slatic.net/original/745970829d8ab43bb0611fe42e6563e8.jpg;', 102, 8);

INSERT INTO review (id, product_id, reviewer, rating, `comment`) VALUES(43110, 4311, 'Lazada Customer', 3, 'mua hai hộp mà một hộp thì rụng rời còn vỡ một hộp thì vỡ hết là sao . shop bán hàng cũ hả');

INSERT INTO review (id, product_id, reviewer, rating, `comment`) VALUES(43111, 4311, 'Yến K.', 4, 'shop bù lại rất xứng đáng ạ. Với lại shop ở xa mik thế cơ mà. Cũng do vận chuyển k có tâm thô. Thật xin lỗi shop vì đã quá lời');

INSERT INTO review (id, product_id, reviewer, rating, `comment`) VALUES(43112, 4311, 'Lazada Customer', 3, 'đẹp quá shop ơiii ❤❤ cảm ơn shop nhé rất giống hình ạ ❤❤');

INSERT INTO review (id, product_id, reviewer, rating, `comment`) VALUES(43113, 4311, 'Pi P.', 4, 'Rất ưng ý nhé shop');

INSERT INTO review (id, product_id, reviewer, rating, `comment`) VALUES(43114, 4311, '...', 4, 'sp giống hình. đóng gói cẩn thận. kg có bị bể. còn chất lượng thì chưa sd nên chưa biết. nói chung ok với tầm giá!');

INSERT INTO product (id, name, short_desc, full_desc, category_id, brand_name, status, weight, available_item, unit_price, discount_percent, avg_rating, img_url, total_rating, supplier_id) VALUES(4312, 'BỘ 10 SON KEM LÌ CAO CẤP - NHẬP KHẨU HÀN QUỐC', 'BỘ 10 SON KEM LÌ CAO CẤP - NHẬP KHẨU HÀN QUỐC', '<pre>Công dụng:
– Tô điểm làn môi tươi xinh và quyến rũ
– Mỗi một màu son mang lại cho bạn phong cách riêng biệt
– Làn môi tươi xinh giúp bạn tự tin và thu hút hơn
Điểm nổi bật:
– Với 5 tone màu gợi cảm, giúp bạn thoải mái lựa chọn
– Chất son mềm mịn, độ bám cao, không gây khô hay thâm môi
Kiểu dáng:Thiết kế thỏi sang trọng, với 5 tone màu tiện sử dụng mọi lúc mọi nơi
Trọng lượng:3,5g x 10cây
Dạng:Thỏi</pre>', 43, 'OEM', 'USED', 4.580562256972545, 90, 85000, 67, 4.0, 'https://vn-test-11.slatic.net/p/268498df0f327e03f0304e6afe07492c.jpg;https://vn-test-11.slatic.net/p/d9e44c0ec198f175c0e6c945ef6448b3.jpg;https://vn-test-11.slatic.net/p/26d8bf69e836afc01291eb56b7470862.jpg;https://vn-test-11.slatic.net/p/8a1592b37879dc74dd383c1bd8d829e6.jpg;https://vn-test-11.slatic.net/p/811ad63d65e3333b57ac33490d5e1afb.jpg;https://vn-test-11.slatic.net/p/c56f9230c5d96843743725a650dd50fb.jpg;https://vn-test-11.slatic.net/p/9c535c62293c4a7dba33da9222a9bcf2.jpg;', 60, 7);

INSERT INTO review (id, product_id, reviewer, rating, `comment`) VALUES(43120, 4312, 'Hương N.', 4, '');

INSERT INTO review (id, product_id, reviewer, rating, `comment`) VALUES(43121, 4312, 'Dân N.', 0, 'quả thật tiền nào của nấy tôi thích shop giao hàng nhanh và đúng màu nhưng son không lì nha shop nha tôi có 1 chút thất vọng về chất lượng sản phẩm');

INSERT INTO review (id, product_id, reviewer, rating, `comment`) VALUES(43122, 4312, 'Trần V.', 1, 'Đặt 1 mẫu. Nhận 1 mẫu. Bán hàng kiểu j vậy?');

INSERT INTO review (id, product_id, reviewer, rating, `comment`) VALUES(43123, 4312, 'Nguyễn V.', 2, 'hàng không đúng hình, quá kém  hất lượng. làm ăn vầy mà cũng làm được');

INSERT INTO review (id, product_id, reviewer, rating, `comment`) VALUES(43124, 4312, 'Châu T.', 1, 'giao hàng nhanh, so với giá tiền thì son cũng ok');

INSERT INTO product (id, name, short_desc, full_desc, category_id, brand_name, status, weight, available_item, unit_price, discount_percent, avg_rating, img_url, total_rating, supplier_id) VALUES(4313, 'Kem nền mịn lì tự nhiên Maybelline Fit Me Matte Poreless Foundation Tube 18ml', 'Kem nền mịn lì tự nhiên Maybelline Fit Me Matte Poreless Foundation Tube 18ml', '<pre>Kem nền số 1 tại Mỹ
Hiệu ứng mịn lì tự nhiên
12 màu kem nền - tiệp mọi tông da
Kiềm dầu, che phủ lỗ chân lông
Kem nền lý tưởng cho da nhạy cảm, da dầu và da mụn</pre>', 43, 'Maybelline', 'NEW', 0.7154545127021215, 12, 99000, 67, 4.6, 'https://vn-test-11.slatic.net/p/3b832f1a35c12f30fbd6ab976123797c.jpg;https://vn-test-11.slatic.net/p/38c197cc3563f8e138aca935a00156b5.jpg;https://vn-test-11.slatic.net/p/56f35c04aadec66f1af4bea1736a2aef.jpg;https://vn-test-11.slatic.net/p/85a7df270ed057f3d68d9f7e2d537686.jpg;https://vn-test-11.slatic.net/p/41d1a31243d9d985df0f691465d82690.jpg;', 37, 3);

INSERT INTO review (id, product_id, reviewer, rating, `comment`) VALUES(43130, 4313, 'Linh L.', 4, 'Giao hàng nhanh. Ko có bao kiếng niêm phong sản phẩm. Chất hơi loãng. Tạm đc');

INSERT INTO review (id, product_id, reviewer, rating, `comment`) VALUES(43131, 4313, 'Ngọc S.', 1, 'Hàng này chính hãng mà sao sx tại china là s ạ , phải chăng hàng nhái');

INSERT INTO review (id, product_id, reviewer, rating, `comment`) VALUES(43132, 4313, 'Hoàng T.', 4, 'Kiềm dầu tốt, màu 120 hợp với màu da tầm trung không có sắc hồng. Che phủ tạm ổn, da nào ít khuyết điểm thì ok.');

INSERT INTO review (id, product_id, reviewer, rating, `comment`) VALUES(43133, 4313, 'Lazada Customer', 4, 'giao hàng nhanh , đúng mã màu');

INSERT INTO review (id, product_id, reviewer, rating, `comment`) VALUES(43134, 4313, 'Châm N.', 0, 'nhỏ hơn so với mình nghĩ. cơ mà kem tốt');

INSERT INTO product (id, name, short_desc, full_desc, category_id, brand_name, status, weight, available_item, unit_price, discount_percent, avg_rating, img_url, total_rating, supplier_id) VALUES(4314, 'Bộ Trang Điểm Cao Cấp Sang Chảnh TẶNG 3 khuôn vẽ mày', 'Bộ Trang Điểm Cao Cấp Sang Chảnh TẶNG 3 khuôn vẽ mày', '<pre>Bộ trang điểm từ Hãng mỹ phẩm đẳng cấp nước Pháp
Mỹ phẩm chất lượng cao cho bạn nét đẹp hoàn hảo khi sánh bước cùng Soái Ca
Thiết kế vỏ hộp tinh tế và thẩm mỹ
Đủ bộ cho việc trang điểm chuyên nghiệp
Màu sắc phấn mắt và son tươi sáng ảo điệu
Phấn nền và kem lót phù hợp mọi loại da
Chì mắt và macara không bết dính
Bộ sản phẩm kèm túi vô cùng sang chảnh
Bộ trang điểm với đầy đủ các phần giúp bạn tự tin hơn khi make up: nhiều màu son, màu mắt, màu má…
Bộ trang điểm gồm:
1/Phấn phủ : Phấn phủ full tone, hạt phấn siêu mịn, mượt, độ bám che phủ tốt, thiết kế nhỏ gọn có bông phấn
2/Kem lót nền: Kem mỏng, dễ tán, thấm nhanh vào da, se khít lỗ chân lông giúp phấn bám tốt, trang điểm đẹp hơn, dưỡng ẩm và làm mịn da
3/Má hồng: Má hồng hạt siêu mịn, màu sắc dịu dàng, bền màu. Phấn cho hiệu ứng ửng hồng hoàn hảo,sử dụng cọ thoa một lớp nhẹ lên điểm cao nhết của má hay dùng chính các ngón tay để thoa phấn,để tao hiệu ứng ửng hồng nhẹ nhàng
4/Phấn mắt 4 ô màu: màu mắt hiện đại, sang trọng, bền màu.
5/Son kem: Son kem lì màu trẻ trung, son giữ màu.
6/Son thỏi: son lì nhiều dưỡng, màu đẹp.
7/Mascara: giúp dài, dày mi 2 in1, không lem không trôi.
8/Chì mày ngang dễ kẻ, tạo khuôn hình mày, màu đẹp lâu trôi.
9/Bút kẻ mắt: Kẻ dạ ngòi thanh mảnh, chống nước.
Là quà tặng độc đáo cho phái nữ</pre>', 43, 'No Brand', 'NEW', 9.490302713572847, 44, 199000, 67, 4.7, 'https://vn-test-11.slatic.net/original/4cc8ba2608418dcb0563f590dc6a574c.jpg;https://vn-test-11.slatic.net/original/a1667c0bce1d83670490a56578365c8a.jpg;https://vn-test-11.slatic.net/original/de7efa1517e2c9d69fd963c86f742a01.jpg;https://vn-test-11.slatic.net/original/ae0d3f1c299a1152a3ef91451c173b57.jpg;https://vn-test-11.slatic.net/original/89941f54bd9e2c9bd1f36d801b945947.jpg;https://vn-test-11.slatic.net/original/60c0b88749f285fc73178ea08cb62472.jpg;https://vn-test-11.slatic.net/original/fcce4e0ca770bebaf5818d8b11213138.jpg;https://vn-test-11.slatic.net/original/d9d843035772ff68c5fa6c632669820d.jpg;', 92, 7);

INSERT INTO review (id, product_id, reviewer, rating, `comment`) VALUES(43140, 4314, 'Nguyễn H.', 3, 'Em mua tặng vợ 1 bộ, khi mở xem hàng nhìn rất đẹp, có cả túi đựng luôn, tặng thêm 3 khuôn vẽ chân mài. Nhưng chưa biết sài ra sao, mà nhìn cái này tặng em thấy rất vừa ý nên em cho 5 sao luôn.');

INSERT INTO review (id, product_id, reviewer, rating, `comment`) VALUES(43141, 4314, 'Linh N.', 3, 'Hàng rất đẹp và sang trọng , đóng gói kỹ lưỡng , giao hàng nhanh , vừa tầm giá...rất hài lòng.');

INSERT INTO review (id, product_id, reviewer, rating, `comment`) VALUES(43142, 4314, 'Nhu Y.', 2, 'hang dep .dong goi ki luong .giao hang nhanh .lan sau minh se ung ho shop nua');

INSERT INTO review (id, product_id, reviewer, rating, `comment`) VALUES(43143, 4314, 'Huong P.', 0, 'masscara khong co nước...con lại thì ok');

INSERT INTO review (id, product_id, reviewer, rating, `comment`) VALUES(43144, 4314, 'Dự H.', 3, 'đẹp.giống như hình');

INSERT INTO product (id, name, short_desc, full_desc, category_id, brand_name, status, weight, available_item, unit_price, discount_percent, avg_rating, img_url, total_rating, supplier_id) VALUES(4315, 'Bảng phấn mắt Maybelline New York The Nudes Palette 12 màu 9g', 'Bảng phấn mắt Maybelline New York The Nudes Palette 12 màu 9g', '<pre>Set 12 màu mắt với tông màu nhẹ nhàng và ấn tượng
Thích hợp dùng tô điểm cho đôi mắt thêm long lanh
Thiết kế hộp góc cạnh với chất liệu nhựa phun sơn nhũ cứng cáp</pre>', 43, 'Maybelline', 'USED', 5.268496856823541, 22, 167500, 67, 4.8, 'https://vn-test-11.slatic.net/p/9a5d915bc0f372beb889fe9bf19bc26e.jpg;https://vn-test-11.slatic.net/p/86fa600f7664a8f72e0db77692976a88.jpg;https://vn-test-11.slatic.net/p/856e5b2814cb9bf82080c0719c823af4.jpg;https://vn-test-11.slatic.net/p/ea591101fb861e28efdda75d398a408f.jpg;https://vn-test-11.slatic.net/p/fd9adc5e919dfe72343996e5029c1319.jpg;https://vn-test-11.slatic.net/p/b9c3db025bc78cc74ddc13791daee84f.jpg;', 52, 8);

INSERT INTO review (id, product_id, reviewer, rating, `comment`) VALUES(43150, 4315, 'Nhi O.', 0, 'hàng đẹp đóng gói kĩ càng');

INSERT INTO review (id, product_id, reviewer, rating, `comment`) VALUES(43151, 4315, 'Trần T.', 2, 'Phù hợp với ai muốn trang điểm sương khói k thấy gì,nhũ quá ít và rất mau trôi');

INSERT INTO review (id, product_id, reviewer, rating, `comment`) VALUES(43152, 4315, 'Thanh', 1, 'Sp đẹp khi vừa nhận, giao hàng cực nhanh. Nói chung bề ngoài ok..');

INSERT INTO review (id, product_id, reviewer, rating, `comment`) VALUES(43153, 4315, 'Nhi N.', 3, 'Giao hàng nhanh, đúng như hình');

INSERT INTO review (id, product_id, reviewer, rating, `comment`) VALUES(43154, 4315, 'Desi N.', 1, 'Perfect as I expected.');

INSERT INTO product (id, name, short_desc, full_desc, category_id, brand_name, status, weight, available_item, unit_price, discount_percent, avg_rating, img_url, total_rating, supplier_id) VALUES(4316, 'SÁP MẮT NHŨ DẠNG THỎI NOVO', 'SÁP MẮT NHŨ DẠNG THỎI NOVO', '<pre>✨✨THU HÚT TỪ ÁNH NHÌN ĐẦU TIÊN Sản phẩm dành cho những chị em không biết đánh phấn mắt ….
Khi không biết cách đánh và phối sao cho mắt hài hòa thì giờ đây đã có hỗ trợ bạn ,
chỉ cần 1 đường quẹt ngang vùng mắt là sẽ có 1 đôi mắt lung linh, nhanh và đẹp rất nhiều ,không phải lo nghĩ phối màu như thế nào nữa rồi nhé …
Nhanh tay đặt hàng để có màu ưa thích nào các nàng</pre>', 43, 'No Brand', 'USED', 9.041287809544855, 86, 35000, 67, 4.6, 'https://vn-test-11.slatic.net/original/08554ce3d07c7e958836d2d7800d0e08.jpg;https://vn-test-11.slatic.net/original/edc0cf84b77dcc304cdb337477a3058b.jpg;https://vn-test-11.slatic.net/original/5f348784e8d93b77869699ca61d1ecdb.jpg;https://vn-test-11.slatic.net/original/0018cd390eda304d55e6cf9b294bfacd.jpg;', 157, 3);

INSERT INTO review (id, product_id, reviewer, rating, `comment`) VALUES(43160, 4316, 'Thu H.', 3, 'Sản phẩm tôi nhận được rất tuyệt. Không vỡ và màu nhũ đẹp như trong hình- cảm ơn rất nhiều và tôi sẽ còn tiếp tục mua sắm những sản phẩm khác nữa.');

INSERT INTO review (id, product_id, reviewer, rating, `comment`) VALUES(43161, 4316, 'Nhok C.', 3, '');

INSERT INTO review (id, product_id, reviewer, rating, `comment`) VALUES(43162, 4316, 'Đinh T.', 3, 'tuyệt đẹp shop ơi! chất lượng và hình ảnh 100% đáng tin');

INSERT INTO review (id, product_id, reviewer, rating, `comment`) VALUES(43163, 4316, 'Hue N.', 1, 'Dễ sử dụng, màu đẹp. Tuy nhiên, độ bám chưa cao, nên đánh đậm.');

INSERT INTO review (id, product_id, reviewer, rating, `comment`) VALUES(43164, 4316, 'Le H.', 4, 'Sp ok. Mau dep, dong goi rat ky. Cam on shop');

INSERT INTO product (id, name, short_desc, full_desc, category_id, brand_name, status, weight, available_item, unit_price, discount_percent, avg_rating, img_url, total_rating, supplier_id) VALUES(4317, 'Nước tẩy trang đa năng 3-in-1 L''Oreal Paris Micellar làm sạch sâu 400ml (xanh dương đậm)', 'Nước tẩy trang đa năng 3-in-1 L''Oreal Paris Micellar làm sạch sâu 400ml (xanh dương đậm)', '<pre>Công nghệ mi-xen đột phá
Chiết xuất thảo dược và Glycerin bổ sung độ ẩm cho da
Hút tất cả bụi bẩn, cặn dơ của lớp make-up mà không gây khô da</pre>', 43, 'L''Oreal Paris', 'USED', 3.7216851271883296, 4, 97000, 67, 4.9, 'https://vn-test-11.slatic.net/p/70fe6eec8cfd62a174cf65866af54dcc.jpg;https://vn-test-11.slatic.net/p/05b65f052c4905e114543a966d68df93.jpg;https://vn-test-11.slatic.net/p/e4375c082aba18fcfdb6474e48aa39b3.jpg;https://vn-test-11.slatic.net/p/cdf1b9b60e4e7ce055be08a786134c46.jpg;https://vn-test-11.slatic.net/p/78ac89206eb3d0a607e2bf60386ddabb.jpg;', 90, 5);

INSERT INTO review (id, product_id, reviewer, rating, `comment`) VALUES(43170, 4317, 'Quỳnh C.', 1, 'mọi lần dùng nắp xanh nhạt, hnay mua nhầm nắp xanh đậm mà dùng thích hơn cả lọ xanh nhạt. sẽ tiếp tục ủng hộ cho lorea 😍');

INSERT INTO review (id, product_id, reviewer, rating, `comment`) VALUES(43171, 4317, 'Mai T.', 1, 'Mới nhận hàng sáng nay. Chưa bao giờ đội ngũ shipper Lazada làm mình thất vọng bởi thái độ quá thân thiện, lịch sự. Hàng được bọc cẩn thận, dùng khá thích, mướt da và tẩy trang rất hiệu quả');

INSERT INTO review (id, product_id, reviewer, rating, `comment`) VALUES(43172, 4317, 'Right M.', 4, 'Hàng đóng gói kỹ, giao nhanh. Nói chúng tốt 👏🏻👏🏻');

INSERT INTO review (id, product_id, reviewer, rating, `comment`) VALUES(43173, 4317, 'Vy N.', 4, 'Sản phẩm tẩy sạch đc cả Mascara waterproof.');

INSERT INTO review (id, product_id, reviewer, rating, `comment`) VALUES(43174, 4317, 'Trần T.', 1, '');

INSERT INTO product (id, name, short_desc, full_desc, category_id, brand_name, status, weight, available_item, unit_price, discount_percent, avg_rating, img_url, total_rating, supplier_id) VALUES(4318, 'Bảng phấn mắt Play Color Eyes Lameila PC23', 'Bảng phấn mắt Play Color Eyes Lameila PC23', '<pre>- Phấn Mắt Lameila Play Color Eyes Cherry Blossom là một bảng màu mắt 10 màu với màu hồng giống như hoa anh đào rung lên trong gió.
- Tông màu của sản phẩm tương đối nhẹ nhàng, dễ sử dụng cho nhiều dịp như make up hàng ngày khi đi học, đi làm hay đi chơi đều được. Với 7 màu pha bóng và 3 màu lì bắt mắt, các nàng còn có thể dùng để nhấn nhá thêm cho đôi mắt hút hồn hơn vào những buổi tiệc quan trọng nữa.
- Phấn Mắt Lameila Play Color Eyes Cherry Blossom gồm 10 ô màu với chủ đề Cherry Blossom được trang trí bởi hình ảnh của hoa anh đòa trông vô cùng bắt mắt, với tông chủ đạo của sản phẩm là màu hồng nên mỗi màu sắc sẽ tượng trưng cho một mùa xuân hồng lãng mạng, ngọt ngào đầy hấp dẫn. Màu sắc từ màu hồng lãng mạn đến nâu có thể dễ dàng tạo ra vẻ mắt ngọt ngào tới bí ẩn.
- Xuất xứ: Nội địa Trung</pre>', 43, 'No Brand', 'USED', 1.4854067989254711, 5, 24000, 67, 4.8, 'https://vn-test-11.slatic.net/original/8393820277f66a74ce4a40fbb2d4ff2d.jpg;https://vn-test-11.slatic.net/original/d884ce67a7d0849b3e8fa54684bbc845.jpg;https://vn-test-11.slatic.net/original/49e657d4c92e291f696a3a288b363521.jpg;https://vn-test-11.slatic.net/original/0cdfd1eaa6155df87c22bacc7d211137.jpg;https://vn-test-11.slatic.net/original/4327c077e4d73ae680c659a5d6ca8463.jpg;https://vn-test-11.slatic.net/original/b5f6a151e5ab16e566e6e4cc3e08fea9.jpg;', 108, 1);

INSERT INTO review (id, product_id, reviewer, rating, `comment`) VALUES(43180, 4318, 'Hiền N.', 0, 'Đóng gói cần thận, rẻ, đẹp nên mua');

INSERT INTO review (id, product_id, reviewer, rating, `comment`) VALUES(43181, 4318, 'Lê V.', 3, '');

INSERT INTO review (id, product_id, reviewer, rating, `comment`) VALUES(43182, 4318, 'Vân T.', 1, '');

INSERT INTO review (id, product_id, reviewer, rating, `comment`) VALUES(43183, 4318, 'Duyên T.', 2, 'Đóng gói rất cẩn thận. Đẹp .nhỏ nhắn tiện gọn');

INSERT INTO review (id, product_id, reviewer, rating, `comment`) VALUES(43184, 4318, 'Mỹ T.', 0, 'Quá tệ. Phấn bị vữa ra hết.');

INSERT INTO product (id, name, short_desc, full_desc, category_id, brand_name, status, weight, available_item, unit_price, discount_percent, avg_rating, img_url, total_rating, supplier_id) VALUES(4319, 'Bút cushion che khuyết điểm, giảm quầng thâm Maybelline New York Instant Age Rewind Concealer 6ml', 'Bút cushion che khuyết điểm, giảm quầng thâm Maybelline New York Instant Age Rewind Concealer 6ml', '<pre>Xóa mờ vết nhăn; cải thiện quầng thâm, bọng mắt.
Có thể sử dụng để nhấn sáng & tạo khối
Được yêu thích trên toàn thế giới
Chi tiết bao bì có thể thay đổi tùy theo từng đợt nhập hàng</pre>', 43, 'Maybelline', 'USED', 3.956813884234467, 71, 109000, 67, 4.5, 'https://vn-test-11.slatic.net/p/3ac9acf7f60344bbf1441e5792b44308.jpg;https://vn-test-11.slatic.net/p/1cf4b97222f0f28a014871c98eb0aeb3.jpg;https://vn-test-11.slatic.net/p/4d254714ad8d201e3171f3c2627fa09b.jpg;https://vn-test-11.slatic.net/p/013188bd1dacfbb324cba45d251b8b04.jpg;https://vn-test-11.slatic.net/p/9100b53db47fb9a131f5b73e1f007b8b.jpg;', 36, 2);

INSERT INTO review (id, product_id, reviewer, rating, `comment`) VALUES(43190, 4319, 'Thủy N.', 2, 'Gói hàng bị xé bung, sp made in china toàn chữ tq, phần chữ tiếng việt thì in nhoè. Cầm sp trên tay mà mình chẳng dám dùng, chắc vứt xó thôi. Mới đầu năm đã xui. Hàng chính hãng mà như này đây');

INSERT INTO review (id, product_id, reviewer, rating, `comment`) VALUES(43191, 4319, 'Bích P.', 0, 'Lần này chọn màu đúng tông nên cực kì hài lòng. Do da mình ít khuyết điểm nên mỗi ngày chỉ cần dùng em cushion này, mày kẻ ít chỉ vs đánh son là tự tin ló mặt ra đường rồi ✌️✌️✌️');

INSERT INTO review (id, product_id, reviewer, rating, `comment`) VALUES(43192, 4319, 'Lazada Customer', 2, 'Made in China, sử dụng icheck không có thông tin sản phẩm');

INSERT INTO review (id, product_id, reviewer, rating, `comment`) VALUES(43193, 4319, 'Huong L.', 1, 'Bút rất đẹp nha, giao hàng chưa tới 24h');

INSERT INTO review (id, product_id, reviewer, rating, `comment`) VALUES(43194, 4319, 'Kim A.', 4, 'Ad nhiệt tình, đóng gói cẩn thận, cushion khá ổn');

INSERT INTO product (id, name, short_desc, full_desc, category_id, brand_name, status, weight, available_item, unit_price, discount_percent, avg_rating, img_url, total_rating, supplier_id) VALUES(4320, 'Kem che khuyết điểm đa năng Maybelline New York New York Fit Me Concealer 6.8ml', 'Kem che khuyết điểm đa năng Maybelline New York New York Fit Me Concealer 6.8ml', '<pre>Đầu cọ dạng mút dễ tán
Kết cấu mỏng mịn
Công thức không dầu, không hương liệu.</pre>', 43, 'Maybelline', 'NEW', 4.317289648505268, 80, 109000, 67, 4.8, 'https://vn-test-11.slatic.net/p/cafd3ea16edfe90eb89a5c728b79bb51.jpg;https://vn-test-11.slatic.net/p/aef40b2e8188f443c4fb9caa3ddbbbf1.jpg;https://vn-test-11.slatic.net/p/9ae3a9c3512cef9d90ed9a1f374480a1.jpg;https://vn-test-11.slatic.net/p/a26a95b8aacbe3a8e0ae966328e09f1b.jpg;', 42, 7);

INSERT INTO review (id, product_id, reviewer, rating, `comment`) VALUES(43200, 4320, 'Thi T.', 3, 'hàng tốt giao hàng nhanh rất đáng tiên rất ok');

INSERT INTO review (id, product_id, reviewer, rating, `comment`) VALUES(43201, 4320, 'Wang K.', 0, 'Che khuyết điểm tốt, phù hợp màu da');

INSERT INTO review (id, product_id, reviewer, rating, `comment`) VALUES(43202, 4320, 'Đoàn L.', 1, 'Đáng mua');

INSERT INTO review (id, product_id, reviewer, rating, `comment`) VALUES(43203, 4320, 'Đỗ L.', 2, 'Giao hàng nhanh');

INSERT INTO review (id, product_id, reviewer, rating, `comment`) VALUES(43204, 4320, 'Ánh H.', 2, 'sản phẩm tuyệt với');

INSERT INTO product (id, name, short_desc, full_desc, category_id, brand_name, status, weight, available_item, unit_price, discount_percent, avg_rating, img_url, total_rating, supplier_id) VALUES(4321, 'Bộ 10 cây son đỏ siêu lì', 'Bộ 10 cây son đỏ siêu lì', '<pre>Thiết kế sang trọng, nhỏ gọn thích hợp để làm quà tặng.
#211 : Dolly đỏ pha chút sắc cam, bóng nhẹ
#212 : Moon đỏ hoàn hảo, không quá sáng cũg không quá tối, bóng nhẹ̣
#213 : Đỏ hồng đất, son lì
#214 :Đỏ tươi, chất son lì ( time bám màu 5_6h)
#215 : Đỏ thẩm, chất son lì
5 màu son cho các bạn tha hồ thay đổi từng bữa tiệc</pre>', 43, 'OEM', 'NEW', 3.0368012654585335, 42, 79000, 67, 4.6, 'https://vn-test-11.slatic.net/original/26b10499725fc9178fee207138f220e0.jpg;https://vn-test-11.slatic.net/original/7612203ca445b8ee46c26b302f9cc629.jpg;https://vn-test-11.slatic.net/original/ec1db8f3c5117463051dccca4465c52b.jpg;https://vn-test-11.slatic.net/original/b76a7ce8ded024cf69fb4760df025da4.jpg;https://vn-test-11.slatic.net/original/51c9f240358932152717f8fd53835e06.jpg;https://vn-test-11.slatic.net/original/ba967ff25675d702abdb63e5775a7fd5.jpg;https://vn-test-11.slatic.net/original/43d599d89e650f2e40316890d25b0be8.jpg;', 114, 6);

INSERT INTO review (id, product_id, reviewer, rating, `comment`) VALUES(43210, 4321, 'Băng V.', 2, 'son thơm,  màu đẹp nhưng có điều là nó cứ bóng bóng lm s ý. Nhưng sài vẫn tốt, ủng hộ shop');

INSERT INTO review (id, product_id, reviewer, rating, `comment`) VALUES(43211, 4321, 'trần K.', 2, 'Giao ₫úng sản phẩm son có mùi thơm dễ chụi nhưng 2 bị gãy mình hơi tiết nhân viên phục vụ tốt mình sẽ ủng hộ shop vài vài');

INSERT INTO review (id, product_id, reviewer, rating, `comment`) VALUES(43212, 4321, 'Minh N.', 0, 'Hộp hơi méo tí nhưng nói chung son màu đẹp. Chưa kịp thử thì bạn nó xin mất tiu 2 cây son kem rồi. huhu. Mọi người nên mua rất đáng tiền ạ');

INSERT INTO review (id, product_id, reviewer, rating, `comment`) VALUES(43213, 4321, 'Hữu N.', 3, 'son hinh nhu màu giống nhau voi giá này thì cung chap nhan dc');

INSERT INTO review (id, product_id, reviewer, rating, `comment`) VALUES(43214, 4321, 'Viet L.', 3, 'Rất đẹp cảm ơn');

INSERT INTO product (id, name, short_desc, full_desc, category_id, brand_name, status, weight, available_item, unit_price, discount_percent, avg_rating, img_url, total_rating, supplier_id) VALUES(4322, 'Bảng Phấn Mắt Play Color Geo 10 Bản New', 'Bảng Phấn Mắt Play Color Geo 10 Bản New', '<pre>Phấn Mắt Lameila Play Color Eyes Cherry Blossom là một bảng màu mắt 10 màu với màu hồng giống như hoa anh đào rung lên trong gió. - Tông màu của sản phẩm tương đối nhẹ nhàng, dễ sử dụng cho nhiều dịp như make up hàng ngày khi đi học, đi làm hay đi chơi đều được. Với 7 màu pha bóng và 3 màu lì bắt mắt, các nàng còn có thể dùng để nhấn nhá thêm cho đôi mắt hút hồn hơn vào những buổi tiệc quan trọng nữa. - Phấn Mắt Lameila Play Color Eyes Cherry Blossom gồm 10 ô màu với chủ đề Cherry Blossom được trang trí bởi hình ảnh của hoa anh đòa trông vô cùng bắt mắt, với tông chủ đạo của sản phẩm là màu hồng nên mỗi màu sắc sẽ tượng trưng cho một mùa xuân hồng lãng mạng, ngọt ngào đầy hấp dẫn. Màu sắc từ màu hồng lãng mạn đến nâu có thể dễ dàng tạo ra vẻ mắt ngọt ngào tới bí ẩn.</pre>', 43, 'No Brand', 'NEW', 2.618068531193715, 14, 23000, 67, 4.8, 'https://vn-test-11.slatic.net/p/6af491c8753321be23a1174771a696b0.jpg;https://vn-test-11.slatic.net/p/59af0834868db381449166e0002f7012.jpg;https://vn-test-11.slatic.net/p/67d053b3f3eac96e571c803dcf44d9d8.jpg;https://vn-test-11.slatic.net/p/27e3049ca1f43fef645feacb7552d539.jpg;', 139, 5);

INSERT INTO review (id, product_id, reviewer, rating, `comment`) VALUES(43220, 4322, 'Hana T.', 2, 'Nát tan , vỡ trước khi giao , bọc chống sốc rất dày nên k thể nào do vận chuyển mà vỡ phấn một ô kiểu đó được cả 🙃 dơ từ vỏ hộp giấy cho đến bên trong , cọ dơ toàn cây , bụi phấn đọng khắp nơi 🙃');

INSERT INTO review (id, product_id, reviewer, rating, `comment`) VALUES(43221, 4322, 'Lazada Customer', 4, 'Mình đặt bảng màu số 4 vỏ nâu như trong hình bảng màu shop up nhưng khi nhận hàng lại nhận được hộp đen mặc dù ngoài vỏ vẫn in số 4. Không biết shop có nhầm lẫn gì không. Hàng chất lượng so với giá rất nhiều tuy nhiên vì ko nhận đúng bảng màu như mong muốn nên hơi thất vọng xíu.');

INSERT INTO review (id, product_id, reviewer, rating, `comment`) VALUES(43222, 4322, 'Nguyễn H.', 2, 'Rất đáng yêu, đóng gói hàng cẩn thận mình loay hoay mãi chả bóc ra đc 😂 giao hàng nhanh. Rất vừa lòng.');

INSERT INTO review (id, product_id, reviewer, rating, `comment`) VALUES(43223, 4322, 'Cao L.', 4, '');

INSERT INTO review (id, product_id, reviewer, rating, `comment`) VALUES(43224, 4322, 'Trần L.', 1, 'Hàng đẹp. Đã mua lần 2 và rất hài lòng');

INSERT INTO product (id, name, short_desc, full_desc, category_id, brand_name, status, weight, available_item, unit_price, discount_percent, avg_rating, img_url, total_rating, supplier_id) VALUES(4323, 'COMBO 1 HỘP 4 CÂY SON 4 MÀU ĐẸP(ĐỎ,HỒNG,NÂU,CAM)', 'COMBO 1 HỘP 4 CÂY SON 4 MÀU ĐẸP(ĐỎ,HỒNG,NÂU,CAM)', '<pre>Màu sắc:son 4 cây 4 màu khác nhau nhé(ĐỎ,CAM,HỒNG NÂU)
Thiết kế vỏ hộp vuông vức, chắc chắn, toàn thân được phủ bởi sắc đỏ mang lại vẻ sang trọng, tinh tế cho thỏi son của bạn.
Màu son lưu lại khá lâu khoảng 2-3 tiếng , không bị bột hay khô môi.
Các thỏi son lì r mang trọng lượng 1.3g bao bọc bởi lớp vỏ vuông phủ nhung mịn màng.</pre>', 43, 'No Brand', 'USED', 6.179632851127546, 56, 90000, 67, 4.7, 'https://vn-test-11.slatic.net/p/1d8c536d403704e1f383deddcafef590.jpg;https://vn-test-11.slatic.net/p/282ab450bf2fb4a2b40da4c20ff7c9a7.jpg;https://vn-test-11.slatic.net/p/fe58994514ff20491320fbfba0018e07.jpg;', 42, 7);

INSERT INTO review (id, product_id, reviewer, rating, `comment`) VALUES(43230, 4323, 'Lazada Customer', 2, 'Son đẹp');

INSERT INTO review (id, product_id, reviewer, rating, `comment`) VALUES(43231, 4323, 'Lazada Customer', 4, 'đẹp, chất lượng');

INSERT INTO review (id, product_id, reviewer, rating, `comment`) VALUES(43232, 4323, 'Tuyền T.', 4, 'son trung quoc chì nhieu');

INSERT INTO review (id, product_id, reviewer, rating, `comment`) VALUES(43233, 4323, 'Phan D.', 4, 'son dễ trôi giá vậy ok rồi');

INSERT INTO review (id, product_id, reviewer, rating, `comment`) VALUES(43234, 4323, 'HeLen K.', 2, '');

INSERT INTO product (id, name, short_desc, full_desc, category_id, brand_name, status, weight, available_item, unit_price, discount_percent, avg_rating, img_url, total_rating, supplier_id) VALUES(4324, 'Son kem lì Sivanna Color Matte Lips kèm chì kẻ viền môi', 'Son kem lì Sivanna Color Matte Lips kèm chì kẻ viền môi', '<pre>Không quá chú trọng vào thiết kế, set son được thiết kế đơn giản. Son kem và bút chì được đựng trong hộp giấy màu đen. 
Cũng như những sản phẩm trước đó, hãng vẫn trung thành với chất son kem có chất lì, mướt, không bột, không lộ vân môi.
Điểm đặc biệt của sản phẩm lần này là combo có cả son kem lì và chì kẻ môi nha. Quá tiện lợi luôn. Các bạn đã dùng thử son bút chì của Sivanna chưa? Siêu thích ấy ạ. Chất sáp mềm mềm,dễ kẻ viền môi.
Son siêu lì + lâu trôi + lì nhưng không nặng môi + tặng 1 cây chì kẻ viền môi. Toàn màu hottrend nên lựa cũng dễ
Hướng Dẫn Sử Dụng
Dùng chì kẻ viền môi để tạo khuôn
Dùng son kem đánh đều môi sau khi tạo viền. Công thức này sẽ rất có ích cho những cô nàng có khuôn môi không được gọn hay môi mỏng đó.
Em sẵn 3 màu hot : Đỏ cherry, Hồng đào, Cam đào</pre>', 43, 'No Brand', 'NEW', 6.930651929487957, 95, 45000, 67, 4.6, 'https://vn-test-11.slatic.net/p/0afbe9640d6642006fb3f15c14b1b37f.jpg;https://vn-test-11.slatic.net/p/ee23b33fce9215bf6dbe018d0d60cb14.jpg;https://vn-test-11.slatic.net/p/5818b9cd769eb8f09facd5dfcb0b3311.jpg;https://vn-test-11.slatic.net/p/fd6d79781e336012862e64b038a55582.jpg;', 23, 2);

INSERT INTO review (id, product_id, reviewer, rating, `comment`) VALUES(43240, 4324, 'Lazada Customer', 3, 'Son đánh mềm và đẹp.lên màu chuận quá.mau thêm thỏi mua cam cháy mà hết.tiếc hùi hụi.');

INSERT INTO review (id, product_id, reviewer, rating, `comment`) VALUES(43241, 4324, 'Kiều M.', 1, 'Đã nhận đc son màu đúg chất lượng ok giữ màu lâu thử dùng với nước ko nhanh trôi, bám tốt');

INSERT INTO review (id, product_id, reviewer, rating, `comment`) VALUES(43242, 4324, 'Lazada Customer', 3, '');

INSERT INTO review (id, product_id, reviewer, rating, `comment`) VALUES(43243, 4324, 'Lazada Customer', 4, 'Mua 3 cây 3 màu dùng tết.màu nào cũng đẹp quá trời đẹp.thanks shop nhìu nhen.');

INSERT INTO review (id, product_id, reviewer, rating, `comment`) VALUES(43244, 4324, 'son T.', 2, 'son rất lì son len rat dep cam on shop nhìu nha 😃');

INSERT INTO product (id, name, short_desc, full_desc, category_id, brand_name, status, weight, available_item, unit_price, discount_percent, avg_rating, img_url, total_rating, supplier_id) VALUES(4325, 'Bảng Phấn Mắt Play Color Geo 10 Bản New', 'Bảng Phấn Mắt Play Color Geo 10 Bản New', '<pre>Phấn Mắt Lameila Play Color Eyes Cherry Blossom là một bảng màu mắt 10 màu với màu hồng giống như hoa anh đào rung lên trong gió. - Tông màu của sản phẩm tương đối nhẹ nhàng, dễ sử dụng cho nhiều dịp như make up hàng ngày khi đi học, đi làm hay đi chơi đều được. Với 7 màu pha bóng và 3 màu lì bắt mắt, các nàng còn có thể dùng để nhấn nhá thêm cho đôi mắt hút hồn hơn vào những buổi tiệc quan trọng nữa. - Phấn Mắt Lameila Play Color Eyes Cherry Blossom gồm 10 ô màu với chủ đề Cherry Blossom được trang trí bởi hình ảnh của hoa anh đòa trông vô cùng bắt mắt, với tông chủ đạo của sản phẩm là màu hồng nên mỗi màu sắc sẽ tượng trưng cho một mùa xuân hồng lãng mạng, ngọt ngào đầy hấp dẫn. Màu sắc từ màu hồng lãng mạn đến nâu có thể dễ dàng tạo ra vẻ mắt ngọt ngào tới bí ẩn.</pre>', 43, 'No Brand', 'NEW', 3.5536636137154596, 60, 24000, 67, 4.8, 'https://vn-test-11.slatic.net/p/6af491c8753321be23a1174771a696b0.jpg;https://vn-test-11.slatic.net/p/67d053b3f3eac96e571c803dcf44d9d8.jpg;https://vn-test-11.slatic.net/p/59af0834868db381449166e0002f7012.jpg;https://vn-test-11.slatic.net/p/27e3049ca1f43fef645feacb7552d539.jpg;', 151, 9);

INSERT INTO review (id, product_id, reviewer, rating, `comment`) VALUES(43250, 4325, 'Nhi H.', 2, 'không nên mua');

INSERT INTO review (id, product_id, reviewer, rating, `comment`) VALUES(43251, 4325, 'nguyễn T.', 1, 'các  bạn đừng nên mua bất kì sản phẩm nào bên shop này nhé . Hàng kém chất lượng ,khách đánh giá để cho các khách hàng sau tráng không mua. Thì shop lại inb chửi em là thứ gì đâu không á, cô hồn các đảng đủ thứ ,mới tháng 7 hà . Shop bảo em thế . Thử hỏi xem mình mua phải đồ chất lượng phải nói là cực cực kì dở dở luôn dậy mà còn bị chửi này nọ , hỏi coi được hôn . Bên LAZADA không nên hợp tác với những shop buôn bán thiếu đạo đức như vậy . Sẽ ảnh hưởng đến uy tín của LAZADA một cách trầm trong');

INSERT INTO review (id, product_id, reviewer, rating, `comment`) VALUES(43252, 4325, 'Hoàng M.', 0, 'nắp hộp hơi khác với hình. không có màu xanh da trời như mình vẫn nghĩ. có 10 màu. khi mở nắp thì mép hộp dính nhiều bụi phấn và cây cọ dính màu như đã qua sử dụng.');

INSERT INTO review (id, product_id, reviewer, rating, `comment`) VALUES(43253, 4325, 'Nhii Y.', 0, '- đẹp quá shopppp ><❤');

INSERT INTO review (id, product_id, reviewer, rating, `comment`) VALUES(43254, 4325, 'Út M.', 4, 'mua 2 hộp, hộp nào cũng ưng ý hết màu rất đẹp');

INSERT INTO product (id, name, short_desc, full_desc, category_id, brand_name, status, weight, available_item, unit_price, discount_percent, avg_rating, img_url, total_rating, supplier_id) VALUES(4326, 'Phấn nước ma thuật che khuyết điểm', 'Phấn nước ma thuật che khuyết điểm', '<pre>Cung cấp độ ẩm, bảo vệ làn da lâu dài, khả năng che phủ cao cho làn da đẹp hoàn hảo.
Khả năng che phủ hoàn hảo, lớp phủ mỏng nhẹ cho làn da trắng mịn tự nhiên như chính làn da của bạn.
Không gây nhờn dính khó chịu.
Phù hợp với mọi loại da, kể cả với da mụn nhạy cảm nhất
Chỉ số chống nắngcao</pre>', 43, 'No Brand', 'USED', 8.879301519888772, 73, 85000, 67, 4.7, 'https://vn-test-11.slatic.net/p/b00b45e9e50d4c23de50e6c3b17eecac.jpg;https://vn-test-11.slatic.net/p/398383528ea38683073d78b3b00b0246.jpg;https://vn-test-11.slatic.net/p/772265778115865d1a9f3ab695ea76ee.jpg;', 46, 9);

INSERT INTO review (id, product_id, reviewer, rating, `comment`) VALUES(43260, 4326, 'Châu N.', 4, 'đẹp');

INSERT INTO review (id, product_id, reviewer, rating, `comment`) VALUES(43261, 4326, 'Hường T.', 2, 'mình check mã vạch thì thấy ra sp y vậy. k biết là sp có chính hãng k. vì sp chính hãng tới 360k lặng . nhưng nhìn thì thấy ổn. giống hình .phân cũng mịn . đẹp 😍');

INSERT INTO review (id, product_id, reviewer, rating, `comment`) VALUES(43262, 4326, 'Kiên N.', 1, 'hành chính hãng');

INSERT INTO review (id, product_id, reviewer, rating, `comment`) VALUES(43263, 4326, 'Tranthithuha', 3, 'đóng gói kĩ giao hang nhanh');

INSERT INTO review (id, product_id, reviewer, rating, `comment`) VALUES(43264, 4326, 'Hoang N.', 4, '');

INSERT INTO product (id, name, short_desc, full_desc, category_id, brand_name, status, weight, available_item, unit_price, discount_percent, avg_rating, img_url, total_rating, supplier_id) VALUES(4327, 'Kem che khuyết điểm pasha', 'Kem che khuyết điểm pasha', '<pre>Dễ dàng sử dụng
An toàn tuyệt đối
Chất liệu cao cấp</pre>', 43, 'Pasha', 'USED', 1.965158844064395, 7, 28000, 67, 4.5, 'https://vn-test-11.slatic.net/original/3303c83cd6e92249ce50d9e3580cb491.jpg;https://vn-test-11.slatic.net/original/7f48ba431cbf726b6d66967fab96c434.jpg;https://vn-test-11.slatic.net/original/9b9276a5a4e76e65ca3be7e412a08b57.jpg;https://vn-test-11.slatic.net/original/b0e9c6f4c5586e3201269346961a50cb.jpg;', 44, 5);

INSERT INTO review (id, product_id, reviewer, rating, `comment`) VALUES(43270, 4327, 'Nguyễn T.', 1, 'Cũng tốt🙃🙃 đuoc cái nó có chút xíu mà bắt nó nằm trong cai hộp to qua 🙄🙄nhìn lẻ loi quá 🙃🤣🤣');

INSERT INTO review (id, product_id, reviewer, rating, `comment`) VALUES(43271, 4327, 'Lazada Customer', 3, '');

INSERT INTO review (id, product_id, reviewer, rating, `comment`) VALUES(43272, 4327, 'Khải N.', 0, 'kem bán cho mình không có che giấu được khuyết điểm gì đâu mà nói giở khá toàn là giả');

INSERT INTO review (id, product_id, reviewer, rating, `comment`) VALUES(43273, 4327, 'lê T.', 0, 'đóng gói khá ok góp ý nên cho vào hộp nhỏ hơn nhé shop');

INSERT INTO review (id, product_id, reviewer, rating, `comment`) VALUES(43274, 4327, 'Yết T.', 4, 'đẹp dùng tốt nhưng đê 2 cây trông 1 hộp wa lớn nhìn lẻ loi wa');

INSERT INTO product (id, name, short_desc, full_desc, category_id, brand_name, status, weight, available_item, unit_price, discount_percent, avg_rating, img_url, total_rating, supplier_id) VALUES(4328, 'Kem nền che khuyết điểm thần thánh DermacolMake-up Cover 2 trong 1', 'Kem nền che khuyết điểm thần thánh DermacolMake-up Cover 2 trong 1', '<pre>Kem nền che khuyết điểm DermacolMake-up Cover 2 trong 1 :
✨✨✨Vừa làkemnền vừa làkemchekhuyếtđiểm.
Công dụng của sản phẩmKemnềnDermacol:
- Hình xăm,vết chàm, đồi mồi,bớt
- Sẹo ở chân tay,nốt ruồi nhỏ
-Khuyếtđiểmở môi,quầng thâm mắt
- Nám Mụn đỏ, mụn thâm,tàn nhang - Chất SPF chống nắng cực tốt
- Không thắm nước, giữ được trong 24h
- Cấu trúc đậm đặc, siêu tiết kiệm, để hàng giờ ngoài không khí không bị khô, độchephủ mền, mịn..
- Độchephủ cao, không thấm nước giữ lâu trên cơ thể ít nhất 6h sức cả ngày rồi vẫn thấy còn nguyên</pre>', 43, 'No Brand', 'USED', 7.120310351272125, 97, 30000, 67, 4.3, 'https://vn-test-11.slatic.net/p/15520422046bac4dbd71d40efd368f97.jpg;https://vn-test-11.slatic.net/p/83bec535aee9a49f1c3c64c05d70f626.jpg;https://vn-test-11.slatic.net/p/05905c1fc28b2cfbf53711a1cf06f8a0.jpg;https://vn-test-11.slatic.net/p/c0ad63a64c88220fbdce5ed8af2abca3.jpg;https://vn-test-11.slatic.net/p/924b39a159909cbce1cd13a52b91fb94.jpg;', 53, 7);

INSERT INTO review (id, product_id, reviewer, rating, `comment`) VALUES(43280, 4328, 'Lệ M.', 0, 'Buôn bán gian lận,mua 3 sản phẩm lấy tiền 3sp mà giao thì có 1 sản phẩm, bán hàng k có uy tín gì hết');

INSERT INTO review (id, product_id, reviewer, rating, `comment`) VALUES(43281, 4328, 'Hà T.', 1, 'sãn phẩm ok . giao nhanh. nhưng sao 2 sản phẩm cùng một sop  . giao trong một hộp . mà vẫn lấy  tiền sip 2 sản phẩm vậy. k hiểu luôn');

INSERT INTO review (id, product_id, reviewer, rating, `comment`) VALUES(43282, 4328, 'Thao V.', 0, '');

INSERT INTO review (id, product_id, reviewer, rating, `comment`) VALUES(43283, 4328, 'Mon''s B.', 1, 'hàg ko chất lượng :)))');

INSERT INTO review (id, product_id, reviewer, rating, `comment`) VALUES(43284, 4328, 'Băng V.', 4, 'cũng tốt nhưng nhìn gần thì vẫn k che đc mấy. Nói chung là sài vẫn ok, k có vấn đề');

INSERT INTO product (id, name, short_desc, full_desc, category_id, brand_name, status, weight, available_item, unit_price, discount_percent, avg_rating, img_url, total_rating, supplier_id) VALUES(4329, 'Phấn phủ che khuyết kiềm dầu Maycreate ( Authentic )', 'Phấn phủ che khuyết kiềm dầu Maycreate ( Authentic )', '<pre>Bột mỏng mịn, bền màu
Kiểm soát dầu hiệu quả
Không thấm nước</pre>', 43, 'No Brand', 'USED', 6.498536338443888, 49, 36000, 67, 4.3, 'https://vn-test-11.slatic.net/original/da5f60cdf9ff5d08e11a01ba617fac0e.jpg;https://vn-test-11.slatic.net/original/a770add5299d65c8c13e876df73e92c6.jpg;https://vn-test-11.slatic.net/original/209e008cd0e0775112d0cd08eff751c8.jpg;https://vn-test-11.slatic.net/original/2a6ad91c5c0504b31110438addaac07c.jpg;https://vn-test-11.slatic.net/original/73f19134c85c8a541a33fc3b7b276288.jpg;https://vn-test-11.slatic.net/original/9bbf55ae0209141f2a8bd2a8ab0dbe29.jpg;', 23, 2);

INSERT INTO review (id, product_id, reviewer, rating, `comment`) VALUES(43290, 4329, 'Thao V.', 0, '');

INSERT INTO review (id, product_id, reviewer, rating, `comment`) VALUES(43291, 4329, 'Hoàng A.', 2, 'co che dc chi dau');

INSERT INTO review (id, product_id, reviewer, rating, `comment`) VALUES(43292, 4329, 'Lộc T.', 3, 'tốt ưng lm ạ, sẽ ủng hộ tiếp');

INSERT INTO review (id, product_id, reviewer, rating, `comment`) VALUES(43293, 4329, 'Thao L.', 4, 'Tốt, gh nhanh, đóng gói đẹp');

INSERT INTO review (id, product_id, reviewer, rating, `comment`) VALUES(43294, 4329, 'Nguyễn T.', 1, 'phấn đánh không bám với mặt. mọi người đừng mua');

INSERT INTO product (id, name, short_desc, full_desc, category_id, brand_name, status, weight, available_item, unit_price, discount_percent, avg_rating, img_url, total_rating, supplier_id) VALUES(4330, 'Son Kem Chuẩn Lì Giữ Màu 16h Maybelline New York Super Stay Matte Ink 5ml', 'Son Kem Chuẩn Lì Giữ Màu 16h Maybelline New York Super Stay Matte Ink 5ml', '<pre>Sản phẩm có màu sắc rực rỡ với hiệu ứng lì lâu trôi lên đến 16 tiếng
Nhưng không gây bợn, thô ráp trên môi khi son khô
Thiết kế nhỏ xinh với màu son giống hệt màu vỏ bên ngoài
Độ che phủ hoàn hảo cùng chất son phủ đến tận kẻ môi
Phù hợp với mọi đôi môi và chinh phục cả những cô nàng khó tính</pre>', 43, 'Maybelline', 'USED', 4.173197815594795, 10, 102500, 67, 4.8, 'https://vn-test-11.slatic.net/p/0a5fb700c2196f1c7538c2ac31192644.jpg;https://vn-test-11.slatic.net/p/3e212b55dc0cb48d89e229c00d49d801.jpg;https://vn-test-11.slatic.net/p/e6e85907088a82c8916f25e2dfcc9665.jpg;https://vn-test-11.slatic.net/p/0022e39e0a5ef97faee0b9be10f7aae0.jpg;https://vn-test-11.slatic.net/p/fd35dbe89bf088049400b421014f50dd.jpg;', 50, 5);

INSERT INTO review (id, product_id, reviewer, rating, `comment`) VALUES(43300, 4330, 'Nguyễn T.', 2, 'Màu thì đẹp, lúc son lên cũng hài lòng vì màu như ý thích. Mà nó dính dính khó chịu lắm, bám lên ống hút khi uống nước, khó tẩy trang, nhanh dính lên môi và khó có thể tán đều ra khi nó bám vào mà ko kịp tán. Khi tẩy trang cần dùng bông tẩy trang và nước chuyên tẩy trang cho môi son, chứ dùng khăn giấy bình thường thì khó có thể ra . Nói chung là son giống như tên: Chuẩn Lì.');

INSERT INTO review (id, product_id, reviewer, rating, `comment`) VALUES(43301, 4330, 'Nguyen T.', 0, 'son lên màu rất đẹp nhưng quá lì nên rất khó tẩy vì vậy khi sử dụng tôi nghĩ nên thoa trc 1 lớp son dưỡng để son lên đc đều và dể tẩy hơn');

INSERT INTO review (id, product_id, reviewer, rating, `comment`) VALUES(43302, 4330, 'Huỳnh T.', 4, '');

INSERT INTO review (id, product_id, reviewer, rating, `comment`) VALUES(43303, 4330, 'Fritzie Q.', 3, 'I love the color as it looks classic. The color stays the whole day which is perfect for busy people.');

INSERT INTO review (id, product_id, reviewer, rating, `comment`) VALUES(43304, 4330, 'Hoàng H.', 1, 'màu son đậm và lì. rất khó trôi nếu sử dụng nước thông thường. sản phẩm rất tốt');

INSERT INTO product (id, name, short_desc, full_desc, category_id, brand_name, status, weight, available_item, unit_price, discount_percent, avg_rating, img_url, total_rating, supplier_id) VALUES(4331, 'Son bậm môi Matte', 'Son bậm môi Matte', '<pre>Son lì mà không khô.
Màu lên chuẩn, bám rất lâu.
Mùi hương nhè nhẹ thoang thoảng toát lên sự quý phái</pre>', 43, 'No Brand', 'NEW', 9.673275878944684, 18, 29000, 67, 4.3, 'https://vn-test-11.slatic.net/original/081a26e734c83b8a2b1217cdb14ec3fc.jpg;https://vn-test-11.slatic.net/original/71596fab2de254de42bdd62fa663ce15.jpg;https://vn-test-11.slatic.net/original/0fe4b65f14a37a9368451950f72ae66d.jpg;https://vn-test-11.slatic.net/original/6e24a1b08ac3f5f08ca8c8fe87e907a6.jpg;', 145, 3);

INSERT INTO review (id, product_id, reviewer, rating, `comment`) VALUES(43310, 4331, 'Thời G.', 0, 'tuyệt vời');

INSERT INTO review (id, product_id, reviewer, rating, `comment`) VALUES(43311, 4331, 'Lazada Customer', 2, 'Màu lên đẹp mềm môi mùi thơm dịu đánh lên có cảm giác nhẹ môi khi bặm 1-2 lần là lên màu nhẹ r nếu muốn chuẩn thì bặm thêm');

INSERT INTO review (id, product_id, reviewer, rating, `comment`) VALUES(43312, 4331, 'Diểm K.', 0, 'đặc 48 mà shop giao 49. thôi kệ cung hên nó hơi gần màu chư nếu màu khác thi k vui rôi. sp ok vơi giá');

INSERT INTO review (id, product_id, reviewer, rating, `comment`) VALUES(43313, 4331, 'Dân N.', 2, 'hàng nhái hàng giả mạo son gì bậm dô hk dính môi mà dính ngược lại vào son hết.. thất vọng');

INSERT INTO review (id, product_id, reviewer, rating, `comment`) VALUES(43314, 4331, 'Tea L.', 2, 'son hơi nghiêng hồng và tím . Mùi hơi nồng vs các bạn dị ứng mùi . Nên mua nếu muốn thử và dùng đi chơi');

INSERT INTO product (id, name, short_desc, full_desc, category_id, brand_name, status, weight, available_item, unit_price, discount_percent, avg_rating, img_url, total_rating, supplier_id) VALUES(4332, 'Bút dạ kẻ mắt không lem, không trôi Lameila', 'Bút dạ kẻ mắt không lem, không trôi Lameila', '<pre>Bút dạ kẻ mắt không lem, không trôi Lameila
Thương hiệu: Lameila
Xuất xứ: Nội địa Trung Quốc
Dễ dàng kẻ và Làm dài đuôi mí mắt; nhấn rõ đường mi mắt
Đường kẻ siêu mảnh; rất dễ dàng trong khi sử dụng</pre>', 43, 'No Brand', 'NEW', 4.67879955368473, 44, 15000, 67, 4.9, 'https://vn-test-11.slatic.net/p/fe951d1a98441010067368f612f7f5d0.jpg;https://vn-test-11.slatic.net/p/3e679abe0ecfd6813f5eb8ccfffa0bbc.jpg;https://vn-test-11.slatic.net/p/985418424b95161b62a906f17fd69daa.jpg;', 46, 4);

INSERT INTO review (id, product_id, reviewer, rating, `comment`) VALUES(43320, 4332, 'Nguyễn T.', 3, '');

INSERT INTO review (id, product_id, reviewer, rating, `comment`) VALUES(43321, 4332, 'Nguyễn T.', 0, 'hàng giống hình');

INSERT INTO review (id, product_id, reviewer, rating, `comment`) VALUES(43322, 4332, 'Trần', 3, 'good');

INSERT INTO review (id, product_id, reviewer, rating, `comment`) VALUES(43323, 4332, 'Ngô T.', 4, 'Giao hàng nhanh. Sp tốt');

INSERT INTO review (id, product_id, reviewer, rating, `comment`) VALUES(43324, 4332, 'Nhu N.', 1, 'hàng tốt..chú giao hàng rất vui tính 🤣');

INSERT INTO product (id, name, short_desc, full_desc, category_id, brand_name, status, weight, available_item, unit_price, discount_percent, avg_rating, img_url, total_rating, supplier_id) VALUES(4333, 'Mascara lameila làm dày mi - 1130', 'Mascara lameila làm dày mi - 1130', '<pre>Đầu kẻ mảnh
Tăng lượng và chiều dài lông mi đáng kể
Công thức chống thấm nước cho trang điểm lâu hơn.
Không vón cục, không trôi,
không bị mờ ngay cả khi trời nóng.
Toàn bộ ngày dài cuối cùng</pre>', 43, 'No Brand', 'USED', 5.1162502925528415, 52, 18000, 67, 4.7, 'https://vn-test-11.slatic.net/original/46784c9f337e7e2d60ba2a5c719060e4.jpg;https://vn-test-11.slatic.net/original/4f938cd5d8836167800687fc9bee46bb.jpg;https://vn-test-11.slatic.net/original/bac146f6e5361cb9e05a4ee6a8f8f577.jpg;', 37, 3);

INSERT INTO review (id, product_id, reviewer, rating, `comment`) VALUES(43330, 4333, 'Thao V.', 3, 'hang giao nhanh mui hoi nong danh cung tam dc');

INSERT INTO review (id, product_id, reviewer, rating, `comment`) VALUES(43331, 4333, 'Thư N.', 1, 'Tốt thơm');

INSERT INTO review (id, product_id, reviewer, rating, `comment`) VALUES(43332, 4333, 'Nguyen H.', 1, 'mascara quá đặc.khi xài thì bị đóng cục lại..tê that');

INSERT INTO review (id, product_id, reviewer, rating, `comment`) VALUES(43333, 4333, 'Hà T.', 1, 'hàng ok');

INSERT INTO review (id, product_id, reviewer, rating, `comment`) VALUES(43334, 4333, 'Cao V.', 3, 'chưa xài nhiều nên chưa biết');

INSERT INTO product (id, name, short_desc, full_desc, category_id, brand_name, status, weight, available_item, unit_price, discount_percent, avg_rating, img_url, total_rating, supplier_id) VALUES(4334, '1 Thỏi Son Mini Lì NEOP Siêu Xinh - Không Chì - Nhắn tin chọn màu - 100% Natural', '1 Thỏi Son Mini Lì NEOP Siêu Xinh - Không Chì - Nhắn tin chọn màu - 100% Natural', '<pre>Thành phần 100% thiên nhiên
Nhiều màu siêu HOT
Thỏi đầu vẽ tiện dụng
Sản phẩm thiên nhiên có khả năng kháng thâm
Trị thâm hiệu quả
Dùng được cho cả bầu bí, trẻ em...
Son lì tự nhiên không chứa chì</pre>', 43, 'NEOP', 'USED', 7.3163041359416825, 33, 12000, 67, 4.3, 'https://vn-test-11.slatic.net/original/151923c205bf22cf26306f9e7bbbed99.jpg;https://vn-test-11.slatic.net/original/064f669d271e7fd607eaa89345ed95a4.jpg;https://vn-test-11.slatic.net/original/2f67605fa854ba6897131c93fe3835b6.jpg;https://vn-test-11.slatic.net/original/dba91c51ba49b106e61dac4b4fd38014.jpg;https://vn-test-11.slatic.net/original/2daf31c5aefc44b9a9090cbb8e88c54e.jpg;https://vn-test-11.slatic.net/original/1d0ed86f6c207881104acf9437240c1f.jpg;https://vn-test-11.slatic.net/original/da9f9ddddfaee88c9989db9229b2d929.jpg;https://vn-test-11.slatic.net/original/1b2a3e8751ee8d74012276165a88e651.jpg;', 67, 6);

INSERT INTO review (id, product_id, reviewer, rating, `comment`) VALUES(43340, 4334, 'Hoài T.', 4, 'Nhỏ hơn mình tưởng tượng. Mà cũng ok');

INSERT INTO review (id, product_id, reviewer, rating, `comment`) VALUES(43341, 4334, 'Lazada Customer', 3, 'Giao hang rat nhanh, chi 2 ngay la hang da den. Som hon ca du kien giao hang den 4-5 ngay. Son thi tot va thom. Nhung co dieu luc nhan hang thi em thay son bi gay va tray xuoc o nap nua!!!!! :-[  em rat ko hai long ve hai dieu tren ak. vs lai mac du son thom that nhung ma mui thom cua no em ko quen nen thay rat kho chiu khi boi son len moi ak (day la van de cua rieng em nen ko anh huong den chat luong san pham cua shop ak) nen chi cho 3* thui hak... Mong shop can than hon');

INSERT INTO review (id, product_id, reviewer, rating, `comment`) VALUES(43342, 4334, 'NGUYEN N.', 3, 'tuy nhỏ như con thỏ nhưng mùa son tốt đẹp');

INSERT INTO review (id, product_id, reviewer, rating, `comment`) VALUES(43343, 4334, 'Vo T.', 2, 'ok đẹp');

INSERT INTO review (id, product_id, reviewer, rating, `comment`) VALUES(43344, 4334, 'KHÁNH V.', 0, 'son rất đẹp, còn thơm nx,cj giao hàng cũng dễ thương');

INSERT INTO product (id, name, short_desc, full_desc, category_id, brand_name, status, weight, available_item, unit_price, discount_percent, avg_rating, img_url, total_rating, supplier_id) VALUES(4335, 'Son Kem Mini Tròn Lì NEOP - Nhắn Tin Chọn Màu - Nhiều Màu Xinh Xắn', 'Son Kem Mini Tròn Lì NEOP - Nhắn Tin Chọn Màu - Nhiều Màu Xinh Xắn', '<pre>100% thiên nhiênCó khả năng kháng thâm, và trị thâm hiệu quảDùng được cho cả bầu bí, trẻ em...Son lì tự nhiên không chứa chìMàu sắc siêu đẹp, mịn như nhung, mềm môiDùng làm đẹp để đón lễ, tết, ăn uống, dạo chơi, tiệc tùng.</pre>', 43, 'NEOP', 'USED', 6.958151424271675, 57, 18000, 67, 4.1, 'https://vn-test-11.slatic.net/p/91f2e0f35e050d4d0f243e07e41a3374.jpg;https://vn-test-11.slatic.net/p/14a49b6187513a67dd3c36e23778b6a2.jpg;https://vn-test-11.slatic.net/p/ed5792ddc8c41e8aee8b01f55cfc4a65.jpg;https://vn-test-11.slatic.net/p/165ea8bf62393967b6cba0c024dda510.jpg;https://vn-test-11.slatic.net/p/bc0c5b4bd5f853a58f9c76ef2902860e.jpg;https://vn-test-11.slatic.net/p/c20a73c32d6256027395fb1e863f43f4.jpg;https://vn-test-11.slatic.net/p/958cf361d04bb4a60d9674d524eb09e9.jpg;https://vn-test-11.slatic.net/p/064f669d271e7fd607eaa89345ed95a4.jpg;', 54, 6);

INSERT INTO review (id, product_id, reviewer, rating, `comment`) VALUES(43350, 4335, 'Dương G.', 0, 'Son xinh lắm nhe XD Nhỏ xíu đáng yêu lun nè :33 mùi còn thơm nữa :> Sau này sẽ ủng hộ shop dài dài XD');

INSERT INTO review (id, product_id, reviewer, rating, `comment`) VALUES(43351, 4335, 'Thao V.', 4, 'giao hang nhanh nhung son rat nho ben trong son co ti lam sao sai lau day mik hoi buon thoi');

INSERT INTO review (id, product_id, reviewer, rating, `comment`) VALUES(43352, 4335, 'Nghia T.', 3, 'khá nhỏ nhưng rất ok  ko gióng hình chút xí');

INSERT INTO review (id, product_id, reviewer, rating, `comment`) VALUES(43353, 4335, 'nguyễn H.', 4, 'mik mua 3 màu, màu nào cx đẹp,ok lắm, son mini 💄💄 bé xíu mà kute lắm nè 😍😍😍');

INSERT INTO review (id, product_id, reviewer, rating, `comment`) VALUES(43354, 4335, 'Kỳ T.', 3, 'shop giao hàng cực nhanh lun ,ms hôm qua mk đặ mà hôm nay có ròi. Hàng đẹp mà còn thơm nữa . son thuộc loại son mini..');

INSERT INTO product (id, name, short_desc, full_desc, category_id, brand_name, status, weight, available_item, unit_price, discount_percent, avg_rating, img_url, total_rating, supplier_id) VALUES(4336, 'Bông trang điểm (Bông tẩy trang) Silcot hộp 82 miếng', 'Bông trang điểm (Bông tẩy trang) Silcot hộp 82 miếng', '<pre>Là sản phẩm chăm sóc da cao cấp bán chạy số 1 Nhật Bản.
100% sợi bông tự nhiên.
Sản xuất theo công nghệ tiên tiến, được các chuyên gia kiểm soát nghiêm ngặt về chất lượng thành phẩm.
Tẩy trang và làm sạch mọi bụi bẩn trên da.</pre>', 43, 'Silcot', 'USED', 2.111166463983974, 95, 25000, 67, 4.7, 'https://vn-test-11.slatic.net/original/86c7824c1604aec6dd531370710d80bc.jpg;https://vn-test-11.slatic.net/original/89a8517112bc9e1c92257d6ad71096a2.jpg;https://vn-test-11.slatic.net/original/203650453d651d147a4b11e9a947bc66.jpg;https://vn-test-11.slatic.net/original/626887bfe6e4b78c83d2755454f56cbb.jpg;https://vn-test-11.slatic.net/original/028aeb7db7fcbc23fe50a8cda9db98e0.jpg;https://vn-test-11.slatic.net/original/1cd7b7a7f9dfd99355d6b0e52e458e05.jpg;', 301, 1);

INSERT INTO review (id, product_id, reviewer, rating, `comment`) VALUES(43360, 4336, 'Lazada Customer', 1, 'Mieng cotton mong va k min ,có đieu k bị xơ thôi.Vỏ hộp thì nhạt màu .Minh da xai bong tay trang loai nay nhiu ,lan nay hoi that vong vi k jong nhu may lan truoc minh mua o shop khac,vỏ hộp đậm màu hon va mieng cotto mem min,day gap đoi mieng cotton nay.Minh thay cai vỏ hop la đa thay sao sao,ai de mỏ sp ra thi rỏ rang sp k chat luong.That vong.');

INSERT INTO review (id, product_id, reviewer, rating, `comment`) VALUES(43361, 4336, 'phương T.', 1, 'gói hàg cẩn thận, đặt hàg tối hqa ság nay đã nhận đc r😁, đã là hộp thứ 13 r vẫn ch biết chán');

INSERT INTO review (id, product_id, reviewer, rating, `comment`) VALUES(43362, 4336, 'Thắm', 4, 'Đóng gói đẹp. Giao hàng nhanh. Mua sale 25k/ hộp quá rẻ hihi');

INSERT INTO review (id, product_id, reviewer, rating, `comment`) VALUES(43363, 4336, 'Nhi T.', 1, 'Mình đã mua rất nhiều lần Bông tẩy trang Silcot hộp 82 miếng trên Lazada. Chất lượng bông rất tốt.

Nhưng đơn đặt hàng lần này, mình đặt ngày 06/07/2018, thời gian giao hàng từ 10-16/07/2018, tuy nhiên tới ngày 17/07/2018 mình vẫn không nhận được hàng và tối đó mình nhận được mail báo đơn hàng đã bị hủy với lý do "Chậm trễ trong việc phân loại hàng".

Mình rất thích sử dụng bông của Silcot, nhưng cách xử lý đơn hàng làm mình rất thất vọng và rất ngại cho các lần đặt sau.');

INSERT INTO review (id, product_id, reviewer, rating, `comment`) VALUES(43364, 4336, 'Lazada Customer', 3, 'Vì lần này không xem hàng trước nên mới nhận như vậy. Hi vọng lần sau lazada chú ý và cẩn thận gói hàng hơn ạ');

INSERT INTO product (id, name, short_desc, full_desc, category_id, brand_name, status, weight, available_item, unit_price, discount_percent, avg_rating, img_url, total_rating, supplier_id) VALUES(4337, 'Bút chì xé kẻ mày CX6', 'Bút chì xé kẻ mày CX6', '<pre>Thiết kế vỏ bọc bóc dễ dàng
Màu lên nét, bền màu
5 màu nổi bật</pre>', 43, 'No Brand', 'USED', 6.973856633950238, 42, 6000, 67, 4.6, 'https://vn-test-11.slatic.net/original/6c465d9cb0821f8ec417d5f570c0cb8f.jpg;https://vn-test-11.slatic.net/original/4bdccada1adcaf7c4af619b85b4b7342.jpg;https://vn-test-11.slatic.net/original/ce3d67813e4b803798060e5d139a49b5.jpg;https://vn-test-11.slatic.net/original/9e3d880f8fa20c56ffb6a9a04244e68c.jpg;', 79, 9);

INSERT INTO review (id, product_id, reviewer, rating, `comment`) VALUES(43370, 4337, 'Như Q.', 4, 'Mình đặt màu xám, lên màu rất tự nhiên, sản phẩm tuyệt vời. Rẻ hơn giá thị trường rất nhiều. Sẽ tiếp tục ủng hộ shop.');

INSERT INTO review (id, product_id, reviewer, rating, `comment`) VALUES(43371, 4337, 'Hồng L.', 2, 'san fam ok');

INSERT INTO review (id, product_id, reviewer, rating, `comment`) VALUES(43372, 4337, 'Dang C.', 0, 'Đẹp mình rất thích');

INSERT INTO review (id, product_id, reviewer, rating, `comment`) VALUES(43373, 4337, 'Thao L.', 2, 'Bút ok , mau lên đẹp, tốt trong tầm giá.');

INSERT INTO review (id, product_id, reviewer, rating, `comment`) VALUES(43374, 4337, 'Lazada Customer', 4, 'hag dug mau ok');

INSERT INTO product (id, name, short_desc, full_desc, category_id, brand_name, status, weight, available_item, unit_price, discount_percent, avg_rating, img_url, total_rating, supplier_id) VALUES(4338, 'Túi đựng mỹ phẩm đồ trang điểm chấm bi hai tầng.Phong cách Hàn Quốc( nhiều màu)', 'Túi đựng mỹ phẩm đồ trang điểm chấm bi hai tầng.Phong cách Hàn Quốc( nhiều màu)', '<pre>Khóa kéo chắc chắn; thêm quai xách tiện lợi
Màu sắc trang nhã , sang trọng với họa tiết bắt mắtcho bạn mang theo bên mình mọi lúc mọi nơi</pre>', 43, 'OEM', 'NEW', 1.2209017680458403, 52, 62000, 67, 4.8, 'https://vn-test-11.slatic.net/original/5baa9a54866f38e50430a5a48bd445ec.jpg;https://vn-test-11.slatic.net/original/adeca686dc5af0bca7669900fcc2864a.jpg;https://vn-test-11.slatic.net/original/3f64839c25187386a1db72501bf8d7bd.jpg;https://vn-test-11.slatic.net/original/cff39a21d04307485d36a60bceb4276c.jpg;https://vn-test-11.slatic.net/original/fdbfbecaecb7fdff9ab07436e8eeedc3.jpg;https://vn-test-11.slatic.net/original/c31b0660e7d635cee518aceb6d4389b0.jpg;https://vn-test-11.slatic.net/original/84d7a00b06ee0a54ca60a9c29d9d282c.jpg;https://vn-test-11.slatic.net/original/5e20d75587315f89ce8cc326dabd1336.jpg;', 4, 6);

INSERT INTO review (id, product_id, reviewer, rating, `comment`) VALUES(43380, 4338, 'Lê T.', 1, 'hàng đóng gói đẹp, chắc chắn. tin tưởng lazada thêm lần nữa ♥️♥️♥️');

INSERT INTO product (id, name, short_desc, full_desc, category_id, brand_name, status, weight, available_item, unit_price, discount_percent, avg_rating, img_url, total_rating, supplier_id) VALUES(4339, 'Kem lót mịn da che khuyết điểm Maybelline New York New York Baby Skin Pore Eraser 22ml', 'Kem lót mịn da che khuyết điểm Maybelline New York New York Baby Skin Pore Eraser 22ml', '<pre>Chiết xuất từ thành phần tự nhiên
Bao bì thay đổi theo từng đợt nhập hàng
Khả năng che khuyết điểm vượt trội, giúp cải thiện tình trạng da trước khi trang điểm chỉ trong 1 phút
Kem lót sẽ giúp trang điểm ăn phấn và lâu trôi hơn
Thu nhỏ lỗ chân lông, giúp da đều màu như em bé
Cải thiện tình trạng da thô ráp, sần sùi</pre>', 43, 'Maybelline', 'NEW', 4.007241330769247, 27, 99000, 67, 4.8, 'https://vn-test-11.slatic.net/p/1355b88874b3c65f030afb31c9acd573.jpg;https://vn-test-11.slatic.net/p/6053a9c0cb46462ad5321532b740f972.jpg;https://vn-test-11.slatic.net/p/748a35e89cdc0d29d312d816a659ccb4.jpg;', 97, 7);

INSERT INTO review (id, product_id, reviewer, rating, `comment`) VALUES(43390, 4339, 'Nguyễn T.', 0, 'kem mịn, xử lý tốt với phần lỗ chân lông và mụn đầu đen quanh mũi, nếu ko có mụn đỏ hay sẹo thâm thì sp rất ok');

INSERT INTO review (id, product_id, reviewer, rating, `comment`) VALUES(43391, 4339, 'Nhi', 2, '');

INSERT INTO review (id, product_id, reviewer, rating, `comment`) VALUES(43392, 4339, 'Huyền N.', 4, 'Sản phẩm dùng tốt ổn. Giao hàng nhanh.');

INSERT INTO review (id, product_id, reviewer, rating, `comment`) VALUES(43393, 4339, 'vothidao', 3, 'lót mịn, nhưng kiềm.dầu k cao.');

INSERT INTO review (id, product_id, reviewer, rating, `comment`) VALUES(43394, 4339, 'Quên H.', 0, 'Sài thấy mịn da hơn');

INSERT INTO product (id, name, short_desc, full_desc, category_id, brand_name, status, weight, available_item, unit_price, discount_percent, avg_rating, img_url, total_rating, supplier_id) VALUES(440, 'Bộ sản phẩm làm sạch ngừa mụn & dưỡng chất phục hồi da Vichy Normaderm Deep Cleansing Foaming Cream 125ml', 'Bộ sản phẩm làm sạch ngừa mụn & dưỡng chất phục hồi da Vichy Normaderm Deep Cleansing Foaming Cream 125ml', '<pre>Xuất xứ nhập khẩu từ Pháp
Phù hợp mọi loại da
An toàn cho da nhạy cảm
Ngăn ngừa mụn hiệu quả
Loại bỏ bụi bẩn
Se nhỏ lỗ chân lông
Da tinh khiết và sạch hơn</pre>', 44, 'Vichy', 'USED', 2.099879335629254, 59, 239000, 39, 4.7, 'https://vn-test-11.slatic.net/p/0ad992c97150fc5e9840c5f4910c4ad4.jpg;https://vn-test-11.slatic.net/p/50e28ff4870e5e341d1f1a9d51cf37ee.jpg;https://vn-test-11.slatic.net/p/d78738b0282e247f736cfc84ac69612d.jpg;https://vn-test-11.slatic.net/p/ba244b3ff3af81bbb069256214bcca84.jpg;', 19, 6);

INSERT INTO review (id, product_id, reviewer, rating, `comment`) VALUES(4400, 440, 'Nguyễn T.', 0, 'Đã thử nhiều loại srm nhưng rồi cũng quay về với Vichy Normaderm này, nhẹ nhàng làm sạch sâu dầu nhờn trên mặt mà ko làm căng rít da, mịn màng trơn láng như da em bé, mùi nhẹ dễ chịu, về chức năng thu nhỏ lỗ chân lông thì ko hy vọng quá nhiều, hãy sử dụng 1 sản phẩm chuyên biệt về thu nhỏ lỗ chân lông sẽ tốt hơn!');

INSERT INTO review (id, product_id, reviewer, rating, `comment`) VALUES(4401, 440, 'Ta T. từ lazada.vn', 2, 'xài tốt rất thích');

INSERT INTO review (id, product_id, reviewer, rating, `comment`) VALUES(4402, 440, 'Bội T. từ lazada.vn', 0, 'dong goi dep');

INSERT INTO review (id, product_id, reviewer, rating, `comment`) VALUES(4403, 440, 'Phan N. từ lazada.vn', 1, 'Tốt sẽ  ủng hộ');

INSERT INTO review (id, product_id, reviewer, rating, `comment`) VALUES(4404, 440, 'pham T. từ lazada.vn', 4, 'Đóng gói cẩn thận,rửa mặt rất thích');

INSERT INTO product (id, name, short_desc, full_desc, category_id, brand_name, status, weight, available_item, unit_price, discount_percent, avg_rating, img_url, total_rating, supplier_id) VALUES(441, 'Top 5 sản phẩm bán chạy Laneige Best Sellers Box', 'Top 5 sản phẩm bán chạy Laneige Best Sellers Box', '<pre>Nhẹ nhàng giúp loại bỏ tế bào da chết trên môi mang lại đôi môi mềm mại và đàn hồi
Mặt nạ ngủ giúp dưỡng ẩm sâu cho da và giúp mang lại làn da sáng vào buổi sáng với công nghệ thanh lọc “Sleep-tox ™”
Xịt khoáng chứa nước khoáng xanh được chiết xuất từ rau củ giúp dưỡng ẩm da nhanh chóng</pre>', 44, 'Laneige', 'NEW', 1.8022202196727832, 80, 350000, 39, 4.9, 'https://vn-test-11.slatic.net/p/3f8c423ce5e3428e6e7e5e2d828be799.jpg;https://vn-test-11.slatic.net/p/8a4bbcbbb0e1a7cd4380f4b7337ac10e.jpg;https://vn-test-11.slatic.net/p/80142fa233737f4ec1b8bce335295020.jpg;https://vn-test-11.slatic.net/p/bbe7aa435c981d226c90f27601a85fc0.jpg;https://vn-test-11.slatic.net/p/e347d723757f3643654b92fd43d3d7d6.jpg;https://vn-test-11.slatic.net/p/181e1e3a6b258d306412355fd29af3ee.jpg;', 94, 3);

INSERT INTO review (id, product_id, reviewer, rating, `comment`) VALUES(4410, 441, 'Diễm P.', 1, 'Sp tốt');

INSERT INTO review (id, product_id, reviewer, rating, `comment`) VALUES(4411, 441, 'Nguyen T.', 2, 'Hàng chuẩn, dùng xịt khoáng và nước cân bằng cực thích. xịt khoáng mùi thơm dễ chịu. mask môi dùng thích nhưng chủ là dưỡn môi hằng ngày. nếu bạn nào bị nẻ môi và khô nhìu thì pải dùng loại đặc trị hơn. sleep mask dùng thích. Nchung dùng xong được mấy ngày da mịn và bớt khô hẳn. Lọ nhỏ xinh thui nhé đừng mơ mộng to quá 😊');

INSERT INTO review (id, product_id, reviewer, rating, `comment`) VALUES(4412, 441, 'Hà', 0, 'Thấy nhiều bn đánh giá sp tốt.mua về thử.thì nhận được tận cùng của thất vọng.sáng dậy mới rửa mặt thì thấy ks nhưng khi mặt khô là cảm nhận rõ da mặt khô.thất vọng rất bực mình.mua sp trên lazada k thấy sp nào tốt cả.k dám mua thêm gì nua 😡😡');

INSERT INTO review (id, product_id, reviewer, rating, `comment`) VALUES(4413, 441, 'Thanh H.', 0, 'Khi nghe bên Laneige gọi thì cảm giác bực mình.nhưng bn tư vấn rất nhiệt tình và dth.sau khi nghe tv mình đã làm theo và thực sự sp tuyệt vời. Do trong time sd sp laneige mình có xen kẻ với sp khác nên k có hiệu quả. cảm ơn và xin lỗi laneige nha.sẽ ủng hộ laneige trong thời gian tới 🥰🥰');

INSERT INTO review (id, product_id, reviewer, rating, `comment`) VALUES(4414, 441, 'Karen T.', 4, 'Trong vòng 2 tháng mua hết nhiêu đây, nghiện laneige luôn rồi. 🤣🤣❤️');

INSERT INTO product (id, name, short_desc, full_desc, category_id, brand_name, status, weight, available_item, unit_price, discount_percent, avg_rating, img_url, total_rating, supplier_id) VALUES(442, 'Bộ sản phẩm làm sạch và bảo vệ da dầu nhạy cảm La Roche-Posay Effaclar Gel 400ml', 'Bộ sản phẩm làm sạch và bảo vệ da dầu nhạy cảm La Roche-Posay Effaclar Gel 400ml', '<pre>Chăm sóc làn da mụn hiệu quả
Nhẹ nhàng làm sạch da từ sâu trong lỗ chân lông và bã nhờn
Đẩy lùi khuẩn mụn, làm mờ vết thâm và ngăn ngừa mụn</pre>', 44, 'La Roche Posay', 'NEW', 5.070362672771837, 7, 399000, 39, 5.0, 'https://vn-test-11.slatic.net/p/aeb18663f2008b9c20973b173ff43c45.jpg;https://vn-test-11.slatic.net/p/b7541ef30adbe21fe671edbaa2d9ee8d.jpg;https://vn-test-11.slatic.net/p/848c30cae76e6472862857884bd5e550.jpg;https://vn-test-11.slatic.net/p/6431bd520c36fd59df0a70cce15aea56.jpg;https://vn-test-11.slatic.net/p/81683fb6912229e4d6e96f6f51f34b92.jpg;', 7, 1);

INSERT INTO product (id, name, short_desc, full_desc, category_id, brand_name, status, weight, available_item, unit_price, discount_percent, avg_rating, img_url, total_rating, supplier_id) VALUES(443, 'Bộ 5 chai Tinh chất Tế bào gốc từ DNA trứng cá hồi trị mụn phục hồi da sau 28 ngày Suiskin Salmon DN Ampoule 28 days (2ml x5)', 'Bộ 5 chai Tinh chất Tế bào gốc từ DNA trứng cá hồi trị mụn phục hồi da sau 28 ngày Suiskin Salmon DN Ampoule 28 days (2ml x5)', '<pre>Thương hiệu: Suiskin
Xuất xứ: Hàn Quốc
Quy cách: 5x 2ml/chai
Là siêu phẩm đặc trị mụn và chống lão hóa dachiết xuất từ trứng cá hồi tươi
Thu nhỏ lỗ chân lông, Ngăn ngừa và trị mụn hiệu quả
Làm trẻ hoá da, ngăn ngừa lão hóa.
Phục hồi, tái tạo da hư tổn, tăng độ đàn hồi da.
Phù hợp với cấu trúc của làn da và đặc biệt là da nhạy cảm, da có vấn đề:da mụn, nám, da tổn thương,da lão hóa
Hiệu quả rõ rệt chỉ sau 28 ngày sử dụng sản phẩm</pre>', 44, 'Suiskin', 'USED', 0.987402785873696, 14, 125000, 39, 4.7, 'https://vn-test-11.slatic.net/p/bb82dd4a529285568a45894bfb63a2a0.jpg;https://vn-test-11.slatic.net/p/5/bo-5-chai-tinh-chat-te-bao-goc-tu-dna-trung-ca-hoi-tri-mun-phuc-hoi-da-sau-28-ngay-suiskin-salmon-dn-ampoule-28-days-2ml-x5-5220-18395111-b86446121f01d204b3d65547070a8eb4-catalog.jpg;https://vn-test-11.slatic.net/p/5/bo-5-chai-tinh-chat-te-bao-goc-tu-dna-trung-ca-hoi-tri-mun-phuc-hoi-da-sau-28-ngay-suiskin-salmon-dn-ampoule-28-days-2ml-x5-5220-18395111-1c1da39fa969561ebd1143b90c78495f-catalog.jpg;https://vn-test-11.slatic.net/p/5/bo-5-chai-tinh-chat-te-bao-goc-tu-dna-trung-ca-hoi-tri-mun-phuc-hoi-da-sau-28-ngay-suiskin-salmon-dn-ampoule-28-days-2ml-x5-5220-18395111-f2c1303f50be6b12b25b55f13a64df45-catalog.jpg;https://vn-test-11.slatic.net/p/5/bo-5-chai-tinh-chat-te-bao-goc-tu-dna-trung-ca-hoi-tri-mun-phuc-hoi-da-sau-28-ngay-suiskin-salmon-dn-ampoule-28-days-2ml-x5-5220-18395111-53486ea67032891ea3ad4eacc06575f2-catalog.jpg;https://vn-test-11.slatic.net/p/5/bo-5-chai-tinh-chat-te-bao-goc-tu-dna-trung-ca-hoi-tri-mun-phuc-hoi-da-sau-28-ngay-suiskin-salmon-dn-ampoule-28-days-2ml-x5-5220-18395111-093210ae9af4b1b2f67a8babe08c4c2d-catalog.jpg;https://vn-test-11.slatic.net/p/5/bo-5-chai-tinh-chat-te-bao-goc-tu-dna-trung-ca-hoi-tri-mun-phuc-hoi-da-sau-28-ngay-suiskin-salmon-dn-ampoule-28-days-2ml-x5-5220-18395111-8f815d7f3bc8d032683cdc5322516aa8-catalog.jpg;https://vn-test-11.slatic.net/p/5/bo-5-chai-tinh-chat-te-bao-goc-tu-dna-trung-ca-hoi-tri-mun-phuc-hoi-da-sau-28-ngay-suiskin-salmon-dn-ampoule-28-days-2ml-x5-5220-18395111-b935bd8dac1216b2a1bf7ec1d858c0f4-catalog.jpg;', 320, 8);

INSERT INTO review (id, product_id, reviewer, rating, `comment`) VALUES(4430, 443, 'Nhung L.', 1, 'cho ngàn sao,  shop phục nhiệt tình lại,san ohaamr dùng roi nên mới cùng bạn bè mua them 15chai, lan sau mua nữa');

INSERT INTO review (id, product_id, reviewer, rating, `comment`) VALUES(4431, 443, 'Nguyễn T.', 2, 'Tác dụng ngay đêm đầu tiên, da căng lán lỗ chân lông nhỏ lại , như bình thường ngủ dậy thấy lỗ chân lông to dã man, da mặt đổ dầu  ㅠㅠ  sao giờ mới biết đến suiskin nhỉ :( muộn màng quá đi, nhưng sẽ kiên trì dùng để mờ luôn mấy cái thâm mụn. Shop bán hàng tốt ghê, mong shop sẽ thăng tiến trong tương lai và giữ chất lượng như vậy 🙆🏻‍♀️');

INSERT INTO review (id, product_id, reviewer, rating, `comment`) VALUES(4432, 443, 'Ngọc Á.', 1, 'Sản phẩm dùng rất tốt ạ. Dùng xong da mặt rất căng và mịn,mình bị mụn thâm rất nhiều nhưng dùng xong cũng thấy giảm. Sẽ tiếp tục mua để ủng hộ ạ');

INSERT INTO review (id, product_id, reviewer, rating, `comment`) VALUES(4433, 443, 'Lazada Customer', 1, '');

INSERT INTO review (id, product_id, reviewer, rating, `comment`) VALUES(4434, 443, 'Thu T.', 2, 'mình mới mua thêm 5 combo 5 chai, mua flash sale nên giá tốt ơi là tốt luôn, tính ra còn lợi hơn mua cả hộp 28 chai nữa. Mình mua của shop Hafa Store này tính ra cũng được 5 6 lần gì đó rồi ấy, nói chung hàng ok, đóng gói cẩn thận, giao hàng nhanh, tế bào gốc cá hồi thì khỏi nói, dùng thích cực, sẽ tiếp tục ủng hộ lần sau.');

INSERT INTO product (id, name, short_desc, full_desc, category_id, brand_name, status, weight, available_item, unit_price, discount_percent, avg_rating, img_url, total_rating, supplier_id) VALUES(444, 'Gel lột mụn than tre hoạt tính Lê Thanh - Chính Hãng - Tặng cọ quét mặt', 'Gel lột mụn than tre hoạt tính Lê Thanh - Chính Hãng - Tặng cọ quét mặt', '<pre>Tặng kèm cọ quét mặt tiện lợi hơn.
Hút sạch mụn cám, mụn đầu đen
Làm sạch bụi bẩn trên da, thanh lọc da, loại bỏ tế bào chết.
Làm se khít lỗ chân lông, sang da, dưỡng mịn da.
Sản phẩm sử dụng được 10 lần
Dùng được cho Nam, Nữ.</pre>', 44, 'Lê Thanh', 'NEW', 6.018007478586356, 27, 30000, 39, 4.9, 'https://vn-test-11.slatic.net/original/6362bfd5dffcbd363d0ede9e58a10b4d.jpg;https://vn-test-11.slatic.net/original/e6bfe9faebe986ca2d39505b4cf1655b.jpg;https://vn-test-11.slatic.net/original/0cec1789291f3f93d4596df1d6ba2d96.jpg;https://vn-test-11.slatic.net/original/c259a26cc18973f7598fb355860e1763.jpg;https://vn-test-11.slatic.net/original/0e3be91bee04c3afe079e34d498278ea.jpg;https://vn-test-11.slatic.net/original/73362b8fa54453c86db307727e818bc0.jpg;https://vn-test-11.slatic.net/original/9495927ddecf6ca4fd5e59e7d838f6eb.jpg;https://vn-test-11.slatic.net/original/75cb8147834854adaa4ce7c2dc612fa8.jpg;', 105, 6);

INSERT INTO review (id, product_id, reviewer, rating, `comment`) VALUES(4440, 444, 'Tran N.', 3, 'lột được nhiều mụn, mùi thơm dễ chịu, sử dụng được lâu. Cây cọ cũng rất tốt, dễ dàng quét kem lên mặt.');

INSERT INTO review (id, product_id, reviewer, rating, `comment`) VALUES(4441, 444, 'Nguyen N.', 0, 'xài được lắm ạ ra nhiều mụn đã vậy lại còn đc tặng cọ quét cực thích luôn ^^iu shop lắm💖💖💖');

INSERT INTO review (id, product_id, reviewer, rating, `comment`) VALUES(4442, 444, 'Nguyễn T.', 1, 'shop đóng gói đẹp giao hàng nhanh.mình mới thử xong thấy lột ok phết.quá ngon so với tầm giá');

INSERT INTO review (id, product_id, reviewer, rating, `comment`) VALUES(4443, 444, 'Nhi T.', 3, 'nhìn nhỏ hơn trong hình, chất lượng thì chưa biết vì mình mới dùng lần đầu');

INSERT INTO review (id, product_id, reviewer, rating, `comment`) VALUES(4444, 444, 'Nam T.', 0, 'hàng đóng gói tạm đc hàng có cây lông và có dấy shop gửi nhắn , đánh giá 5s');

INSERT INTO product (id, name, short_desc, full_desc, category_id, brand_name, status, weight, available_item, unit_price, discount_percent, avg_rating, img_url, total_rating, supplier_id) VALUES(445, 'Bộ kem chống nắng và làm sạch cho da dầu La Roche-Posay Anthelios Dry Touch 50ml', 'Bộ kem chống nắng và làm sạch cho da dầu La Roche-Posay Anthelios Dry Touch 50ml', '<pre>Xuất xứ nhập khẩu từ Pháp
Phù hợp cho da dầu và da hỗn hợp
An toàn cho da nhạy cảm</pre>', 44, 'La Roche Posay', 'USED', 3.926810574805944, 21, 359000, 39, 5.0, 'https://vn-test-11.slatic.net/p/123d82a44777fa4ddae9c1bd3e924a7d.jpg;https://vn-test-11.slatic.net/p/cf8906ec83dcb65278718b98afb67234.jpg;https://vn-test-11.slatic.net/p/b882537162515503b5aefd9fd1367249.jpg;https://vn-test-11.slatic.net/p/0d1a8ba9937c0ec6be5d617ba675dfeb.jpg;', 11, 9);

INSERT INTO review (id, product_id, reviewer, rating, `comment`) VALUES(4450, 445, 'N.B.P.Ha', 4, 'giao hàng nhanh và đóng gói cẩn thận');

INSERT INTO review (id, product_id, reviewer, rating, `comment`) VALUES(4451, 445, 'trần N.', 2, 'sao mà cái sữa rửa mặt rửa lại nhiều lần bằng nước lúc lau lại bằng bông tẩy trắng thì cứ gợn trắng trắng lên');

INSERT INTO review (id, product_id, reviewer, rating, `comment`) VALUES(4452, 445, 'Ruby T.', 3, 'Rất hài lòng. Đóng gói kĩ lưỡng và giao hàng nhanh chóng.');

INSERT INTO review (id, product_id, reviewer, rating, `comment`) VALUES(4453, 445, 'nguyen V.', 2, 'Chị shipper cực dễ thương. Chất lượng sản phẩm thì khỏi bàn');

INSERT INTO review (id, product_id, reviewer, rating, `comment`) VALUES(4454, 445, 'TrangPig N.', 3, 'GIAO HÀNG SIU NHANH');

INSERT INTO product (id, name, short_desc, full_desc, category_id, brand_name, status, weight, available_item, unit_price, discount_percent, avg_rating, img_url, total_rating, supplier_id) VALUES(446, 'Nước Hoa Hồng Some By Mi AHA-BHA-PHA 30 Days Miracle Toner 150ml [Trị Sạch Mụn Chỉ Trong 30 Ngày]', 'Nước Hoa Hồng Some By Mi AHA-BHA-PHA 30 Days Miracle Toner 150ml [Trị Sạch Mụn Chỉ Trong 30 Ngày]', '<pre>Thương hiệu: Some By Mi
Xuất xứ: Hàn Quốc
Dung tích: 150ml.
Dành cho mọi loại da, khuyên dùng cho da dầu, da mụn, da kích ứng
Giúp trị mụn; loại bỏ tế bào chết, mụn đầu đen; cung cấp độ ẩm; làm dịu da với thành phần AHA - BHA - PHA
Giúp kiểm soát bã nhờn; chăm sóc lỗ chân lông; thanh lọc và bảo vệ da; da săn chắc, đàn hồi với chiết xuất Tràm Trà
Trị mụn và dưỡng da mịn màng chỉ trong 30 ngày với độ pH phù hợp 5.5
Chứa các thành phần thuộc Green Class của EWG; không chứa 20 thành phần gây hại cho da</pre>', 44, 'Some By Mi', 'NEW', 3.338958152194829, 69, 217000, 39, 4.7, 'https://vn-test-11.slatic.net/p/73c8ed18df307f76fbe0e0a5ff78b595.jpg;https://vn-test-11.slatic.net/original/ee890d589de4346a04f47b7d4bd177d7.jpg;https://vn-test-11.slatic.net/original/a137684d5225311ab6f457475ff4ea4b.jpg;https://vn-test-11.slatic.net/original/2b2e6beb55c39436b5d356499f058d15.jpg;https://vn-test-11.slatic.net/original/834d2c070377530f77b908ee0abaf6ba.jpg;https://vn-test-11.slatic.net/original/6a17b1abcc38d5b79f4173fa709baf5e.jpg;https://vn-test-11.slatic.net/original/3162a59743ffa3836c9eb53c955b55ae.jpg;', 231, 1);

INSERT INTO review (id, product_id, reviewer, rating, `comment`) VALUES(4460, 446, 'Khánh L.', 0, 'Có tem chống giả, check thì đúng là sản phẩm chính hãng, nhg mà mình thấy vận chuyển kinh khủng quá, shop bọc hàng khá cẩn thận mà vẫn bị vậy☹️, mình mới nhận mong sẽ có hiệu quả tốt, thì sẽ ủng hộ shop dài dài!!!');

INSERT INTO review (id, product_id, reviewer, rating, `comment`) VALUES(4461, 446, 'Nhan', 0, 'Giao hàng rất nhanh. Cực thích luôn !!!!!!');

INSERT INTO review (id, product_id, reviewer, rating, `comment`) VALUES(4462, 446, 'Trần T.', 3, 'Ấn tượng ban đầu đóng gói rất cẩn thận, có tem hidden tag chính hãng, chưa biết hiệu quả sao hy vọng là tốt cho làn da of mh vì vừa mới nhận hàng xog, anh giao hàng dễ thương😋');

INSERT INTO review (id, product_id, reviewer, rating, `comment`) VALUES(4463, 446, 'Trung T.', 0, 'giao thiếu mặt nạ');

INSERT INTO review (id, product_id, reviewer, rating, `comment`) VALUES(4464, 446, 'Y N.', 0, 'Sản phẩm tốt , mình nghĩ là hàng chính hãng vì mình check hàng đc . Về hình thức vẫn chuyển thì mình không thích lắm vì nó giao tận nơi .');

INSERT INTO product (id, name, short_desc, full_desc, category_id, brand_name, status, weight, available_item, unit_price, discount_percent, avg_rating, img_url, total_rating, supplier_id) VALUES(447, 'Kem dưỡng ẩm tối ưu Hada Labo Advanced Nourish Cream 50g', 'Kem dưỡng ẩm tối ưu Hada Labo Advanced Nourish Cream 50g', '<pre>Dạng kem cô đặc; dưỡng tối ưu; cung cấp độ ẩm cao cho da
Phù hợp với các bạn có làn da khô hoặc sử dụng sản phẩm khi thời tiết khô; lạnh</pre>', 44, 'Hada Labo', 'NEW', 4.149876698527862, 1, 185000, 39, 4.4, 'https://vn-test-11.slatic.net/original/9aecc31d7bd7c8d942640f5944da7262.jpg;https://vn-test-11.slatic.net/p/5/kem-duong-am-toi-uu-hada-labo-advanced-nourish-cream-50g-8007-4946181-0a44edb6eaf710c59a28c042ecc4d536-catalog.jpg;https://vn-test-11.slatic.net/original/6043154b64a0beb343215a5ba17afab8.jpg;https://vn-test-11.slatic.net/original/b8b302db0f44f06ec2fa9d7b282c4137.jpg;https://vn-test-11.slatic.net/original/138feef3b1f1e44c1944fdd4a830965a.jpg;https://vn-test-11.slatic.net/original/e24698b4e87bad10b03aabcb03de1781.jpg;', 158, 9);

INSERT INTO review (id, product_id, reviewer, rating, `comment`) VALUES(4470, 447, 'Bao Q.', 3, '');

INSERT INTO review (id, product_id, reviewer, rating, `comment`) VALUES(4471, 447, 'Lê V.', 4, 'Quá thích nên sài hết là mua liền thật sự hài lòng về công dụng của em ấy. Đã và đang sài lotion, sữa rửa mặt cùng hãng và thích cực. Rất tin dùng Hada labo.');

INSERT INTO review (id, product_id, reviewer, rating, `comment`) VALUES(4472, 447, 'Tú S.', 2, 'sản phẩm xài tốt. da mặt mình mịn và sáng hẳn ra không gây rít hay nhờn da mặt. mình bị mụn nên rất kén mỹ phẩm mà dùng kem này mình thấy ok. chắc chuyển qua dùng kem này luôn.');

INSERT INTO review (id, product_id, reviewer, rating, `comment`) VALUES(4473, 447, 'Tram N.', 0, 'Mùi hơi hắc, dùng không bị bí, mới dùng một lần nên chưa thấy rõ hiệu quả dưỡng ẩm');

INSERT INTO review (id, product_id, reviewer, rating, `comment`) VALUES(4474, 447, 'Lazada Customer', 0, 'Giao hàng nhanh, sản phẩm chất lượng!');

INSERT INTO product (id, name, short_desc, full_desc, category_id, brand_name, status, weight, available_item, unit_price, discount_percent, avg_rating, img_url, total_rating, supplier_id) VALUES(448, 'Tinh chất khoáng cô đặc Vichy Mineral 89 50ml tặng Aqualia gel 15ml', 'Tinh chất khoáng cô đặc Vichy Mineral 89 50ml tặng Aqualia gel 15ml', '<pre>Xuất xứ nhập khẩu từ Pháp
Phù hợp mọi loại da
An toàn cho da nhạy cảm
15 khoáng chất kết hợp Hyaluronic Acid
Tái tạo & phục hồi da
Dưỡng da căng mịn</pre>', 44, 'Vichy', 'USED', 8.36545126811999, 7, 699000, 39, 3.7, 'https://vn-test-11.slatic.net/p/a288e35878acea8e7072ab202ce1cc14.jpg;https://vn-test-11.slatic.net/p/2367ddb88bb41fc0439c7a9afc22e867.jpg;https://vn-test-11.slatic.net/p/f51346a01cedbe9df92b7376b036dbb9.jpg;https://vn-test-11.slatic.net/p/60a293f2b2320b747c344e16eee8dabf.jpg;', 168, 6);

INSERT INTO review (id, product_id, reviewer, rating, `comment`) VALUES(4480, 448, 'Quỳnh H.', 0, 'Hàng giảm giá nên nên date sản xuất lâu từ năm 2017 thi phải, mặc dù là còn hạn tới năm 2020.  Nhưng mà ko thích như zay. Còn sử dung thì để coi da mình ntn');

INSERT INTO review (id, product_id, reviewer, rating, `comment`) VALUES(4481, 448, 'Diễm P.', 4, 'sau 1 tháng sử dụng da mướt lên trông thấy, đây là set t2 m mua .cực thich em ấy, giá cũng ok .');

INSERT INTO review (id, product_id, reviewer, rating, `comment`) VALUES(4482, 448, 'Trần T.', 2, 'giao hàng nhanh, sản phẩm giống mô tả. sản phẩm tặng dùng rất tốt, không kích ứng da thấm nhanh không gây nhờn rít. để dùng thử một thời gian sẽ cho mọi người biết tác dụng thế nào.');

INSERT INTO review (id, product_id, reviewer, rating, `comment`) VALUES(4483, 448, 'ng T.', 2, 'đã dùng. da mình rất nhạy cảm dị ứng cả thời tiết khó chiều. nh dùng 89 k dị ứng dưỡng ẩm phục hồi tốt.');

INSERT INTO review (id, product_id, reviewer, rating, `comment`) VALUES(4484, 448, 'Dung L.', 4, 'Sao mình dùng được 3 hôm thì nổi mẩn đỏ đầy má trái. Buồn ghê. Tin tưởng và hy vọng dùng vichy nhưng dùng mnn phục hồi chuyên sâu xong nổi mẩn nhiều quá ngứa hết mặt nên k dám dùng tinh chất nữa');

INSERT INTO product (id, name, short_desc, full_desc, category_id, brand_name, status, weight, available_item, unit_price, discount_percent, avg_rating, img_url, total_rating, supplier_id) VALUES(449, 'Sữa rửa mặt chiết xuất trà xanh INNISFREE (150ml).', 'Sữa rửa mặt chiết xuất trà xanh INNISFREE (150ml).', '<pre>Sữa rửa mặt chiết xuất trà xanh Innisfree
INNISFREE GREEN TEA CLEANSING FOAM.
Thương hiệu: INNISFREE Hàn Quốc.
Dung tích: 150ml.
♦ Tinh lá trà giúp dưỡng ẩm sâu, giữ lại độ ẩm tự nhiên cho da.
Nhẹ nhàng làm sạch bụi bẩn và các tạp chất trên da.
♦ Sản phẩm bán chạy nhất trong các dòng sữa rửa mặt innisfree
♦ EGCG trong trà xanh giúp chống tia cực tím và oxi hóa da.
♦ Hỗ trợ tái tạo tế bào da, kiềm dầu hạn chế mụn.
Cân bằng độ ẩm, giúp làn da căng, mịn màng.</pre>', 44, 'OEM', 'USED', 3.14505470497554, 60, 55000, 39, 4.8, 'https://vn-test-11.slatic.net/original/8ba948e1925de4a9b2cebb2b5e7fa489.jpg;https://vn-test-11.slatic.net/original/6a1d462f87c4c58ed11cb3bfc88850fc.jpg;https://vn-test-11.slatic.net/original/fcebfdee5cd0b9792b15b883543ba898.jpg;https://vn-test-11.slatic.net/original/999e0ff54c8d1f474f3fb7fae2e3d87d.jpg;https://vn-test-11.slatic.net/original/a00ab1e2d2b0a6d7c10f3df8feac851a.jpg;', 22, 8);

INSERT INTO review (id, product_id, reviewer, rating, `comment`) VALUES(4490, 449, 'Thức T.', 0, 'sữa rửa mặt dùng rất thích');

INSERT INTO review (id, product_id, reviewer, rating, `comment`) VALUES(4491, 449, 'nguyễn T.', 1, 'đóng gói kỹ. rửa mặt da sạch và ko còn bóng nhờn');

INSERT INTO review (id, product_id, reviewer, rating, `comment`) VALUES(4492, 449, 'Lý T.', 1, 'Sản phẩm dùng khá tốt');

INSERT INTO review (id, product_id, reviewer, rating, `comment`) VALUES(4493, 449, 'Nguyễn V.', 3, 'tốt');

INSERT INTO review (id, product_id, reviewer, rating, `comment`) VALUES(4494, 449, 'Nguyễn T.', 3, 'Sản phẩm rất tốt.');

INSERT INTO product (id, name, short_desc, full_desc, category_id, brand_name, status, weight, available_item, unit_price, discount_percent, avg_rating, img_url, total_rating, supplier_id) VALUES(4410, 'Nước hoa hồng Simple Kind To Skin Soothing Facial Toner 200ml (Mẫu mới 2017)', 'Nước hoa hồng Simple Kind To Skin Soothing Facial Toner 200ml (Mẫu mới 2017)', '<pre>Thương hiệu: Simple
Xuất xứ: Anh
Mẫu thiết kế mới năm 2017
Làm sạch và cung cấp độ ẩm cho da
Giúp thu nhỏ lỗ chân lông, tái tạo tế bào da
Giúp da mềm mịn và sáng khỏe
Thành phần thiên nhiên lành tính cho mọi loại da
Hỗ trợ tối đa cho da nhạy cảm</pre>', 44, 'Simple', 'USED', 5.43619545033833, 31, 115000, 39, 4.5, 'https://vn-test-11.slatic.net/p/efed9a9168933333ddaae0e6625f6c94.jpg;https://vn-test-11.slatic.net/p/9e3ae90eb3fe73df1c9b6ca2b1415e65.jpg;https://vn-test-11.slatic.net/p/76413d458375024327472b7d6176c943.jpg;', 197, 7);

INSERT INTO review (id, product_id, reviewer, rating, `comment`) VALUES(44100, 4410, 'Lazada Customer', 3, 'Dùng được 1 tuần rồi mới phản hồi nè, phải nói dùng rất thích, đỡ mụn và lỗ chân lông cx thu nhỏ hơn. tóm lại rất Ok');

INSERT INTO review (id, product_id, reviewer, rating, `comment`) VALUES(44101, 4410, 'Nguyễn M.', 1, 'Da mình nhạy cảm và rất kén. Đợt rồi da yếu nổi nhiều mụn ẩn, mình dùng toner kèm bha thấy da đỡ khô. Toner có vitamin b nên nhanh lành mụn và dịu nhẹ.');

INSERT INTO review (id, product_id, reviewer, rating, `comment`) VALUES(44102, 4410, 'lê B.', 1, 'Sp dùng tốt, không gây dị ứng, 200ml dùng dc hơn 1 tháng, đáng tiền, giao hành nhanh, se khích lỗ chân lông. Nên mua');

INSERT INTO review (id, product_id, reviewer, rating, `comment`) VALUES(44103, 4410, '马木乾千王2023', 3, 'Mua 5 chai Simple Toner đều ở đây. Thực sự rất ưng ý với cách phục vụ và chất lượng sản phẩm của Shop 💟');

INSERT INTO review (id, product_id, reviewer, rating, `comment`) VALUES(44104, 4410, 'Gia D.', 0, 'làm sạch tốt. da mịn màng và thu nhỏ lỗ chân lông nữa shop tư vấn  nhiệt tình .sẽ tiếp tục ủng hộ shop');

INSERT INTO product (id, name, short_desc, full_desc, category_id, brand_name, status, weight, available_item, unit_price, discount_percent, avg_rating, img_url, total_rating, supplier_id) VALUES(4411, 'Gel Lột Mụn Than Tre Hoạt Tính OHIO Hút Tận Gốc Bụi Bẩn, Mụn Cám, Mụn Trứng Cá, Mụn Đầu Đen', 'Gel Lột Mụn Than Tre Hoạt Tính OHIO Hút Tận Gốc Bụi Bẩn, Mụn Cám, Mụn Trứng Cá, Mụn Đầu Đen', '<pre>✔ Lột sạch mụn cám, đầu đen✔ Dưỡng trắng da, chống nắng✔ Cung cấp vitamin trẻ hóa làn da✔ Se khít lỗ chân lông, điều tiết dầu✔ Hút chì và cặn bẩn tận sâu lỗ chân lông✔ Phục hồi – Tái sinh da - Hỗ trợ điều trị ngừa mụn✔ Tăng cường tuần hoàn máu giúp da sáng khỏe, mịn màng</pre>', 44, 'OHIO ỐC SÊN NEW DAY', 'USED', 6.3352875542451415, 22, 33930, 39, 4.5, 'https://vn-test-11.slatic.net/original/04e0d0f2d30dde645308071c227bf6f3.jpg;https://vn-test-11.slatic.net/original/197d091780df567a2e2f328077683800.jpg;https://vn-test-11.slatic.net/original/ddeb7f6f3f656c144f15ff675c639c38.jpg;https://vn-test-11.slatic.net/original/34535e5fd6e08ba5edbc9648e2566f6d.jpg;https://vn-test-11.slatic.net/original/7ce88466f2960df301be0fae7901e650.jpg;https://vn-test-11.slatic.net/original/92a934ac115d02890298f16c5e64b9f6.jpg;', 164, 5);

INSERT INTO review (id, product_id, reviewer, rating, `comment`) VALUES(44110, 4411, 'Nguyen T.', 1, '👍chất keo lột ok, lột xong thấy sạch không bóng dầu. Lưu ý là nên dùng mặt nạ giấy, cạo lông mặt, vì keo có độ kết dính cao sẽ khiến bạn tê tái. sẽ ủng hộ shop tiếp khi hết hủ nha hihi');

INSERT INTO review (id, product_id, reviewer, rating, `comment`) VALUES(44111, 4411, 'Baby I.', 4, 'Đóng gói sản phẩm cũng ok đó nhưng mà chưa biết sử dụng như thế nào cho 5* có tặng kèm mặt nạ dưỡng da cho');

INSERT INTO review (id, product_id, reviewer, rating, `comment`) VALUES(44112, 4411, 'Hồng M.', 3, 'mở ra có mùi keo hồ nhưng thơm. xài ok ra nhiều mụn. nhưng mà lưu ý bạn nào mấy phần da mỏng (dưới 2 mắt, thái dương....) mà không có mụn đừng thoa lên nha. giựt ra ôi thôi đau kinh khủng. mới sử dụng 1 lần mụn cám ở mũi chưa ra hết nên chắc phải làm thêm 2 3 lần. tóm lại là sp chất lượng ok. sẽ mua nữa');

INSERT INTO review (id, product_id, reviewer, rating, `comment`) VALUES(44113, 4411, 'Vinh N.', 2, 'hàng chất lượng lắm 👍👍');

INSERT INTO review (id, product_id, reviewer, rating, `comment`) VALUES(44114, 4411, 'Nguyễn T.', 3, 'Rat kho lot');

INSERT INTO product (id, name, short_desc, full_desc, category_id, brand_name, status, weight, available_item, unit_price, discount_percent, avg_rating, img_url, total_rating, supplier_id) VALUES(4412, 'Bột Trà Xanh Nguyên Chất Đắp Mặt 100g', 'Bột Trà Xanh Nguyên Chất Đắp Mặt 100g', '<pre>Công dụng: Làm các loại mặt nạ chăm sóc da.
Khối lượng tịnh: 100g
Nguồn gốc: Lâm Đồng.
Hạn Sử Dụng: 1 năm từ ngày sản xuất (Xem trên bao bì)</pre>', 44, 'OEM', 'NEW', 8.748242972762998, 32, 20370, 39, 4.9, 'https://vn-test-11.slatic.net/original/72d7a41daafdc8d99172a4c0606bf074.jpg;https://vn-test-11.slatic.net/original/a32b9f7947944275c3fd86efb3dedd4f.jpg;https://vn-test-11.slatic.net/original/02e801f6b76951d039506a796a38d5ef.jpg;https://vn-test-11.slatic.net/original/46f47d28e4b6d23bfa955459a5073faa.jpg;', 76, 2);

INSERT INTO review (id, product_id, reviewer, rating, `comment`) VALUES(44120, 4412, 'Lazada Customer', 0, 'Bột mịn ,màu sắc xanh tự nhiên, đắp mặt thì khỏi phải bàn ,mình mua mới sử dụng 2-3 lần mà đã thấy hiệu quả');

INSERT INTO review (id, product_id, reviewer, rating, `comment`) VALUES(44121, 4412, 'Lazada Customer', 2, 'Đắp mặt trị mụn rât hiệu quả, mình mua sử dụng vài lần mà đã igiamr mụn nhiều ,thank shop');

INSERT INTO review (id, product_id, reviewer, rating, `comment`) VALUES(44122, 4412, 'Lazada Customer', 0, 'Tạm ổn, về hình thức tin đóng gói và giao hàng khá ok!');

INSERT INTO review (id, product_id, reviewer, rating, `comment`) VALUES(44123, 4412, 'Ly P.', 2, 'Tốt so với tầm giá.Đắp mặt xong rất thích, da mịn và sạch dầu.');

INSERT INTO review (id, product_id, reviewer, rating, `comment`) VALUES(44124, 4412, 'Bảo P.', 1, 'Sản phẩm đúng bột trà xanh nguyên chất, đã thử đắp mặt ok.');

INSERT INTO product (id, name, short_desc, full_desc, category_id, brand_name, status, weight, available_item, unit_price, discount_percent, avg_rating, img_url, total_rating, supplier_id) VALUES(4413, 'Serum Tái Tạo Phục Hồi Da Red Peel Tingle', 'Serum Tái Tạo Phục Hồi Da Red Peel Tingle', '<pre>Thương hiệu: SO NATURAL
Xuất xứ: Hàn Quốc
Các dưỡng chất có chứa trong Serum khi thẩm thấu vào da sẽ kích thích các tế bào mới – những tế bào chứa ít melanin hơn
Giúp tái sinh nhanh chóng để thay thế lớp tế bào cũ này. Trả lại cho bạn một làn da tươi mới hơn, mịn màng hơn và trắng sáng hơn
Serum có chứa thành phần AHA & BHA ,chiết xuất từ các loại dâu rừng và Aronia có tác dụng cải thiện tình trạng mụn, hỗ trợ điều trị thâm mụn, cải thiện đáng kể các nếp nhăn li ti và làm căng mịn da
Red Peel Tingle Serum giúp kháng viêm, giảm sưng mụn, làm mờ vết thâm sẹo mụn
Giúp da sản sinh các tế bào mới và cải thiện bề mặt da làm sáng da, đều màu da
Bảo vệ, tăng cường sự phát triển của biểu bì. Nâng cao chất lượng của các sợi Elastin và collagen
Giúp bạn lấy lại vẻ đẹp khỏe khoắn, tươi mới và trẻ trung hơn một cách dễ dàng, đơn giản và tiết kiệm hơn</pre>', 44, 'So Natural', 'NEW', 1.9890346270034476, 71, 355000, 39, 4.5, 'https://vn-test-11.slatic.net/original/6b30a24deee14d787d33016c40fa4670.jpg;https://vn-test-11.slatic.net/original/92d645bd7e527c653965ef99dea03d30.jpg;https://vn-test-11.slatic.net/original/89ee7b5b29b0c5cdac1bef228afecf03.jpg;', 11, 6);

INSERT INTO review (id, product_id, reviewer, rating, `comment`) VALUES(44130, 4413, 'Kim T.', 2, 'Hàng chính hãng, giá cả hạt dẻ, giao hang nhanh');

INSERT INTO review (id, product_id, reviewer, rating, `comment`) VALUES(44131, 4413, 'Hoàng O.', 1, 'San pham dung chat luong');

INSERT INTO review (id, product_id, reviewer, rating, `comment`) VALUES(44132, 4413, 'Kim N.', 4, 'hài lòng');

INSERT INTO product (id, name, short_desc, full_desc, category_id, brand_name, status, weight, available_item, unit_price, discount_percent, avg_rating, img_url, total_rating, supplier_id) VALUES(4414, 'Bộ đôi Kem dưỡng giảm mụn thông thoáng lỗ chân lông và ngừa thâm La Roche Posay Effaclar Duo+ 40ml và Gel rửa mặt dành cho da dầu mụn Effaclar gel 50ml', 'Bộ đôi Kem dưỡng giảm mụn thông thoáng lỗ chân lông và ngừa thâm La Roche Posay Effaclar Duo+ 40ml và Gel rửa mặt dành cho da dầu mụn Effaclar gel 50ml', '<pre>An toàn, không gây kích ứng da
Giảm mụn, ngừa thâm, thông thoáng lỗ chân lông
Hiệu quả trong 24h
Thích hợp cho da dầu, da mụn nhạy cảm</pre>', 44, 'La Roche Posay', 'NEW', 1.6827532363496407, 17, 319000, 39, 4.8, 'https://vn-test-11.slatic.net/p/dd880a6c139f233c194af933ee29cadf.jpg;https://vn-test-11.slatic.net/p/9c382a44614f742d4e3517eb79599947.jpg;https://vn-test-11.slatic.net/p/8616a0b4c587f273425499fa53d3df97.jpg;https://vn-test-11.slatic.net/p/0d1a8ba9937c0ec6be5d617ba675dfeb.jpg;', 78, 4);

INSERT INTO review (id, product_id, reviewer, rating, `comment`) VALUES(44140, 4414, 'Lazada Customer', 4, 'giao hàng nhanh, đóng gói hàng cẩn thận, chất lượng sản phẩm tốt, bạn nào đang muốn mua sản phẩm trị mụn thì nên mua dùng thử nhé');

INSERT INTO review (id, product_id, reviewer, rating, `comment`) VALUES(44141, 4414, 'N.B.P.Ha', 3, 'giao hàng nhanh , đóng gói cẩn thận');

INSERT INTO review (id, product_id, reviewer, rating, `comment`) VALUES(44142, 4414, 'Thu H.', 2, 'Giao hàng nhanh. Sản phẩm khá chất lượng, sau khi bôi 1 đêm thì mụn đã bắt đầu se lại.');

INSERT INTO review (id, product_id, reviewer, rating, `comment`) VALUES(44143, 4414, 'Bảo N.', 4, 'Mình muốn nhượng lại 1 combo 310k (kem + srm) vẫn nguyên tem, bạn nào ở quận 3 thì liên hệ với mình, sđt ( ko chín ko ba ko năm chín ko một tám)');

INSERT INTO review (id, product_id, reviewer, rating, `comment`) VALUES(44144, 4414, 'Trần Q.', 1, 'date mới...da mình dầu nhiều mua sp về dùng 1 tháng vào buổi sáng và tối..thấy hiệu quả rõ ràng.bạn nào muốn thì mua đi khỏi lo nhé');

INSERT INTO product (id, name, short_desc, full_desc, category_id, brand_name, status, weight, available_item, unit_price, discount_percent, avg_rating, img_url, total_rating, supplier_id) VALUES(4415, 'Bộ kem dưỡng da trắng mượt đều màu ngày và đêm L''Oréal Paris White Perfect', 'Bộ kem dưỡng da trắng mượt đều màu ngày và đêm L''Oréal Paris White Perfect', '<pre>Thành phần an toàn, không gây kích ứng da
Ức chế sự hình thành sắc tố melanin
Dưỡng trắng đều & mịn da
Bảo vệ da khỏi tác hại từ tia UV</pre>', 44, 'L''Oreal Paris', 'USED', 7.708663988137051, 61, 196000, 39, 4.2, 'https://vn-test-11.slatic.net/p/4f431668c0167fe85bab014689c15b50.jpg;https://vn-test-11.slatic.net/p/0cb6213e3c60d554ee186b8c0f1ebb45.jpg;https://vn-test-11.slatic.net/p/2ddcad09887c0ebc68ea23960e80ef7f.jpg;https://vn-test-11.slatic.net/p/b4a643d2918973fbbe4a41161607f9eb.jpg;', 201, 4);

INSERT INTO review (id, product_id, reviewer, rating, `comment`) VALUES(44150, 4415, 'Phi T.', 4, 'đóng gói đẹp, giao nhanh quá, chắc là hàng chính hãng rồi, mua tặng nên chỉ nhận xét vậy, cho 5sao');

INSERT INTO review (id, product_id, reviewer, rating, `comment`) VALUES(44151, 4415, 'Lazada Customer', 4, 'lần đầu mua kem chống nắng xài thấy thích nên lần này mua thêm bộ mỹ phẩm, đóng gói cẩn thận, sản phẩm thơm, xài thích lắm, mịn da. Thích hộp kem buổi sáng hơn vì sản phẩm đặc khi bôi lên da cảm giác ko trơn . còn hộp ban đêm thì sản phẩm có phần đặc nhưng lỏng nhiều hơn, ko đặc như hộp buổi sáng... khi bôi lên da thì cảm giác hơi trơn nên ko thích bằng hộp buổi sáng :) . 2  sản phẩm đều có mùi thơm, xài đc 2 ngày rồi thấy da mềm và mịn :3 . Giờ chắc theo L''Oreal paris luôn quá :3');

INSERT INTO review (id, product_id, reviewer, rating, `comment`) VALUES(44152, 4415, 'Nguyễn T.', 1, 'Hàng giống hình thơm nhẹ kem khá mềm');

INSERT INTO review (id, product_id, reviewer, rating, `comment`) VALUES(44153, 4415, 'Chinh H.', 1, 'Sp nguyên tem mác, date 2021. Hài lòng!');

INSERT INTO review (id, product_id, reviewer, rating, `comment`) VALUES(44154, 4415, 'Nguyễn H.', 1, 'Hang dung mau chat lượng doi xài');

INSERT INTO product (id, name, short_desc, full_desc, category_id, brand_name, status, weight, available_item, unit_price, discount_percent, avg_rating, img_url, total_rating, supplier_id) VALUES(4416, 'Bộ 20 MẶT NẠ DƯỠNG TRẮNG HA PEARL LIGHT PERCEPTION (TÍM) + Tặng tuýp kem dưỡng da tay hương thơm thiên nhiên ( mùi hương ngẫu nhiên )', 'Bộ 20 MẶT NẠ DƯỠNG TRẮNG HA PEARL LIGHT PERCEPTION (TÍM) + Tặng tuýp kem dưỡng da tay hương thơm thiên nhiên ( mùi hương ngẫu nhiên )', '<pre>Giúp duy trì độ ẩm cần thiết với thành phần chứa HA cho một làn da mềm mại và mịn màng.
Tạo màng chắn bảo vệ da khỏi tác hại từ môi trường bên ngoài.
Làm sáng da với chiết xuất ngọc trai biển và nicotinamide (vitamin b3 ),
Cung cấp độ ẩm thiết yếu cho da đặc biệt trong mùa đông khô lạnh
Với tinh chất từ Ngọc trai đặc trị làm sáng da, mờ thâm, giải quyết các đốm thâm do mụn để lại, phục hồi lại làn da đầy sức sống.</pre>', 44, 'MayCreate', 'NEW', 7.67544086242161, 100, 69000, 39, 4.6, 'https://vn-test-11.slatic.net/original/bb1793ee5587216aa4111548d14f09c3.jpg;https://vn-test-11.slatic.net/original/cf3701ffe03578aafe6577a4a1918002.jpg;https://vn-test-11.slatic.net/original/5db2da592250fd49605edf3c37d813bb.jpg;', 640, 3);

INSERT INTO review (id, product_id, reviewer, rating, `comment`) VALUES(44160, 4416, 'Dang T.', 3, 'mặt nạ rất tốt');

INSERT INTO review (id, product_id, reviewer, rating, `comment`) VALUES(44161, 4416, 'Trần N.', 3, 'mới dùng thử. cũng tạm được');

INSERT INTO review (id, product_id, reviewer, rating, `comment`) VALUES(44162, 4416, 'Nhi Y.', 3, 'Xài thích lắm 😍  Nhưng giao hơi lâu');

INSERT INTO review (id, product_id, reviewer, rating, `comment`) VALUES(44163, 4416, 'Lazada Customer', 1, 'đóng gói sp rất đẹp và chắc chắn. sp chất lượng tốt. mình mới dùng thử 1 lần nhưng thấy rất êm. dc cả quà tặng nửa');

INSERT INTO review (id, product_id, reviewer, rating, `comment`) VALUES(44164, 4416, 'Ngọc B.', 0, '');

INSERT INTO product (id, name, short_desc, full_desc, category_id, brand_name, status, weight, available_item, unit_price, discount_percent, avg_rating, img_url, total_rating, supplier_id) VALUES(4417, 'Bộ xịt khoáng dưỡng da Vichy Mineralizing Thermal Water 300ml', 'Bộ xịt khoáng dưỡng da Vichy Mineralizing Thermal Water 300ml', '<pre>Hỗ trợ kháng viêm, chống kích ứng, làm dịu da
Giúp da chống lại ô nhiễm môi trường, ổn định lại tình trạng da
Tăng cường tuần hoàn máu, chống lại quá trình oxi hóa, dưỡng da trắng hồng rạng rỡ</pre>', 44, 'Vichy', 'NEW', 6.175236031985876, 62, 319000, 39, 4.9, 'https://vn-test-11.slatic.net/p/73ecd978773d7e4350a508ced833a2f3.jpg;https://vn-test-11.slatic.net/p/5e88c23e27fa66d4cc5cabc26839fcdd.jpg;https://vn-test-11.slatic.net/p/20cbb28c41ce3d11f8d58c685256bffc.jpg;https://vn-test-11.slatic.net/p/ba244b3ff3af81bbb069256214bcca84.jpg;', 31, 6);

INSERT INTO review (id, product_id, reviewer, rating, `comment`) VALUES(44170, 4417, 'haikul P.', 1, '');

INSERT INTO review (id, product_id, reviewer, rating, `comment`) VALUES(44171, 4417, 'Tú A.', 4, '');

INSERT INTO review (id, product_id, reviewer, rating, `comment`) VALUES(44172, 4417, 'Nguyễn T.', 1, 'Xịt khoáng m vẫn còn 3 chai to mà thấy shop để giá tốt quá nên ko thể ko mua,hic, mua 2 chai mà giá chỉ bằng 1 chai ko mua thì tiếc lắm.');

INSERT INTO review (id, product_id, reviewer, rating, `comment`) VALUES(44173, 4417, 'Dương M.', 1, 'đóng gói kĩ lưỡng, giao đủ số lượng. hàng chất lượng 👍👍');

INSERT INTO review (id, product_id, reviewer, rating, `comment`) VALUES(44174, 4417, 'HUYNH N.', 1, 'Giúp dưỡng da rất tốt');

INSERT INTO product (id, name, short_desc, full_desc, category_id, brand_name, status, weight, available_item, unit_price, discount_percent, avg_rating, img_url, total_rating, supplier_id) VALUES(4418, 'Kem rửa mặt dưỡng ẩm tối ưu Hada Labo Advanced Nourish Cleanser 80g', 'Kem rửa mặt dưỡng ẩm tối ưu Hada Labo Advanced Nourish Cleanser 80g', '<pre>Rửa trôi lớp bụi bẩn, bã nhờn và tế bào chết hàng ngày.
Cung cấp độ ẩm cho da với hệ dưỡng ẩm 3 tác động
Dưỡng da ẩm mượt; tươi trẻ(Kiểu dáng & màu sắc bao bì có thể thay đổi tùy đợt nhập hàng)</pre>', 44, 'Hada Labo', 'USED', 2.97897836544212, 17, 66000, 39, 4.4, 'https://vn-test-11.slatic.net/original/d8a687f4d0120a68382cce8ecc007e8f.jpg;https://vn-test-11.slatic.net/p/5/kem-rua-mat-duong-am-toi-uu-hada-labo-advanced-nourish-cleanser-80g-8008-9850281-b248475e9360cfbd33f659fdbcdbbcec-catalog.jpg;https://vn-test-11.slatic.net/p/5/kem-rua-mat-duong-am-toi-uu-hada-labo-advanced-nourish-cleanser-80g-8008-9850281-1c34199909d21a4c407cd368bccae99d-catalog.jpg;https://vn-test-11.slatic.net/original/26fa1a3df5a3f135374933bef6bdc139.jpg;https://vn-test-11.slatic.net/original/27547427bee504d79c723e10fad91e41.jpg;https://vn-test-11.slatic.net/original/07fd29e5ada852021789a59302513ef2.jpg;', 310, 5);

INSERT INTO review (id, product_id, reviewer, rating, `comment`) VALUES(44180, 4418, 'Tram N.', 1, 'Mùi hơi hắc, rửa mặt sạch và dịu');

INSERT INTO review (id, product_id, reviewer, rating, `comment`) VALUES(44181, 4418, 'Thân T.', 3, 'Giao hàng nhanh sản phẩm ok dưỡng ẩm vừa phải');

INSERT INTO review (id, product_id, reviewer, rating, `comment`) VALUES(44182, 4418, 'Lê T.', 4, 'Sp thích hợp dùng buổi sáng vì dịu nhẹ, cấp ẩm. Thực hiện đúng chức năng, sp dùng ok. Mua sale 53k');

INSERT INTO review (id, product_id, reviewer, rating, `comment`) VALUES(44183, 4418, 'Thanh P.', 3, 'đã nhận hàng.gói cẩn thận chưa dùng nên chưa pít sp ntn');

INSERT INTO review (id, product_id, reviewer, rating, `comment`) VALUES(44184, 4418, 'Hà T.', 1, 'tốt phù hợp cho beginners skincare');

INSERT INTO product (id, name, short_desc, full_desc, category_id, brand_name, status, weight, available_item, unit_price, discount_percent, avg_rating, img_url, total_rating, supplier_id) VALUES(4419, 'Kem rửa mặt dưỡng trắng Hada Labo Perfect White Cleanser 80g + Tặng Dầu tẩy trang Hada Labo 40ml', 'Kem rửa mặt dưỡng trắng Hada Labo Perfect White Cleanser 80g + Tặng Dầu tẩy trang Hada Labo 40ml', '<pre>Làm sạch dịu nhẹ; dưỡng da trắng mịn
Cung cấp độ ẩm cho da mềm mịn và mượt mà
Không cồn; không hương liệu; không chất tạo màu
Quà tặng: 1 Dầu tẩy trang dưỡng ẩm Hada Labo Advanced Nourish Cleansing Oil 40ml</pre>', 44, 'Hada Labo', 'NEW', 4.981117746430509, 37, 75000, 39, 4.9, 'https://vn-test-11.slatic.net/original/42018e033f9228f11cb4a94098646507.jpg;https://vn-test-11.slatic.net/original/c747af036b5d38bcb7da689b61f3caf3.jpg;https://vn-test-11.slatic.net/p/5/kem-rua-mat-duong-trang-hada-labo-perfect-white-cleanser-80g-tang-1-dau-tay-trang-hada-labo-advanced-nourish-40ml-9908-92651393-e6fba49254203202acc9f6ad42fb2d46-catalog.jpg;', 104, 8);

INSERT INTO review (id, product_id, reviewer, rating, `comment`) VALUES(44190, 4419, 'hang D.', 4, 'Rất ok nha :)) bao gói cẩn thận có hộp nhựa bên ngoài nữa 👍👍👍');

INSERT INTO review (id, product_id, reviewer, rating, `comment`) VALUES(44191, 4419, 'nguyễn T.', 2, '');

INSERT INTO review (id, product_id, reviewer, rating, `comment`) VALUES(44192, 4419, 'Hongni', 4, 'đóng gói chắc chắn giao hàng nhanh sản phẩm OK');

INSERT INTO review (id, product_id, reviewer, rating, `comment`) VALUES(44193, 4419, 'Daisy N.', 1, 'đống gói cẩn thận. ok. mới dùng nên chưa pk thế nào. cho shop 5* luôn hihi');

INSERT INTO review (id, product_id, reviewer, rating, `comment`) VALUES(44194, 4419, 'Lazada Customer', 4, 'Đóng gói sản phẩm chắc chắn');

INSERT INTO product (id, name, short_desc, full_desc, category_id, brand_name, status, weight, available_item, unit_price, discount_percent, avg_rating, img_url, total_rating, supplier_id) VALUES(4420, 'Kem dưỡng trắng và nâng tông da Laneige White Dew Tone-Up Cream 50ml', 'Kem dưỡng trắng và nâng tông da Laneige White Dew Tone-Up Cream 50ml', '<pre>Kem dưỡng trắng nâng tông màu da khiến da trở nên sáng mịn
Thành phần cấp ẩm giúp làm mờ các đốm nâu sạm
Kết cấu giống dạng sữa dưỡng giàu độ ẩm
Giúp làm đều màu da và da trắng hơn ngay tức thì</pre>', 44, 'Laneige', 'USED', 5.430331548295522, 82, 950000, 39, 5.0, 'https://vn-test-11.slatic.net/p/4de90bd19aaf4203852393658b2317ba.jpg;https://vn-test-11.slatic.net/p/2499d22ffe5129f44adebc4e828c3cda.jpg;https://vn-test-11.slatic.net/original/86a18c3dfee6d6eb2f9938ec01cf3c2c.jpg;https://vn-test-11.slatic.net/original/9a4b1ec5c7efaa673fbc5b35e63d2ac6.jpg;https://vn-test-11.slatic.net/original/789d1b19f390ba4969524402e5a26298.jpg;https://vn-test-11.slatic.net/original/279bc0f71ebc9ce187f421cf05faf0d3.jpg;https://vn-test-11.slatic.net/original/d668e84dadfb044be07cee1fc923a06c.jpg;https://vn-test-11.slatic.net/p/85f60dd420764e05a58fcf14b39cae4b.jpg;', 1, 7);

INSERT INTO review (id, product_id, reviewer, rating, `comment`) VALUES(44200, 4420, 'Trần T.', 2, 'Mới nhận được 2 bộ sản phẩm minh rất ưng ý, Lazada giao hàng khá nhanh. Về chất lượng thì quá ok rồi vì mình dùng Laneige đã mấy lần. Còn về đóng gói sản phẩm thì chuẩn, khá kỹ. Mua Laneige trên Lazada được quà mini size nên thích hơn nhìu so vơi mua ở store của hãng, chẳng có quà tặng.');

INSERT INTO product (id, name, short_desc, full_desc, category_id, brand_name, status, weight, available_item, unit_price, discount_percent, avg_rating, img_url, total_rating, supplier_id) VALUES(4421, 'Bộ kem dưỡng chống lão hoá giảm nếp nhăn ngày và đêm L''Oreal Paris Revitalift 50ml', 'Bộ kem dưỡng chống lão hoá giảm nếp nhăn ngày và đêm L''Oreal Paris Revitalift 50ml', '<pre>Dưỡng da săn chắc, tươi trẻ
Giảm thiểu nếp nhăn, các dấu hiệu lão hóa trên da
Cải thiện cho làn da mịn màng
Bảo vệ da trước tác hại của tia UV và các tác nhân gây lão hóa</pre>', 44, 'L''Oreal Paris', 'USED', 4.714471906942514, 24, 189000, 39, 4.8, 'https://vn-test-11.slatic.net/p/e1f48ac559d818c4b312231f35d69636.jpg;https://vn-test-11.slatic.net/p/39c8a47bf6447b80aeabe56553eff936.jpg;https://vn-test-11.slatic.net/p/03262835d225151a29d7db205e94328f.jpg;https://vn-test-11.slatic.net/p/d604c9ea6af27acef4834ea48306c74f.jpg;https://vn-test-11.slatic.net/p/a37ba769c8043c8bc39bc78536725bb5.jpg;', 80, 4);

INSERT INTO review (id, product_id, reviewer, rating, `comment`) VALUES(44210, 4421, 'le T.', 2, '');

INSERT INTO review (id, product_id, reviewer, rating, `comment`) VALUES(44211, 4421, 'le D.', 1, 'kem thơm, chất lượng chưa biết vì chưa dùng.');

INSERT INTO review (id, product_id, reviewer, rating, `comment`) VALUES(44212, 4421, 'lâm T. từ lazada.vn', 1, 'lazada làm ăn chán quá đã giao sai hàng , giao chậm , rồi gửi đổi trả sản phẩm không do lỗi của khách hàng , mà bắt khách hàng phải chịu phí đi phí lại 3 lần , thật thất vọng');

INSERT INTO review (id, product_id, reviewer, rating, `comment`) VALUES(44213, 4421, 'Trinh N. từ lazada.vn', 1, 'hang sai tot.re.dung dep da toi rat thích thương hiệu nay.toi moi sai ma thay da san chac .min trang da dep thay thay đổi rõ.toi  se  chon thuong hiệu nay   cam on lazada da co nhung truong trinh giảm giá sốc cho khach hang');

INSERT INTO review (id, product_id, reviewer, rating, `comment`) VALUES(44214, 4421, 'Lê T. từ lazada.vn', 1, 'Chưa kịp dùng vì vẫn còn sản phẩm cũ. Nhưng vì là hàng chính hãng lại có khuyến mại nên mua ngay. Cảm quan đầu tiên là đóng gói rất cẩn thận. Bao gói đẹp , rất hài lòng. Giao hàng cũng nhanh. Cảm ơn shop và Lazada nhiều. Hy vọng chất lượng sẽ làm hài lòng để tiếp tục ủng hộ các mặt hàng chính hãng của Loreal.');

INSERT INTO product (id, name, short_desc, full_desc, category_id, brand_name, status, weight, available_item, unit_price, discount_percent, avg_rating, img_url, total_rating, supplier_id) VALUES(4422, 'Mặt Nạ Cấp Ẩm Dưỡng Da Innisfree My Real Squeeze Mask', 'Mặt Nạ Cấp Ẩm Dưỡng Da Innisfree My Real Squeeze Mask', '<pre>Thương hiệu: Innisfree
Xuất xứ: Hàn Quốc
Là mặt nạ dạng tinh chất dành cho mọi loại da, cấp nước tốt đồng thời duy trì độ ẩm và dưỡng chất lâu dài để có thể thẩm sâu và nuôi dưỡng da mềm mại hơn.
Giúp tránh những tác nhân gây mụn, cung cấp nước vào sâu trong da
Chống oxy hóa,kháng viêm, giúp giảm các bệnh về da do tia cực tím gây ra.
Là mặt nạ dạng nước thích hợp với nhiều loại da như da dầu, da hỗn hợp dầu, da nhiều bã nhờn, lỗ chân lông to và có mụn
Giúp cấp nước sâu, hạn chế bã nhờn, dịu nhẹ phù hợp với da nhạy cảm, da mụn
Chứa các tinh chất từ thiên nhiên để hỗ trợ nuôi dưỡng làn da và khoẻ mạnh; thành phần lành tính, không gây kích ứng
 </pre>', 44, 'No Brand', 'USED', 7.170541748748315, 8, 19000, 39, 5.0, 'https://vn-test-11.slatic.net/p/c8b3bd4401b80c975fe3d4b7711f3391.jpg;https://vn-test-11.slatic.net/p/99554853928e2250772b4bcd69bdc649.jpg;https://vn-test-11.slatic.net/p/00a8cda0077250ecaad7ac0d1fec3bc4.jpg;https://vn-test-11.slatic.net/p/173961ad17b6a14c88bed3846afc0b8c.jpg;https://vn-test-11.slatic.net/p/a4f9da233bf9503f5f5023e1c0bb483d.jpg;https://vn-test-11.slatic.net/p/747b2c12fcc5d1fb0c23f64a084b5f73.jpg;https://vn-test-11.slatic.net/p/dc725b5f6f8f37d42d81ee9590179de0.jpg;https://vn-test-11.slatic.net/p/888a306f0540fc47ac04f78275fa533b.jpg;', 5, 6);

INSERT INTO review (id, product_id, reviewer, rating, `comment`) VALUES(44220, 4422, 'Như D.', 4, 'giao hàng nhanh.shop nhiệt tình. sẽ ủng hộ shop dài dài');

INSERT INTO product (id, name, short_desc, full_desc, category_id, brand_name, status, weight, available_item, unit_price, discount_percent, avg_rating, img_url, total_rating, supplier_id) VALUES(4423, 'Sữa rửa mặt tạo bọt chiết xuất tơ tằm trắng Senka Perfect Whip + Lưới tạo bọt Senka', 'Sữa rửa mặt tạo bọt chiết xuất tơ tằm trắng Senka Perfect Whip + Lưới tạo bọt Senka', '<pre>100% từ các nguyên liệu tại Nhật Bản
Chiết xuất tơ tằm trắng
Làm sạch bụi bẩn và bãnhờn
Không chứa chất độc hại, an toàn với mọi loại da</pre>', 44, 'Senka', 'NEW', 7.524650852946843, 25, 88000, 39, 4.8, 'https://vn-test-11.slatic.net/original/21935789e8d8aa5a18b34e88333bfb85.jpg;https://vn-test-11.slatic.net/original/179d4f977ff3a79e2aaf78ed51f7e561.jpg;https://vn-test-11.slatic.net/p/5/sua-rua-mat-tao-bot-chiet-xuat-to-tam-trang-senka-perfect-whip-luoi-tao-bot-senka-7429-27330834-9cc610a053b458a54f41fe54197ba900-catalog.jpg;', 156, 4);

INSERT INTO review (id, product_id, reviewer, rating, `comment`) VALUES(44230, 4423, 'Tuyết L.', 2, 'giao hàng nhanh. Đóng gói chắc chắn. Chưa sử dụng nên không biết ra sao những mùi rất thơm');

INSERT INTO review (id, product_id, reviewer, rating, `comment`) VALUES(44231, 4423, 'Lazada Customer', 2, '');

INSERT INTO review (id, product_id, reviewer, rating, `comment`) VALUES(44232, 4423, 'Xuan H.', 3, 'đóng gói cẩn thận.bọt siêu nhiều.xài rất thích.bifnh thường ngủ dậy mặt sẽ đổ dầu nhiều nhưng khi sài senka đã đở rất nhiều❤');

INSERT INTO review (id, product_id, reviewer, rating, `comment`) VALUES(44233, 4423, 'Hà P.', 1, 'Chưa sử dụng sản phẩm nên chưa đánh giá được chất lượng. Shop gói hàng rất cẩn thận (hộp bìa cứng, lót nhiều xốp) và giao nhanh chóng (đặt hàng lúc 17g ngày 10/12 và nhận hàng lúc 9g30 ngày 11/12). Ngày sản xuất gần (tháng 8/2018).');

INSERT INTO review (id, product_id, reviewer, rating, `comment`) VALUES(44234, 4423, 'Nguyễn M.', 0, 'Đóng gói hơi sơ sài, Hàng chính hãng gì đâu ko có hộp đóng túi nilon.Rửa hơi khô cho mùa đông.');

INSERT INTO product (id, name, short_desc, full_desc, category_id, brand_name, status, weight, available_item, unit_price, discount_percent, avg_rating, img_url, total_rating, supplier_id) VALUES(4424, 'Set 4 chai Siêu tinh chất dưỡng trắng và tái tạo da BERGAMO Luxury Gold Collagen & Caviar 13ml x4', 'Set 4 chai Siêu tinh chất dưỡng trắng và tái tạo da BERGAMO Luxury Gold Collagen & Caviar 13ml x4', '<pre>Thương hiệu: Bergamo
Xuất xứ: Hàn Quốc
Dung tích:13ml x 4 lọ (2 collagen - 2 caviar)
Cung cấp collgen tái tạo cấu trúc da, xóa mờ các vết nhăn
Loại bỏ đốm thâm sạm, dưỡng da trắng hồng từ sâu bên trong
Cấp ẩm, kiềm dầu, đem lại làn da mềm mịn, khô thoáng
Khả năng đẩy năng mụn cám, mụn đầu đen hiệu quả
Phù hợp với mọi loại da, đặc biệt là da dầu</pre>', 44, 'BERGAMO', 'NEW', 9.299611545619173, 29, 149000, 39, 4.7, 'https://vn-test-11.slatic.net/p/1989994cf435846f41dcbe9d9480a8a7.jpg;https://vn-test-11.slatic.net/original/5538d60106fcf9cc1b288a3d3d0fbea5.jpg;https://vn-test-11.slatic.net/original/efa673aeda6138287b16876cef766cac.jpg;https://vn-test-11.slatic.net/original/d0369e21e0b3bbeee4803a2f378692c5.jpg;https://vn-test-11.slatic.net/original/8cf79bdef7554c6814d467f7650cac22.jpg;https://vn-test-11.slatic.net/original/0bc50b98fafc15a970410f0f6c7e3c81.jpg;', 198, 1);

INSERT INTO review (id, product_id, reviewer, rating, `comment`) VALUES(44240, 4424, 'tu P.', 1, 'Giao hàng nhanh, gói chắc chắn. Chưa dùng thử sản phẩm của shop nên chưa biết chất lượng thế nào.  nhưng vẫn đánh giá 5 sao.');

INSERT INTO review (id, product_id, reviewer, rating, `comment`) VALUES(44241, 4424, 'Phan H.', 0, 'giao hàng nhanh, shipper vui vẻ, đóng gói chắc chắn. Serum nhìn khá đặc nhưng khi bôi lên da thấm rất nhanh, không nhờn. Hiệu quả đợi thêm thời gian nữa mới biết');

INSERT INTO review (id, product_id, reviewer, rating, `comment`) VALUES(44242, 4424, 'Ngyễn T.', 0, 'sirum này mk xài ngày hay đêm vậy shop');

INSERT INTO review (id, product_id, reviewer, rating, `comment`) VALUES(44243, 4424, 'Lại T.', 4, 'Mình đã mua 2 hộp hôm tháng 8 , đã xài hết 6 chai và hôm nay mình mới vào viết đánh giá : thật sự rất hài lòng về sản phẩm. Da mình lúc xài là rất nhạy cảm nhưng khi apply sản phẩm lên da thì ko bị dị ứng hay bất kỳ khó chịu gì, và đến hôm nay thì da mặt rất mềm mịn , đều màu, trắng sáng da lên 1 tone thôi. Nhưng thích nhất là da đã khoẻ hẳn lên , nhìn trẻ ra , mịn như da em bé ý. Tốt lắm. Ah quên là mình check mã code thì đúng hàng uy tín. Mong shop mãi giữ uy tín bán hàng , mình sẽ ủng hộ . Và mình đã đặt thêm 1 hộp loại chai trắng whitening hôm nay để kết hợp xài hihi');

INSERT INTO review (id, product_id, reviewer, rating, `comment`) VALUES(44244, 4424, 'Lazada Customer', 3, '3 tuần rồi bắt đầu bị như vầy có lên tiếp tục sử dụng k shop?');

INSERT INTO product (id, name, short_desc, full_desc, category_id, brand_name, status, weight, available_item, unit_price, discount_percent, avg_rating, img_url, total_rating, supplier_id) VALUES(4425, 'NNO(Nourishing Night Oil) Viên dưỡng trắng da ban đêm. Hộp 30 viên nang mềm', 'NNO(Nourishing Night Oil) Viên dưỡng trắng da ban đêm. Hộp 30 viên nang mềm', '<pre>NNO (Nourishing Night Oil) là viên dưỡng da ban đêm có các thành phần đặc biệt dành cho da khô, cải thiện và ngăn ngừa các vết nhăn, vết nám.Tthành phần chính là dầu Jojoba và vitamin E chiết xuất từ thiên nhiên.</pre>', 44, 'Mega', 'NEW', 1.0342983908475412, 11, 95000, 39, 5.0, 'https://vn-test-11.slatic.net/original/53918ebaffd0feb55c2f033b88c51a16.jpg;https://vn-test-11.slatic.net/original/721e0fe15b60f99d5efc6eb8edff565e.jpg;https://vn-test-11.slatic.net/original/4f46bb4149e9631253433cc07b53ddc2.jpg;https://vn-test-11.slatic.net/original/f12c795fa69e0383ce4838de596397a9.jpg;https://vn-test-11.slatic.net/original/7b5f5954c098e6fbca64029b3f3a99ab.jpg;https://vn-test-11.slatic.net/original/45d19c96b66320b1dcc12353ab5ede4c.jpg;https://vn-test-11.slatic.net/original/3caa4b17dcad1b3f98bc7c86e4db16d3.jpg;https://vn-test-11.slatic.net/original/6c9447a0c27859d06b9d0db346a5d9dd.jpg;', 5, 3);

INSERT INTO review (id, product_id, reviewer, rating, `comment`) VALUES(44250, 4425, 'Bạch Y.', 0, 'Dùng 3 ngày, thấy thích.');

INSERT INTO review (id, product_id, reviewer, rating, `comment`) VALUES(44251, 4425, 'Lazada Customer', 1, 'ok. chưa sd chưa biết hiệu quả. dùng r sẽ  đánh giá lại');

INSERT INTO review (id, product_id, reviewer, rating, `comment`) VALUES(44252, 4425, 'nhi N.', 0, 'rất hài lòng với sp');

INSERT INTO review (id, product_id, reviewer, rating, `comment`) VALUES(44253, 4425, 'Lazada Customer', 1, 'ok ổn.');

INSERT INTO product (id, name, short_desc, full_desc, category_id, brand_name, status, weight, available_item, unit_price, discount_percent, avg_rating, img_url, total_rating, supplier_id) VALUES(4426, 'Hộp 20 mặt nạ dưỡng trắng da, trị thâm, mờ nám HA M''ayCreat ( Màu tím )', 'Hộp 20 mặt nạ dưỡng trắng da, trị thâm, mờ nám HA M''ayCreat ( Màu tím )', '<pre>Giúp duy trì độ ẩm cần thiết với thành phần chứa HA cho một làn da mềm mại và mịn màng.
Tạo màng chắn bảo vệ da khỏi tác hại từ môi trường bên ngoài.
Làm sáng da với chiết xuất ngọc trai biển và nicotinamide (vitamin b3 ),
Cung cấp độ ẩm thiết yếu cho da đặc biệt trong mùa đông khô lạnh
Với tinh chất từ Ngọc trai đặc trị làm sáng da, mờ thâm, giải quyết các đốm thâm do mụn để lại, phục hồi lại làn da đầy sức sống.</pre>', 44, 'No Brand', 'NEW', 2.686762640762437, 66, 59000, 39, 4.7, 'https://vn-test-11.slatic.net/original/1c8c49726c74459e9d2426147b8cb77c.jpg;https://vn-test-11.slatic.net/original/6c03a998a997017f473cbef5f5f8754c.jpg;https://vn-test-11.slatic.net/original/a75adff04c52c40f0548becd9a2d6218.jpg;https://vn-test-11.slatic.net/original/158ea15369993f4e9da558d48874b2d8.jpg;https://vn-test-11.slatic.net/original/45244b19698fdfbe10ad7261ecd78947.jpg;', 31, 2);

INSERT INTO review (id, product_id, reviewer, rating, `comment`) VALUES(44260, 4426, 'Ngọc K.', 3, 'đóng gói kĩ đẹp');

INSERT INTO review (id, product_id, reviewer, rating, `comment`) VALUES(44261, 4426, 'Hiền N.', 3, 'Đóng gói kĩ, dùng tốt');

INSERT INTO review (id, product_id, reviewer, rating, `comment`) VALUES(44262, 4426, 'Lam T.', 1, 'đóng gói cẩn thận , giao hàng nhanh');

INSERT INTO review (id, product_id, reviewer, rating, `comment`) VALUES(44263, 4426, 'Superman L.', 2, 'sẽ ủng hộ shop dài dài, gói hàng cẩn thận dã man, chỉ tiếc là tgian giao hàng hơi lâu');

INSERT INTO review (id, product_id, reviewer, rating, `comment`) VALUES(44264, 4426, 'Tran N.', 4, 'mới nhận đc hàng rồi. Shop đóng gói hàng cực kỳ tốt,  mới dùng thấy OK đấy bà con. Nên mua của shop .5 sao vì chu đáo');

INSERT INTO product (id, name, short_desc, full_desc, category_id, brand_name, status, weight, available_item, unit_price, discount_percent, avg_rating, img_url, total_rating, supplier_id) VALUES(4427, 'SET 10 ỐNG SERUM VITAMIN C HUONS HÀN QUỐC', 'SET 10 ỐNG SERUM VITAMIN C HUONS HÀN QUỐC', '<pre>SERUM HUONS ASCORBIC ACID VITAMIN C AMPOULES ......
Tách set 10 ống
XUẤT XỨ HÀN QUỐC
Với công dụng chống lão hoá da, tái tạo và làm lành vết thương , kích thích nguyên bào sản sợi sản sinh collagen mới làm trắng da mặt sản sinh nhanh tế bào gốc mới
Kích thích sản sinh collagen và elastin
Cải thiện lỗ chân lông to
Làm mờ thâm, nám, tàn nhang
Làm trắng da
Trẻ hóa da từ bên trong
Tăng hàng rào bảo vệ da khỏi tác hại của tia UV
Pha với tảo thật là tuyệt - đúng bài luôn
Dùng với massage đâỷ tinh chất giúp điện di ion C</pre>', 44, 'No Brand', 'USED', 4.883078034638546, 5, 180000, 39, 5.0, 'https://vn-test-11.slatic.net/original/2ce1759e539a52464537f7a275f812f9.jpg;https://vn-test-11.slatic.net/original/8823054dcdb10d33d31ab3168ba1f5a2.jpg;', 1, 3);

INSERT INTO product (id, name, short_desc, full_desc, category_id, brand_name, status, weight, available_item, unit_price, discount_percent, avg_rating, img_url, total_rating, supplier_id) VALUES(4428, 'SERUM ỐC SÊN PERFECT CARE', 'SERUM ỐC SÊN PERFECT CARE', '<pre>SERUM THẤM NHANH CỰC KÌ NHA BẠN NÀO DỊ ỨNG VỚI MĨ PHẨM NHẦY, BẾCH RÍT GIỐNG MÌNH THÌ SERUM NÀY LÀ LỰA CHỌN SỐ 1 KHÔNG ĐỐI THỦ DÙNG XONG SÁNG DẬY DA MỀM MỊN HẲN, TRƠN TUỘT RẤT THÍCH NHÁ NÓI VỀ VIỆC DƯỠNG ẨM, DƯỠNG TRẮNG, CĂNG BÓNG THÌ AI SỬ DỤNG QUA CŨNG ĐỀU ƯNG Ý GIÁ THÀNH QUÁ MỀM CHO EM SIÊU PHẨM DƯỠNG DA NÀY SERUM LÀNH TÍNH, SỬ DỤNG ĐƯỢC CHO MỌI LOẠI DA ( TRỪ DA MỤN NHIỀU). SERUM DÙNG ĐƯỢC CẢ BAN NGÀY, CHỈ CẦN SAU LỚP SERUM, THOA THÊM 1 LỚP CHỐNG NẮNG RỒI THÌ MAKE UP THOẢI MÁI LUÔN. DA CĂNG BÓNG RẤT THÍCH LUÔN =)))) TỰ TIN RA HẲN MỌI THẮC MẮC VUI LÒNG CHAT VỚI MÌNH ĐỂ BIẾT THÊM.</pre>', 44, 'Narguerite', 'NEW', 3.256960152110912, 96, 110000, 39, 4.6, 'https://vn-test-11.slatic.net/original/fdeb4a8607e7e9ca77481a3af4d68ae4.jpg;https://vn-test-11.slatic.net/original/58cd84b20eb8cc53fa54c3824014f2f5.jpg;https://vn-test-11.slatic.net/p/5/serum-oc-sen-perfect-care-7053-40133514-847a450a6d76d878f653b64ffbcb93a9-catalog.jpg;https://vn-test-11.slatic.net/p/5/serum-oc-sen-perfect-care-7053-40133514-e2ac44bb710e2e769de98a72e6149336-catalog.jpg;https://vn-test-11.slatic.net/p/5/serum-oc-sen-perfect-care-7053-40133514-d3390c48925bb4bc42d16221252ecef8-catalog.jpg;', 79, 5);

INSERT INTO review (id, product_id, reviewer, rating, `comment`) VALUES(44280, 4428, 'phan T.', 2, 'serum oc sen dùng ưng ý. thích lắm');

INSERT INTO review (id, product_id, reviewer, rating, `comment`) VALUES(44281, 4428, 'hà T.', 1, 'serum nay minh đã dùng được 11 chai.nói mot cách that tâm nhất là.da min đẹp láng mượt.nhưng ai mà muốn trắng thì nên dùng kem với kem dưỡng trắng da');

INSERT INTO review (id, product_id, reviewer, rating, `comment`) VALUES(44282, 4428, 'Nguyễn T.', 0, 'Sản phẩm vượt mong đợi. Mình nghĩ bạn nào có nhu cầu tái tạo da do thâm mụn hoặc nám, muốn da căng mướt hơn thì sử dụng sản phẩm này rất ổn nhé! Kết cấu dạng gel, thẩm thấu nhanh! Thật tuyệt vời!');

INSERT INTO review (id, product_id, reviewer, rating, `comment`) VALUES(44283, 4428, 'phan T.', 2, 'Toi rất hai Long ve sp nay');

INSERT INTO review (id, product_id, reviewer, rating, `comment`) VALUES(44284, 4428, 'Phương K.', 2, 'gói hàng cẩn thận giao hàng nhanh dc tặng miếng đắp mặt nạ chưa sử dụng nên cho 3 sao');

INSERT INTO product (id, name, short_desc, full_desc, category_id, brand_name, status, weight, available_item, unit_price, discount_percent, avg_rating, img_url, total_rating, supplier_id) VALUES(4429, 'Nước hoa hồng se khít lỗ chân lông và trắng mịn da L''ORÉAL White Perfect 200ml', 'Nước hoa hồng se khít lỗ chân lông và trắng mịn da L''ORÉAL White Perfect 200ml', '<pre>Se khít lỗ chân lông
Dưỡng da trắng mịn rạng rỡ
Hạn chế melanin, nguyên nhân gây nám da</pre>', 44, 'L''Oreal Paris', 'NEW', 0.9566186718542442, 6, 99000, 39, 4.3, 'https://vn-test-11.slatic.net/p/4093ff4e4ff51f482da1cba9a549da1a.jpg;https://vn-test-11.slatic.net/p/3a199da3ec4f0547b8bef122875ee0d3.jpg;https://vn-test-11.slatic.net/p/10f0f5e50b190b832c1638df138733b7.jpg;', 86, 3);

INSERT INTO review (id, product_id, reviewer, rating, `comment`) VALUES(44290, 4429, 'Lazada Customer', 4, 'không biết phải do khâu vận chuyển hay ko mà chai toner này dính đầy nước bên ngoài vỏ chai');

INSERT INTO review (id, product_id, reviewer, rating, `comment`) VALUES(44291, 4429, 'Lazada Customer', 1, 'Hàng sài ok..tha shop');

INSERT INTO review (id, product_id, reviewer, rating, `comment`) VALUES(44292, 4429, 'Tô N. từ lazada.vn', 1, 'Giao hàng nhanh. Đặt tối hôm qua sáng nay đã giao đến rồi. Đóng gói đẹp và chắc chắn. Nói chung rất hài lòng với dịch vụ của Lazada');

INSERT INTO review (id, product_id, reviewer, rating, `comment`) VALUES(44293, 4429, 'Elie D. từ lazada.vn', 1, 'sản phẩm có mùi thơm nhẹ, có cảm giác mát da sau khi sử dụng, sau gần 3 tuần sảm phẩm với các sản phẩm dưỡng da khác thì cảm da trắng lên một xíu.');

INSERT INTO review (id, product_id, reviewer, rating, `comment`) VALUES(44294, 4429, 'Đỗ T. từ lazada.vn', 3, 'Nước hoa hồng có mùi thơm nhẹ, cho mấy giọt ra tay vỗ nhẹ lên da thấm nhanh, da mịn và sáng, kiềm dầu tốt. Rất hài lòng với sản phẩm này!');

INSERT INTO product (id, name, short_desc, full_desc, category_id, brand_name, status, weight, available_item, unit_price, discount_percent, avg_rating, img_url, total_rating, supplier_id) VALUES(4430, 'Trọn bộ dưỡng trắng: Bộ sản phẩm làm trắng thanh khiết và dưỡng ẩm da L''Oreal Paris White Perfect', 'Trọn bộ dưỡng trắng: Bộ sản phẩm làm trắng thanh khiết và dưỡng ẩm da L''Oreal Paris White Perfect', '<pre>Dưỡng trắng da từ bên trong
Loại bỏ hoàn toàn lớp trang điểm
Se khít lỗ chân lông
Cung cấp độ ẩm cho da
Chống lại các dấu hiệu lão hóa da</pre>', 44, 'L''Oreal Paris', 'USED', 1.620343952117552, 91, 439000, 39, 4.5, 'https://vn-test-11.slatic.net/p/9649941d07fd80cd2442ccd1e3a4104e.jpg;https://vn-test-11.slatic.net/p/98dd4c8c12d85f87a992e5f8f2792469.jpg;https://vn-test-11.slatic.net/p/5f4695d92087dcde3cc7bb9c240fbdbb.jpg;https://vn-test-11.slatic.net/p/28a06a2c9ea2f1a99726fcbb94258b56.jpg;https://vn-test-11.slatic.net/p/0cb6213e3c60d554ee186b8c0f1ebb45.jpg;https://vn-test-11.slatic.net/p/2ddcad09887c0ebc68ea23960e80ef7f.jpg;', 96, 8);

INSERT INTO review (id, product_id, reviewer, rating, `comment`) VALUES(44300, 4430, 'Dương C.', 3, 'Tốt');

INSERT INTO review (id, product_id, reviewer, rating, `comment`) VALUES(44301, 4430, 'Lê T. từ lazada.vn', 1, 'Mình đặt set này bao gồm nước tẩy trang, nước hoa hồng, sữa rửa mặt, kem dưỡng ngày và đêm là tổng cộng 5 món mà giao hàng chỉ 4 món thiếu kem dưỡng ban ngày. Giao hàng hôm qua nhưng ỉ i nay mới mở ra xem. Vậy giờ phải liên lạc như thế nào?');

INSERT INTO review (id, product_id, reviewer, rating, `comment`) VALUES(44302, 4430, 'Thuỳ D. từ lazada.vn', 4, 'Trưa mjh nhận hàng thì tối sd ngay,da mjh vốn dễ dị ứng,mp gì k chịu là dị ứng ngay,nhưng với sp này thì hoàn toàn k bị j cả,sáng ra thì thấy da hơi bóng bóng,nhìn rất thích.đúng như nhà sx quảng cáo.mjh cg thích mua hàng ở lzd hơn shopee,hi vọng là lzd sẽ k làm mng thất vọng.');

INSERT INTO review (id, product_id, reviewer, rating, `comment`) VALUES(44303, 4430, 'Nguyễn P. từ lazada.vn', 1, 'Săn được giá rẻ, chất lượng tốt! Tuy nhiên khi dùng nước hoa hồng và kem dưỡng ban đêm thì bị kích ứng da rất khó chịu! Rất hài lòng về kem chống nắng');

INSERT INTO review (id, product_id, reviewer, rating, `comment`) VALUES(44304, 4430, 'pham T. từ lazada.vn', 4, 'mình mua tặng nên không sử dụng nhưng nhìn thấy đóng gói đẹp xuất xứ rõ rang. Hi vọng người nhận thích');

INSERT INTO product (id, name, short_desc, full_desc, category_id, brand_name, status, weight, available_item, unit_price, discount_percent, avg_rating, img_url, total_rating, supplier_id) VALUES(4431, 'Bộ sản phẩm làm sạch da 2 bước double cleaning L''Oreal Paris', 'Bộ sản phẩm làm sạch da 2 bước double cleaning L''Oreal Paris', '<pre>Công thức dịu nhẹ, dễ thẩm thấu
Làm sạch sâu với nước tẩy trang micellar kép
Dưỡng trắng mịn, giảm thâm nám và đều màu da với vitamin CG
Sữa rửa mặt loại bỏ bụi bẩn</pre>', 44, 'L''Oreal Paris', 'USED', 3.1889506676366617, 36, 146000, 39, 4.5, 'https://vn-test-11.slatic.net/p/3c13dc0933ecee6fdfc4b7d3f95d9fa8.jpg;https://vn-test-11.slatic.net/p/e2fcc14e3378693f5669b5884214b8a9.jpg;https://vn-test-11.slatic.net/p/cf29a7edc22348e4535c75bffcfaca41.jpg;https://vn-test-11.slatic.net/p/8e272947716cda0d56d8b48b97d80d2e.jpg;', 2, 4);

INSERT INTO product (id, name, short_desc, full_desc, category_id, brand_name, status, weight, available_item, unit_price, discount_percent, avg_rating, img_url, total_rating, supplier_id) VALUES(4432, 'Bộ sản phẩm dưỡng trắng da tối ưu Hada Labo + Tặng 1 tinh chất dưỡng trắng tối ưu Hada Labo Perfect White Essence 30g', 'Bộ sản phẩm dưỡng trắng da tối ưu Hada Labo + Tặng 1 tinh chất dưỡng trắng tối ưu Hada Labo Perfect White Essence 30g', '<pre>Phù hợp với mọi loại da
Dưỡng trắng da
Làm sạch dịu nhẹ; dưỡng da trắng mịn
Cung cấp độ ẩm cho da mềm mịn và mượt mà</pre>', 44, 'Hada Labo', 'USED', 9.714368811625144, 21, 540000, 39, 4.4, 'https://vn-test-11.slatic.net/original/98cf412172e29e3ea023eea762a393c8.jpg;https://vn-test-11.slatic.net/original/e0468a1801250ed409e15aeb408bb8f5.jpg;https://vn-test-11.slatic.net/original/b8c4577301cdd8345cdfbdf289113c6d.jpg;https://vn-test-11.slatic.net/original/7db67c424ac42e86b56242ac47059c34.jpg;', 267, 5);

INSERT INTO review (id, product_id, reviewer, rating, `comment`) VALUES(44320, 4432, 'Cao T.', 3, 'Đóng gói chắc chắn. Giao hàng nhanh. Sp chưa dùng nên chưa đánh giá đc ạ 😂😂 cho em xin các bước sử dụng luôn với 😂😂😂');

INSERT INTO review (id, product_id, reviewer, rating, `comment`) VALUES(44321, 4432, 'Dao V.', 3, 'giao nhanh gói cẩn thận chưa dùng biết thế nào,  chưa thấy xuất hóa đơn cho mình');

INSERT INTO review (id, product_id, reviewer, rating, `comment`) VALUES(44322, 4432, 'THanh Y.', 4, 'Mình ickeck là hàng không rõ nguồn gốc
Không biết dùng lên da mặt có bị làm sao k nữa chắc ngưng dùng thôi');

INSERT INTO review (id, product_id, reviewer, rating, `comment`) VALUES(44323, 4432, 'Bùi K.', 0, 'Sản phẩm tốt mình dùng đều đặn và đầy đủ các bước thấy da mặt sáng lên dần và mịn màng hơn tuy nhiên khả năng làm mờ vết nám tàn nhang thì chưa có hiệu quả thích hợp cho các bạn muốn bật tông');

INSERT INTO review (id, product_id, reviewer, rating, `comment`) VALUES(44324, 4432, 'Lazada Customer', 0, 'Da cô em gái mình dễ kích ứng, trước em gái mình đã mua và sử dụng và nói rằng sản phẩm tốt, phù hợp với da. Dịp sinh nhật em gái mình có mua tặng bộ sản phẩm này cho bé. Khi mở bộ sản phẩm ra thì thấy hộp kem dưỡng trắng không còn cả seal ninon như lần trước, mở nắp hộp thì thấy sản phẩm đã được sử dụng...Thật quá thất vọng vì nhà bán hàng chính hãng, cũng bởi tin tưởng vào cái nhãn "Được giao bán bởi Lazada"');

INSERT INTO product (id, name, short_desc, full_desc, category_id, brand_name, status, weight, available_item, unit_price, discount_percent, avg_rating, img_url, total_rating, supplier_id) VALUES(4433, 'Sữa rửa mặt Cetaphil Gentle Skin Cleaner 500ml', 'Sữa rửa mặt Cetaphil Gentle Skin Cleaner 500ml', '<pre>Độ pH cân bằng
Dịu nhẹ cho da
Không gây kích ứng</pre>', 44, 'Cetaphil', 'NEW', 8.09191000424167, 27, 270600, 39, 4.7, 'https://vn-test-11.slatic.net/p/5/sua-rua-mat-cetaphil-gentle-skin-cleanser-500ml-0593-7963145-36970890954e97f378a3c4984e072aff-catalog.jpg;https://vn-test-11.slatic.net/p/5/sua-rua-mat-cetaphil-gentle-skin-cleanser-500ml-0593-7963145-f0ac9fa774350c49d517a549da34a601-catalog.jpg;', 355, 4);

INSERT INTO review (id, product_id, reviewer, rating, `comment`) VALUES(44330, 4433, 'Hoàng N.', 0, 'hàng đóng gói chắc chắn, cẩn thận. chất lượng tốt. da mụn, da kích ứng dùng rất an toàn, mụn giảm đáng kể. Mong shop phát huy, luôn cung cấp sản phẩm chất lượng. Mình đang order thêm 1 chai nữa, mong chất lượng vẫn tốt như trước.');

INSERT INTO review (id, product_id, reviewer, rating, `comment`) VALUES(44331, 4433, 'Lam N.', 2, 'Sản phẩm dịu nhẹ sử dụng rất tốt cho da nhạy cảm hoặc đang bị dị ứng giao hàng siêu nhanh đóng gói cẩn thận chắc chắn sẽ mua thêm 1 sp nữa trong tg gần nhất');

INSERT INTO review (id, product_id, reviewer, rating, `comment`) VALUES(44332, 4433, 'Thu V.', 4, 'tại sao lại bán đồ dỏm cho tôi? loại này tôi xài thường xuyên nhưng lần này mua qua #Lazada thì lại thấy khác. Chất lỏng thì đặc hơn bình thường, xài xong da bị khô, ngứa và nổi đỏ. Đề nghị cho lời giải thích đàng hoàng,');

INSERT INTO review (id, product_id, reviewer, rating, `comment`) VALUES(44333, 4433, 'Tuyet V.', 2, 'đóng gói kỹ, sản phẩm sài hợp vs da nhạy cảm.');

INSERT INTO review (id, product_id, reviewer, rating, `comment`) VALUES(44334, 4433, 'Thuy T.', 2, 'Xài cực thích . Da mình thuộc dạng hư tổn do sử dụng rượu thuốc nên kén srm lắm . Sử dụng crtaphil cảm giác da vừa sạch vừa đc dưỡng ẩm rất tốt');

INSERT INTO product (id, name, short_desc, full_desc, category_id, brand_name, status, weight, available_item, unit_price, discount_percent, avg_rating, img_url, total_rating, supplier_id) VALUES(4434, 'Xịt khoáng dành cho da dầu mụn La Roche Posay Serozinc 300ML tặng Micellar Water 50ML', 'Xịt khoáng dành cho da dầu mụn La Roche Posay Serozinc 300ML tặng Micellar Water 50ML', '<pre>Thành phần an toàn, không gây kích ứng
Làm dịu và bảo vệ da
Giảm mụn hiệu quả
Loại bỏ dầu nhờn, độc tố</pre>', 44, 'La Roche Posay', 'NEW', 7.2253581017193245, 11, 319000, 39, 4.8, 'https://vn-test-11.slatic.net/p/4337d8b41c23f04bd74fe603fcf45a89.jpg;https://vn-test-11.slatic.net/p/63099ba3a50e3d48399c8c64be3e4da0.jpg;https://vn-test-11.slatic.net/p/891f2b3d436d88313dfe13cdb9a9e136.jpg;https://vn-test-11.slatic.net/p/d0c75cdec0eeb0a02750f81fdac597f4.jpg;', 103, 4);

INSERT INTO review (id, product_id, reviewer, rating, `comment`) VALUES(44340, 4434, 'N.B.P.Ha', 1, 'giao hàng nhanh , date mới');

INSERT INTO review (id, product_id, reviewer, rating, `comment`) VALUES(44341, 4434, 'Nguyễn K.', 0, '');

INSERT INTO review (id, product_id, reviewer, rating, `comment`) VALUES(44342, 4434, 'Nguyễn H.', 3, 'Đóng gói cẩn thận , xịt đều khắp mặt không bị đọng nước , chai tẩy trang nhỏ cưng lắm . Date xịt khoáng 2021 nha , tẩy trang thì 2020.');

INSERT INTO review (id, product_id, reviewer, rating, `comment`) VALUES(44343, 4434, 'Thùy L.', 0, '');

INSERT INTO review (id, product_id, reviewer, rating, `comment`) VALUES(44344, 4434, 'Nguyễn T.', 2, 'Xịt khoáng hạt mịn, dùng thích');

INSERT INTO product (id, name, short_desc, full_desc, category_id, brand_name, status, weight, available_item, unit_price, discount_percent, avg_rating, img_url, total_rating, supplier_id) VALUES(4435, 'Kem Dưỡng Da Innisfree Green Tea Balancing Cream EX 50ml', 'Kem Dưỡng Da Innisfree Green Tea Balancing Cream EX 50ml', '<pre>- Kem dưỡng da trà xanh innisfree được nhập khẩu chính hãng từ Hàn Quốc.
- Kem dưỡng da hỗn hợp innisfree nổi bật với khả năng cấp ẩm tức thì, giữ cho da mềm mượt, trắng sáng và chống lão hóa da.
- Bạn còn chần chừ gì mà không sở hữu ngay một em dưỡng ẩm da innisfree để sở hữu làn da "hoàn hảo"chứ...</pre>', 44, 'Korea', 'USED', 3.0968450408701518, 46, 279000, 39, 5.0, 'https://vn-test-11.slatic.net/p/5307e83958a7e5d7117f6446c23455af.jpg;https://vn-test-11.slatic.net/p/a5dab37db2593980cded251e696dc97b.jpg;https://vn-test-11.slatic.net/p/f4c2b62dd201cffdb5f3fa358d0d2560.jpg;https://vn-test-11.slatic.net/p/f5497c72026ea3dfe0254006a59e7918.jpg;https://vn-test-11.slatic.net/p/db4d32a6ce6fbe6e2d578bd8b410d503.jpg;', 3, 4);

INSERT INTO review (id, product_id, reviewer, rating, `comment`) VALUES(44350, 4435, 'Tuyên', 0, 'Nhận hàng hôm qua mở ra là thấy ưng rồi. Đóng gói kĩ còn được tặng kèm mặt nạ nữa chứ. Thích thích 😍. Sản phẩm đúng chính hãng yên tâm lun. Sẽ ủng hộ shop dài dài. Chúc shop buôn may bán đắt 🎉🎉');

INSERT INTO review (id, product_id, reviewer, rating, `comment`) VALUES(44351, 4435, 'Thơ', 4, 'Giao hàng khá nhanh, giá hợp lý, hàng chất lượng, mới dùng mà thấy khá ok, mua hàng chính hãng là yên tâm rồi. Còn được tặng kèm mặt nạ, cảm ơn shop, sẽ tiếp tục ủng hộ');

INSERT INTO product (id, name, short_desc, full_desc, category_id, brand_name, status, weight, available_item, unit_price, discount_percent, avg_rating, img_url, total_rating, supplier_id) VALUES(4436, 'Bộ sản phẩm trị mụn Rohto Acnes (da thường/khô) + Tặng 1 phim thấm dầu Acnes Oil Remover 50 tờ', 'Bộ sản phẩm trị mụn Rohto Acnes (da thường/khô) + Tặng 1 phim thấm dầu Acnes Oil Remover 50 tờ', '<pre>Kháng khuẩn gây mụn tận gốc
Ngăn ngừa mụn hiệu quả
Thích hợp cho da hỗn hợp và da thường
Làm dịu; cân bằng độ ẩm; thấm nhờn và ngừa mụn</pre>', 44, 'ACNES', 'NEW', 0.5944149262729017, 53, 149000, 39, 4.4, 'https://vn-test-11.slatic.net/original/4d96ea1fa78fbdf2f5fdf0f223b86949.jpg;https://vn-test-11.slatic.net/p/5/bo-san-pham-tri-mun-rohto-acnes-tang-1-phim-tham-dau-acnes-oil-remover-50-to-8007-6492112-eb2ec28c78a6a311d51f07aa48d9a505-catalog.jpg;https://vn-test-11.slatic.net/p/5/bo-san-pham-tri-mun-rohto-acnes-tang-1-phim-tham-dau-acnes-oil-remover-50-to-8411-6492112-90d94b5a084a83b940f7231015b49127-catalog.jpg;', 364, 7);

INSERT INTO review (id, product_id, reviewer, rating, `comment`) VALUES(44360, 4436, 'Le P.', 3, 'Không phù hợp với làn da của mình. 2 ngày đầu thì không thấy gì. Sau đó da bắt đầu bong tróc, đỏ và ngứa, xuất hiện mụn đỏ nhỏ như mụn nước. Mình cũng từng dùng các sản phẩm có chứa axid salicylic khác mà không sao cả. Có thể là 1 thành phần khác của thuốc.');

INSERT INTO review (id, product_id, reviewer, rating, `comment`) VALUES(44361, 4436, 'Hằng T.', 1, 'sp này là 1 giải pháp rất tốt cho những bạn bị mụn nha. Mk đã dùng sp dk 1 thời gian và số mụn trên mặt đã giảm đi đáng kể, mk rất hài lòng !');

INSERT INTO review (id, product_id, reviewer, rating, `comment`) VALUES(44362, 4436, 'Ái K.', 2, 'tốt,đáng đồng tiền');

INSERT INTO review (id, product_id, reviewer, rating, `comment`) VALUES(44363, 4436, 'nguyen k.', 3, 'Bôi lên cảm giác rích, bết dính, khó chịu. Da nhờn càng nhờn hơn. Mụn nổi nhiều hơn . thật khủng khiếp. Bỏ luôn.  Xem như đi đường đánh rơi mất tiền . cứ nghĩ thương hiệu nổi tiếng là an tâm. Ko ngờ dỡ tệ.');

INSERT INTO review (id, product_id, reviewer, rating, `comment`) VALUES(44364, 4436, 'Huỳnh N.', 4, 'dùng mới 2 ngày mà thấy mụn đã giảm được ít ít.');

INSERT INTO product (id, name, short_desc, full_desc, category_id, brand_name, status, weight, available_item, unit_price, discount_percent, avg_rating, img_url, total_rating, supplier_id) VALUES(4437, 'Bộ chăm sóc chuyên sâu cho da mụn nhạy cảm, giảm mụn ngừa thâm hiệu quả trong 12h La Roche Posay Effaclar Kit', 'Bộ chăm sóc chuyên sâu cho da mụn nhạy cảm, giảm mụn ngừa thâm hiệu quả trong 12h La Roche Posay Effaclar Kit', '<pre>Thành phần an toàn, không gây kích ứng da
Giảm mụn nhanh chóng
Thông thoáng lỗ chân lông
Ngăn ngừa vết thâm sau mụn</pre>', 44, 'La Roche Posay', 'USED', 6.9055079290269825, 97, 249000, 39, 4.4, 'https://vn-test-11.slatic.net/p/e7d3f69ee96f625b628f324a5b3e84ff.jpg;https://vn-test-11.slatic.net/p/f1f2e01b254d5f05503cb6333586fd07.jpg;https://vn-test-11.slatic.net/p/683e92fa0a4bcf07e42a1ea94784b8a1.jpg;https://vn-test-11.slatic.net/p/0d1a8ba9937c0ec6be5d617ba675dfeb.jpg;', 897, 6);

INSERT INTO review (id, product_id, reviewer, rating, `comment`) VALUES(44370, 4437, 'Phan H.', 4, 'tốt nhưng khô da, cần dùng thêm kem dưỡng ẩm ngay sau, 2-3 ngày khô còi, da có vẻ tróc đi nhưng là dấu hiệu tốt vì sẽ đẩy lớp da xấu');

INSERT INTO review (id, product_id, reviewer, rating, `comment`) VALUES(44371, 4437, 'Nguyen C.', 0, 'Mình xài sp của hãng này nhìu, sản phẩm rất ok, chất lượng. Sữa rửa mặt rất sạch, da mềm mại không bị khô. Kem trị mụn thoa lên là mụn sẽ xẹp không sưng đau, vết thâm nhạt dần.');

INSERT INTO review (id, product_id, reviewer, rating, `comment`) VALUES(44372, 4437, 'Quynh A.', 3, '');

INSERT INTO review (id, product_id, reviewer, rating, `comment`) VALUES(44373, 4437, 'Đỗ T.', 0, 'Sản phẩm dùng tốt. Làm nhanh chín cồi mụn. Nhưng nếu dùng bộ sản phẩm này cần kết hợp dưỡng vì da sẽ hơi khô');

INSERT INTO review (id, product_id, reviewer, rating, `comment`) VALUES(44374, 4437, 'huy', 2, 'Sản phẩm rất tốt.');

INSERT INTO product (id, name, short_desc, full_desc, category_id, brand_name, status, weight, available_item, unit_price, discount_percent, avg_rating, img_url, total_rating, supplier_id) VALUES(4438, 'Rửa mặt sạch mụn đầu đen St Ives Blackhead Clearing Green Tea Scrub 170g', 'Rửa mặt sạch mụn đầu đen St Ives Blackhead Clearing Green Tea Scrub 170g', '<pre>Made in USA
Trọng lương: 170g
Date 2019+
Chiết xuất từ 100% trà xanh tự nhiên
giàu vitamin C và ELoại bỏ tế bào chết cho da
đẩy mạnh tái tạo tế bào da mớiLàm sạch mụn đầu đen cứng đầu; thu nhỏ lỗ chân lông
Tăng độ sáng cho da
Bảo vệ da dưới tác hại ánh nắng mặt trời
Ngăn ngừa lão hóa da sớm</pre>', 44, 'St. Ives', 'NEW', 4.356915022901517, 84, 72000, 39, 4.5, 'https://vn-test-11.slatic.net/original/9fdfa2d5c72cb17f2e3c625b28a450e7.jpg;https://vn-test-11.slatic.net/p/5/rua-mat-tay-te-bao-stives-blackhead-clearing-green-tea-scrub-170g-7356-9984356-36cc14ebee493375ca66009b071458f8-catalog.jpg;https://vn-test-11.slatic.net/p/5/rua-mat-tay-te-bao-stives-blackhead-clearing-green-tea-scrub-170g-7356-9984356-7e1502aa6c8f17d136dc2959c8ff28b4-catalog.jpg;https://vn-test-11.slatic.net/p/5/rua-mat-tay-te-bao-stives-blackhead-clearing-green-tea-scrub-170g-7356-9984356-45aaa9ff819c740a529cb58bf0023f01-catalog.jpg;https://vn-test-11.slatic.net/original/ea81fdd8e5123ea683f0bff7db01a767.jpg;https://vn-test-11.slatic.net/original/6bbaa0ccadb4430cade3a5f595b15708.jpg;', 220, 7);

INSERT INTO review (id, product_id, reviewer, rating, `comment`) VALUES(44380, 4438, 'QUOC T.', 3, 'Ko thấy NSX vs HSD đâu cả');

INSERT INTO review (id, product_id, reviewer, rating, `comment`) VALUES(44381, 4438, 'Nhung L.', 4, 'sữa rửa mặt tốt xài oke ,khuyên dùng vì mặt mik da dầu xài rất tốt ,còn trắng da có người con kêu đánh phấn hả');

INSERT INTO review (id, product_id, reviewer, rating, `comment`) VALUES(44382, 4438, 'Võ T.', 1, 'giao hàng nhanh ,đóng gói cẩn thận');

INSERT INTO review (id, product_id, reviewer, rating, `comment`) VALUES(44383, 4438, 'Rose U.', 1, 'Mình rất hài lòng về sản phẩm đã mua. 
1. Hàng hóa được đóng gói kỹ lưỡng và đẹp mắt
2. Giao đúng sản phẩm mình order. 
3. Chất lượng spham rất ok. 
Lần đầu tiên mình mua hàng trên lazada, cảm giác rất an tâm. Hứa hẹn sẽ tin dùng và lựa chọn lazada như là kênh mua hàng uy tín và tiện lời. Many thanks 👍👍👍');

INSERT INTO review (id, product_id, reviewer, rating, `comment`) VALUES(44384, 4438, 'Duy H.', 4, 'Rất đáng đồng tiền');

INSERT INTO product (id, name, short_desc, full_desc, category_id, brand_name, status, weight, available_item, unit_price, discount_percent, avg_rating, img_url, total_rating, supplier_id) VALUES(4439, 'Bột Tinh Cám Gạo 100gr - Henashop', 'Bột Tinh Cám Gạo 100gr - Henashop', '<pre>Cung cấp dưỡng chất.
Chống lão hóa, giảm sạm da .
Làm sáng da, trị mụn, làm mờ thâm sẹo.
Tẩy da chết.</pre>', 44, 'Henashop.com', 'USED', 7.653932675560969, 30, 19000, 39, 4.9, 'https://vn-test-11.slatic.net/p/5/bot-tinh-cam-gao-100gr-henashop-4917-34195653-c7181233c05284db8470b2c97243fba8-catalog.jpg;https://vn-test-11.slatic.net/p/5/bot-tinh-cam-gao-100gr-henashop-4917-34195653-a9a2f84e25bda854949753c4b7c94efa-catalog.jpg;https://vn-test-11.slatic.net/original/1c56671c07d756aef5cb814ed19db454.jpg;https://vn-test-11.slatic.net/original/01726c75cbe81260a5321d44cb6b413a.jpg;', 60, 6);

INSERT INTO review (id, product_id, reviewer, rating, `comment`) VALUES(44390, 4439, 'Nguyễn T.', 3, 'Shop bán kiểu gì mà mình nhận hàng muốn cho shop 1 ngàn ngôi sao luôn . Thấy trước mặt là ko muốn bỏ shop đi luôn . Trang mạng điện tử lazada cảm ơn bạn mang đến cho mình niềm tin ! 😘😘😘😘😘😘');

INSERT INTO review (id, product_id, reviewer, rating, `comment`) VALUES(44391, 4439, 'Dang T.', 0, 'san phẩm rất tốt ..mình rất thích cảm ơn shop');

INSERT INTO review (id, product_id, reviewer, rating, `comment`) VALUES(44392, 4439, 'Lazada Customer', 0, 'nên mua nha mn.iu shop qá đi.hang tot mà re nua.dc khuyến mai hihi,se ủng hộ shop');

INSERT INTO review (id, product_id, reviewer, rating, `comment`) VALUES(44393, 4439, 'Phạm N.', 2, 'Sản phẩm nhìn oki. Chưa dùng nên chưa bik sao. Có voucher và piếu bán hàng rất đàng hoàng. Ủng hộ shop');

INSERT INTO review (id, product_id, reviewer, rating, `comment`) VALUES(44394, 4439, 'Huynhkute D.', 4, 'mua dc giá khuyến mãi ok ạ.');



INSERT INTO product (id, name, short_desc, full_desc, category_id, brand_name, status, weight, available_item, unit_price, discount_percent, avg_rating, img_url, total_rating, supplier_id) VALUES(450, 'Dầu Gội Pantene Ngăn Rụng Tóc chai 900G', 'Dầu Gội Pantene Ngăn Rụng Tóc chai 900G', '<pre>Với công thức đặc chế chuyên biệt dành cho các mái tóc yếu, dầu gội PANTENE ProV Hair Fall Control Shampoo sẽ giúp nhẹ nhàng lấy sạch bụi bẩn cũng như chất nhờn trên tóc và da đầu để các dưỡng chất dễ dàng thấm sâu vào tóc, nuôi dưỡng và bảo vệ tóc tránh gãy rụng. PANTENE ProV Hair Fall Control Shampoo - Giải pháp lý tưởng cho mái tóc chắc khỏe từ gốc đến ngọn.</pre>', 45, 'pantene', 'USED', 4.2087443235420405, 63, 108000, 28, 4.8, 'https://vn-test-11.slatic.net/p/3c7b25da5001a0572f699d616ab619ad.jpg;https://vn-test-11.slatic.net/p/6ab5f7e44bd4628d0c43c10c35e949bc.jpg;https://vn-test-11.slatic.net/original/4a4b7fc03f4e68b148050d1815da022e.jpg;https://vn-test-11.slatic.net/original/2c9c0764abc74c158025970762a03323.jpg;https://vn-test-11.slatic.net/original/1ad0c440e580dae1ac1e995c9fbdfe07.jpg;', 291, 7);

INSERT INTO review (id, product_id, reviewer, rating, `comment`) VALUES(4500, 450, 'Hoang', 2, 'dầu gội còn 70% trong bình🤔?, dầu ko bị tràn hay dò đổ ra ngoài, đóng gói kĩ tốt, nhưng có 1 điều ko hài lòng là có 70% bình là sao, ít nhất cũng phải được 90% chứ');

INSERT INTO review (id, product_id, reviewer, rating, `comment`) VALUES(4501, 450, 'Nguyễn M.', 2, 'Nguyễn minh vũ đã đến chuyên săn hàng giá rẻ Cảm ơn shop cảm ơn mọi người đã đọc đánh giá của mình chi tiết xin liên hệ Facebook để biết thêm chi tiết 
  Thân! Cảm ơn 
  Mãi yêu các bạn ');

INSERT INTO review (id, product_id, reviewer, rating, `comment`) VALUES(4502, 450, 'Ha H.', 3, 'mua 2 lọ thì 1 lọ bị chảy tùm lum. dù đã bọc bong bóng xốp các kiểu.. shop cần chú ý cách đóng hàng hơn.');

INSERT INTO review (id, product_id, reviewer, rating, `comment`) VALUES(4503, 450, 'Huongthao B.', 0, 'Hàng  tốt  giá  yêu  thương  nhất  thị  trường  Lazada đóng  gói  và  giao hàng  nhanh síp thân  thiện. 💚');

INSERT INTO review (id, product_id, reviewer, rating, `comment`) VALUES(4504, 450, 'Lazada Customer', 0, 'Hàng đúng như mô tả. Đóng gói cẩn thận.');

INSERT INTO product (id, name, short_desc, full_desc, category_id, brand_name, status, weight, available_item, unit_price, discount_percent, avg_rating, img_url, total_rating, supplier_id) VALUES(451, 'Màu nhuộm dưỡng tóc phủ bạc L''Oreal Paris Excellence Crème 172ml', 'Màu nhuộm dưỡng tóc phủ bạc L''Oreal Paris Excellence Crème 172ml', '<pre>Màu nhuộm có chiết xuất từ những thành phần an toàn
Thành phần dưỡng chất Pro-keratin – phục hồi cho mái tóc chắc khỏe
Sản phẩm rất bền màu và bóng mượt
Các tông màu thời trang, sang trọng</pre>', 45, 'L''Oreal Paris', 'NEW', 1.4260709735595487, 33, 119000, 28, 3.8, 'https://vn-test-11.slatic.net/p/fd14a479936330c64b4dc9d5214809fc.jpg;https://vn-test-11.slatic.net/p/3be0295221b5698d3364fac2fba4bf0e.jpg;https://vn-test-11.slatic.net/p/13b1c509125e55989b88c56f12e2a4d2.jpg;https://vn-test-11.slatic.net/p/3996ce1ef20c16f679882fa1c82b8baf.jpg;https://vn-test-11.slatic.net/p/2845ef15706dbe6672b2e73100aaff39.jpg;', 241, 7);

INSERT INTO review (id, product_id, reviewer, rating, `comment`) VALUES(4510, 451, 'Hanh', 3, 'Giao hang nhanh dong goi can than se tiep tuc mua ung ho shop nhieu lan nua nhe');

INSERT INTO review (id, product_id, reviewer, rating, `comment`) VALUES(4511, 451, 'Văn T. từ lazada.vn', 2, 'Không lên màu như hình đâu. Bạn nào nhuộm lần đầu tiên nên chọn màu này ra màu đen nâu.Lên màu khi đứng ở ánh sáng. chứ bình thường thì chả thấy khác mấy');

INSERT INTO review (id, product_id, reviewer, rating, `comment`) VALUES(4512, 451, 'Văn T. từ lazada.vn', 1, 'Không lên màu như hình đâu. Bạn nào nhuộm lần đầu tiên nên chọn màu này ra màu đen nâu.Lên màu khi đứng ở ánh sáng. chứ bình thường thì chả thấy khác mấy');

INSERT INTO review (id, product_id, reviewer, rating, `comment`) VALUES(4513, 451, 'Quynh từ lazada.vn', 0, 'minh thay san pham nay khong len mau ma con lam mat mau toc cu. ban minh mua mau khac cung khong len.');

INSERT INTO review (id, product_id, reviewer, rating, `comment`) VALUES(4514, 451, 'Quynh từ lazada.vn', 1, 'minh thay san pham nay khong len mau ma con lam mat mau toc cu. ban minh mua mau khac cung khong len.');

INSERT INTO product (id, name, short_desc, full_desc, category_id, brand_name, status, weight, available_item, unit_price, discount_percent, avg_rating, img_url, total_rating, supplier_id) VALUES(452, 'Bộ đôi kem nhuộm nâng sáng 4 tông L''Oreal Paris Excellent Fashion Ultra Lights 172mlx2', 'Bộ đôi kem nhuộm nâng sáng 4 tông L''Oreal Paris Excellent Fashion Ultra Lights 172mlx2', '<pre>Bộ đôi kem nhuộm nâng sáng 4 tông L''Oreal Paris Excellent Fashion Ultra Lights 172mlx2</pre>', 45, 'L''Oreal Paris', 'USED', 9.624823335218514, 82, 119000, 28, 4.8, 'https://vn-test-11.slatic.net/p/1d6331f93387eb247f71ebe4c1fffd8c.jpg;https://vn-test-11.slatic.net/p/6ddb537bbcf1433055d2783940b3ff41.jpg;https://vn-test-11.slatic.net/p/9e9f57421bf38f67bf74f8e6fcea10cb.jpg;https://vn-test-11.slatic.net/p/1689114b06a0843a77b4ebc3cf332a71.jpg;https://vn-test-11.slatic.net/p/51b05e79a76138df72124e2748c613a0.jpg;', 5, 1);

INSERT INTO review (id, product_id, reviewer, rating, `comment`) VALUES(4520, 452, 'Nguyễn T.', 0, 'Giao hàng nhanh, đóng gói cẩn thận. Nhưng trừ 1 sao do khi nhuộm tóc lên màu không giống như hình. Mình mua màu số 03 nâu khói nhưng lại ra vàng nâu. Không có tý xíu ánh khói nào cả :(');

INSERT INTO review (id, product_id, reviewer, rating, `comment`) VALUES(4521, 452, 'Hồ T.', 1, '');

INSERT INTO product (id, name, short_desc, full_desc, category_id, brand_name, status, weight, available_item, unit_price, discount_percent, avg_rating, img_url, total_rating, supplier_id) VALUES(453, 'Hấp dầu suôn mềm bóng tóc Kella 500ml + 01 nón trùm tóc', 'Hấp dầu suôn mềm bóng tóc Kella 500ml + 01 nón trùm tóc', '<pre>Nguyên liệu nhập khẩu từ Italy với hàm lượng dưỡng chất cao giúp mái tóc sử dụng trong một thời gian ngày càng trở lên khỏe, đẹp.
Cung cấp dưỡng chất giúp hồi sinh và chất tạo độ ẩm cho vùng tóc tổn hại.
Đặc biệt sau khi uốn – duỗi- nhuộm, giúp tóc óng mượt hơn.
Chất lượng cao giá cả hợp lý đáp ứng được nhu cầu của đại đa số phụ nữ Việt Nam muốn tìm đến dòng sản phẩm có nguổn gốc xuất xứ rõ ràng.
Sản phẩm không có hóa chất độc hại ảnh hưởng đến sức khỏe người dùng.
HSD: 03 năm kể từ ngày sản xuất
HDSD: Xoa đều lên tóc, hấp nhiệt hoặc ủ kín từ 10-15 phút, xả lại bằng nước ấm
Trọng lượng 500ml
Sản Xuất: Tại Việt Nam</pre>', 45, 'Kella', 'USED', 0.8581266156474958, 85, 69000, 28, 4.9, 'https://vn-test-11.slatic.net/original/09cf8848e255318737d5110feabfd43a.jpg;https://vn-test-11.slatic.net/original/ea397450bc34d9b9e43634d0e1bbf40a.jpg;https://vn-test-11.slatic.net/original/37bd408d28c8b9c66d9cda3e512cf5ca.jpg;', 94, 6);

INSERT INTO review (id, product_id, reviewer, rating, `comment`) VALUES(4530, 453, 'Trinh T.', 2, 'hàng đóng gói cẩn thận. tốt');

INSERT INTO review (id, product_id, reviewer, rating, `comment`) VALUES(4531, 453, 'Trương T.', 0, 'giao hàng còn tem niêm phong, date tới 2022');

INSERT INTO review (id, product_id, reviewer, rating, `comment`) VALUES(4532, 453, 'Zenny T.', 4, 'xài tạm ổn ,  mùi thơm nhẹ dễ chịu , trừ 1 sao vì tem bị tróc ,như có mở ra rồi  ko cần tháo tem');

INSERT INTO review (id, product_id, reviewer, rating, `comment`) VALUES(4533, 453, 'Thi H.', 3, '');

INSERT INTO review (id, product_id, reviewer, rating, `comment`) VALUES(4534, 453, 'Lazada Customer', 3, 'mua ngàn sản phẩm của lazada nhưng nay mới đánh giá bởi vì sản phẩm not good. check ko mã vạch, hàng giả. xin lỗi đã bỏ vào trash rồi.');

INSERT INTO product (id, name, short_desc, full_desc, category_id, brand_name, status, weight, available_item, unit_price, discount_percent, avg_rating, img_url, total_rating, supplier_id) VALUES(454, 'Keo Vuốt Tóc Nam, Wax vuốt tóc tạo kiểu Nam-mã CK42Wax Vuot Toc Nam, Sáp Tạo Kiểu Tóc cho Phái Mạnh - Lịch Lãm, Sang Trọng.', 'Keo Vuốt Tóc Nam, Wax vuốt tóc tạo kiểu Nam-mã CK42Wax Vuot Toc Nam, Sáp Tạo Kiểu Tóc cho Phái Mạnh - Lịch Lãm, Sang Trọng.', '<pre>Sản phẩm có chất dưỡng ẩm và bảo vệ tóc.Giữ nếp tóc tốt, dễ dàng tạo kiểu.
Pomade gốc nước (Không rít tóc, dể gội rửa, không nhờn)
Chất mềm mịn, dễ aplly lên tóc. Có tính năng khóa ẩm, không gây mất nếp và duy trì độ bóng như khi mới sử dụng
Mùi thơm dễ chịu.
Không gây hại tóc.
TĂNG độ phồng đáng kể và texture cho tóc</pre>', 45, 'OEM', 'USED', 3.4360140131395323, 84, 115044, 28, 4.9, 'https://vn-test-11.slatic.net/original/2d9b55509bcb55e668fbd87764ac8103.jpg;https://vn-test-11.slatic.net/original/3efeb19fce6f8ce726a0a253fd153a1c.jpg;https://vn-test-11.slatic.net/original/7bb43b7bab6a834840213224ecfc4d0c.jpg;https://vn-test-11.slatic.net/original/37c08c86960f57f0f5c0f66c2b911157.jpg;https://vn-test-11.slatic.net/original/001aadf0bbcd0e3dd5e66fc7fb817bc8.jpg;', 42, 3);

INSERT INTO review (id, product_id, reviewer, rating, `comment`) VALUES(4540, 454, 'Võ H.', 0, 'Vuốt lần đầu tóc không cứng gì hết, cứ tưởng là dùng ít.Lần sau làm nhiều hơn vẫn như vậy. Không biết là do hàng nhái hay hàng kém chất lượng???');

INSERT INTO review (id, product_id, reviewer, rating, `comment`) VALUES(4541, 454, 'Lương H.', 4, 'Sài tốt, giữ nếp, không quá cứng, hợp với mình.');

INSERT INTO review (id, product_id, reviewer, rating, `comment`) VALUES(4542, 454, 'Dũng T.', 0, 'giao hàng nhanh');

INSERT INTO review (id, product_id, reviewer, rating, `comment`) VALUES(4543, 454, 'Lazada Customer', 0, 'Chất keo mềm mịn, mùi thơm rất thích. Dùng tóc k cứng đơ, giữ nếp tóc tốt! Nói chung dùng tốt.');

INSERT INTO review (id, product_id, reviewer, rating, `comment`) VALUES(4544, 454, 'Quỳnh C.', 2, 'Hàng chất lượng, đóng gói đẹp!');

INSERT INTO product (id, name, short_desc, full_desc, category_id, brand_name, status, weight, available_item, unit_price, discount_percent, avg_rating, img_url, total_rating, supplier_id) VALUES(455, 'Combo 2 Pomelo Tinh dầu bưởi giảm rụng tọc, kích thích mọc tóc tặng mặt nạ', 'Combo 2 Pomelo Tinh dầu bưởi giảm rụng tọc, kích thích mọc tóc tặng mặt nạ', '<pre>KHUYẾN MÃI tặng mặt nạ
Combo 2 Pomelo x 130ml
Giảm tóc gãy rụng, Giúp tóc mọc nhanh hơn
Sản phảm từ tinh bưởi thiên nhiên 100%
1 tháng dùng 2 chai
Pomelo dung tích: 130ml</pre>', 45, 'COCOON', 'USED', 3.9482005974862986, 82, 99000, 28, 4.8, 'https://vn-test-11.slatic.net/p/b3e07c39aded6b259627fb61343ee23d.jpg;https://vn-test-11.slatic.net/original/e6c557a885da7d962c3c8b0c178aea58.jpg;https://vn-test-11.slatic.net/original/cd618be0e68dc486795b98aa7237edff.jpg;https://vn-test-11.slatic.net/p/eaa4962eb843199303a481b0628b1d71.jpg;https://vn-test-11.slatic.net/p/b937fd8d4c0bfba4301dc5323e93de3c.jpg;https://vn-test-11.slatic.net/p/08a24ca8a93a63d244bc3feb2e1ff0a8.jpg;https://vn-test-11.slatic.net/p/d1a5026b3d656fa89772e66a0f241f59.jpg;', 103, 7);

INSERT INTO review (id, product_id, reviewer, rating, `comment`) VALUES(4550, 455, 'Lại T.', 3, 'Rất tốt , hàng giao kỹ càng. Mình đã xài hết nửa chai  , cảm nhận khi xịt thuốc lên tóc : thơm . Khi thuốc khô tóc ko bị bết dính , tóc có độ bóng , mềm , mượt. Thấy có tóc con mọc nhìu và sợi tóc con dày hơn lúc ko xài.');

INSERT INTO review (id, product_id, reviewer, rating, `comment`) VALUES(4551, 455, 'Dao K.', 2, 'cũng tạm được.');

INSERT INTO review (id, product_id, reviewer, rating, `comment`) VALUES(4552, 455, 'Ly T.', 4, 'Đặt hàng tảo nhật từ ngày 10/11 mà giờ này chưa giao là sao');

INSERT INTO review (id, product_id, reviewer, rating, `comment`) VALUES(4553, 455, 'Phanthikimngan', 0, 'sản phẩm tốt lắm .bình thường mh gội đầu .và cách 1 ngày đầu lại bị nhờn .tóc thì khô .nhưng mh chỉ sử dụng tinh dầu 2 ngay thôi ..là đã nhìn thấy tóc k bị nhờn và mượt hơn .nếu ai bị da đầu nhờn giống mình thì mua sản phẩm này .rất hiệu quả');

INSERT INTO review (id, product_id, reviewer, rating, `comment`) VALUES(4554, 455, 'Ngan T.', 3, 'Dầu bưởi thơm ,đóng gói cẩn thận, vòi xịt hơi khó xịt mot');

INSERT INTO product (id, name, short_desc, full_desc, category_id, brand_name, status, weight, available_item, unit_price, discount_percent, avg_rating, img_url, total_rating, supplier_id) VALUES(456, 'ủ tóc collagen 500g', 'ủ tóc collagen 500g', '<pre>Ai đã dùng hẳn đều mê. Tóc mềm mượt, hương thơm dễ chịu. Không còn khô ráp hư tổn. 
Chị nào tóc xơ, tóc hư tổn, muốn có mái tóc mượt mà óng ả và hương thơm quyến rũ thì bơi hết vào đội của em
Dầu hấp tóc collagen karseell maca  500ml dùg được 3,4thág.
Công dụng:
Phục hồi tóc hư tổn và tạo độ bóng mượt cho tóc bị khô xơ với thành phần callagen thần thánh 
Có thể ủ nóng hay ủ lạnh đều ok ạ. Chỉ sau 10 phút để cảm nhận sự khác biệt</pre>', 45, 'EOM', 'NEW', 5.65172754599357, 36, 38000, 28, 5.0, 'https://vn-test-11.slatic.net/p/79e4f84f3635279306c1ad01b2a84cf5.jpg;https://vn-test-11.slatic.net/p/30711da1c5fc6d60401fa8934c3e27e3.jpg;https://vn-test-11.slatic.net/p/5fd93e8a9435991e2180c7a783b6ac1e.jpg;https://vn-test-11.slatic.net/p/047a737cc61acac0d804c20984da67a3.jpg;https://vn-test-11.slatic.net/p/f17540082dc8c03f8d0c14da15960f53.jpg;', 1, 2);

INSERT INTO product (id, name, short_desc, full_desc, category_id, brand_name, status, weight, available_item, unit_price, discount_percent, avg_rating, img_url, total_rating, supplier_id) VALUES(457, 'Dầu gội chống gàu Selsun. Chai 100ml', 'Dầu gội chống gàu Selsun. Chai 100ml', '<pre>Selsun là thương hiệu chăm sóc tóc gàu thuộc tập đoàn dược phẩm Rohto-Mentholatum. Tại Việt Nam, Selsun là nhãn hiệu tiên phong ứng dụng thành phần Selenium Sulfide & cho ra đời dòng sản phẩm trị gàu Selsun từ tháng 12 năm 2007. Với Selenium Sulfide, Selsun loại sạch gàu, đặc biệt là vi nấm Malassezia, giảm tiết bã nhờn, ức chế sự phát triển của lớp sừng trên da đầu, mang lại sự chăm sóc đặc biệt dành riêng cho cả nguời bị gàu nặng và gàu nhẹ; giúp trị gàu và bết ngứa hiệu quả. Hiện tại Selsun làdầu gội trị gàu selsunphổ biến tại: Mỹ, Nhật Bản, Indonesia …</pre>', 45, 'MENTHOLATUM', 'NEW', 4.36542633037042, 42, 78000, 28, 4.6, 'https://vn-test-11.slatic.net/original/315e575ea387cfa4a9eb137f50566cde.jpg;https://vn-test-11.slatic.net/original/e1dd4ffdabd0d1be65e2cd796777e9d1.jpg;https://vn-test-11.slatic.net/original/e5e28a6ad19e19c51080fbea3cdd7bdf.jpg;https://vn-test-11.slatic.net/original/a9b84da38b757bb48b3d17120ecfd658.jpg;https://vn-test-11.slatic.net/original/e88fca0bd5e6c2e3c15ce16b84e03b82.jpg;https://vn-test-11.slatic.net/original/ee4c102dbe3feb126f23703fa05eabe8.jpg;https://vn-test-11.slatic.net/original/3caa4b17dcad1b3f98bc7c86e4db16d3.jpg;https://vn-test-11.slatic.net/original/6c9447a0c27859d06b9d0db346a5d9dd.jpg;', 17, 3);

INSERT INTO review (id, product_id, reviewer, rating, `comment`) VALUES(4570, 457, 'Võ N.', 4, 'dầu gội sạch gàu, hết ngứa da đầu mà giá lại rẻ hơn mấy shop khác. đã dùng nhiều loại mà không hết. nói chung là ok!');

INSERT INTO review (id, product_id, reviewer, rating, `comment`) VALUES(4571, 457, 'Birch T.', 4, 'Goi tot ma tóc kh');

INSERT INTO review (id, product_id, reviewer, rating, `comment`) VALUES(4572, 457, 'Nguyen T.', 1, 'Sản phẩm tốt. Gửi đúng sản phẩm.
Đóng gói chắc chắn. Giao hàng nhanh');

INSERT INTO review (id, product_id, reviewer, rating, `comment`) VALUES(4573, 457, 'Kieu T.', 4, 'ok');

INSERT INTO review (id, product_id, reviewer, rating, `comment`) VALUES(4574, 457, 'Kieu T.', 1, 'ok');

INSERT INTO product (id, name, short_desc, full_desc, category_id, brand_name, status, weight, available_item, unit_price, discount_percent, avg_rating, img_url, total_rating, supplier_id) VALUES(458, 'Serum Dưỡng Tóc Mise En Scene Perfect Repair Hair 70ml', 'Serum Dưỡng Tóc Mise En Scene Perfect Repair Hair 70ml', '<pre>Thương hiệu: Mise En Scene
Xuất xứ:Hàn Quốc
Chiết xuất dầu Argan; sữa ong chúa và tinh dầu hoa hồng
Phục hồi tóc,giúp ngọn tóc chắc khoẻ ngừa rụng.
Cải thiện hư tổn nơi chân tóc như chẻ ngọn; khô gãy
Cho mái tóc càng thêm óng mượt với hiệu ứng 3D đẹp từ mọi góc nhìn</pre>', 45, 'Mise En Scene', 'NEW', 6.148424989623504, 58, 132000, 28, 4.7, 'https://vn-test-11.slatic.net/original/7c2d975a84959023eab4387be4dbdb9b.jpg;https://vn-test-11.slatic.net/original/8536225db2317d2a2c4b74fa7a2284b6.jpg;https://vn-test-11.slatic.net/p/5/serum-duong-toc-mise-en-scene-perfect-repair-hair-70ml-1210-0799264-69d93e8837e969b7c17e7112750f4b64-catalog.jpg;https://vn-test-11.slatic.net/p/5/serum-duong-toc-mise-en-scene-perfect-repair-hair-70ml-1210-0799264-d3fc8b1b3776f736c0a65660236ac187-catalog.jpg;https://vn-test-11.slatic.net/p/5/serum-duong-toc-mise-en-scene-perfect-repair-hair-70ml-4009-0799264-8f9041b2a7f4ee1609027c3ca93dfa83-catalog.jpg;https://vn-test-11.slatic.net/p/5/serum-duong-toc-mise-en-scene-perfect-repair-hair-70ml-4009-0799264-a06e4ab3333f16e94559658d1a43f2c4-catalog.jpg;https://vn-test-11.slatic.net/p/5/serum-duong-toc-mise-en-scene-perfect-repair-hair-70ml-4009-0799264-0d51e1bdf343f80191491474a179041a-catalog.jpg;', 20, 1);

INSERT INTO review (id, product_id, reviewer, rating, `comment`) VALUES(4580, 458, 'Nghiêm B.', 0, 'Sài rất tốt.m.ng nên mua.toc e bị hư khô.mỗi lần cột tóc lên là bị cong.. nhưng giờ có serum  dưỡng tóc này.. mà tóc còn mịn ra.ko còn bị cong tóc khi cột nữa');

INSERT INTO review (id, product_id, reviewer, rating, `comment`) VALUES(4581, 458, 'Thuong N.', 2, 'giao hàng nhanh. mùi dưỡng thơm');

INSERT INTO review (id, product_id, reviewer, rating, `comment`) VALUES(4582, 458, 'Duy T.', 3, 'sp dùng tạm đc. mùi hương ko thích lắm');

INSERT INTO review (id, product_id, reviewer, rating, `comment`) VALUES(4583, 458, 'Nguyễn T.', 0, 'Mới sử dụng nhãn hiệu  này , thấy cũng ổn , giá hợp lý .');

INSERT INTO review (id, product_id, reviewer, rating, `comment`) VALUES(4584, 458, 'Lazada Customer', 4, 'tot');

INSERT INTO product (id, name, short_desc, full_desc, category_id, brand_name, status, weight, available_item, unit_price, discount_percent, avg_rating, img_url, total_rating, supplier_id) VALUES(459, 'hấp dầu lạnh cao cấp beaut top', 'hấp dầu lạnh cao cấp beaut top', '<pre>Hấp dầu BEAUT TOP -1200ml .Hàng bán tại cty ko qua trung gian nên giá rất ok luk nha!Cung cấp sỉ lẻ các tiệm tóc nha mấy gái......Thơm, mềm mượt.....giá lại z rẻ.Sỉ thùng 12 hộp, Loại này có loại dây 12 gói nha khách.Giá lẻ 24k/dây/12 gói. 1 thùng 50 dây giá inbox.....Hấp dầu lạnh cao cấp được cải tiến theo công nghệ mới.Giàu dưỡng chất cùng hương thơm dễ chịu, giúp dưỡng ẩm và chăm sóc tóc từ gốc đến ngọn cho mái tóc khỏe mềm mượt.Cách dùng: sau khi gội đầu, thoa đều kem lên tóc, massge nhẹ nhàng khoảng 3 phút sau đó xả sạch lại bằng nướcHSD: 3 năm</pre>', 45, 'No Brand', 'USED', 5.025090381320679, 20, 129000, 28, 5.0, 'https://vn-test-11.slatic.net/original/b07688720c3c7ec3a8b525cf519ceedf.jpg;https://vn-test-11.slatic.net/original/246e467c39863a3cc95822e9200018d0.jpg;https://vn-test-11.slatic.net/original/3c3f9a797258a18968a1fd1ef7f3c763.jpg;', 5, 2);

INSERT INTO product (id, name, short_desc, full_desc, category_id, brand_name, status, weight, available_item, unit_price, discount_percent, avg_rating, img_url, total_rating, supplier_id) VALUES(4510, 'Tinh dầu bưởi Mẹ Ken Kích thích mọc tóc, đặc trị hói đầu, phục hồi tóc hư tổn, nuôi dưỡng tóc chắc khỏe, bóng mượt', 'Tinh dầu bưởi Mẹ Ken Kích thích mọc tóc, đặc trị hói đầu, phục hồi tóc hư tổn, nuôi dưỡng tóc chắc khỏe, bóng mượt', '<pre>Nơi sản xuất : Công ty TNHH Sản phẩm Thiên Nhiên Mẹ Ken
Thành phần : chiết xuất 100% từ bưởi nguyên chất, bao gồm vỏ bưởi và màng hạt bưởi nên hiệu quả dưỡng mọc tóc, giảm rụng hiệu quả hơn.
Công dụng : Giảm gãy rụng sau 1 tuần sử dụng; Kích thích mọc tóc, đặc trị chứng hói đầu sau 1 tháng sử dụng; Dưỡng tóc, phục hồi tóc bị hư tổn, giữ mái tóc chắc khỏe. Tạo lớp dưỡng bao phủ tóc và da đầu, tránh tiếp xúc với các hóa chất độc hại khi gội đầu và nhuộm tóc.
Ngoài ra, tinh dầu bưởi còn có dùng để massage toàn thân với dầu nền và xông hương với đèn điện, xông hương hoặc lò đốt nến để thư giãn, giảm stress.
Sản phẩm đã được Bộ y tế chứng nhận an toàn tuyệt đối cho người sử dụng.
Hạn sử dụng : 1 năm kể từ ngày sản xuất
Bảo quản : nơi khô ráo, tránhánh nắng trực tiếp, đậy kín lọ sau khi sử dụng.</pre>', 45, 'Mẹ Ken', 'USED', 9.837938373113412, 73, 180000, 28, 5.0, 'https://vn-test-11.slatic.net/original/be289f708a283f38d74f34edafc2778d.jpg;https://vn-test-11.slatic.net/original/633316f807e4a20a4ee5fa93063ed958.jpg;https://vn-test-11.slatic.net/original/5bc4684183cda3a950629688c74c3677.jpg;https://vn-test-11.slatic.net/original/2cde5025a79178d8f3d7639b34970c89.jpg;https://vn-test-11.slatic.net/original/abf2f018a222efb72318dd5bfc258e23.jpg;https://vn-test-11.slatic.net/original/a42f03e40ebc3692bbc16a3d086b9502.jpg;https://vn-test-11.slatic.net/original/1231b79bcad114b1ac769891d38cf109.jpg;https://vn-test-11.slatic.net/original/d8c5dcf3e7c88ab5c94688183463ab59.jpg;', 13, 4);

INSERT INTO review (id, product_id, reviewer, rating, `comment`) VALUES(45100, 4510, 'Nguyễn T.', 3, 'Dùng hiệu quả, tóc bắt đầu mọc lún phún rồi, tóc cũng khỏe hơn, hết chẻ ngọn và khô xơ');

INSERT INTO review (id, product_id, reviewer, rating, `comment`) VALUES(45101, 4510, 'Lazada Customer', 1, 'Mình dùng kết hợp tinh dầu bưởi với dầu gội thảo dược Mẹ Ken để trị chứng hói da dầu. Đã có hiệu quả, tóc mình đã mọc tóc con rồi, không còn tự ti vì hói da đầu nữa, thực sự cảm ơn chị chủ shop đã tư vấn nhiệt tình cách sử dụng.');

INSERT INTO review (id, product_id, reviewer, rating, `comment`) VALUES(45102, 4510, 'NGUYEN T.', 2, 'sản phẩm tốt, dùng hiệu quả');

INSERT INTO review (id, product_id, reviewer, rating, `comment`) VALUES(45103, 4510, 'Lazada Customer', 0, 'Dùng lần đầu chưa thấy tác dụng, dùng đến lần thứ 3-4 thấy hiệu quả rõ rệt, tóc con mọc tua tủa, tóc dày hơn và không bị chẻ ngọn nữa');

INSERT INTO review (id, product_id, reviewer, rating, `comment`) VALUES(45104, 4510, 'Lazada Customer', 4, 'Sài tốt lắm nha, mùi bưởi đậm đặc, lưu lại trên tóc mùi thơm dễ chịu, Chưa biết có kích thích mọc tóc hiệu quả không, nhưng trước mắt thấy tóc bóng mượt hơn, trước tóc mình khô lắm.');

INSERT INTO product (id, name, short_desc, full_desc, category_id, brand_name, status, weight, available_item, unit_price, discount_percent, avg_rating, img_url, total_rating, supplier_id) VALUES(4511, 'Maxxhair - Mọc tóc nhanh, ngừa rụng tóc', 'Maxxhair - Mọc tóc nhanh, ngừa rụng tóc', '<pre>Maxxhair là sản phẩm chứa các hoạt chất hướng tới 3 công dụng:
Trị tóc dầu, ngăn rụng tóc: Nhờ lấy lại cân bằng nội tiết tố DHT trong cơ thể, giảm bã nhờn bài tiết quá mức trên da đầu, giải quyết khoảng 80% trường hợp rụng tóc, hói đầu
Kích thích tóc mọc nhanh, khỏe, đẹp: cung cấp đẩy đủ các dưỡng chất, vitamin cần thiết cho sự phát triển của tóc.
Giải độc cho tóc: Tăng cường chức năng gan, thận, giải độc, lọc máu, chống oxy hóa, giúp đào thải các chất độc ra ngoài cơ thể</pre>', 45, 'No Brand', 'USED', 5.715547560474005, 36, 205000, 28, 4.7, 'https://vn-test-11.slatic.net/p/5/maxxhair-moc-toc-nanh-ngua-rung-toc-2446-19434834-33f7da25d1349d6b8ea3685f3989e76c-catalog.jpg;', 20, 3);

INSERT INTO review (id, product_id, reviewer, rating, `comment`) VALUES(45110, 4511, 'Phương H.', 1, 'tóc rụng nhiều thấy mà tiếc luôn do duỗi nhộm. uống hết 1 hộp tóc rụng vài sợi thôi. các bạn nên dùng thử hay lắm.');

INSERT INTO review (id, product_id, reviewer, rating, `comment`) VALUES(45111, 4511, 'Trieuphucvan', 4, 'chưa thấy tien triển gì cả.');

INSERT INTO review (id, product_id, reviewer, rating, `comment`) VALUES(45112, 4511, 'Lazada Customer', 0, 'Không thấy hiệu quả sau 1 tuần sử dụng');

INSERT INTO review (id, product_id, reviewer, rating, `comment`) VALUES(45113, 4511, 'NH A.', 3, 'hiệu quả');

INSERT INTO review (id, product_id, reviewer, rating, `comment`) VALUES(45114, 4511, 'Di T.', 2, '');

INSERT INTO product (id, name, short_desc, full_desc, category_id, brand_name, status, weight, available_item, unit_price, discount_percent, avg_rating, img_url, total_rating, supplier_id) VALUES(4512, 'Nước gội đầu bồ kết và vỏ bưởi cô đặc Mộc Nhu trị rụng tóc và trị gàu.', 'Nước gội đầu bồ kết và vỏ bưởi cô đặc Mộc Nhu trị rụng tóc và trị gàu.', '<pre>Chiết xuất 100% nguyên liệu thiên nhiên bao gồm: bồ kết, vỏ bưởi, hương nhu, sả, bạc hà và các loại lá thơm khác
Trị sạch gàu và giảm tình trạng rụng tóc
Tự động hút sạch chất cặn bã, kim loại nặng, bụi bẩn, tế bào chết,… tích tụ bên trong da đầu, nang tóc và tuyến bãn nhờn
Sau khoảng 7 – 10 lần gội đầu, tóc ngưng rụng, tình trạng tóc bết dính, ngứa ngáy và nhiều gàu giảm khoảng70%
Sản phẩm đạt chuẩn về chất lượng, được sản xuất theo quy trình chuẩn, luôn đảm an toàn và vệ sinh trong khâu bào chế
Phù hợp cho cả nam nữ trẻ trên 6 tuổi</pre>', 45, 'OEM', 'USED', 3.620329998562542, 75, 170000, 28, 4.8, 'https://vn-test-11.slatic.net/p/a66686f3bf926b834926c3de39f41f73.jpg;https://vn-test-11.slatic.net/p/43fe5f821efd890f593ee5bd72ce7727.jpg;https://vn-test-11.slatic.net/p/7004b3b73726576834d5373e0d4bb632.jpg;https://vn-test-11.slatic.net/p/626ba2ad741c199d25ee77b012c6645f.jpg;https://vn-test-11.slatic.net/p/879cc3173b7348c4e1446c335e365bb7.jpg;', 53, 2);

INSERT INTO review (id, product_id, reviewer, rating, `comment`) VALUES(45120, 4512, 'Lê A.', 3, 'dầu gội thơm, ko có bọt và chất tẩy, mình dùng 1 tuần mà tóc giảm rụng hẳn luôn. Giờ thì cả nhà dùng dầu này luôn');

INSERT INTO review (id, product_id, reviewer, rating, `comment`) VALUES(45121, 4512, 'lê D.', 4, 'đúng hình, mẫu mã đẹp, gói kỹ, sử dụng được vài hôm thấy hiệu quả rõ rệt, đang vẫn sử dụng để theo dõi kết quả tiếp, tạm đánh giá 5 sao cho shop vì phục vụ tốt');

INSERT INTO review (id, product_id, reviewer, rating, `comment`) VALUES(45122, 4512, 'Linh T.', 1, 'dag dung thu');

INSERT INTO review (id, product_id, reviewer, rating, `comment`) VALUES(45123, 4512, 'Phan T.', 3, 'dầu gội tốt. cho 5 sao');

INSERT INTO review (id, product_id, reviewer, rating, `comment`) VALUES(45124, 4512, 'lê V.', 1, 'mới nhận dc sản phẩm , chờ sử dụng xem hiệu quả không đánh giá tiếp');

INSERT INTO product (id, name, short_desc, full_desc, category_id, brand_name, status, weight, available_item, unit_price, discount_percent, avg_rating, img_url, total_rating, supplier_id) VALUES(4513, 'Tinh dầu dưỡng tóc Unitque Crystal Serum Hồng', 'Tinh dầu dưỡng tóc Unitque Crystal Serum Hồng', '<pre>Không gây bệch, không gây bám bụi
Hương thơm dễ chịu và sang trọng
Cho mái tóc mềm mượt óng ảvà bồng bềnh tự nhiên
Sản phẩm cónhà phân phối chính thức tại việt nam
Sản phẩm đã lưu hành nhiều năm và có uy tín tronghệ thống hair salon trên toàn quốc</pre>', 45, 'No Brand', 'USED', 7.169291449396181, 73, 99900, 28, 4.9, 'https://vn-test-11.slatic.net/p/aebab6e7591a918f24ec731028e8d72d.jpg;https://vn-test-11.slatic.net/p/08f17064d6a39f6c9638a11b2f336d4f.jpg;https://vn-test-11.slatic.net/p/0a96b5e683b4ce52443b47d9b850220e.jpg;https://vn-test-11.slatic.net/p/aeacfed4db84a585bc05307dbece9f06.jpg;https://vn-test-11.slatic.net/p/f58a133b1f6730c60e940f9ee827bc77.jpg;', 19, 2);

INSERT INTO review (id, product_id, reviewer, rating, `comment`) VALUES(45130, 4513, 'Nguyễn T.', 2, 'sử dụng tốt, đáng đồng tiền bát gạo');

INSERT INTO review (id, product_id, reviewer, rating, `comment`) VALUES(45131, 4513, 'Nguyễn T.', 4, 'hàng tốt, như hình, dễ tạo nếp, mùi hương nhẹ nhàng, bóc tóc');

INSERT INTO review (id, product_id, reviewer, rating, `comment`) VALUES(45132, 4513, 'Nguyệt D.', 3, 'Xài củg rất mượt tóc...tốt');

INSERT INTO review (id, product_id, reviewer, rating, `comment`) VALUES(45133, 4513, 'Lazada Customer', 2, 'giao nhanh tốt');

INSERT INTO review (id, product_id, reviewer, rating, `comment`) VALUES(45134, 4513, 'Hoanh N.', 4, 'Xài rất thích');

INSERT INTO product (id, name, short_desc, full_desc, category_id, brand_name, status, weight, available_item, unit_price, discount_percent, avg_rating, img_url, total_rating, supplier_id) VALUES(4514, 'Keo xịt tóc màu', 'Keo xịt tóc màu', '<pre>Đặc điểm sản phẩm:Cuộc sống thật nhàm chán biết bao với những vòng xoáy làm việc và học tập, đôi khi bạn muốn làm chuyện gì đó điên rồ một chút - chỉ một chút thôi và không muốn đều đó ảnh hưởng lâu dài đến bạn.
Vậy hãy cùng tôi nổi loạn cùng một mái tóc đỏ bốc lửa, một kiểu đầu xanh rêu, hay cả bảy sắc cầu vồng trên đầu của bạn. Mọi người sẽ bất ngờ khi thấy bạn dám tự tin thể hiện cá tính đền vậy và rồi ngày hôm sau - như một phép màu bạn trở lại là chính bạn như trước kia.
Với 16 màu thỏa mái thể hiện. Thành tạo màu từ tự nhiên do không phải sử dụng những hóa chất giúp giữ màu không những vậy keo xịt bổ sung Vitamin B5 giúp duy trì mái tóc bóng mượt của bạn.
Đặc biệt, bạn có thể gội sạch màu chỉ bằng nước.
Hướng dẫn:
Lắc đều chai. Xịt keo màu lên phần tóc hoặc toàn bộ mái tóc. Lưu ý: Để tạo hiệu quả tối đa nên lắc chai thật đều và để chai thẳng đứng cách 30 cm.Trọng lượng:100ML</pre>', 45, 'Familia', 'NEW', 5.373941998125089, 90, 39000, 28, 4.3, 'https://vn-test-11.slatic.net/original/d67d8a1d0f8c009c15e34f4e64e30865.jpg;https://vn-test-11.slatic.net/original/698b389bfa7bda69c6b355c627f1a144.jpg;https://vn-test-11.slatic.net/original/a6922a1c980971841336e330e8418ecf.jpg;https://vn-test-11.slatic.net/original/e9077f966bf25647c1a788d79d099760.jpg;', 102, 5);

INSERT INTO review (id, product_id, reviewer, rating, `comment`) VALUES(45140, 4514, 'Do Y.', 0, 'Màu rất ổn và đẹp. Tắm rửa qua là hết màu ;33 Ko sợ mẹ mắng vì nhuộm màu rồi! Mỗi tội này hơi choé, mik thích màu đỏ hoa hồng hơn :<');

INSERT INTO review (id, product_id, reviewer, rating, `comment`) VALUES(45141, 4514, 'hiếu', 4, 'ok đấy chứ !! thấy mấy bạn bảo k dính .. nhưng mà mình thấy nó dính ghê ...gội mãi mới hết ...nhưng hàng ok');

INSERT INTO review (id, product_id, reviewer, rating, `comment`) VALUES(45142, 4514, 'Y N.', 1, '');

INSERT INTO review (id, product_id, reviewer, rating, `comment`) VALUES(45143, 4514, 'Nhõ M.', 0, 'Mau gi kh ra mau gi ht');

INSERT INTO review (id, product_id, reviewer, rating, `comment`) VALUES(45144, 4514, 'Vy K.', 2, 'mùi thơm xịt lên mát đã lắm lại còn đẹp nữa 😍😍😍😍');

INSERT INTO product (id, name, short_desc, full_desc, category_id, brand_name, status, weight, available_item, unit_price, discount_percent, avg_rating, img_url, total_rating, supplier_id) VALUES(4515, '[ SOCOLA 48cm ]Tóc Cột Giả Cao Cấp, Tóc Giả [4#]', '[ SOCOLA 48cm ]Tóc Cột Giả Cao Cấp, Tóc Giả [4#]', '<pre>Tóc Cột Giả Cao Cấp Màu SOCOLA 48cm [4#]- Tóc giả Cột Đuôi Tóc (Tơ Nhân Tạo)
- Chất liệu : Tơ nhân tạo, có thể gội, xả được
- Màu có 4 màu như ảnh : đen - nâu vàng - nâu đỏ xẩm - Nâusocola
- Size có 3 Size:38 - 48 - 58  cm
- chất tóc đẹp như tóc thật, cột lên đuôi tóc dể dàng, khó phát hiện- Dạ Mẫu đó chon màu theo tên sản phẩm Bạn ạ. Bạn vào đi đến của hàng của Mình là Shoptido - Vào Shop - xem thêm nhiều Sản phẩm - chon loại hàng đúng tên đúng màu Bạn nhé </pre>', 45, 'No Brand', 'USED', 5.967389822899193, 96, 48000, 28, 4.7, 'https://vn-test-11.slatic.net/p/7523bf01617f703aca311093f5788e9c.jpg;https://vn-test-11.slatic.net/p/5/toc-cot-gia-cao-cap-mau-socola-48cm-4-0905-87751593-7aa0721f2c1b543cfacf0187ed95db08-catalog.jpg;https://vn-test-11.slatic.net/p/5/toc-cot-gia-cao-cap-mau-socola-48cm-4-0905-87751593-e4ac463af77f81c03e426cd3bd422286-catalog.jpg;https://vn-test-11.slatic.net/p/5/toc-cot-gia-cao-cap-mau-socola-48cm-4-0905-87751593-ae0988d941c9cb711c9dba2073b42b1e-catalog.jpg;https://vn-test-11.slatic.net/p/5/toc-cot-gia-cao-cap-mau-socola-48cm-4-0905-87751593-2757c9a607386cb85058a10e533b1177-catalog.jpg;https://vn-test-11.slatic.net/p/5/toc-cot-gia-cao-cap-mau-socola-48cm-4-0905-87751593-c8958c3f6d1b855d9f400fc8f7af4d0e-catalog.jpg;https://vn-test-11.slatic.net/p/5ff2ca254ccf850b512a377d334a1999.jpg;https://vn-test-11.slatic.net/p/c7fd5964b636eb3db0de4fb487e368bc.jpg;', 81, 8);

INSERT INTO review (id, product_id, reviewer, rating, `comment`) VALUES(45150, 4515, 'Kim T.', 4, 'Tóc đẹp mềm giống tóc thật❤️');

INSERT INTO review (id, product_id, reviewer, rating, `comment`) VALUES(45151, 4515, 'Như Q.', 1, 'mới nhận được hàng. tóc khá là ok.... 👌👌👌👌');

INSERT INTO review (id, product_id, reviewer, rating, `comment`) VALUES(45152, 4515, 'Nguyễn N.', 1, 'Tóc đẹp. Mượt. Giống tóc thật');

INSERT INTO review (id, product_id, reviewer, rating, `comment`) VALUES(45153, 4515, 'Lazada Customer', 4, 'dep đúq màu ok');

INSERT INTO review (id, product_id, reviewer, rating, `comment`) VALUES(45154, 4515, 'Như K.', 0, 'toc giả đẹp');

INSERT INTO product (id, name, short_desc, full_desc, category_id, brand_name, status, weight, available_item, unit_price, discount_percent, avg_rating, img_url, total_rating, supplier_id) VALUES(4516, 'Keo xịt tóc màu Familiar 100ml - Hàng nhập khẩu', 'Keo xịt tóc màu Familiar 100ml - Hàng nhập khẩu', '<pre>- Tên sản phẩm. : Keo xịt tóc màu 
- Thương hiệu : Familiar
- Màu sắc : Nhiều màu 
- Dung tích :  100ml
- Hàng chính hãng công ty, được bình chọn hàng Việt Nam chất lượng cao
- Thể tích : 100ml. Hạn sử dụng: 24 tháng</pre>', 45, 'ITOH', 'USED', 2.912678117164244, 72, 35100, 28, 4.6, 'https://vn-test-11.slatic.net/p/5/keo-xit-toc-mau-familiar-100ml-b2-mau-vang-nau-hang-nhap-khau-2894-15887124-4e3c477a1b67c54e0f83395fe2cd6668-catalog.jpg;https://vn-test-11.slatic.net/p/5/keo-xit-toc-mau-familiar-100ml-b2-mau-vang-nau-hang-nhap-khau-2894-15887124-533cbf3baa9e3dc36dc8853a2303beec-catalog.jpg;https://vn-test-11.slatic.net/p/5/keo-xit-toc-mau-familiar-100ml-b2-mau-vang-nau-hang-nhap-khau-2894-15887124-cb4a346d6ce795c30f9da95525d4f03f-catalog.jpg;https://vn-test-11.slatic.net/p/5/keo-xit-toc-mau-familiar-100ml-b2-mau-vang-nau-hang-nhap-khau-2894-15887124-788c69326b085d4ec540ed4d5c300dc4-catalog.jpg;https://vn-test-11.slatic.net/p/5/keo-xit-toc-mau-familiar-100ml-b2-mau-vang-nau-hang-nhap-khau-2894-15887124-3bdf2f18d840396943a2baa26c66cabf-catalog.jpg;', 39, 3);

INSERT INTO review (id, product_id, reviewer, rating, `comment`) VALUES(45160, 4516, 'Hiếu D.', 2, '');

INSERT INTO review (id, product_id, reviewer, rating, `comment`) VALUES(45161, 4516, 'duc B.', 3, '');

INSERT INTO review (id, product_id, reviewer, rating, `comment`) VALUES(45162, 4516, 'Trung D.', 3, 'chưa nhận được hàng');

INSERT INTO review (id, product_id, reviewer, rating, `comment`) VALUES(45163, 4516, 'Kel S.', 2, 'màu chất đấy mà rụi vào đau😂');

INSERT INTO review (id, product_id, reviewer, rating, `comment`) VALUES(45164, 4516, 'duy N.', 1, 'hàng tốt');

INSERT INTO product (id, name, short_desc, full_desc, category_id, brand_name, status, weight, available_item, unit_price, discount_percent, avg_rating, img_url, total_rating, supplier_id) VALUES(4517, 'Bộ 2 dầu gội chống gàu Rohto Selsun 100ml + Tặng 1 dầu xả dưỡng tóc Selsun 100ml', 'Bộ 2 dầu gội chống gàu Rohto Selsun 100ml + Tặng 1 dầu xả dưỡng tóc Selsun 100ml', '<pre>Đánh bay nấm gây gàu, làm sạch vảy nấm và ngứa da đầu
Giữ cho da đầu không gàu; không ngứa và luôn khỏe mạnh
Tinh chất trà xanh giúp phục hồi tóc bị khô yếu và dễ gãy rụng; cho tóc luôn suôn khỏe.
Tinh dầu ô liu nguyên chất giúp dưỡng ẩm; giảm khô rối để tóc luôn mềm mượt
Có thể dùng cho cả tóc nhuộm và uốn</pre>', 45, 'Rohto', 'USED', 1.7980277999318361, 49, 180000, 28, 4.7, 'https://vn-test-11.slatic.net/p/4b1b2223383cbbcbbbcce5d9f57095f2.jpg;https://vn-test-11.slatic.net/p/5/bo-2-dau-goi-chong-gau-rohto-selsun-100ml-tang-1-dau-xa-duong-toc-selsun-100ml-7408-7492112-6dcbe9debea9104b3924138e72a02977-catalog.jpg;https://vn-test-11.slatic.net/original/1d9d92c9f80533a8b06a10f1957ded8c.jpg;https://vn-test-11.slatic.net/original/ed2a59085d4371e638d0354afea681ce.jpg;https://vn-test-11.slatic.net/original/1ae09bad233eb2847106cd19e4de85b2.jpg;', 571, 5);

INSERT INTO review (id, product_id, reviewer, rating, `comment`) VALUES(45170, 4517, 'Nguyễn V.', 1, 'Giao hàng nhanh chóng, tối đặt hàng, sáng đã tới. Đóng gói sản phẩm kĩ càng, chắc chắn. Sản phẩm như hình');

INSERT INTO review (id, product_id, reviewer, rating, `comment`) VALUES(45171, 4517, 'Lazada Customer', 4, 'selsun xài rồi nên chất lượng khỏi bàn ^^ Tiệm thuốc tây cũng bán đầy. N Lazada rẻ hơn nhìu :)) Mua đợt 12/12 sale khủng, giờ Feb.1 năm 2019 mới vô đánh giá =)))');

INSERT INTO review (id, product_id, reviewer, rating, `comment`) VALUES(45172, 4517, 'Nguyễn M.', 1, 'Đóng gói đẹp');

INSERT INTO review (id, product_id, reviewer, rating, `comment`) VALUES(45173, 4517, 'Đoàn T.', 1, 'Hàng này đã dùng nên mua thêm vì chất lượng tốt. Hàng giao đảm bảo, bao bì đẹp, gọn gàng. rẻ hơn thị trường.');

INSERT INTO review (id, product_id, reviewer, rating, `comment`) VALUES(45174, 4517, 'Cao L.', 4, 'Dầu gội gì chán ghê. Mua combo 2 chai mà chưa xài hết nửa chai đã hết gàu, hết ngứa rồi. Đành phải xài tiếp phần còn lại thôi chứ hong dám đổi dầu khác luôn :)))))
Có khi mấy ngày quên không gội đầu, do không thấy gàu mà cũng chả ngứa, chả dơ gì hết. Nản thiệt. Kiểu này có mà ở dơ miết thôi. 5 sao :D');

INSERT INTO product (id, name, short_desc, full_desc, category_id, brand_name, status, weight, available_item, unit_price, discount_percent, avg_rating, img_url, total_rating, supplier_id) VALUES(4518, '[ Mẫu mới ] Combo dầu gội và dầu xả TRESemmé Keratin Smooth 450ml - Thái Lan', '[ Mẫu mới ] Combo dầu gội và dầu xả TRESemmé Keratin Smooth 450ml - Thái Lan', '<pre>[ Mẫu mới ] Combo dầu gội và dầu xả TRESemmé Keratin Smooth
Xuất xứ: Thái Lan
Quy cách: 450ml/ chai dầu gội và dầu xả
Ngày sản xuất in trên bao bì. HSD 3 năm kể từ ngày sản xuất.
Đặc biệt, sản phẩm còn thích hợp với cả tóc nhuộm.
Có ngay mái tóc suôn mượt tuyệt vời chuẩn salon ngay tại nhà với dòng sản phẩm TRESemmé Keratin Smooth, với công thức đặc chế cho bạn mái tóc bóng, dễ tạo kiểu, và mượt mà.</pre>', 45, 'Tresemme', 'NEW', 7.825812352119808, 59, 180000, 28, 5.0, 'https://vn-test-11.slatic.net/p/f1ccdb2babbf01d52618ebb7ee280cbc.jpg;https://vn-test-11.slatic.net/p/8587cf8be58a04c02d647142846d1bca.jpg;https://vn-test-11.slatic.net/p/690560541f86dd7e4d006920d81a985d.jpg;https://vn-test-11.slatic.net/p/f6b044bca84a19937c606cd75874a149.jpg;https://vn-test-11.slatic.net/p/9a55392edcec665535efab4346b5770f.jpg;', 1, 5);

INSERT INTO product (id, name, short_desc, full_desc, category_id, brand_name, status, weight, available_item, unit_price, discount_percent, avg_rating, img_url, total_rating, supplier_id) VALUES(4519, 'sáp vuốt tóc màu 9 màu cho quý khách chọn: màu Xám khói - Bạch kim - Tím - Xanh lam- Xanh rêu - Vàng - cafe - đỏ - đen', 'sáp vuốt tóc màu 9 màu cho quý khách chọn: màu Xám khói - Bạch kim - Tím - Xanh lam- Xanh rêu - Vàng - cafe - đỏ - đen', '<pre>BẠN LUÔN MUỐN SỞ HỮU NHỮNG MÁI TÓC THẬT NỔI BẬT VÀ CÁ TÍNH NHƯNG BẠN KHÔNG MUỐN ĐẾN TIỆM NHUỘM TÓC VÌ: - ĐIỀU KIỆN CÔNG VIỆC VÀ HỌC TẬP KHÔNG CHO PHÉP. - CHI PHÍ NHUỘM UỐN ĐẮT ĐỎ. - VIỆC UỐN NHUỘM QUÁ NHIỀU GÂY HƯ TỔN TÓC. - BẠN THẬM CHÍ KHÔNG MUỐN CỐ ĐỊNH MỘT MÀU TÓC. Vậy chắc chắn sáp vuốt tóc tạo màu Ash mud sẽ giúp bạn đập tan tất cả những nỗi lo trên với 2 tính năng: ==> " Hai trong Một" - Vừa là sáp tạo kiểu vừa là sáp tạo màu. ==> " Vuốt là lên, gội là hết" - Sáp vuốt lên màu cực nhanh và dễ dàng và chỉ cần gội dầu bằng dầu gội 1 lần là tóc sẽ quay trở lại với màu ban đầu của tóc. - Dung tích: 56g - Xuất xứ: Nhật Bản - Độ cứng: 5/5 - Sản phẩm có 6 màu gồm: Xám khói - Bạch kim - Tím - Hồng - Xanh lam- Xanh rêu - Vàng hoàn toàn thỏa thích cho bạn lựa chọn quý khach vui long vao shop chon san pham con lai</pre>', 45, 'EOM', 'NEW', 2.328478988071977, 27, 81000, 28, 4.0, 'https://vn-test-11.slatic.net/p/5b2ac34e9900158eec493bf80e68ff33.jpg;https://vn-test-11.slatic.net/p/413e0c9eafec6694f95bfacd436b6f79.jpg;https://vn-test-11.slatic.net/p/f30112c20270537c134161606a298957.jpg;', 144, 4);

INSERT INTO review (id, product_id, reviewer, rating, `comment`) VALUES(45190, 4519, 'lê Đ.', 4, 'đẹp mình còn mua lọ xám khói nữa nhuộm đẹp cơ mà nổi bật quá nên chưa vuốt ra ngoài màu đều đẹp tăng độ handsome 😂😂😂😂');

INSERT INTO review (id, product_id, reviewer, rating, `comment`) VALUES(45191, 4519, 'Hậu P.', 0, '');

INSERT INTO review (id, product_id, reviewer, rating, `comment`) VALUES(45192, 4519, 'Minh', 2, '');

INSERT INTO review (id, product_id, reviewer, rating, `comment`) VALUES(45193, 4519, 'NhậtTân', 4, 'Tốt đay shop');

INSERT INTO review (id, product_id, reviewer, rating, `comment`) VALUES(45194, 4519, 'kiều L.', 4, 'Sáp lên màu ok shop ạ. Một lần dùng hết có xíu thế này tiết kiệm quá, hôm bữa mua 5 lọ 5 màu em xài mỗi ngày một màu thôi 😂😂');

INSERT INTO product (id, name, short_desc, full_desc, category_id, brand_name, status, weight, available_item, unit_price, discount_percent, avg_rating, img_url, total_rating, supplier_id) VALUES(4520, 'Xịt nhuộm tóc phủ bạc tạm thời L''Oreal Paris Magic Retouch 75ml', 'Xịt nhuộm tóc phủ bạc tạm thời L''Oreal Paris Magic Retouch 75ml', '<pre>Tóc bạc biến mất chỉ sau 3 giây
Dễ dàng làm sạch sau một lần gội
Không hại tóc và da đầu
Không dây dính ra quần áo, không bết và nặng tóc.</pre>', 45, 'L''Oreal Paris', 'USED', 0.7844417482732552, 5, 110000, 28, 4.8, 'https://vn-test-11.slatic.net/p/e626fc97b56afc3d5f7c90e2d5d5194c.jpg;https://vn-test-11.slatic.net/p/59a3f5d6407167f294ab07b45e160da9.jpg;https://vn-test-11.slatic.net/p/1d1dbe566460fa08d1a0be7fe11108c9.jpg;https://vn-test-11.slatic.net/p/34b143837482282af53138197d3dd137.jpg;https://vn-test-11.slatic.net/p/2be8d2a13b75857e969d4456f9d93a66.jpg;', 617, 1);

INSERT INTO review (id, product_id, reviewer, rating, `comment`) VALUES(45200, 4520, 'Nhung', 1, 'giao hang nhanh. em chua thu.');

INSERT INTO review (id, product_id, reviewer, rating, `comment`) VALUES(45201, 4520, 'Bùi T.', 4, 'Tiện lợi . nhưng chưa gội đã bay màu ( theo quảng cáo là khi gội mới hết màu).');

INSERT INTO review (id, product_id, reviewer, rating, `comment`) VALUES(45202, 4520, 'Dũng N.', 1, 'Ok');

INSERT INTO review (id, product_id, reviewer, rating, `comment`) VALUES(45203, 4520, 'Lê C.', 4, 'Hàng chính hãng.');

INSERT INTO review (id, product_id, reviewer, rating, `comment`) VALUES(45204, 4520, 'Tran T. từ lazada.vn', 3, 'hàng dỏm xịt hết cả chai hơi mát da đầu xong không phủ được tí nào,bac vẫn là bạc.tiền mất tật mang.');

INSERT INTO product (id, name, short_desc, full_desc, category_id, brand_name, status, weight, available_item, unit_price, discount_percent, avg_rating, img_url, total_rating, supplier_id) VALUES(4521, 'Bộ sản phẩm chăm sóc ngăn rụng tóc L''Oreal Paris Elseve Fall Resist 3X (Gội 650ml + Xả 325ml)', 'Bộ sản phẩm chăm sóc ngăn rụng tóc L''Oreal Paris Elseve Fall Resist 3X (Gội 650ml + Xả 325ml)', '<pre>Cung cấp cho tóc các dưỡng chất thiết yếu giúp ngăn tóc gãy rụng
Tinh chất Argine nuôi tóc từ gốc rễ, phục hồi cấu trúc tóc, giúp tóc mọc khỏe hơn</pre>', 45, 'L''Oreal Paris', 'NEW', 2.8056095487778236, 80, 139000, 28, 5.0, 'https://vn-test-11.slatic.net/p/18256e8a9c9a01248d8fc17009fd89d0.jpg;https://vn-test-11.slatic.net/p/7dada1c072a85de774613988630050ac.jpg;https://vn-test-11.slatic.net/p/713682f5f74ab5216560fe58d3449887.jpg;https://vn-test-11.slatic.net/p/c10a95a483f42a75577edf3e794db342.jpg;https://vn-test-11.slatic.net/p/e6d86254772136d18444fb7c835f0d4d.jpg;', 2, 1);

INSERT INTO review (id, product_id, reviewer, rating, `comment`) VALUES(45210, 4521, 'Huỳnh N.', 0, 'Đã nhận được, sản phẩm tốt giá rẻ');

INSERT INTO product (id, name, short_desc, full_desc, category_id, brand_name, status, weight, available_item, unit_price, discount_percent, avg_rating, img_url, total_rating, supplier_id) VALUES(4522, 'Dụng cụ thắt bím tóc chuyên nghiệp', 'Dụng cụ thắt bím tóc chuyên nghiệp', '<pre>Dụng cụ thắt bím tóc chuyên nghiệp
Giá bán : 13.000/cái
https://www.youtube.com/watch?v=7ymkhg1EV8A
Dụng cụ thắt bím tóc chuyên nghiệp giúp bạn tạo một bím tóc thật ấn tượng. Thiết kế dạng xoắn độc đáo. Giúp bạn tạo kiểu tóc bím đều, đẹp, nhanh. Cho bạn biến tấu mái tóc theo ý thích riêng của mình. Dễ sử dụng chỉ cần 05 phút là bạn đã có ngay một kiểu tóc tết đẹp mắt. Không làm xù tóc, không ảnh hưởng xấu đến sự phát triển của tóc. Chất liệu nhựa cao cấp, dẻo dai, đàn hồi tốt. Không gây đau đầu, hư tổn tóc. Kích thước nhỏ gọn, cho bạn thoải mái mang theo mọi lúc mọi nơi. Tạo ấn tượng bất ngờ trước đám đông chỉ sau vài phút.</pre>', 45, 'No Brand', 'NEW', 2.9695693380658024, 64, 13000, 28, 4.3, 'https://vn-test-11.slatic.net/original/bfd1f3cda3ea4536ec2685ae879846f4.jpg;https://vn-test-11.slatic.net/original/7541e06fae9946a86f0fc366915adf30.jpg;https://vn-test-11.slatic.net/original/493bbfe7cd8e649ea283e7dc4e7008b8.jpg;https://vn-test-11.slatic.net/original/1465bdfb81b828e78e176d8aa13b5914.jpg;https://vn-test-11.slatic.net/original/613a30b85c66bd1a3a8ce5cb360ba036.jpg;', 8, 9);

INSERT INTO review (id, product_id, reviewer, rating, `comment`) VALUES(45220, 4522, 'Hùng N.', 2, 'ok');

INSERT INTO product (id, name, short_desc, full_desc, category_id, brand_name, status, weight, available_item, unit_price, discount_percent, avg_rating, img_url, total_rating, supplier_id) VALUES(4523, 'Lược Bán Nguyệt Chaoba tạo phồng kiểu tóc', 'Lược Bán Nguyệt Chaoba tạo phồng kiểu tóc', '<pre>Lược Bán Nguyệt Chaoba là phụ kiện không thể thiếu của nam giới hiện nay. Bởi nếu bạn muốn có mái tóc nam đẹp mà không dùng lược thì không thể có mái tóc đẹp được!</pre>', 45, 'OEM', 'USED', 2.277106633867287, 83, 27800, 28, 4.5, 'https://vn-test-11.slatic.net/p/5/luoc-ban-nguyet-chaoba-5357-83048901-a5144867e4453ac74586c52f2bb74ae1-catalog.jpg;https://vn-test-11.slatic.net/p/5/luoc-ban-nguyet-chaoba-5811-83048901-644e62ca9a7111be7f56e80056d3c2ab-catalog.jpg;https://vn-test-11.slatic.net/p/5/luoc-ban-nguyet-chaoba-5811-83048901-b2486e54017b409c4aab6fe6594b7e6d-catalog.jpg;https://vn-test-11.slatic.net/p/5/luoc-ban-nguyet-chaoba-5811-83048901-4c4e5bee766d9749dad2d01c7efa81f2-catalog.jpg;https://vn-test-11.slatic.net/p/5/luoc-ban-nguyet-chaoba-5811-83048901-eca7fe194ed2687b860b4bd0a73c9c03-catalog.jpg;', 32, 6);

INSERT INTO review (id, product_id, reviewer, rating, `comment`) VALUES(45230, 4523, 'Hùng', 0, 'Sản phẩm giao thì ok. Được đóng gói cẩn thận nhưng bên trong hoá đón kèm theo có lông đi kèm không biết lông nách hay là lông cờ hym :V');

INSERT INTO review (id, product_id, reviewer, rating, `comment`) VALUES(45231, 4523, 'Lazada Customer', 0, '');

INSERT INTO review (id, product_id, reviewer, rating, `comment`) VALUES(45232, 4523, 'Huỳnh V.', 3, 'Hàng đúng mô tả.');

INSERT INTO review (id, product_id, reviewer, rating, `comment`) VALUES(45233, 4523, 'Nguyễn T.', 4, 'Lược chải êm');

INSERT INTO review (id, product_id, reviewer, rating, `comment`) VALUES(45234, 4523, 'Nguyễn Đ.', 3, 'Đúng như mô tả sản phẩm. Giao hàng đúng hẹn. Gai lược hơi cứng trừ 1 sao.');

INSERT INTO product (id, name, short_desc, full_desc, category_id, brand_name, status, weight, available_item, unit_price, discount_percent, avg_rating, img_url, total_rating, supplier_id) VALUES(4524, 'Dầu hấp ủ tóc Collagen siêu mềm mượt 500ml', 'Dầu hấp ủ tóc Collagen siêu mềm mượt 500ml', '<pre>Giúp cho mái tóc chắc khỏe và bồng bềnh
An toàn khi sử dụng
Hương thơm dịu nhẹ
Dòng sản phẩm chăm sóc tóc chuyên nghiệp đến từ Ý.</pre>', 45, 'Karseell', 'USED', 5.560466644782422, 32, 34000, 28, 4.7, 'https://vn-test-11.slatic.net/original/a39d30149737bf968082e2dbd2664b1b.jpg;https://vn-test-11.slatic.net/original/8b8bd775acf949b0f2c944563bc016a5.jpg;https://vn-test-11.slatic.net/original/97c23249b52ff39135432fe7ad5414ae.jpg;', 3, 1);

INSERT INTO product (id, name, short_desc, full_desc, category_id, brand_name, status, weight, available_item, unit_price, discount_percent, avg_rating, img_url, total_rating, supplier_id) VALUES(4525, 'Dầu Gội Bưởi Kích Thích Mọc Tóc, Chống Rụng Tóc', 'Dầu Gội Bưởi Kích Thích Mọc Tóc, Chống Rụng Tóc', '<pre>Kích thích mọc tóc, làm dài tóc
Ngăn rụng tóc, Giảm tóc xơ rối
Phục hồi tóc hư tổn và chẻ ngọn
Làm sạch gàu và làm mềm mịn da đầu</pre>', 45, 'OEM', 'NEW', 7.655185810667502, 37, 39000, 28, 4.3, 'https://vn-test-11.slatic.net/original/cedc0fbedd316c272de1fc3254bd3e2c.jpg;https://vn-test-11.slatic.net/original/56abb2964c9635fca0508e97fc472abe.jpg;https://vn-test-11.slatic.net/original/1c39199b3b66c4b8da13da91c10367e0.jpg;', 9, 7);

INSERT INTO review (id, product_id, reviewer, rating, `comment`) VALUES(45250, 4525, 'Ánh', 0, 'Rất thơm và sạch da đầu. Còn kich thich mọc tóc thì chưa biết.');

INSERT INTO review (id, product_id, reviewer, rating, `comment`) VALUES(45251, 4525, 'Bé G.', 4, 'k thấy mọc cả vẫn nhu cũ');

INSERT INTO review (id, product_id, reviewer, rating, `comment`) VALUES(45252, 4525, 'Đinh L.', 1, 'Dau gôi tôt lam sôp');

INSERT INTO review (id, product_id, reviewer, rating, `comment`) VALUES(45253, 4525, 'Hùng P.', 3, 'Da nhan duoc hang.');

INSERT INTO product (id, name, short_desc, full_desc, category_id, brand_name, status, weight, available_item, unit_price, discount_percent, avg_rating, img_url, total_rating, supplier_id) VALUES(4526, 'Dầu xả OGX Biotin & Collagen 385ml', 'Dầu xả OGX Biotin & Collagen 385ml', '<pre>Hãng sản xuất: OXG Biotin & Collagen
Xuất xứ: Mỹ
Bổ sung Collagen và Biotin cho tóc Giúp tóc mềm mượt và bồng bềnh
Hỗ trợ chống rụng tóc và phục hồi sức khỏe cho tóc
Thích hợp cho bất kỳ loại tóc hay da đầu.</pre>', 45, 'OGX', 'NEW', 4.393448409017658, 21, 170000, 28, 4.7, 'https://vn-test-11.slatic.net/original/4af6f3dc8d54d3be5e6698afdc150104.jpg;https://vn-test-11.slatic.net/original/35ffb6abcef0b25e10f482d9c0f94a2f.jpg;https://vn-test-11.slatic.net/original/55c11b4f5555d248b46d182a90b62963.jpg;', 20, 1);

INSERT INTO review (id, product_id, reviewer, rating, `comment`) VALUES(45260, 4526, 'Gia D.', 2, 'giao hàng nhanh .sp chính hãng .mùi thơm');

INSERT INTO review (id, product_id, reviewer, rating, `comment`) VALUES(45261, 4526, 'Thái T.', 3, 'Giao hàng quá lâu, biết là do bên vc nhung cũng chờ mỏi mòn');

INSERT INTO review (id, product_id, reviewer, rating, `comment`) VALUES(45262, 4526, 'Phạm T.', 0, 'Giá tốt chất lượng sp ok');

INSERT INTO review (id, product_id, reviewer, rating, `comment`) VALUES(45263, 4526, 'Lê V.', 4, 'hàng tiêu chuẩn , có check đc mã vạch');

INSERT INTO review (id, product_id, reviewer, rating, `comment`) VALUES(45264, 4526, 'ho T.', 0, 'sản phẩm tốt, chất lượng vượt ngoài mong đợi');

INSERT INTO product (id, name, short_desc, full_desc, category_id, brand_name, status, weight, available_item, unit_price, discount_percent, avg_rating, img_url, total_rating, supplier_id) VALUES(4527, 'Serum Dưỡng Tóc dạng gel phục hồi hư tổn, dưỡng tóc chắc khỏe Mise En Scene Perfect Repair Hair Serum 70ml', 'Serum Dưỡng Tóc dạng gel phục hồi hư tổn, dưỡng tóc chắc khỏe Mise En Scene Perfect Repair Hair Serum 70ml', '<pre>Thương hiệu: Mise En Scene
Xuất xứ:Hàn Quốc
Chiết xuất dầu Argan; sữa ong chúa và tinh dầu hoa hồng
Phục hồi tóc,giúp ngọn tóc chắc khoẻ ngừa rụng.
Cải thiện hư tổn nơi chân tóc như chẻ ngọn; khô gãy
Cho mái tóc càng thêm óng mượt với hiệu ứng 3D đẹp từ mọi góc nhìn</pre>', 45, 'Mise En Scene', 'NEW', 5.908488710832818, 4, 134000, 28, 4.7, 'https://vn-test-11.slatic.net/p/ffd3e48f3bfae4d365d818dac31be758.jpg;https://vn-test-11.slatic.net/p/5/serum-duong-toc-dang-gel-phuc-hoi-hu-ton-duong-toc-chac-khoe-mise-en-scene-perfect-repair-hair-serum-70ml-3413-5241926-5807d130ec644331684f4fb0c6b13535-catalog.jpg;https://vn-test-11.slatic.net/p/5/serum-duong-toc-dang-gel-phuc-hoi-hu-ton-duong-toc-chac-khoe-mise-en-scene-perfect-repair-hair-serum-70ml-3413-5241926-3ea6ec1b7f5f507dbbf3e3219c5c2837-catalog.jpg;https://vn-test-11.slatic.net/p/5/serum-duong-toc-dang-gel-phuc-hoi-hu-ton-duong-toc-chac-khoe-mise-en-scene-perfect-repair-hair-serum-70ml-3413-5241926-84f0010593dddbcd558b2f40e6b12c84-catalog.jpg;https://vn-test-11.slatic.net/p/5/serum-duong-toc-dang-gel-phuc-hoi-hu-ton-duong-toc-chac-khoe-mise-en-scene-perfect-repair-hair-serum-70ml-3413-5241926-616c84568ea28c51f360255cc4ad0209-catalog.jpg;https://vn-test-11.slatic.net/p/5/serum-duong-toc-dang-gel-phuc-hoi-hu-ton-duong-toc-chac-khoe-mise-en-scene-perfect-repair-hair-serum-70ml-3413-5241926-8c0dfced30786a7492ce8b58ab43c640-catalog.jpg;https://vn-test-11.slatic.net/p/5/serum-duong-toc-dang-gel-phuc-hoi-hu-ton-duong-toc-chac-khoe-mise-en-scene-perfect-repair-hair-serum-70ml-3413-5241926-02fcf8b8d5eb26a31dbcce6484dcc3d7-catalog.jpg;', 68, 6);

INSERT INTO review (id, product_id, reviewer, rating, `comment`) VALUES(45270, 4527, 'Hang', 1, 'Sản phẩm tốt, mượt mà không bị bết dính tóc. Giữ được nếp tóc khá lâu.');

INSERT INTO review (id, product_id, reviewer, rating, `comment`) VALUES(45271, 4527, 'Lazada Customer', 2, 'Shop giao hộp còn mới toanh, rất hài lòng luôn.Chất lượng thì không có chỗ chê rồi, sẽ tiếp tục ủng hộ shop');

INSERT INTO review (id, product_id, reviewer, rating, `comment`) VALUES(45272, 4527, 'Bảo N.', 1, 'Lần đầu mình dùng serum nên có rất nhiều lo lắng. Khi mua serum này mình dùng rất ưng ý. Gội đầu xong sấy tóc cho đến khi gần khô hẳn. Rồi bôi serum vào tóc. Cảm nhận tóc rất mượt và không hề bị rối. Mùi lại thơm nhẹ rất dễ chịu nữa. Mình rất hài lòng');

INSERT INTO review (id, product_id, reviewer, rating, `comment`) VALUES(45273, 4527, 'Lynklee H.', 3, 'đã nhận hàng, chưa xài nhưng thấy mùi rất dịu, dễ chịu, đóng gói kỷ, nhưng sao không thấy tem chóng hàng giả vậy');

INSERT INTO review (id, product_id, reviewer, rating, `comment`) VALUES(45274, 4527, 'Trần T.', 0, 'Sản phẩm như hình, mùi dễ chịu, không thấy dán giấy tiếng việt về nguồn gốc, hướng dẫn sử dụng, thành phần');

INSERT INTO product (id, name, short_desc, full_desc, category_id, brand_name, status, weight, available_item, unit_price, discount_percent, avg_rating, img_url, total_rating, supplier_id) VALUES(4528, 'Tinh dầu dưỡng tóc Aurane', 'Tinh dầu dưỡng tóc Aurane', '<pre>Thành Phần:Cycolmethicone, Dimethicone, Argan oil, lsoproyl Myristate, FragranceMô tả sản phẩm:Dạng Gel lỏng, kết hợp tinh dầu ARGAN, cung cấp dưỡng chất tạo độ bóng mượt cho tóc đặc biệt với thành phần hạt siêu mịn hàn gắn lõi tóc, thẩm thấu nhanh, không bết tóc, phục hồi cho mái tóc sang đẹp.Là dòng sản phẩm dưỡng tóc cao cấp với hàm lượng dưỡng chất cao và công thức đặc biệt giúp dưỡng chất thấm sâu vào lõi tóc ,phục hồi hư tổn nhanh chóng đồng thời tạo lớp màng bao phủ tóc giúp tóc bóng mượt tức thì và chống lại các tác nhân gây hại cho tóc từ môi trườngTinh dầu chăm sóc tóc Softliss dành riêng cho các bạn có mái tóc hư tổn, uốn, nhuộm, duỗi thường xuyên khiến mái tóc xác xơ và chẻ ngọn. Chỉ sau 1 tuần sử dụng tinh dầu phục hồi tóc của Softliss đảm bảo tóc bạn sẽ mềm mượt và óng ả hơn trông thấy.Cách sử dụng: Cho 3 – 4 giọt tinh dầu vào lòng bàn tay và massage nhẹ nhàng vào tócThể tích:125mlXuất xứ: Pháp</pre>', 45, 'Aurane', 'NEW', 7.117516333549247, 13, 110000, 28, 4.9, 'https://vn-test-11.slatic.net/original/407ceaa26ef5741335a6eb80b5fa51eb.jpg;https://vn-test-11.slatic.net/original/65675f2a004c2abfda985f61208f3b47.jpg;https://vn-test-11.slatic.net/original/42a9261dbdb11bfb7ff6b43782397c89.jpg;https://vn-test-11.slatic.net/original/b30e008d264404a6038a47bfbb2a48db.jpg;https://vn-test-11.slatic.net/original/9087482799f0d87ae4b17982148c21c5.jpg;', 49, 3);

INSERT INTO review (id, product_id, reviewer, rating, `comment`) VALUES(45280, 4528, 'Nhung N.', 1, 'giao hàng nhanh, đóng gói chất lượng, chai khá là to. Shop làm ăn tốt🙂🙂🙂🙂');

INSERT INTO review (id, product_id, reviewer, rating, `comment`) VALUES(45281, 4528, 'Kim T.', 1, 'sp đc shop đóng gói rất cẩn thận.sp vẫn trong hộp của cty và sp đúng chính hãng.có kèm  hóa đơn của lazada .nói chung là mình rất an tâm mong là sp sẽ có hiệu quả cao. cảm ơn shop và lazada nha.');

INSERT INTO review (id, product_id, reviewer, rating, `comment`) VALUES(45282, 4528, 'Ngọc T.', 2, 'Sản phẩm hàng xịn nhưng giá rất rẻ, chai thủy tinh chắc chắn nặng tay. Xài 1 lần đầu nhưng tóc mượt bớt khô hẳn, dùng nhiều nhưng ko hề bết tóc. Nguiwr trực tiếp thì mùi hơi hóa học khó chịu nhưng bôi lên tóc rồi thì nhẹ nhàng vanilla dễ chịu, người yêu khen thơm ôm đầu Nguiwr hòai
🤭🤭🤭');

INSERT INTO review (id, product_id, reviewer, rating, `comment`) VALUES(45283, 4528, 'hanh P.', 4, 'Cảm ơn shop bán hàng có tâm, uy tín.Đóng gói sp có tâm. Mình nhận đc sp.mà không ngờ luôn. Sp có hạn, ngày sx  và xuất xứ rỏ ràng. Mở ra còn nguyên đai nguyên kiện. Mùi hương dễ chịu. Ko bị bết dính rất thích.');

INSERT INTO review (id, product_id, reviewer, rating, `comment`) VALUES(45284, 4528, 'Nga', 0, 'thơm lm ạ.nhưng sao ko check đc mã code nhỉ');

INSERT INTO product (id, name, short_desc, full_desc, category_id, brand_name, status, weight, available_item, unit_price, discount_percent, avg_rating, img_url, total_rating, supplier_id) VALUES(4529, 'Bộ 2 kem nhuộm dưỡng tóc L''Oreal Paris Excellence Fashion 172mlx2', 'Bộ 2 kem nhuộm dưỡng tóc L''Oreal Paris Excellence Fashion 172mlx2', '<pre>Sắc màu thời trang
Lên màu đẹp
Chứa thành phần dưỡng tóc
Tóc vẫn mềm mượt sau khi sử dụng</pre>', 45, 'L''Oreal Paris', 'NEW', 8.431224158653063, 85, 225000, 28, 4.7, 'https://vn-test-11.slatic.net/p/0eed3a77145623963f4f1f350fb11076.jpg;https://vn-test-11.slatic.net/p/4aeb8c6ff2fdc902e8fc3435236a56e2.jpg;https://vn-test-11.slatic.net/p/5b6a94055e703a8794682861307d6d22.jpg;https://vn-test-11.slatic.net/p/81fca56cd231e91c2d08a5979ef8d9f7.jpg;', 7, 4);

INSERT INTO review (id, product_id, reviewer, rating, `comment`) VALUES(45290, 4529, 'nguyễn N.', 3, 'Màu lên không đc như hình');

INSERT INTO product (id, name, short_desc, full_desc, category_id, brand_name, status, weight, available_item, unit_price, discount_percent, avg_rating, img_url, total_rating, supplier_id) VALUES(4530, 'Xịt dưỡng tóc hương nước hoa Liyang No5 220ml', 'Xịt dưỡng tóc hương nước hoa Liyang No5 220ml', '<pre>Xịt dưỡng tóc Liyang No5 cung cấp dưỡng chất phục hồi độ ẩm, ngăn ngừa hư tổn bên trong tóc, cho mái tóc chắc khỏe và linh hoạt.
Tác động kép vừa bổ sung thành phần dưỡng ẩm cho da đầu vừa bảo vệ tóc khỏi tác hại của tia UV hoặc dưới nhiệt độ cao của máy sấy tóc.
Dung dịch dạng sương giúp làm bóng và duy trì độ ẩm, cho mái tóc suôn mượt và bồng bềnh.</pre>', 45, 'OEM', 'NEW', 9.588278322356791, 8, 39000, 28, 4.8, 'https://vn-test-11.slatic.net/p/5/xit-duong-toc-huong-nuoc-hoa-liyang-no5-220ml-4639-63995571-41d37ccb6861619ff7bba359782d1bfc-catalog.jpg;', 25, 7);

INSERT INTO review (id, product_id, reviewer, rating, `comment`) VALUES(45300, 4530, 'hong L.', 4, 'Giao hang nhanh dung mau');

INSERT INTO review (id, product_id, reviewer, rating, `comment`) VALUES(45301, 4530, 'Rubi L.', 3, 'mui rat thom de chiu');

INSERT INTO review (id, product_id, reviewer, rating, `comment`) VALUES(45302, 4530, 'thanthuy', 2, 'sp oke lam al');

INSERT INTO review (id, product_id, reviewer, rating, `comment`) VALUES(45303, 4530, 'Nguyễn H.', 3, 'Sản phẩm tốt, đóng gói kĩ, cảm ơn shop ạ!');

INSERT INTO review (id, product_id, reviewer, rating, `comment`) VALUES(45304, 4530, 'Hoa', 1, 'Cung dc');

INSERT INTO product (id, name, short_desc, full_desc, category_id, brand_name, status, weight, available_item, unit_price, discount_percent, avg_rating, img_url, total_rating, supplier_id) VALUES(4531, 'Dầu Gội Head&Shoulders Bạc Hà chai 850ML', 'Dầu Gội Head&Shoulders Bạc Hà chai 850ML', '<pre>Với công thức bạc hà mát rượi, dầu gội Head & Shoulders giúp gội sạch gàu và ngăn gàu quay trở lại, đồng thời làm mát lạnh tóc và da đầu mang cho bạn cảm giác mát lạnh sảng khoái. Sản phẩm có thành phần dịu nhẹ, thích hợp sử dụng mỗi ngày. Dầu gội Head & Shoulders chăm sóc tóc cho cả gia đình.</pre>', 45, 'Head & Shoulders', 'USED', 1.7262174379426747, 75, 137000, 28, 4.9, 'https://vn-test-11.slatic.net/p/173454aa7b7511571be9222881377966.jpg;https://vn-test-11.slatic.net/p/1c10684bdfed67a38648877a848d0c9c.jpg;https://vn-test-11.slatic.net/original/e9106b3309f8407374b3e8146f28b8da.jpg;https://vn-test-11.slatic.net/original/18ee7cfac1d4fa370909fe061af4e3a5.jpg;https://vn-test-11.slatic.net/original/0b265142cdd22575fe8e1117c85f0cf2.jpg;https://vn-test-11.slatic.net/original/d0a31d31564cf2639b27e20587ff9212.jpg;', 139, 3);

INSERT INTO review (id, product_id, reviewer, rating, `comment`) VALUES(45310, 4531, 'Nguyễn M.', 2, 'Giao hàng nhanh. Sản phẩm tốt chất lượng, quá rẻ so với giá 8.000đ');

INSERT INTO review (id, product_id, reviewer, rating, `comment`) VALUES(45311, 4531, 'Phạm T.', 3, 'đóng gói châc chắn, giao hàng nhanh, sản phẩm xài rất ok.');

INSERT INTO review (id, product_id, reviewer, rating, `comment`) VALUES(45312, 4531, 'huy', 2, 'chất lượng tuyệt vời');

INSERT INTO review (id, product_id, reviewer, rating, `comment`) VALUES(45313, 4531, 'Thang N.', 0, 'hàng ok lắm sẻ ghé lại xóm lần sao');

INSERT INTO review (id, product_id, reviewer, rating, `comment`) VALUES(45314, 4531, 'dung', 1, 'Đóng gói sản phẩm cẩn thận và kĩ lưỡng.Sản phẩm tốt,hài lòng.');

INSERT INTO product (id, name, short_desc, full_desc, category_id, brand_name, status, weight, available_item, unit_price, discount_percent, avg_rating, img_url, total_rating, supplier_id) VALUES(4532, 'Tinh dầu bưởi dưỡng tóc,chống rụng tóc, giúp mọc tóc 130ml', 'Tinh dầu bưởi dưỡng tóc,chống rụng tóc, giúp mọc tóc 130ml', '<pre>Chai dạng xịt phun xươngDung tích 130mlDưỡng tóc, kích thích mọc tócChống rụng tóc, phục hồi hư tổn</pre>', 45, 'COCOON', 'NEW', 5.462422385300475, 25, 45000, 28, 4.0, 'https://vn-test-11.slatic.net/p/5/tinh-dau-buoi-duong-tocchong-rung-toc-giup-moc-toc-130ml-1972-55160614-0f5b6ed59851fae269c80c178efd93fc-catalog.jpg;https://vn-test-11.slatic.net/p/5/tinh-dau-buoi-duong-tocchong-rung-toc-giup-moc-toc-130ml-1972-55160614-c4e675a7010658b554e36b80714dd925-catalog.jpg;https://vn-test-11.slatic.net/p/5/tinh-dau-buoi-duong-tocchong-rung-toc-giup-moc-toc-130ml-1972-55160614-071d7a30f4c405ec68bd74191f76b52a-catalog.jpg;https://vn-test-11.slatic.net/p/5/tinh-dau-buoi-duong-tocchong-rung-toc-giup-moc-toc-130ml-1972-55160614-62fdb373fd2616a91bef48b1bc83d84a-catalog.jpg;', 34, 8);

INSERT INTO review (id, product_id, reviewer, rating, `comment`) VALUES(45320, 4532, 'Trần T.', 1, 'Nước nhiều, tinh dầu ít. Sử dụng không có tác dụng mấy');

INSERT INTO review (id, product_id, reviewer, rating, `comment`) VALUES(45321, 4532, 'Vũ V.', 4, 'Chai đầu mua dùng rất thơm và mượt, chai thứ hai mua về lượng tinh dầu quá ít nên gần như không có mùi thơm.');

INSERT INTO review (id, product_id, reviewer, rating, `comment`) VALUES(45322, 4532, 'Nguyễn T.', 0, 'Khong co tác dung gi het');

INSERT INTO review (id, product_id, reviewer, rating, `comment`) VALUES(45323, 4532, 'TRẦN V.', 2, 'Mùi không thơm lắm');

INSERT INTO review (id, product_id, reviewer, rating, `comment`) VALUES(45324, 4532, 'Tien V.', 1, 'Sản phẩm tốt, giao hàng nhanh');

INSERT INTO product (id, name, short_desc, full_desc, category_id, brand_name, status, weight, available_item, unit_price, discount_percent, avg_rating, img_url, total_rating, supplier_id) VALUES(4533, 'ĐẦU MANOCANH NHIỀU MÀU HỌC CẮT TÓC (GIÁ RẺ)', 'ĐẦU MANOCANH NHIỀU MÀU HỌC CẮT TÓC (GIÁ RẺ)', '<pre>Có thiết kế như đầu thật giúp bạn dễ dàng thực hành những kiểu tóc đòi hỏi kỹ thuật cao , sợi tóc mềm. Thuận tiện trong việc chia ngôi khi cắt
Đa tác dụng khi thực hành : giúp bạn linh hoạt tạo kiểu trong quá trình cắt . Có rất nhiều màu sắc và chiều dài khác nhau
Sản phẩm giúp bạn tiết kiệm được nhiều chi phí phù hợp với các bạn học viên , trung tâm đào tạo đã được các Hair Salon lựa chọn trong việc giảng dạy
91’s MH chuyên cung cấp đầu manocanh và dụng cụđào tạo làm tóc: Với mục đích mang đến cho khách hàng sự an tâm tuyệt đối , Tư vấn miễn phí khi có thắc mắc về sản phẩm 0907890963 (giá sỉ)</pre>', 45, 'Korea Design', 'USED', 9.265045988075691, 45, 155000, 28, 4.4, 'https://vn-test-11.slatic.net/p/137be028f55828f1307855eb4b465be3.jpg;https://vn-test-11.slatic.net/original/a0b00fc216154356faaa161603f06020.jpg;https://vn-test-11.slatic.net/p/3484a79799f984ece952f14c4b6a7dfb.jpg;https://vn-test-11.slatic.net/original/eb4b36c9ac8ac0795b66c39e27356f97.jpg;https://vn-test-11.slatic.net/p/53ca03f5ca2999930cf3790ffaa770ac.jpg;https://vn-test-11.slatic.net/p/52a972d073e3fe2f2821f7806c6bb3c8.jpg;https://vn-test-11.slatic.net/p/6f30ad3944c63b402bead822882651ab.jpg;https://vn-test-11.slatic.net/p/0ba5f21d072008a8dde578a21b05dd16.jpg;', 7, 4);

INSERT INTO review (id, product_id, reviewer, rating, `comment`) VALUES(45330, 4533, 'huynh N.', 0, 'Giống mô tả. :)');

INSERT INTO review (id, product_id, reviewer, rating, `comment`) VALUES(45331, 4533, 'vithuydung', 0, 'tóc củng đẹp nhưng ngắn lắm');

INSERT INTO review (id, product_id, reviewer, rating, `comment`) VALUES(45332, 4533, 'Hien H.', 4, 'tốt');

INSERT INTO product (id, name, short_desc, full_desc, category_id, brand_name, status, weight, available_item, unit_price, discount_percent, avg_rating, img_url, total_rating, supplier_id) VALUES(4534, 'Dầu gội TRESEMME PLATINUM STRENGTH 650G', 'Dầu gội TRESEMME PLATINUM STRENGTH 650G', '<pre>Sản phẩm chăm sóc tóc chuẩn salon đên từ Mỹ; được tin dùng bởi các nhà tạo mẫu tóc tại các kinh đô thời trang trên thế giới.
Phức hợp phục hồi Renewing Complex cùng Silicone thẩm thấu sâu; củng cố hàng rào bảo vệ tự nhiên của tóc.
Không chỉ bảo vệ từng sợi tóc khỏi hư tổn và gãy rụng; mà còn bổ sung độ ẩm cần thiết cho mái tóc dễ dàng tạo kiểu
Giúp hồi phục và bảo vệ tóc khỏi hư tổn trong tương lai; cho mái tóc khỏe đẹp rạng ngời.
Sử dụng trọn bộ sản phẩm TRESemmé Platinum Strength giúp phục hồi tóc sau 2 năm hư tổn chỉ trong 5 lần gội như được dưỡng ở salon.</pre>', 45, 'Tresemme', 'NEW', 1.301431102143582, 23, 124500, 28, 4.9, 'https://vn-test-11.slatic.net/original/c66b6b1b71c903cca2c43fffad59cb7e.jpg;https://vn-test-11.slatic.net/original/c1d47c81e7244b25db4976205d5d4fee.jpg;https://vn-test-11.slatic.net/original/9466b724da64284b7d2687cabd4dddd0.jpg;', 58, 6);

INSERT INTO review (id, product_id, reviewer, rating, `comment`) VALUES(45340, 4534, 'vu T.', 2, 'Giao hàng nhanh.chat lượg tốt,GHN phục vụ nhiệt tình');

INSERT INTO review (id, product_id, reviewer, rating, `comment`) VALUES(45341, 4534, 'Nguyễn N.', 0, 'Sản phẩm chất lượng tốt , mùi rất thơm và dễ chịu , hạn sử dụng còn dài đến năm 2021 , very good');

INSERT INTO review (id, product_id, reviewer, rating, `comment`) VALUES(45342, 4534, 'Quynh H.', 3, 'sản phẩm tốt,đóng gói cẩn thận');

INSERT INTO review (id, product_id, reviewer, rating, `comment`) VALUES(45343, 4534, 'Hải H.', 2, 'Gội đầu ít rụng tóc hơn nè, mùi thơm, nói chung là yêu :))');

INSERT INTO review (id, product_id, reviewer, rating, `comment`) VALUES(45344, 4534, 'Minh C.', 3, 'Dầu gội thơm nhẹ, mình dùng chung với kem xả cùng hãng mà dòng detox nên ko biết nhận xét chất lượng riêng biệt sao cả. Nhưng cảm thấy 2 sản phẩm dùng chung rất thích. Mua đúng lúc lazada lên deal giá tốt. Sản phẩm của lazmall nhà bán hàng lazada thì mình rất yên tâm.');

INSERT INTO product (id, name, short_desc, full_desc, category_id, brand_name, status, weight, available_item, unit_price, discount_percent, avg_rating, img_url, total_rating, supplier_id) VALUES(4535, 'Viên Serum Vitamin Dưỡng Tóc Mềm Mượt Và Óng Ả (bịch 100g từ 48 đến 50 Viên ) Thái lan', 'Viên Serum Vitamin Dưỡng Tóc Mềm Mượt Và Óng Ả (bịch 100g từ 48 đến 50 Viên ) Thái lan', '<pre>Serum Vitamin dưỡng tóc dạng viên, chứa các loại Vitamin cần thiết, nuôi dưỡng mái tóc mềm mại và bóng mượt mỗi ngày.
Ngoài ra, sản phẩm được bổ sung tinh dầu Aloe Vera có chứa rất nhiều các loại khoáng chất bổ dưỡng giúp tóc thẳng dài và tăng cường sự bóng mượt của tóc.
Hương thơm tự nhiên nhẹ nhàng mang lại cho bạn cảm giác thoải mái khi sử dụng.
Bịch 100g ( từ 48 đến 50 viên)</pre>', 45, 'No', 'USED', 5.94891645234285, 14, 43000, 28, 3.5, 'https://vn-test-11.slatic.net/p/ced49aca9daa7f92b70a965ef7f5fdc2.jpg;https://vn-test-11.slatic.net/p/7292ab82522678a14789c55e68efbd3f.jpg;https://vn-test-11.slatic.net/p/5e2d5c663fa43cc5183b2219f70125c3.jpg;https://vn-test-11.slatic.net/p/ad02057fc3ae7a05e8808bb2fe03f86f.jpg;', 2, 9);

INSERT INTO product (id, name, short_desc, full_desc, category_id, brand_name, status, weight, available_item, unit_price, discount_percent, avg_rating, img_url, total_rating, supplier_id) VALUES(4536, 'Kit 10 lược cắt tóc gia đình chuyên nghiệp US04486', 'Kit 10 lược cắt tóc gia đình chuyên nghiệp US04486', '<pre>Lược là công cụ không thể thiếu mỗi khi chúng tạo kiểu cho mái tóc. .
Kit 10 lược cắt tóc gia đình chuyên nghiệp dùng để hỗ trợ cắt và tạo các kiểu tóc dựng, tóc cá tính.
Được làm từ chất liệu nhựa cao cấp, không bị cong vênh, chịu được nhiệt độ cao.
Có nhiều kích thước to nhỏ dùng để chải và tạo kiểu tóc.</pre>', 45, 'USA Store', 'NEW', 6.392083261981862, 61, 37400, 28, 3.5, 'https://vn-test-11.slatic.net/p/5/kit-10-luoc-cat-toc-gia-dinh-chuyen-nghiep-us04486-6791-9066255-b60eb8494bed7a1a05c7ad96faefd0a1.jpg;https://vn-test-11.slatic.net/shop/bf8a03350b613b5ccaaaad71a9211f63.jpeg;https://vn-test-11.slatic.net/original/8c8d734bb574c42769b172c71c52a74c.jpg;', 17, 3);

INSERT INTO review (id, product_id, reviewer, rating, `comment`) VALUES(45360, 4536, 'phạm q.', 0, 'chẳng dùng được cái nào.chỉ để trải tóc vớ vẩn thì được chứ k dùng cắt tóc được');

INSERT INTO review (id, product_id, reviewer, rating, `comment`) VALUES(45361, 4536, 'Do D.', 0, 'Chi de chai dau o nha.kh xai duoc');

INSERT INTO review (id, product_id, reviewer, rating, `comment`) VALUES(45362, 4536, 'Mai T.', 4, 'Voi gia re la tot roi');

INSERT INTO review (id, product_id, reviewer, rating, `comment`) VALUES(45363, 4536, 'Tinh N.', 2, 'K ok');

INSERT INTO review (id, product_id, reviewer, rating, `comment`) VALUES(45364, 4536, 'Lazada Customer', 3, 'Ỗn');

INSERT INTO product (id, name, short_desc, full_desc, category_id, brand_name, status, weight, available_item, unit_price, discount_percent, avg_rating, img_url, total_rating, supplier_id) VALUES(4537, 'Double Rich Balancing Water Revitalize Nutrition V - Double Rich Xịt dưỡng tóc chăm sóc tóc hư tổn ( hồng ) 250ml', 'Double Rich Balancing Water Revitalize Nutrition V - Double Rich Xịt dưỡng tóc chăm sóc tóc hư tổn ( hồng ) 250ml', '<pre>Thương hiệu Hàn QuốcChăm sóc tóc hư tổnChuyên dùng cho tóc uốn nhuộm</pre>', 45, 'Double Rich', 'USED', 2.2980660879054633, 33, 61000, 28, 4.7, 'https://vn-test-11.slatic.net/p/5/double-rich-balancing-water-revitalize-nutrition-v-double-richxit-duong-toc-cham-soc-toc-hu-ton-hong-250ml-2089-4421475-8d9f4aef04d968649c539462e47687fe-catalog.jpg;https://vn-test-11.slatic.net/p/5/double-rich-balancing-water-revitalize-nutrition-v-double-richxit-duong-toc-cham-soc-toc-hu-ton-hong-250ml-2089-4421475-4d74b062aaf13b3524693c977bb1ee00-catalog.jpg;https://vn-test-11.slatic.net/original/4ede7900d6e23b4ef99af1c2ef77c075.jpg;', 18, 4);

INSERT INTO review (id, product_id, reviewer, rating, `comment`) VALUES(45370, 4537, 'Vo N.', 2, 'Đúng dung tích, giao hàng nhiệt tình. sp có mùi thơm nhẹ! Còn về chất lượng thì cần kiểm chứng lâu dài.');

INSERT INTO review (id, product_id, reviewer, rating, `comment`) VALUES(45371, 4537, 'nguyễn T.', 4, 'đã sài rất ok');

INSERT INTO review (id, product_id, reviewer, rating, `comment`) VALUES(45372, 4537, 'Trần T.', 0, 'sản phẩm tốt');

INSERT INTO review (id, product_id, reviewer, rating, `comment`) VALUES(45373, 4537, 'NGỌC', 4, 'Chuẩn về chất lượng và giá');

INSERT INTO review (id, product_id, reviewer, rating, `comment`) VALUES(45374, 4537, 'Lazada Customer', 1, '');

INSERT INTO product (id, name, short_desc, full_desc, category_id, brand_name, status, weight, available_item, unit_price, discount_percent, avg_rating, img_url, total_rating, supplier_id) VALUES(4538, 'Set 5 chai Dầu Gội Dove Phục Hồi Hư Tổn 50gram ( tặng túi ví màu ngẫu nhiên )', 'Set 5 chai Dầu Gội Dove Phục Hồi Hư Tổn 50gram ( tặng túi ví màu ngẫu nhiên )', '<pre>Set 5 chai dầu gội đầu Dove Phụ hồi hư tổn -
Dạng Mini Hàng HOT
Với công thức có chứa KATEIN REPAIR ACTIVES nuôi dưỡng sâu và giúp cho tóc phục hồi ngay cả tóc hư tổn nặng
Khố lượng chai: 50gr/chai
Hạn sử dụng: 10/04/2021</pre>', 45, 'Dove', 'NEW', 3.7579030614727915, 68, 42000, 28, 0.0, 'https://vn-test-11.slatic.net/p/85612a89c9aa96b3645d5419298185e2.jpg;https://vn-test-11.slatic.net/p/4fd440e17dc59d58cd160fe88f48957b.jpg;https://vn-test-11.slatic.net/p/1e86d16e09549ed390c196e2434e6ffd.jpg;https://vn-test-11.slatic.net/p/43e48ae73eb8f9e598cfd7551f8e446b.jpg;', 0, 8);

INSERT INTO product (id, name, short_desc, full_desc, category_id, brand_name, status, weight, available_item, unit_price, discount_percent, avg_rating, img_url, total_rating, supplier_id) VALUES(4539, 'THUỘC HỖ TRỢ MỌC RÂU VÀ TÓC KIRKLAND MINOXIDIL 5% CHÍNH HÃNG HOA KỲ', 'THUỘC HỖ TRỢ MỌC RÂU VÀ TÓC KIRKLAND MINOXIDIL 5% CHÍNH HÃNG HOA KỲ', '<pre>DUNG DỊCH MỌC #TÓC VÀ RÂU #MINOXIDIL 5% #KIRKLAND CỦA #MỸ‍♂️‍♂️‍♂️
CAM KẾT :
⭐️ Hàng nhập chính hãng từ #Mỹ (USA)
⭐️ Lông tơ phát triển dài ra chỉ trong 4-8 tuần.
⭐️ 100% Khách hàng điều hài lòng với sản phẩm.</pre>', 45, 'Kirkland Signature', 'NEW', 3.31537752550458, 77, 191000, 28, 4.4, 'https://vn-test-11.slatic.net/original/c200bc61b3072cab53596ccced640c88.jpg;https://vn-test-11.slatic.net/original/661e7419dad19bd602eb53495a72aed4.jpg;https://vn-test-11.slatic.net/original/df19eada6c52fb121d7ffc06e8c8be33.jpg;https://vn-test-11.slatic.net/original/02bc344b128071278b2b8d5e57f199c4.jpg;https://vn-test-11.slatic.net/original/f31ed7b2adb21bb2c15aaa8844345942.jpg;', 21, 2);

INSERT INTO review (id, product_id, reviewer, rating, `comment`) VALUES(45390, 4539, 'anh H.', 0, 'nhìn bề ngoài thì ok..giá rẻ hơn mấy shop khac...còn hiệu quả hay ko phải chờ tg mới biết');

INSERT INTO review (id, product_id, reviewer, rating, `comment`) VALUES(45391, 4539, 'Trung Q.', 2, 'Rất tốt ! Sp đúng chính hãng . Mình xài vài ngày đã cảm thấy hiệu quả !
Shop bọc gói rất kĩ và tư vấn rất nhiệt tình. Cám ơn shop');

INSERT INTO review (id, product_id, reviewer, rating, `comment`) VALUES(45392, 4539, 'Trí B.', 0, 'Giao hàng nhanh sp dc đóng gói cẩn thận, nói chung rất hài lòng. Còn kêt quả phai chơ một thơi gian sư dụng mơi biết dc..');

INSERT INTO review (id, product_id, reviewer, rating, `comment`) VALUES(45393, 4539, 'Đào M.', 2, 'Sản phẩm này rất nổi tiếng. Mình mua cho bạn bè mình cần nhu cầu nuôi râu thôi. Rất hiệu quả.');

INSERT INTO review (id, product_id, reviewer, rating, `comment`) VALUES(45394, 4539, 'THONG N.', 4, 'sử dụng mấy ngày nay chưa thấy gì. có chút síu ngứa da mặt');

INSERT INTO product (id, name, short_desc, full_desc, category_id, brand_name, status, weight, available_item, unit_price, discount_percent, avg_rating, img_url, total_rating, supplier_id) VALUES(460, 'Máy sấy tóc SUNHOUSE SHD2301 (Xanh)', 'Máy sấy tóc SUNHOUSE SHD2301 (Xanh)', '<pre>Chế độ hoạt động linh hoạt với 2 tốc độ; 2 mức nhiệt độ
Quạt gió mạnh mẽ
Nhiệt độ ổn định
Tấm nhiệt siêu bền</pre>', 46, 'Sunhouse', 'NEW', 3.0063386635395406, 32, 89000, 44, 4.5, 'https://vn-test-11.slatic.net/original/3909a902e03f3e8de0ba2b8a28733831.jpg;https://vn-test-11.slatic.net/original/b57ccb076d0e09db621a7704cbea2ed7.jpg;https://vn-test-11.slatic.net/original/bee259f2b5994b5d16ce62cec5b1d08e.jpg;https://vn-test-11.slatic.net/original/26b8c577b65c2ac616a77611756ffcb4.jpg;https://vn-test-11.slatic.net/original/a1fc5c28c50155c962ca9fa90f4e0d4b.jpg;', 511, 1);

INSERT INTO review (id, product_id, reviewer, rating, `comment`) VALUES(4600, 460, 'Nguyễn V.', 3, 'Dùng từ năm 2017 đến bây giờ (2019) vẫn rất ok, chưa bị hỏng lần nào. Chất lượng rất tốt ( tiếng kêu hơi to) còn lại ổn.');

INSERT INTO review (id, product_id, reviewer, rating, `comment`) VALUES(4601, 460, 'Minh T.', 4, 'Lúc đầu xem ảnh mình nghĩ là máy to. Nhưng nhận hàng thì máy hơi nhỏ. Hàng đóng cẩn thận, có hướng dẫn và phiếu bảo hành. Mặc dù máy nhỏ nhưng chạy rất tốt, có hai mức sấy .');

INSERT INTO review (id, product_id, reviewer, rating, `comment`) VALUES(4602, 460, 'Lazada Customer', 3, 'giao hàng nhanh!
giá vừa đủ hàng xài rất ok');

INSERT INTO review (id, product_id, reviewer, rating, `comment`) VALUES(4603, 460, 'Huong Q.', 1, 'hàng wa tốt hơn mong đợi,đóng gói ok 5sao lun');

INSERT INTO review (id, product_id, reviewer, rating, `comment`) VALUES(4604, 460, 'Vũ T.', 3, 'Cảm ơn ladada');

INSERT INTO product (id, name, short_desc, full_desc, category_id, brand_name, status, weight, available_item, unit_price, discount_percent, avg_rating, img_url, total_rating, supplier_id) VALUES(461, 'Máy sấy tóc SUNHOUSE SHD2301 (Hồng)', 'Máy sấy tóc SUNHOUSE SHD2301 (Hồng)', '<pre>Mỗi khách hàng được phép mua tối đa 1 sản phẩm trong thời gian diễn ra chương trình
Chế độ hoạt động linh hoạt với 2 tốc độ; 2 mức nhiệt độ
Quạt gió mạnh mẽ
Nhiệt độ ổn định
Tấm nhiệt siêu bền</pre>', 46, 'Sunhouse', 'USED', 5.83965274266064, 81, 89000, 44, 4.4, 'https://vn-test-11.slatic.net/original/56409fcf6505f54b350ffe8ef44d8fbf.jpg;https://vn-test-11.slatic.net/original/c10cfcbe745bbe6baff680c1d56c84dd.jpg;https://vn-test-11.slatic.net/original/f2b45248ce737a6e4f809776ddec360c.jpg;https://vn-test-11.slatic.net/original/7f894659ed1f9a43fdaf2b89ca22b216.jpg;https://vn-test-11.slatic.net/original/f0eef758e1a282252f04e550f6a1d514.jpg;', 210, 4);

INSERT INTO review (id, product_id, reviewer, rating, `comment`) VALUES(4610, 461, 'Lê T.', 2, 'quá thất vọng trong khi cố gắng chịu giá cao đê đăt màu hồng. va roi phai nhận màu xanh giảm giá nhug van phai chịu giá cao bằng màu hồng. xa tít o ngoai Hà Nội có muôn đổi cung k ra đó đổi đuoc. thất vọng.');

INSERT INTO review (id, product_id, reviewer, rating, `comment`) VALUES(4611, 461, 'Nguyễn T.', 0, 'hàng sử dụng khỏe , nhỏ nhắn , tiện lợi dễ dàng mang đi ... nhưng có điểm trừ nho nhỏ là bật lên có mùi khét 😊😊😊. Mình đặt màu hồng nhưng shop giao nhầm cho mình màu xanh');

INSERT INTO review (id, product_id, reviewer, rating, `comment`) VALUES(4612, 461, 'Pham T.', 0, 'Củng tốt nhưng mà giao hàng thì từng sp nên hơi phiền
Góp ý là nếu khách có đặt 1 lược mấy sp của laz thì nên gom chung lại giao luôn cho tiện');

INSERT INTO review (id, product_id, reviewer, rating, `comment`) VALUES(4613, 461, 'Trần Y.', 4, 'Máy nhỏ gọn, giống với mẫu, tuy nhiên khi hoạt động nghe mùi hơi khét.
Giao hàng đúng ngày.
Sản phẩm chấm 8/10');

INSERT INTO review (id, product_id, reviewer, rating, `comment`) VALUES(4614, 461, 'Nguyễn T.', 2, 'máy chỉ có hai nấc nóng vừa và nóng hơn nhé mọi người , ko có mức lạnh đâu .Giá máy 99k tạm chấp nhận . còn cước vận chuyển gần bằng nửa máy 48k là quá đắt . chi tất cả bấy nhiêu tiền mua bên ngoài cũng được máy ngon rồi .');

INSERT INTO product (id, name, short_desc, full_desc, category_id, brand_name, status, weight, available_item, unit_price, discount_percent, avg_rating, img_url, total_rating, supplier_id) VALUES(462, 'Dụng cụ massage vùng cổ Miniso 2 đầu lăn (Xanh lá chuối)', 'Dụng cụ massage vùng cổ Miniso 2 đầu lăn (Xanh lá chuối)', '<pre>Thiết kế sáng tạo phù hợp với từng huyệt đạo ở cổ.
Giúp giảm căng thẳng.
Kích thích tuần hoàn máu, giúp máu lưu thông tốt hơn.
Thiết kế tay cần ergonomic.
Có thể tùy chỉnh 3 cách mát xa khác nhau.
Nhỏ gọn, dễ sử dụng.</pre>', 46, 'MINISO', 'USED', 2.2871764450068213, 16, 59000, 44, 5.0, 'https://vn-test-11.slatic.net/original/37aec0b3e0c389f14df10be4936c3e03.jpg;https://vn-test-11.slatic.net/original/9ba56b18895dfa9e94dbb263dc99580f.jpg;https://vn-test-11.slatic.net/original/2fa85bc7a78e50170647ddcd33789e3b.jpg;https://vn-test-11.slatic.net/original/59a58b212dce4aafe92017d98d7b7c3e.jpg;https://vn-test-11.slatic.net/original/cb035b1392155978956ab286c1b78618.jpg;', 1, 4);

INSERT INTO product (id, name, short_desc, full_desc, category_id, brand_name, status, weight, available_item, unit_price, discount_percent, avg_rating, img_url, total_rating, supplier_id) VALUES(463, '[LÌ XÌ 10K+MÃ GG] Lô uốn tóc ốc sên', '[LÌ XÌ 10K+MÃ GG] Lô uốn tóc ốc sên', '<pre>- Bộ uốn tóc ốc sên không dùng nhiệt gồm: 18 lô cuốn tóc và 01 cây móc.- 9 lô có kích thước: 23cm x 3cm,9 lô có kích thước: 13cm x 2,5cm.- Chất liệu: Nhựa dẻo</pre>', 46, 'OEM', 'USED', 7.6291161919722175, 83, 54320, 44, 4.8, 'https://vn-test-11.slatic.net/p/1871f850c2383cfdb26ee8ca4eb8fc0b.jpg;https://vn-test-11.slatic.net/original/a7511bfc93e06bb6a4ba4a618ca747f5.jpg;https://vn-test-11.slatic.net/original/c50435e376881961cce67f3c15fb2541.jpg;https://vn-test-11.slatic.net/original/745624857ef1a3b0a348340b07b86b86.jpg;', 129, 7);

INSERT INTO review (id, product_id, reviewer, rating, `comment`) VALUES(4630, 463, 'Tran C.', 4, 'Rất tốt, cuốn lên để qua đêm xoăn quá trời, tuy nhiên sử dụng hơi khó, dùng lâu biết cách chỉnh đoạn cần xoăn chắc sẽ đẹp lắm. thks shop.');

INSERT INTO review (id, product_id, reviewer, rating, `comment`) VALUES(4631, 463, 'toanthang', 1, 'đẹp lắm shop ạ');

INSERT INTO review (id, product_id, reviewer, rating, `comment`) VALUES(4632, 463, 'Nguyễn T.', 2, 'Mình mua dùng mà thấy chả có tác dụng. Mình lưu ý mn là ai tóc dài dùng ko đc nhé. Vì độ dài của lô rất ngắn. Và rất lâu xoăn. Mình lô cho mẹ mình 3 tiếng mới tháo ra mà nó chẳng xoăn.');

INSERT INTO review (id, product_id, reviewer, rating, `comment`) VALUES(4633, 463, 'Thư N.', 1, 'rất là xinh luôn');

INSERT INTO review (id, product_id, reviewer, rating, `comment`) VALUES(4634, 463, 'Nhi N.', 3, 'hàng tốt . giao hàng mau hơn dự định. thích thật híhí😆😆');

INSERT INTO product (id, name, short_desc, full_desc, category_id, brand_name, status, weight, available_item, unit_price, discount_percent, avg_rating, img_url, total_rating, supplier_id) VALUES(464, 'Tông Đơ Cắt Tóc Gia Đình JICHEN Tặng Kèm 2 Kéo Cắt kéo Tỉa (tặng 1 lấy ráy tai có đen)', 'Tông Đơ Cắt Tóc Gia Đình JICHEN Tặng Kèm 2 Kéo Cắt kéo Tỉa (tặng 1 lấy ráy tai có đen)', '<pre>Chất liệu cao cấp cho thời gian sử dụng lâu dài
Lưỡi cắt sắc bén siêu bền.
An toàn cho da dầu.
Cách sử dụng dễ dàng.
Dung lượng pin lớn.
- Nguồn điện: 220V – 50Hz
- Công suất: 3W
- Kích thước cả hộp: 21.5cm x 22.5cm</pre>', 46, 'Jichen', 'NEW', 0.6073541708494208, 34, 155050, 44, 4.2, 'https://vn-test-11.slatic.net/original/7fa68c7a5f42c9522bc5527ee406c2dc.jpg;https://vn-test-11.slatic.net/original/a012c2758cad348d70ed7628fabd67b1.jpg;https://vn-test-11.slatic.net/original/439d1c73fcd09ff4469774d5a7b4571f.jpg;https://vn-test-11.slatic.net/original/16dad2c9a3f332fca63fb23e9222d0f8.jpg;https://vn-test-11.slatic.net/original/f429438a2e4273cdd0c2753d6f4ab53a.jpg;https://vn-test-11.slatic.net/original/44fbc673c79ffe21822fdab9eb57a81f.jpg;https://vn-test-11.slatic.net/original/de9894d530c1de08ecdfb62be32fc538.jpg;', 215, 3);

INSERT INTO review (id, product_id, reviewer, rating, `comment`) VALUES(4640, 464, 'Phuc K.', 2, 'Đồ lừa đảo, mua về đã sạc đầy pin nhưng bật không lên. Đem ra tiệm cắt tóc hỏi thị người ta nói là hàng dỏm bị hư rồi. Làm ăn thất đức thì cũng bị quả báo mà thôi. Không bao giờ tin tưởng hàng trên Lazada nữa.');

INSERT INTO review (id, product_id, reviewer, rating, `comment`) VALUES(4641, 464, 'Từ N.', 1, 'hộp ý cam ơn');

INSERT INTO review (id, product_id, reviewer, rating, `comment`) VALUES(4642, 464, 'hoàng t.', 1, 'hàng rất tốt bền');

INSERT INTO review (id, product_id, reviewer, rating, `comment`) VALUES(4643, 464, 'Đoàn T.', 4, 'Kéo tặng không bén. Tông đơ mua hết pin.');

INSERT INTO review (id, product_id, reviewer, rating, `comment`) VALUES(4644, 464, 'Đặng V.', 2, 'không có gì tặng kèm , làm ăn chả uy tín nha');

INSERT INTO product (id, name, short_desc, full_desc, category_id, brand_name, status, weight, available_item, unit_price, discount_percent, avg_rating, img_url, total_rating, supplier_id) VALUES(465, 'Máy Triệt Lông, Máy Tẩy Lông Mu Mua Ngay Máy Cạo Lông Toàn Thân Kemei Nhỏ Gọn, Triệt Lông Hiệu Quả, An Toàn Cho Da - Bh 1 Đổi 1', 'Máy Triệt Lông, Máy Tẩy Lông Mu Mua Ngay Máy Cạo Lông Toàn Thân Kemei Nhỏ Gọn, Triệt Lông Hiệu Quả, An Toàn Cho Da - Bh 1 Đổi 1', '<pre>mẫu 001
Thiết kế thông minh, kích thước nhỏ gọn, tiện dụng, vừa vặn tay cầm, có thể mang theo sử dụng mọi lúc mọi nơi.
Dùng cạo lông chân; tay; nách; râu
Sản phẩm tẩy nhanh tất cả các lông tơ dễ dàng mà không cần đến gương.
Nhẹ nhàng lấy đi cả phần thân lông và chân lông và ngăn chúng mọc trở lại sau nhiều tuần.
Máy chỉ dùng 1 viên pin AA có thể dùng tới 3 tháng ( Máy không gồm pin)
Sản phẩm có thể dùng để cạo lông cho toàn bộ cơ thể bạn
Chất liệu: nhựa ABS cao cấp + lưỡi dao thép,
Điện áp: 1,2V, An toàn khi sử dụng.</pre>', 46, 'OEM', 'NEW', 9.601092795895276, 26, 148000, 44, 4.4, 'https://vn-test-11.slatic.net/original/cf85c212e3ee0b814bbb5b059e9b8888.jpg;https://vn-test-11.slatic.net/original/0a95f606ff389c236c79bb49bc803136.jpg;https://vn-test-11.slatic.net/original/57c4621e975d8fc19cc9af0bc27913f2.jpg;https://vn-test-11.slatic.net/original/1dd9a2d9dafdfa3fddacef8ac7644f57.jpg;https://vn-test-11.slatic.net/original/b918b0bd74754f15e7e2b0c15cbb71b6.jpg;https://vn-test-11.slatic.net/original/5efdf89c62fb5f000c47b0c38f519c0a.jpg;https://vn-test-11.slatic.net/original/d73f4c8d6b38c741a80c3d2ad7a9461b.jpg;https://vn-test-11.slatic.net/original/52ed81bc1da8daf2704b2e0fcce34afc.jpg;', 159, 3);

INSERT INTO review (id, product_id, reviewer, rating, `comment`) VALUES(4650, 465, 'trang F.', 4, 'máy có chế độ quay để cạo lông nên không hề đau rát sau khi sử dụng xong. cạo xong không hề thấy còn chân lông. da thấy tương đối mịn màng');

INSERT INTO review (id, product_id, reviewer, rating, `comment`) VALUES(4651, 465, 'Mai V.', 1, 'Hàng giao rất nhanh, mua về mình test thử luôn, wax sạch lông, mình khá hài lòng vì nó còn không để lại vết thâm hay trầy xước da gì hết ^^');

INSERT INTO review (id, product_id, reviewer, rating, `comment`) VALUES(4652, 465, 'thuỷu', 0, 'Thích cái là máy nhỏ gọn và nhẹ nhàng, không chiếm diện tích, nên có thể bỏ máy vào túi xách và mang đi bất cứ đâu.');

INSERT INTO review (id, product_id, reviewer, rating, `comment`) VALUES(4653, 465, 'Nguyễn T.', 1, 'Đây đây shop ơi . Nhận hàng hôm qua rồi . Chưa báo nhận xét . Ok lắm shop . 💐💐💐💐🌹🌹🌹');

INSERT INTO review (id, product_id, reviewer, rating, `comment`) VALUES(4654, 465, 'tuyết F.', 2, 'Dùng thích nhé, mình nhiều lông lắm, nhưng sợ đi triệt spa dùng máy này thấy khá tiện, cũng lâu lắm lông mí mọc lên, mà sợi ko bị to đen lên, khá hài lòng');

INSERT INTO product (id, name, short_desc, full_desc, category_id, brand_name, status, weight, available_item, unit_price, discount_percent, avg_rating, img_url, total_rating, supplier_id) VALUES(466, 'Máy uốn duỗi tóc mini 2 trong 1 HM-658 panda-BBVL', 'Máy uốn duỗi tóc mini 2 trong 1 HM-658 panda-BBVL', '<pre>Thích hợp cho mọi loại tóc
Nhỏ gọn, nhẹ, cầm vừa tay
Thiết kế tinh tế
Có lớp sơn tĩnh điện bên ngoài</pre>', 46, 'OEM', 'NEW', 8.151392839158287, 67, 32000, 44, 4.4, 'https://vn-test-11.slatic.net/p/5/may-uon-duoi-toc-mini-2-trong-1-hm-658-panda-8786-18159401-5231e0c66a0ae34c34171d3bebfe73d9-zoom.jpg;https://vn-test-11.slatic.net/original/6c96f5fa94f4ff57de621c049820d3d6.jpg;https://vn-test-11.slatic.net/original/af7ed5d3580eb3a22674e4ce5bab11f6.jpg;', 160, 3);

INSERT INTO review (id, product_id, reviewer, rating, `comment`) VALUES(4660, 466, 'Dao D.', 1, 'đóng gói ok. nhưng mà tốn 40k cuối cùng xài ko ra gì hết. ko uốn duỗi được gì hết. máy nhìn cũ sao ấy cứ như sử dụng qua rồi. trước khi mua nhắn tin hỏi có uốn cúp được ko . shop đã xem và ko trả lời. shipper thì cute khỏi nói .......mua đi rồi bỏ');

INSERT INTO review (id, product_id, reviewer, rating, `comment`) VALUES(4661, 466, 'suong N.', 3, 'máy sài tốt');

INSERT INTO review (id, product_id, reviewer, rating, `comment`) VALUES(4662, 466, 'Nguyễn T.', 3, 'Hình máy bự, giao về máy bé xíu xiu k biết xài ra sao');

INSERT INTO review (id, product_id, reviewer, rating, `comment`) VALUES(4663, 466, 'huỳnhkimngân', 4, 'tốt 👍👍👍👍👍');

INSERT INTO review (id, product_id, reviewer, rating, `comment`) VALUES(4664, 466, 'Quý T.', 0, 'hàng ok lắm nha');

INSERT INTO product (id, name, short_desc, full_desc, category_id, brand_name, status, weight, available_item, unit_price, discount_percent, avg_rating, img_url, total_rating, supplier_id) VALUES(467, 'GEL XÓA NỐT RUỒI, THỊT THỪA, MỤN CÓC', 'GEL XÓA NỐT RUỒI, THỊT THỪA, MỤN CÓC', '<pre>Giúp nhẹ nhàng lấy đi các nốt ruồi, mụn cóc, mụn thịt và sẹo lồi mà không hề gây hại cho da hay để lại sẹo hoặc vết thâm nhé.
Xuất xứ: Nga</pre>', 46, 'Nobrand', 'USED', 5.115135120649979, 61, 50000, 44, 4.4, 'https://vn-test-11.slatic.net/original/072fbfca16463240d309c32328b7a653.jpg;https://vn-test-11.slatic.net/original/43fd00109e39e586b5b5544e95a3b768.jpg;https://vn-test-11.slatic.net/original/73ab6124b6e899964a4cf028c568ddd3.jpg;', 10, 4);

INSERT INTO product (id, name, short_desc, full_desc, category_id, brand_name, status, weight, available_item, unit_price, discount_percent, avg_rating, img_url, total_rating, supplier_id) VALUES(468, 'Kem body mềm trắng Body Mềm', 'Kem body mềm trắng Body Mềm', '<pre>KEMBODY MỀMSản phẩm tốtNhiều người dùng
Bạn không dùngNgười khác đã dùng
Bạn không tinCứ theo dõi
✏️✏️✏️✏️180k/250gram⭐CHẤT KEM NHƯ SỮA CHUA THẦN THÁNH↪VỚI CÔNG DỤNG THẦN KỲ CHOBODYCỦA BẠN.⭐⚫Hủ#BODY_mềmhoàn toàn không độn đáy nha kháchkem này ủ trắng lắm nha
.
Những bạn gái thường hay có tâm lý chung về kem trắng dabodyđó là :
Sợ kem rít
lộ vân kem
bết dính và trắng ảo▶BƯỚC ĐỘT PHÁ TỪ NHỮNG LO SỢ CỦA CHỊ EM MÌNH.BODYMỀM
• Thấm cực nhanh✔
• Bôi cực thích✔
• Mùi thơm cực dễ chịu✔
• Mát lạnh, ko bết rít✔
• Không bắt nắng✔
• Không trắng ảo✔
• Không làm mỏngkhông bào mòn dakhông chứa chất corticoid gây hại cho da✔☘️CÔNG DỤNG :
✌Dưỡng ẩm cho da.
✌Bodycó độ chống nắng cao
✌Dưỡng da trắng hồng tự nhiên.
____________
️EM LUÔN TUYỂN SI, CHI NHANH, DAI LI VỐN KHỞI NGHIỆP CHỈ TỪ#420KTHÔI Ạ❤️IB ĐỂ ĐƯỢC TƯ VẤN CỤ THỂ HƠN</pre>', 46, 'A Cosmetic', 'NEW', 7.432689654991039, 23, 25000, 44, 3.8, 'https://vn-test-11.slatic.net/original/7efe4d8a8a883da79e7f1a2b537ab56c.jpg;https://vn-test-11.slatic.net/original/922b301d724e49d789326ccbfa96cf23.jpg;https://vn-test-11.slatic.net/original/b56ea40053099b514c3f74694300e4bb.jpg;', 10, 7);

INSERT INTO review (id, product_id, reviewer, rating, `comment`) VALUES(4680, 468, 'Nguyễn H.', 1, 'Sài rất tốt luôn hàng chính hãng');

INSERT INTO review (id, product_id, reviewer, rating, `comment`) VALUES(4681, 468, 'Sieuiu M.', 2, 'cũng trang');

INSERT INTO review (id, product_id, reviewer, rating, `comment`) VALUES(4682, 468, 'Doanthithuhuyen', 1, 'ko đúng kem như tồi thường dùng hàng giả....buồn cho uy tính người kinh doanh😥😥😥');

INSERT INTO review (id, product_id, reviewer, rating, `comment`) VALUES(4683, 468, 'nguyen T.', 2, '');

INSERT INTO product (id, name, short_desc, full_desc, category_id, brand_name, status, weight, available_item, unit_price, discount_percent, avg_rating, img_url, total_rating, supplier_id) VALUES(469, 'Máy Sấy Tóc 2 Chiều Deliya Vina Store Công Suất Lớn 2000w Dễ Dàng Tạo Kiểu (Loại Tốt)', 'Máy Sấy Tóc 2 Chiều Deliya Vina Store Công Suất Lớn 2000w Dễ Dàng Tạo Kiểu (Loại Tốt)', '<pre>Công suất 2000W; bảo vệ mái tóc không bị tổn thương vì nhiệt.
2 chế độ nhiệt nóng; lạnh
2 tốc độ gió
Phù hợp với cả nhu cầu gia đình và cửa hàng làm tóc chuyên nghiệp
Chất liệu: Thép đen, nhựa cao cấp</pre>', 46, 'OEM', 'USED', 2.0859237968616453, 32, 153111, 44, 4.7, 'https://vn-test-11.slatic.net/original/08dccbed53f5d38000d83f9b8ca324e0.jpg;https://vn-test-11.slatic.net/p/5/may-say-toc-2-chieu-deliya-vina-store-cong-suat-lon-2000w-de-dang-tao-kieu-loai-tot-9240-04777791-b76717479fe43d591cd92fa928698eef-catalog.jpg;https://vn-test-11.slatic.net/original/801ec70019d265f4da0d247fb1d19150.jpg;https://vn-test-11.slatic.net/p/5/may-say-toc-2-chieu-deliya-vina-store-cong-suat-lon-2000w-de-dang-tao-kieu-loai-tot-9240-04777791-9dbaf7b6a1d9ac68e037d62de2588a36-catalog.jpg;https://vn-test-11.slatic.net/p/5/may-say-toc-2-chieu-deliya-vina-store-cong-suat-lon-2000w-de-dang-tao-kieu-loai-tot-9240-04777791-5ac55983ee5740ecb64f594e3c2e356c-catalog.jpg;https://vn-test-11.slatic.net/p/5/may-say-toc-2-chieu-deliya-vina-store-cong-suat-lon-2000w-de-dang-tao-kieu-loai-tot-9240-04777791-7d9cded483150ae06a4bc3727dd969d4-catalog.jpg;https://vn-test-11.slatic.net/p/5/may-say-toc-2-chieu-deliya-vina-store-cong-suat-lon-2000w-de-dang-tao-kieu-loai-tot-9240-04777791-25e983c451367f9437b3acb282a48836-catalog.jpg;', 198, 8);

INSERT INTO review (id, product_id, reviewer, rating, `comment`) VALUES(4690, 469, 'Linh T.', 1, 'Came quickly. Express Delivery. Box folded. Hair Dryer description, all tips included. Confused that the hair was in a bag, knotted knot. Objectively nothing to complain about,very good');

INSERT INTO review (id, product_id, reviewer, rating, `comment`) VALUES(4691, 469, 'Trần Q.', 0, 'Đã nhận được hàng , giao hàng nhanh, đóng gói cẩn thận,  shop tư vấn nhiệt tình, thank shop nhiều nhé');

INSERT INTO review (id, product_id, reviewer, rating, `comment`) VALUES(4692, 469, 'Nguyen X.', 2, 'Chỉ cần 1 chiếc máy như thế này thôi là đủ. Nhận được hàng rồi, cảm ơn shop nhé');

INSERT INTO review (id, product_id, reviewer, rating, `comment`) VALUES(4693, 469, 'hoang A.', 0, 'giao hàng nhanh, hàng đẹp, thử máy ok, cảm ơn shop, mình mua thêm 3 cái cho tiệm tóc nhà mình nha');

INSERT INTO review (id, product_id, reviewer, rating, `comment`) VALUES(4694, 469, 'lê B.', 4, 'Sản phẩm rất là ưng ạ. Mỗi tội giao hàng hơi lâu ạ');

INSERT INTO product (id, name, short_desc, full_desc, category_id, brand_name, status, weight, available_item, unit_price, discount_percent, avg_rating, img_url, total_rating, supplier_id) VALUES(4610, 'LƯỢC ĐIỆN ĐA NĂNG NOVA 3 IN 1 8890', 'LƯỢC ĐIỆN ĐA NĂNG NOVA 3 IN 1 8890', '<pre>Mô tả :– Tên sản phẩm : Lược điện Nova NHC-8890
– Xuất xứ: Trung Quốc.
– Công suất: 35W.
– Điện áp: 110-220V/50-60Hz.
– Màu sắc: Hồng.
– Kích thước: Chiều dài 27cm.</pre>', 46, 'OEM', 'NEW', 3.004354499240497, 4, 57000, 44, 4.2, 'https://vn-test-11.slatic.net/original/c484e3c97ff26b56da19bbacfe40d312.jpg;', 36, 3);

INSERT INTO review (id, product_id, reviewer, rating, `comment`) VALUES(46100, 4610, '凯 王.', 2, 'hàng ok 👌👌👌');

INSERT INTO review (id, product_id, reviewer, rating, `comment`) VALUES(46101, 4610, 'Lazada Customer', 4, 'giao cho máy đã qua sử dụng quá tệ');

INSERT INTO review (id, product_id, reviewer, rating, `comment`) VALUES(46102, 4610, 'Lazada Customer', 3, 'Cũng tạm ổn');

INSERT INTO review (id, product_id, reviewer, rating, `comment`) VALUES(46103, 4610, 'Lazada Customer', 1, 'Dùng đc trong tầm giá');

INSERT INTO review (id, product_id, reviewer, rating, `comment`) VALUES(46104, 4610, 'sang N.', 1, 'Hag cug rat ok');

INSERT INTO product (id, name, short_desc, full_desc, category_id, brand_name, status, weight, available_item, unit_price, discount_percent, avg_rating, img_url, total_rating, supplier_id) VALUES(4611, 'Máy Sấy Tóc Nóng Lạnh Nào Tốt, Máy Sấy Tóc Công Suất, Lớn Máy Sấy Tóc 2 Chiều DELIYA 8088, Công Suất 2000W Làm Khô Dễ Dàng Tạo Kiểu, Tích Hợp Công Nghệ Bảo Vệ Tóc Không Gẫy Gọn Hư Tổn', 'Máy Sấy Tóc Nóng Lạnh Nào Tốt, Máy Sấy Tóc Công Suất, Lớn Máy Sấy Tóc 2 Chiều DELIYA 8088, Công Suất 2000W Làm Khô Dễ Dàng Tạo Kiểu, Tích Hợp Công Nghệ Bảo Vệ Tóc Không Gẫy Gọn Hư Tổn', '<pre>Tu Van Mua May Say Uy Tin
Chất liệu: Thép đen, nhựa cao cấp
Máy có công suất 2000W được thiết kế với 2 tốc độ sấy và chế độ sấy nhanh
Phù hợp với cả nhu cầu gia đình và cửa hàng làm tóc chuyên nghiệp
Tặng kèm 5 phụ kiện giúp bạn dễ dàng tạo kiểu tóc theo ý muốn</pre>', 46, 'OEM', 'USED', 6.127011952568072, 73, 185009, 44, 4.6, 'https://vn-test-11.slatic.net/original/e8586bae0dae94a7edc61e4f4f302bb6.jpg;https://vn-test-11.slatic.net/original/01c10774dd180210e7347035e2d28506.jpg;https://vn-test-11.slatic.net/original/1cc5c7e57ef421cd481727a63690ed8f.jpg;https://vn-test-11.slatic.net/original/9d7ec9ce57842c69df6740f76aded134.jpg;https://vn-test-11.slatic.net/original/599c546b524ce0e8028bd0d0d0fd3cac.jpg;https://vn-test-11.slatic.net/original/ab372f7838e3a96bcf96fa0fef009d06.jpg;https://vn-test-11.slatic.net/p/7371050dae80f53e85077dfc4022557e.jpg;', 261, 1);

INSERT INTO review (id, product_id, reviewer, rating, `comment`) VALUES(46110, 4611, 'Huong H.', 1, 'Hàng chuẩn, công suất lớn, đặt hôm trước hôm sau đã nhận được, đã thế lại đầy đủ phụ kiện như hình, cảm ơn shop
mình vừa đặt thêm 20 bộ tặng nhân viên đóng gói giúp mình nhé, thanks');

INSERT INTO review (id, product_id, reviewer, rating, `comment`) VALUES(46111, 4611, 'Hồng T.', 3, 'giao hàng nhanh có đầy đủ phụ kiện như hình thật, giá lại rẻ, dùng đầm tay gió quay tốc độ , cảm ơn shop');

INSERT INTO review (id, product_id, reviewer, rating, `comment`) VALUES(46112, 4611, 'Aly', 3, 'hàng đẹp, giao hàng nhanh, tốt, công suất to phết, ủng hộ shop cái thứ 3 rồi đấy, lần sau cho mã giảm giá nha shop');

INSERT INTO review (id, product_id, reviewer, rating, `comment`) VALUES(46113, 4611, 'Chị Đ.', 3, 'cs chất lượng, hàng tốt, giao hàng nhanh, chế độ bảo hành tốt, máy công suất to, kê to , thổi mạnh, dùng sướng');

INSERT INTO review (id, product_id, reviewer, rating, `comment`) VALUES(46114, 4611, 'Dũng B.', 4, 'mới nhận được chưa Test thử nhưng thấy shop đóng gói tệ quá. Thùng ngoài bị bẹp, thùng trong cũng bẹp');

INSERT INTO product (id, name, short_desc, full_desc, category_id, brand_name, status, weight, available_item, unit_price, discount_percent, avg_rating, img_url, total_rating, supplier_id) VALUES(4612, 'Máy Sấy Tóc HAIR DRYER ĐA NĂNG chuyên dụng cho nguoi du lịch', 'Máy Sấy Tóc HAIR DRYER ĐA NĂNG chuyên dụng cho nguoi du lịch', '<pre>Sấy khô nhanh,Luồng gió an toàn
Kiểu dáng nhỏ,gọn tiện dụng phù hợp các bạn hay đi du lịch và dùng hằng ngày.
Giúp tạo kiểu tóc dễ dàng
Nhiều chế độ sấy phục vụ mọi nhu cầu khó tính.
tính năng Lined up dể dàng mang theo mọi nơi</pre>', 46, 'OEM', 'NEW', 7.601889875854164, 48, 51000, 44, 4.9, 'https://vn-test-11.slatic.net/original/136563d1191353fe85587aefea94923a.jpg;https://vn-test-11.slatic.net/original/d682fada380b989681f82b1653cb5fa5.jpg;https://vn-test-11.slatic.net/original/b3c93f966f453251809d76f1e8fe1a2a.jpg;https://vn-test-11.slatic.net/original/368d565c9377d42ab226c98a5639ffab.jpg;https://vn-test-11.slatic.net/original/489298525053aef7038df45e818a5b51.jpg;https://vn-test-11.slatic.net/original/77f025de046594441c514096434e341d.jpg;https://vn-test-11.slatic.net/original/b30f124f89177c111e5cc1bf037de20f.jpg;https://vn-test-11.slatic.net/original/35ccc5149eb364d5ee1c359f5a80e012.jpg;', 1239, 2);

INSERT INTO review (id, product_id, reviewer, rating, `comment`) VALUES(46120, 4612, 'Hoàng T.', 2, 'may dung rat em, minh moi mua ve nha ai cung thick');

INSERT INTO review (id, product_id, reviewer, rating, `comment`) VALUES(46121, 4612, 'Van G.', 0, 'May say dung nhu mo ta hoạt dong tot mo may la nóng lien');

INSERT INTO review (id, product_id, reviewer, rating, `comment`) VALUES(46122, 4612, 'Jack S.', 1, 'máy chạy cực kỳ tốt');

INSERT INTO review (id, product_id, reviewer, rating, `comment`) VALUES(46123, 4612, 'Nhuẩn T.', 0, 'Hàng rất ok nhé, có 2 mức, cũng khá nóng. Mua với giá Km 57k, rất đáng tiền.');

INSERT INTO review (id, product_id, reviewer, rating, `comment`) VALUES(46124, 4612, 'Huynh A.', 0, 'máy nhỏ gọn xài rất ok');

INSERT INTO product (id, name, short_desc, full_desc, category_id, brand_name, status, weight, available_item, unit_price, discount_percent, avg_rating, img_url, total_rating, supplier_id) VALUES(4613, 'Tắm trắng Beauty spa', 'Tắm trắng Beauty spa', '<pre>Sản phẩm cao cấp
Giá cả hợp lý
An toàn khi sử dụng</pre>', 46, 'OEM', 'USED', 8.97390683538108, 38, 15000, 44, 4.3, 'https://vn-test-11.slatic.net/original/dc29d747eb0e57077118e6aec791d8be.jpg;https://vn-test-11.slatic.net/original/11fb3885dd889bb67eac3fec0a80898c.jpg;https://vn-test-11.slatic.net/original/dec488bf33d5a7d2a13448ee601ba2ad.jpg;', 126, 8);

INSERT INTO review (id, product_id, reviewer, rating, `comment`) VALUES(46130, 4613, 'Tuyet H.', 2, 'Tắm trắng bất tông lên hẳn rt thom');

INSERT INTO review (id, product_id, reviewer, rating, `comment`) VALUES(46131, 4613, 'Nguyen T.', 4, 'có cái hài lòng nhưng có cái ko hài lòng giao hàng ko giống hoản cáo trả hàng mấy ng rồi mà chưa giải quết');

INSERT INTO review (id, product_id, reviewer, rating, `comment`) VALUES(46132, 4613, 'Nhu Q.', 4, 'tam len ton lam ak em lm da sang han len');

INSERT INTO review (id, product_id, reviewer, rating, `comment`) VALUES(46133, 4613, 'Nguyên N.', 1, 'hàng chưa xài, nhưng tin rất tốt, xin cho 5 sao ak');

INSERT INTO review (id, product_id, reviewer, rating, `comment`) VALUES(46134, 4613, 'Như H.', 0, 'tắm ko trắng gì cả mất uy tín🙏🙏🙏');

INSERT INTO product (id, name, short_desc, full_desc, category_id, brand_name, status, weight, available_item, unit_price, discount_percent, avg_rating, img_url, total_rating, supplier_id) VALUES(4614, 'kem body vip', 'kem body vip', '<pre>Đặc biệt của Body Víp Chất kem sáng mịn như yaourt
Thấm nhanh không bị bết rít hay dính trên quần áo
Thoa là Thấm Thấm là trắng. Độ chống nắng cao nên mọi người cứ yên tâm sử dụng
Mấy chị nào muốn da trắng mịn hồng hào thì hãy đến với kem body cream No 1
Muốn trắng muốn đẹp thì phải kiên trì sử dụng kem
Bạn sẽ đạt được hiệu quả sau 7 đến 10 ngày sử dụng</pre>', 46, 'No Brand', 'NEW', 8.921303446308178, 8, 18000, 44, 4.6, 'https://vn-test-11.slatic.net/original/21d9fcb90c670db256ffbd28f06cb566.jpg;https://vn-test-11.slatic.net/original/d825d9fa35dfd0690ee85024ca64bfe6.jpg;https://vn-test-11.slatic.net/original/b33d67eb733c2a317d007593a3de68eb.jpg;', 218, 8);

INSERT INTO review (id, product_id, reviewer, rating, `comment`) VALUES(46140, 4614, 'Thế L.', 2, 'đóng gói nhìn rất đảm bảo lót giấy vừa khít cái thùng nên khi nhận hàng tháo ra nhìn khá hài lòng về cách đóg gói rất có trách nhiệm..');

INSERT INTO review (id, product_id, reviewer, rating, `comment`) VALUES(46141, 4614, 'Suri B.', 3, 'hàng tốt,ko di ứng,kem rất nhiều, chị em lưu ý là, kem nay thoa lên ko trắng liền như những kem khác, nó sẽ thấm vào da mình y như là chưa có thoa vậy đó, mới lúc đầu mình cũng nghĩ ko tốt, nhưng cũng cố gắng Sài thêm 3ngay nữa và kết quả là da đã bật tông rõ rệt, rất hài lòng 5sao');

INSERT INTO review (id, product_id, reviewer, rating, `comment`) VALUES(46142, 4614, 'Nở H.', 3, '');

INSERT INTO review (id, product_id, reviewer, rating, `comment`) VALUES(46143, 4614, 'Ánh Đ.', 0, 'kem thơm, nhanh thấm lắm chị ạ. xài OK lắm luôn, trắng tự nhiên chứ k như mấy loại khác trắng bạch Hihii.... thích lắm luôn, e xài gần hết 1 hũ đã thấy trắng rõ rệt Ra rồi, chắc đặt thêm hũ nữa để dưỡng chơi tết ấy c hihi... 💗 khen kem rồi thì h khen shop 1 điều đó là giao hàng rất chi là nhanh luôn cơ, đóng gói thì gọn gàng, cẩn thận lắm luôn ấy.. em sẽ tiếp tục đồng hành với c hihi');

INSERT INTO review (id, product_id, reviewer, rating, `comment`) VALUES(46144, 4614, 'Lazada Customer', 0, 'hủ chỉ được 1/3');

INSERT INTO product (id, name, short_desc, full_desc, category_id, brand_name, status, weight, available_item, unit_price, discount_percent, avg_rating, img_url, total_rating, supplier_id) VALUES(4615, 'Gối Masage Toàn Thân, Gối Masage Cổ, Mua Ngay Gối Massage Hồng Ngoại 8 Bi Cao Cấp, Giảm Tình Trạng Căng Cơ, Tăng Cường Lưu Thông Máu - Bh Uy Tín 1 Đổi 1', 'Gối Masage Toàn Thân, Gối Masage Cổ, Mua Ngay Gối Massage Hồng Ngoại 8 Bi Cao Cấp, Giảm Tình Trạng Căng Cơ, Tăng Cường Lưu Thông Máu - Bh Uy Tín 1 Đổi 1', '<pre>Phân phối và bảo hành uy tín bởi KINGTECH-SG
Có 2 chế độ massage: Bình thường (đánh tan nhức mỏi) vàtia hồng ngoại(lưu thông máu).
8 bi massage, xoay đảo chiều 360 độ tiếp cận tối đa các vùng mô tế bào
Cải thiện tuần hoàn máu, tăng cường sự trao đổi chất của các tế bào.
Giảm đau, giảm tình trạng căng cơ, xua tan những cơn mệt mỏi.
Có thể dùng để massage cho nhiều vị trí trên cơ thể như: cổ, vai, lưng, bụng, đùi, bắp chân, bàn chân, bàn tay…
Có thể móc trên ghế văn phòng, ghế ô tô với giắc cắm thông minh</pre>', 46, 'OEM', 'NEW', 8.79676102863572, 87, 390000, 44, 4.7, 'https://vn-test-11.slatic.net/p/cfc6bfacde5b4fda4afe145cba50ecbf.jpg;https://vn-test-11.slatic.net/p/7a3551ee2be02163ba7ab0f457fe87b3.jpg;https://vn-test-11.slatic.net/original/5b6648f6fb3cb4060c93a526c0618b87.jpg;https://vn-test-11.slatic.net/original/7c5fc5562fd8e395f2794bd21018cdc1.jpg;https://vn-test-11.slatic.net/original/f1ce8d9764c6d6c6cbe271f18db53337.jpg;https://vn-test-11.slatic.net/original/1b87cc58696d7cec901fe42815c077a0.jpg;https://vn-test-11.slatic.net/original/a67e36ec40f175c0334f686723ee0f49.jpg;https://vn-test-11.slatic.net/original/236b5140c82aeae8dda6b72fe62db9f1.jpg;', 147, 6);

INSERT INTO review (id, product_id, reviewer, rating, `comment`) VALUES(46150, 4615, 'Hiệp T.', 3, 'nhận hàng được 1 tháng rồi, sử dụng thấy rất êm ai, hoạt động đều,có đảo chiều, mình sử dụng máy mình thấy rất đa năng, không chỉ masage cổ, masage chân, masage eo ,à còn masage toàn thân được. okeeeee');

INSERT INTO review (id, product_id, reviewer, rating, `comment`) VALUES(46151, 4615, 'lan T.', 3, 'gối masa rất thoải mái khi sài
đang sài thấy mọi chức năng ổn định');

INSERT INTO review (id, product_id, reviewer, rating, `comment`) VALUES(46152, 4615, 'lượng', 1, 'Hàng mới dùng thấy được lắm, chạy khoảng 5 phút ấm lên thấy đỡ nhức mỏi. Có BH nên yên tâm sử dụng. Đóng gói đẹp, chuẩn.');

INSERT INTO review (id, product_id, reviewer, rating, `comment`) VALUES(46153, 4615, 'ánh H.', 1, 'sản phẩm dùng được 1 tuần thấy cũng ổn, mát xa đảo 360 độ rất thỏa  mái, thích nhất là có thể dùng gài trực tiếp trên ghế của ô tô');

INSERT INTO review (id, product_id, reviewer, rating, `comment`) VALUES(46154, 4615, 'phạm T.', 2, 'mua máy massage rất nhiều nơi nhưng cảm thấy shop này là hài lòng nhất. đóng gói kĩ. máy tốt. động cơ ổn định, hài lòng');

INSERT INTO product (id, name, short_desc, full_desc, category_id, brand_name, status, weight, available_item, unit_price, discount_percent, avg_rating, img_url, total_rating, supplier_id) VALUES(4616, 'Máy Làm Tóc Mini 2 Trong 1, Lược Uốn Tóc 2 In 1 Xuila Duỗi Thẳng , Duỗi Cúp, Uốn Xoăn Cho Các Quý Cô Thời Trang Biến Hóa Phong Cách Mỗi Ngày Được Bảo Hành Một Đổi 1 Bởi New Home.', 'Máy Làm Tóc Mini 2 Trong 1, Lược Uốn Tóc 2 In 1 Xuila Duỗi Thẳng , Duỗi Cúp, Uốn Xoăn Cho Các Quý Cô Thời Trang Biến Hóa Phong Cách Mỗi Ngày Được Bảo Hành Một Đổi 1 Bởi New Home.', '<pre>Thiết kế tích hợp làm xoăn nhanh, là tóc thẳng.
Lược được làm từ chất liệu cao cấp giúp máy nóng nhanh mà vẫn an toàn.
Bề mặt lược phủ nano giảm hư tổn tóc .
Vỏ nhựa an toàn không nóng da đầu.
Kiểu dáng nhỏ gọn dễ sử dụng và bảo quản cất giữ.</pre>', 46, 'OEM', 'USED', 4.0754467640534235, 38, 150647, 44, 4.8, 'https://vn-test-11.slatic.net/original/6b894aac0c38bda3264f25045350a359.jpg;https://vn-test-11.slatic.net/original/44d6c339efe0edaae379462385fec350.jpg;https://vn-test-11.slatic.net/original/fde073509de0e88d7d94d713dbd2bef8.jpg;https://vn-test-11.slatic.net/original/f48edc7035054167e6ebdd90592d882d.jpg;', 64, 9);

INSERT INTO review (id, product_id, reviewer, rating, `comment`) VALUES(46160, 4616, 'Thảo T.', 1, 'Uốn mái đẹp ko bị khô');

INSERT INTO review (id, product_id, reviewer, rating, `comment`) VALUES(46161, 4616, 'vo H.', 1, 'k biết các bạn khác mua hàng shop này ra sao chứ mình thì shop tuy phản hồi tin hơi chậm, nhưng cách phục vụ.rất chu đáo, mua màu gì đúng y màu đó,đặt hàng thứ 3,sáng thứ 4 nhận.đúng 1 ngày.về sp thì mẫu mã đẹp, cắm điện 5 giây là thấy nóng, đủ để duỗi uốn ok hết.còn máy bền hay k thì dùng mới biết dc.');

INSERT INTO review (id, product_id, reviewer, rating, `comment`) VALUES(46162, 4616, 'Nguyễn T.', 1, '');

INSERT INTO review (id, product_id, reviewer, rating, `comment`) VALUES(46163, 4616, 'Nguyễn T.', 1, '');

INSERT INTO review (id, product_id, reviewer, rating, `comment`) VALUES(46164, 4616, 'Thanh T.', 0, 'Hàng gói cẩn thận, máy mới, sử dụng tốt.');

INSERT INTO product (id, name, short_desc, full_desc, category_id, brand_name, status, weight, available_item, unit_price, discount_percent, avg_rating, img_url, total_rating, supplier_id) VALUES(4617, 'Máy Duỗi, Kẹp, tạo kiểu tóc mini, máy ép tóc mini, máy làm tóc mini , máy làm tóc đa năng mini ,máy làm xoăn tóc mini , máy kẹp tóc mini giá rẻ,kẹp tóc đa năng mini, máy làm tóc xoăn mini, máy tạo kiểu tóc đẹp mini , máy bấm Phồng, Uốn,duỗi Tóc 3 Trong 1', 'Máy Duỗi, Kẹp, tạo kiểu tóc mini, máy ép tóc mini, máy làm tóc mini , máy làm tóc đa năng mini ,máy làm xoăn tóc mini , máy kẹp tóc mini giá rẻ,kẹp tóc đa năng mini, máy làm tóc xoăn mini, máy tạo kiểu tóc đẹp mini , máy bấm Phồng, Uốn,duỗi Tóc 3 Trong 1', '<pre>Chất lượng cao cấp
Sản phẩm nhiều màu sắc (hồng, xanh, đen) với thiết kế nhỏ gọn, tiện lợi khi bạn cần dùng ở bất cứ đâu
2 tính năng trong 1 sản phẩm; bạn vừa có thể uốn vừa có thể duỗi tóc đẹp như ở những tiệm cao cấp
Cách dùng đơn giản, bạn hoàn toàn có thể tự mình tạo một kiểu tóc mới
Có thể dùng chung cho chị em chung nhà, thật tiết kiệm và tiện lợi
Khối lượng: 350gr
Kích thước: 17*5*5
Chất liệu: nhựa + kim loại + sứ
Thiết kế hiện đại
An toàn khi sử dụng</pre>', 46, 'OEM', 'USED', 4.652740833349077, 13, 79000, 44, 4.6, 'https://vn-test-11.slatic.net/p/ed020ddaae407612354ec21398160be8.jpg;https://vn-test-11.slatic.net/original/94e108f5b1505c5e916c3249bf9d218b.jpg;https://vn-test-11.slatic.net/original/4a4e982d42a9235cd04bfae4273f8558.jpg;https://vn-test-11.slatic.net/original/5cecd3034de6dc959cf6e91e0fa3f5de.jpg;https://vn-test-11.slatic.net/original/aa1603284a4e4d65b33b13e4dc21cf5c.jpg;https://vn-test-11.slatic.net/original/c9373d3764fbd74a65b3b19d769e30d4.jpg;https://vn-test-11.slatic.net/original/6e1b34f4605baffb2688ba36ca557055.jpg;', 155, 5);

INSERT INTO review (id, product_id, reviewer, rating, `comment`) VALUES(46170, 4617, 'Nguyễn N.', 2, 'chưa sử dụng thử nhưg bề ngoài khá ok');

INSERT INTO review (id, product_id, reviewer, rating, `comment`) VALUES(46171, 4617, 'Thinh T.', 3, 'hàng tốt lắm ok ko nói nhiều tuyệt đẹp ok');

INSERT INTO review (id, product_id, reviewer, rating, `comment`) VALUES(46172, 4617, 'Lazada Customer', 1, 'hàng đẹp , giao hàng nhanh');

INSERT INTO review (id, product_id, reviewer, rating, `comment`) VALUES(46173, 4617, 'Maisa C.', 1, '');

INSERT INTO review (id, product_id, reviewer, rating, `comment`) VALUES(46174, 4617, 'Lilia P.', 3, '');

INSERT INTO product (id, name, short_desc, full_desc, category_id, brand_name, status, weight, available_item, unit_price, discount_percent, avg_rating, img_url, total_rating, supplier_id) VALUES(4618, 'May massage rua mat - Cách mát xa mặt bằng máy - Máy rửa mặt cầm tay bằng silicone Foreo cao cấp.', 'May massage rua mat - Cách mát xa mặt bằng máy - Máy rửa mặt cầm tay bằng silicone Foreo cao cấp.', '<pre>Làm căng và săn chắc lớp bề mặt ngoài của da.
Đầu cọ bằng silicon mềm mại giúp làm sạch tối đa và massage cho da.
FOREO có thiết kế cong nhẹ theo dángmặt. Do đó rất dễ làm sạch những vùng khórửanhư là cánh mũi,mép…
Độ rung ở tần số thấp được nghiên cứu để sử dụng hiệu quả cho vùng da có nếp nhăn.
Không phải thay đầu cọ như những loại máy rửa mặt thông thường.
Có nút tăng giảm tốc độ nên phù hợp với mọi loại da và sở thích.
Sản phẩm sạc điện bằng cáp sạc USB nên rất tiện dụng.
Thiết kế nhỏ gọn, thuận tiện mang theo.</pre>', 46, 'OEM', 'NEW', 9.531715410690621, 81, 125000, 44, 5.0, 'https://vn-test-11.slatic.net/p/9293440e40d86133fd51313a77ea5478.jpg;https://vn-test-11.slatic.net/p/b60baa17de304d2d65eff62e0c9dbff1.jpg;https://vn-test-11.slatic.net/p/cd763f4af4e1c2d8a322a2bfe77826d4.jpg;https://vn-test-11.slatic.net/p/1d2b3835762e2b7fc3b4f5a147693f61.jpg;https://vn-test-11.slatic.net/p/16c5b1b752a2ba02046e19ab0c8bb40e.jpg;https://vn-test-11.slatic.net/p/0f4f4b314bd3bc36c97314ccd5e62cad.jpg;https://vn-test-11.slatic.net/p/87aa183ac3d9be763ee884eacd2f7a66.jpg;https://vn-test-11.slatic.net/p/0fa446da6da551f7bf6d6625efa209d8.jpg;', 34, 7);

INSERT INTO review (id, product_id, reviewer, rating, `comment`) VALUES(46180, 4618, 'Lazada Customer', 1, 'Giao đúng như hình 👍🏻');

INSERT INTO review (id, product_id, reviewer, rating, `comment`) VALUES(46181, 4618, 'Hânn H.', 0, 'máy xài tốt, rung mạnh, đầu silicon nhẹ nhàng, chống nước, đầy đủ đồ. nói chung là ok, còn về độ bền thì chưa biết. phù hợp giá tuền. ủng hộ shop dài dài');

INSERT INTO review (id, product_id, reviewer, rating, `comment`) VALUES(46182, 4618, 'Lazada Customer', 0, 'cực kì tốt yêu nghê rửa mặt cực kì sạch cực kì tốt cho mấy bạn đang tuổi dậy thì hay là mấy bạn hay đi đường bụi');

INSERT INTO review (id, product_id, reviewer, rating, `comment`) VALUES(46183, 4618, 'Anh V.', 0, 'Máy nhỏ gọn màu và nhìn đẹp. mình rất thích từ lúc nhận hàng giờ ngày nào cũng rửa mặt 2 lần sáng tối theo lời shop tư vấn hen');

INSERT INTO review (id, product_id, reviewer, rating, `comment`) VALUES(46184, 4618, 'Út S.', 2, 'Hàng đẹp y hình, shop rất nhiệt tình với khách. Tư vấn đủ mọi điều cho mình. Chúc shop buôn may bán đắt');

INSERT INTO product (id, name, short_desc, full_desc, category_id, brand_name, status, weight, available_item, unit_price, discount_percent, avg_rating, img_url, total_rating, supplier_id) VALUES(4619, 'Dụng Cụ Bát Trộn Mặt Nạ ( Màu ngẫu nhiên )', 'Dụng Cụ Bát Trộn Mặt Nạ ( Màu ngẫu nhiên )', '<pre>Bộ dụng cụ gồm:
1. Mask Bowl ( bát mặt nạ): bằng nhựa chất lượng cao, mềm, thiết kế dễ cầm trên tay., đường kính 8cm.
2. Mask Stick ( que trộn): bằng nhựa chất lượng cao.
3. Mask Brush ( bàn chải): bằng các sợi nilon mềm mại, thoải mái.
4. Bộ 3 muỗng với các kích thước khác nhau: 2,5g, 5g, 15g cho các nhu cầu khác nhau.</pre>', 46, 'No Brand', 'NEW', 9.849517673453276, 7, 9000, 44, 4.7, 'https://vn-test-11.slatic.net/original/531971cdd7d7e65adc5755c7e57f7369.jpg;https://vn-test-11.slatic.net/original/711119eac49f7b83d6063d8be50b577b.jpg;https://vn-test-11.slatic.net/original/8856e9426fca47b447a6d1b422f2bfdd.jpg;https://vn-test-11.slatic.net/original/3c4950e1bb3c5c95baf8e7bb5942ea24.jpg;https://vn-test-11.slatic.net/original/302c4458a25ae02bbb78a44f84d2af20.jpg;https://vn-test-11.slatic.net/original/e39c159df8862abd8ff325509110ded6.jpg;https://vn-test-11.slatic.net/original/48a0cc918ecf98af612f6f34d1ed9f8a.jpg;', 45, 1);

INSERT INTO review (id, product_id, reviewer, rating, `comment`) VALUES(46190, 4619, 'Lê D.', 1, 'tốt, cọ mịn');

INSERT INTO review (id, product_id, reviewer, rating, `comment`) VALUES(46191, 4619, 'Hoàng C.', 4, 'hàng gói cẩn thận');

INSERT INTO review (id, product_id, reviewer, rating, `comment`) VALUES(46192, 4619, 'Lazada Customer', 4, 'cọ bị trầy, nhưng cũng ổn so với giá. cảm ơn shop');

INSERT INTO review (id, product_id, reviewer, rating, `comment`) VALUES(46193, 4619, 'Hăng N.', 0, 'hàng đẹp, tiện lợi để  trộn hỗn hợp');

INSERT INTO review (id, product_id, reviewer, rating, `comment`) VALUES(46194, 4619, 'Phan N.', 1, 'Sản phẩm đầy đủ như hình');

INSERT INTO product (id, name, short_desc, full_desc, category_id, brand_name, status, weight, available_item, unit_price, discount_percent, avg_rating, img_url, total_rating, supplier_id) VALUES(4620, 'Máy hút mụn trứng cá + Tặng kèm 1 miếng rửa mặt massage trị mụn đầu đen', 'Máy hút mụn trứng cá + Tặng kèm 1 miếng rửa mặt massage trị mụn đầu đen', '<pre>Đầu hút bằng Silicon an toàn.
Sử dụng dễ dàng;
Thiết kế nhỏ gọn tiện ích.
Mang lại hiệu quả ca.
Sản phẩm tặng kèm được giao màu ngẫu nhiên.</pre>', 46, '', 'USED', 5.944174654322324, 85, 38000, 44, 3.8, 'https://vn-test-11.slatic.net/original/b5ac2c6585efa1e1259c35e8461f4f5a.jpg;https://vn-test-11.slatic.net/original/75c0321d1e4d7d13bf7d74859e4c2879.jpg;https://vn-test-11.slatic.net/original/e5285647ce0195552f1a99095740119e.jpg;https://vn-test-11.slatic.net/original/f9bc648f0178d27910efa99c987f6126.jpg;', 31, 9);

INSERT INTO review (id, product_id, reviewer, rating, `comment`) VALUES(46200, 4620, 'Nam', 4, 'Vâng sản phẩm bên nhà cung cấp xài rất chi là tốt hút méo được 1 cục mụn con kiến hút còn k nổi chứ hút mụn');

INSERT INTO review (id, product_id, reviewer, rating, `comment`) VALUES(46201, 4620, 'Thành H.', 1, 'tôi thích. nhưng máy có vẻ không mạnh lắm.');

INSERT INTO review (id, product_id, reviewer, rating, `comment`) VALUES(46202, 4620, 'Huyền Đ.', 2, 'mình thấy máy hút mụn giá cả hợp lý');

INSERT INTO review (id, product_id, reviewer, rating, `comment`) VALUES(46203, 4620, 'Lazada Customer', 4, 'chất lượng sp tốt , giá ca hop lý , minh rat ưng , giao hang nhanh , shop tu van cho minh nhiet tinh');

INSERT INTO review (id, product_id, reviewer, rating, `comment`) VALUES(46204, 4620, 'Nguyễn L.', 2, 'Lừa người mua à ? Lực hút yếu xìu thì hút caia gì ?');

INSERT INTO product (id, name, short_desc, full_desc, category_id, brand_name, status, weight, available_item, unit_price, discount_percent, avg_rating, img_url, total_rating, supplier_id) VALUES(4621, 'Niệm mát xa toàn thân, Máy massage hồng ngoại-310P-giúp bạn xua tan mọi mệt mỏi, đau nhức vai gáy, đau lưng, đau cơ, lưu thông tuần hoàn máu-BH 12 tháng bởi TECH SMITH 465', 'Niệm mát xa toàn thân, Máy massage hồng ngoại-310P-giúp bạn xua tan mọi mệt mỏi, đau nhức vai gáy, đau lưng, đau cơ, lưu thông tuần hoàn máu-BH 12 tháng bởi TECH SMITH 465', '<pre>Với 5 điểm massage vào 5 huyệt đạo chính
8 chế độ massage khác nhau phù hợp cho mọi nhu cầu
Chỉnh thời gian hẹn giờ bật tắt linh hoạt
Chức năng sưởi ấm rung tạo cảm giác sảng khoái
Vải bên ngoài của máy được may bằng cotton mềm mại và thoáng khí
Là món quà ý nghĩa để bạn dành tặng cho ông bà, cha mẹ, người thân yêu của mình đấy.
Bảo hành uy tín 1 đổi 1 nếu lỗi của nhà sản xuất trong 6 tháng</pre>', 46, 'OEM', 'USED', 8.241504788365598, 69, 517243, 44, 4.5, 'https://vn-test-11.slatic.net/p/4ee2660310d86c5e4791ce54b632b769.jpg;https://vn-test-11.slatic.net/p/mdc/21e3ee193fd7c7594666ad4f8454e602.jpg;https://vn-test-11.slatic.net/p/mdc/7e687dbcb3b93d8cfff0cbd81d555468.jpg;https://vn-test-11.slatic.net/p/mdc/f38cf76c70551441dae83f3c23c16509.jpg;https://vn-test-11.slatic.net/p/mdc/504a3aadaa23690e991c453250f87e9b.jpg;https://vn-test-11.slatic.net/p/mdc/467ac120a4d5590c372087d78c58e3c2.jpg;https://vn-test-11.slatic.net/p/mdc/e2f721b062a1a84536b7aaef4a7f010f.jpg;https://vn-test-11.slatic.net/p/mdc/fe01eadae324c884430ee4b65a13b0bc.jpg;', 33, 3);

INSERT INTO review (id, product_id, reviewer, rating, `comment`) VALUES(46210, 4621, 'tran N.', 0, 'máy rung mạnh. đủ 8 chế độ massage. mình cao 1,75 m nên phần massage ở cổ hơi thấp. đặt thêm cái nữa');

INSERT INTO review (id, product_id, reviewer, rating, `comment`) VALUES(46211, 4621, 'Nguyen T.', 3, 'Quá tệ,ko có tác dụng gì,gửi đổi trả gửi Mail về là ko đủ điều kiện.ko như quảng cáo.sai lầm khi mua sp');

INSERT INTO review (id, product_id, reviewer, rating, `comment`) VALUES(46212, 4621, 'Trương Q.', 3, 'Đã xài máy đánh mạnh tốt  tặng bố vợ mình khen hoài cảm ơn shop giao hàng tốc hành 5sao....độ bền time trả lời bao lâu.');

INSERT INTO review (id, product_id, reviewer, rating, `comment`) VALUES(46213, 4621, 'Lê H.', 2, 'Hàng xài tốt');

INSERT INTO review (id, product_id, reviewer, rating, `comment`) VALUES(46214, 4621, 'Nguyễn Đ.', 3, 'Bình thường không có tác dụng mấy.');

INSERT INTO product (id, name, short_desc, full_desc, category_id, brand_name, status, weight, available_item, unit_price, discount_percent, avg_rating, img_url, total_rating, supplier_id) VALUES(4622, 'Máy Uốn Tóc Sóng Nước Đẹp', 'Máy Uốn Tóc Sóng Nước Đẹp', '<pre>#Máy_Uốn_Tóc_Sóng_Nước Đẹp giúp các chị em tạo kiểu được mái tóc xoăn sóng nước, xoăn kiểu Hàn tuyệt đẹp diện đi làm hay đi chơi thì quá tuyệt vời - ĐẶC ĐIỂM NỔI BẬT:+/ Sản phẩm được thiết kế tinh tế, chắc chắn với độ chính xác cao.+/ Công tắc máy ngắt mở giúp bạn dễ thao tác mà không cần rút phích cắm.+/ Mặt tiếp xúc được làm từ hợp kim nhôm cao cấp, có khả năng làm nóng nhanh, bền mà không gây tổn hại tóc.+/ Chiều dài máy 27 cm.+/ Màu sắc: Trắng hồng#maylamtoc #máy_làm_tóc #máy_uốn_tóc #mayuontoc #máy_làm_xoăn #maylamxoan</pre>', 46, 'No Brand', 'NEW', 6.499814293910615, 8, 99000, 44, 4.9, 'https://vn-test-11.slatic.net/original/0f9d124b1544495923a26b0e9215ba84.jpg;https://vn-test-11.slatic.net/original/fe75ecdea731dd5e7ba876dd74bef134.jpg;https://vn-test-11.slatic.net/original/10b753c5aa6bb1a12c7a0857045475b1.jpg;', 34, 8);

INSERT INTO review (id, product_id, reviewer, rating, `comment`) VALUES(46220, 4622, 'Ngân N.', 4, 'Bấm tóc ra được ntn');

INSERT INTO review (id, product_id, reviewer, rating, `comment`) VALUES(46221, 4622, 'trần H.', 0, 'Hàng tốt lw ạ');

INSERT INTO review (id, product_id, reviewer, rating, `comment`) VALUES(46222, 4622, 'Vũ T.', 3, 'y như quảng cáo, rất tốt.');

INSERT INTO review (id, product_id, reviewer, rating, `comment`) VALUES(46223, 4622, 'Sin Đ.', 2, 'đẹp như hình');

INSERT INTO review (id, product_id, reviewer, rating, `comment`) VALUES(46224, 4622, 'nguyễn H.', 3, 'ok');

INSERT INTO product (id, name, short_desc, full_desc, category_id, brand_name, status, weight, available_item, unit_price, discount_percent, avg_rating, img_url, total_rating, supplier_id) VALUES(4623, 'Máy hút mụn RT-8080', 'Máy hút mụn RT-8080', '<pre>Lấy đi những mụn cám nằm sâu trong da,
chức năng: tẩy tế bào chết chết da
loại bỏ mụn đầu đen, mask mụn trứng cá, chất béo hạt
Đồng thời còn có tác dụng lấy đi lượng dầu thừa trên da</pre>', 46, 'EOM', 'USED', 1.282720519679817, 75, 139000, 44, 4.4, 'https://vn-test-11.slatic.net/original/ec330a957f432cef14152c17c9b200ee.jpg;https://vn-test-11.slatic.net/original/dc505fea8bdc99b0ec71806eb9b8186f.jpg;https://vn-test-11.slatic.net/original/b81d9f83260f3f9603be0e90dbe21f30.jpg;https://vn-test-11.slatic.net/original/d51d09aac5cb22e50be89009826e3aa8.jpg;https://vn-test-11.slatic.net/original/e42bc27cba9305dde046b4f934e6a2ab.jpg;https://vn-test-11.slatic.net/original/41eeea91d814ec8d698e821e6827a945.jpg;https://vn-test-11.slatic.net/original/6c7d2ddec8587fd46cd7fb4830c107c5.jpg;https://vn-test-11.slatic.net/original/7396e7ec1e5dc82fa52efa39b9c4843d.jpg;', 8, 1);

INSERT INTO review (id, product_id, reviewer, rating, `comment`) VALUES(46230, 4623, 'Trần T.', 1, 'đóng gói cẩn thận, giao hàng nhanh, lúc máy chạy nghe như mùi khét 1 tí, hút mụn ok, chắc do cách hút của mình sai nên bị tím hết cả mũi. cho 4 sao thôi :) tạm ổn!!');

INSERT INTO review (id, product_id, reviewer, rating, `comment`) VALUES(46231, 4623, 'Hương P.', 4, 'Giao hàng nhanh, sản phẩm sài rất tốt, dễ sử dụng.');

INSERT INTO review (id, product_id, reviewer, rating, `comment`) VALUES(46232, 4623, 'Phúc', 2, 'hút yếu. không hút lên một nhân mụn nào');

INSERT INTO product (id, name, short_desc, full_desc, category_id, brand_name, status, weight, available_item, unit_price, discount_percent, avg_rating, img_url, total_rating, supplier_id) VALUES(4624, 'Cách Tẩy Lông Vĩnh Viễn Tại Nhà, Mua Ngay Máy Cạo Lông Toàn Thân Kemei Nhỏ Gọn, Triệt Lông Hiệu Quả, An Toàn Cho Da - Bh 1 Đổi 1', 'Cách Tẩy Lông Vĩnh Viễn Tại Nhà, Mua Ngay Máy Cạo Lông Toàn Thân Kemei Nhỏ Gọn, Triệt Lông Hiệu Quả, An Toàn Cho Da - Bh 1 Đổi 1', '<pre>mẫu 001
Thiết kế thông minh, kích thước nhỏ gọn, tiện dụng, vừa vặn tay cầm, có thể mang theo sử dụng mọi lúc mọi nơi.
Dùng cạo lông chân; tay; nách; râu
Sản phẩm tẩy nhanh tất cả các lông tơ dễ dàng mà không cần đến gương.
Nhẹ nhàng lấy đi cả phần thân lông và chân lông và ngăn chúng mọc trở lại sau nhiều tuần.
Máy chỉ dùng 1 viên pin AA có thể dùng tới 3 tháng ( Máy không gồm pin)
Sản phẩm có thể dùng để cạo lông cho toàn bộ cơ thể bạn
Chất liệu: nhựa ABS cao cấp + lưỡi dao thép,
Điện áp: 1,2V, An toàn khi sử dụng.</pre>', 46, 'OEM', 'USED', 6.957942090455738, 18, 148215, 44, 4.6, 'https://vn-test-11.slatic.net/original/52ed81bc1da8daf2704b2e0fcce34afc.jpg;https://vn-test-11.slatic.net/original/cf85c212e3ee0b814bbb5b059e9b8888.jpg;https://vn-test-11.slatic.net/original/0a95f606ff389c236c79bb49bc803136.jpg;https://vn-test-11.slatic.net/original/57c4621e975d8fc19cc9af0bc27913f2.jpg;https://vn-test-11.slatic.net/original/1dd9a2d9dafdfa3fddacef8ac7644f57.jpg;https://vn-test-11.slatic.net/original/b918b0bd74754f15e7e2b0c15cbb71b6.jpg;https://vn-test-11.slatic.net/original/5efdf89c62fb5f000c47b0c38f519c0a.jpg;https://vn-test-11.slatic.net/original/d73f4c8d6b38c741a80c3d2ad7a9461b.jpg;', 103, 5);

INSERT INTO review (id, product_id, reviewer, rating, `comment`) VALUES(46240, 4624, 'phạm H.', 2, 'mình nhận hàng rồi, dùng ok lắm, mình tham khảo nhiều shop và thấy shop mình bán giá hợp lý nhất, nhân hàng và dùng thì thấy ok thật');

INSERT INTO review (id, product_id, reviewer, rating, `comment`) VALUES(46241, 4624, 'Phạm T.', 4, 'em vừa nhận hàng chiều tối nha shop, chụp luôn cho nóng ạ, hơi tối shop thông cảm cho em nhá, bên ngoài đẹp hơn nhiều. máy sử dụng tốt ạ! em cám ơn');

INSERT INTO review (id, product_id, reviewer, rating, `comment`) VALUES(46242, 4624, 'Huỳnh T.', 3, 'Sản phẩm như hình, nhỏ gọn, đóng gói đẹp. Khi sử dụng để tẩy lông thì tương đối nhanh và hiệu quả, vùng da được làm sạch mềm mịn và không đau rát như khi sử dụng dao cạo!');

INSERT INTO review (id, product_id, reviewer, rating, `comment`) VALUES(46243, 4624, 'Minh Đ.', 3, '');

INSERT INTO review (id, product_id, reviewer, rating, `comment`) VALUES(46244, 4624, 'Khánh N.', 2, 'triệt được nhiều lông, chị em phụ nữ chúng mình nên mua sản phẩm này nhá. sau khi triệt lông lớp da phía dưới rất mịn màng đáng yêu lắm');

INSERT INTO product (id, name, short_desc, full_desc, category_id, brand_name, status, weight, available_item, unit_price, discount_percent, avg_rating, img_url, total_rating, supplier_id) VALUES(4625, 'Bộ 4 Dụng cụ tạo kiểu tóc (đen)', 'Bộ 4 Dụng cụ tạo kiểu tóc (đen)', '<pre>Xinh đẹp, tươi trẻ là hình ảnh mà phụ nữ luôn muốn thể hiện mỗi ngày.Hãy thay đổi chút xíu từ mái tóc, trang điểm, trang phục để bản thân luôn mới mẻ và quyến rũ các bạn nhé!Với Dụng Cụ Tạo Kiểu Tóc , chỉ vài thao tác đơn giản bạn sẽ tự thiết kế cho mình một kiểu tóc vừa dễ thương nhưng cũng đầy cá tính.Các bạn xem thêm cách sử dụng link dưới đây dùm shop nha :https://www.youtube.com/watch?v=H5V814-x5D0</pre>', 46, 'OEM', 'NEW', 7.485408156859251, 52, 15000, 44, 4.8, 'https://vn-test-11.slatic.net/original/45adb9c79b07ac2699d9b55d940c0df0.jpg;https://vn-test-11.slatic.net/original/f6e267d7f5d447e3ebea4337a6c70d82.jpg;https://vn-test-11.slatic.net/original/2ff4659fd7dae77c7fffeb804d1c8227.jpg;https://vn-test-11.slatic.net/original/1d9d6ac76c93b378d93b0be07edd9603.jpg;https://vn-test-11.slatic.net/original/29d740225fbd70c553760e88a2e87f87.jpg;', 15, 5);

INSERT INTO review (id, product_id, reviewer, rating, `comment`) VALUES(46250, 4625, 'Thúy H.', 0, '');

INSERT INTO review (id, product_id, reviewer, rating, `comment`) VALUES(46251, 4625, 'Le H.', 2, 'OK');

INSERT INTO review (id, product_id, reviewer, rating, `comment`) VALUES(46252, 4625, 'Truc N.', 3, 'Duyệt');

INSERT INTO product (id, name, short_desc, full_desc, category_id, brand_name, status, weight, available_item, unit_price, discount_percent, avg_rating, img_url, total_rating, supplier_id) VALUES(4626, 'Khăn choàng cắt tóc Barber', 'Khăn choàng cắt tóc Barber', '<pre>Kích thước: 1,2 x 1,5m
Chất liệu: áo choàng cắt tóc làm bằng vải PVC, rất dễ vệ sinh và lau chùi
Dùng để khoác khi cắt tóc, gội đầu, làm đầu.
Thích hợp dùng cho cả người lớn và trẻ em
Màu sắc: đen , trắng ( như hình )</pre>', 46, 'OEM', 'USED', 9.91488346131171, 44, 80000, 44, 3.7, 'https://vn-test-11.slatic.net/original/ca8ee19973e2b4c598737900c2b0ab02.jpg;https://vn-test-11.slatic.net/original/f64b5e79f76c2b0cea5ec35e181e8111.jpg;https://vn-test-11.slatic.net/original/3e4baff2c8afffb16deb539fded6be99.jpg;https://vn-test-11.slatic.net/original/84adb96198666bc257a7b1532cd37e68.jpg;', 3, 8);

INSERT INTO review (id, product_id, reviewer, rating, `comment`) VALUES(46260, 4626, 'Lazada Customer', 2, 'Ok lắm shop');

INSERT INTO review (id, product_id, reviewer, rating, `comment`) VALUES(46261, 4626, 'Long T.', 2, '👍🏻👍🏻👍🏻');

INSERT INTO review (id, product_id, reviewer, rating, `comment`) VALUES(46262, 4626, 'Nguyễn X.', 0, '');

INSERT INTO product (id, name, short_desc, full_desc, category_id, brand_name, status, weight, available_item, unit_price, discount_percent, avg_rating, img_url, total_rating, supplier_id) VALUES(4627, 'Máy sấy tóc Philips HP8108 (Hồng)', 'Máy sấy tóc Philips HP8108 (Hồng)', '<pre>Hãng sản xuất Philips.
Công xuất 100w.
2 chế độ nhiệt.
Tiện dụng khi mang đi du lịch
Bảo hành 24 tháng</pre>', 46, 'Philips', 'NEW', 4.3168759239845205, 80, 159000, 44, 4.4, 'https://vn-test-11.slatic.net/original/ab97c8375deecbc1cb025c2abd427b9c.jpg;https://vn-test-11.slatic.net/p/5/may-say-toc-philips-hp8108-hong-hang-nhap-khau-0801-09405891-96cd3699c93e9bee67b1ccd2dda4dec9-catalog.jpg;https://vn-test-11.slatic.net/p/5/may-say-toc-philips-hp8108-hong-hang-nhap-khau-0801-09405891-34805b22872bf60e02c03f49f4c05f2a-catalog.jpg;https://vn-test-11.slatic.net/p/5/may-say-toc-philips-hp8108-hong-hang-nhap-khau-0801-09405891-be311bae76cd1192bde8dd811109c1cb-catalog.jpg;', 15, 8);

INSERT INTO review (id, product_id, reviewer, rating, `comment`) VALUES(46270, 4627, 'Ngo T.', 2, 'Máy chạy tốt nhưng kêu to hơn so với máy bình thường
Nhìn chung dùng ok');

INSERT INTO review (id, product_id, reviewer, rating, `comment`) VALUES(46271, 4627, 'Umi88', 0, 'máy đẹp, chạy tốt 👍');

INSERT INTO review (id, product_id, reviewer, rating, `comment`) VALUES(46272, 4627, 'Lazada Customer', 2, 'Hình thức đẹp, máy sấy khỏe,nhanh khô tóc');

INSERT INTO review (id, product_id, reviewer, rating, `comment`) VALUES(46273, 4627, 'Đỗ T.', 0, 'Giao hàng nhanh, bọc hàng cận thận');

INSERT INTO review (id, product_id, reviewer, rating, `comment`) VALUES(46274, 4627, 'Trần N.', 3, 'sp quá tệ');

INSERT INTO product (id, name, short_desc, full_desc, category_id, brand_name, status, weight, available_item, unit_price, discount_percent, avg_rating, img_url, total_rating, supplier_id) VALUES(4628, 'May Kep Duoi Phong Toc, Mua Ngay Lược Uốn Duỗi Ruida Pro 2 Trong 1 Mẫu Mới, Tạo Kiểu Đa Năng Không Gây Tổn Hại Tóc, Bh 1 Đổi 1 Bởi Kingtech-Sg', 'May Kep Duoi Phong Toc, Mua Ngay Lược Uốn Duỗi Ruida Pro 2 Trong 1 Mẫu Mới, Tạo Kiểu Đa Năng Không Gây Tổn Hại Tóc, Bh 1 Đổi 1 Bởi Kingtech-Sg', '<pre>Máy duỗi tóc chỉnh nhiệt Ruida - bảo hành 6 tháng 1 đổi 1 nếu lỗi do nhà sản xuất.
Khả năng làm nóng nhanh, mặt tiếp xúc với tóc được làm từ chất liệu kim loại cao cấp, bền đẹp.
Nút điều chỉnh nhiệt độ theo ý thích, giúp bảo vệ tóc của bạn, không làm cháy tóc trong lúc sử dụng.
Kích thước vừa phải, thích hợp để bạn mang theo mọi lúc, mọi nơi.
Công nghệ hiện đại giúp mái tóc không bị xơ, gay dụng hay tổn thương tóc.</pre>', 46, 'OEM', 'NEW', 5.603419631271373, 72, 145402, 44, 4.6, 'https://vn-test-11.slatic.net/original/372e9f38156941c0130a2da907678fb0.jpg;https://vn-test-11.slatic.net/original/238ff5b840058376d5a1d1b7343babf7.jpg;https://vn-test-11.slatic.net/original/0313ebcf00eed576fb2b7dcf1c6dbb61.jpg;https://vn-test-11.slatic.net/original/bf0984105ac2c98a9f1273324ff5587a.jpg;https://vn-test-11.slatic.net/original/b0a529a2da7279c236c0f1ae230f563c.jpg;https://vn-test-11.slatic.net/original/6e450edcea7ea0ad064a008341066340.jpg;https://vn-test-11.slatic.net/original/4c5795b41029afa28481d88b8e97a081.jpg;https://vn-test-11.slatic.net/original/0c136c13ea5112ff9f8bf3e2fdc526d9.jpg;', 53, 8);

INSERT INTO review (id, product_id, reviewer, rating, `comment`) VALUES(46280, 4628, 'Hiệp T.', 4, 'ok, vô cùng tiện lợi, mình đi tiệc hay đi chơi hoặc đi đám cưới chỉ cần cắm chút nóng máy là uốn tạo kiểu khá đẹp, k mất quá nhiều chi phí như đi make ở tiệm, khá tiện lợi. cảm ơn shop');

INSERT INTO review (id, product_id, reviewer, rating, `comment`) VALUES(46281, 4628, 'phạm T.', 4, 'máy uốn duỗi tóc nhiệt rất ổn định,không quá nóng, không làm hư tóc, dùng ok lắm sẽ ủng hộ shop nhiều thêm');

INSERT INTO review (id, product_id, reviewer, rating, `comment`) VALUES(46282, 4628, 'ánh H.', 1, 'mình đã nhấn sản phẩm, hàng đóng gói tốt,
hài lòng từ cách tư vấn đến khi giao hàng và nhận hàng của shop
rất cần những shop có thái độ chăm sóc KH như này');

INSERT INTO review (id, product_id, reviewer, rating, `comment`) VALUES(46283, 4628, 'Khánh M.', 3, 'sp chắc chắn, ép hay uốn đều tạo nếp nhanh. Nhiu noi ban dong may nay. Thay Shop ban hang co tam, tu van nhiet tinh, se ung ho Shop lau dai.');

INSERT INTO review (id, product_id, reviewer, rating, `comment`) VALUES(46284, 4628, 'phan T.', 0, 'Em da mua o shop nay tong cong 3cai roi do. hihi
chắc e cuồng lazada rồi, cảm ơn shop.');

INSERT INTO product (id, name, short_desc, full_desc, category_id, brand_name, status, weight, available_item, unit_price, discount_percent, avg_rating, img_url, total_rating, supplier_id) VALUES(4629, 'Siêu Kích Trắng X6 trộn kem body', 'Siêu Kích Trắng X6 trộn kem body', '<pre>KEM KÍCH TRẮNG X6
⚠ Loại Này Dành Cho Da Chai Lì Mà Lại Không Thích Ủ Kem. Rút Gọn Nhanh Thời Gian Dưỡng Vượt Trội
Lẻ #49k/1 hũ . Mua 3h/#110k
✔️Sỉ sll Ib Em Giá Sát Đất
Cách Dùng: Pha Trực Tiếp Vào Kem Body, Tăng Độ Trắng Dòng Kem Đó Lên Gấp 3 Lần.
⚠️ Độ Kích Trắng Mạnh Nhưng Nằm Trong Độ An Toàn Cho Da. Không gây Kích Ứng. 100% Không Hại Da
✅ Trộn Được Tất Cả Dòng Kem Dody Không Làm Hư Kem, Kem Vẫn Mịn Đẹp Tuyệt Đối.
✅ Thơm Ngất Ngây Con Gà Tây
❗️ Chất Kem Kích Là Dạng Mềm, Hủ Bé Nhưng Võ Công Cao Nhé
Khách Đừng So Sánh Qua Hình Ảnh, Nên Mua Lẻ Thử Để Cảm Nhận .
không Nhập Qua Trung Gian. Uy Tín Lên Hàng Đầu.</pre>', 46, 'No Brand', 'USED', 4.577096109124224, 23, 12000, 44, 4.5, 'https://vn-test-11.slatic.net/original/0bb2149ae1fc5635f01025244e950d32.jpg;https://vn-test-11.slatic.net/original/70d88d62b1cba60004f3365a5f5f9701.jpg;https://vn-test-11.slatic.net/original/b02afbe8d4a28c3361b218c9fa1b7b51.jpg;', 184, 8);

INSERT INTO review (id, product_id, reviewer, rating, `comment`) VALUES(46290, 4629, 'kim C.', 3, '');

INSERT INTO review (id, product_id, reviewer, rating, `comment`) VALUES(46291, 4629, 'Và N.', 4, 'lần trước mua thì là mùi nhân sâm sài ok , mới mua thêm 3 hộp thì mùi khác như nghệ sài bị vàng da sức đến đâu thì vàng khè đến đó là Sao vậy');

INSERT INTO review (id, product_id, reviewer, rating, `comment`) VALUES(46292, 4629, 'Lazada Customer', 1, 'Mua 2 hộp đóng gói 1 hộp lừa đảo, ko thật đừng nên mua mọi người nhé, một lần và cuối đời ko mua của shop này');

INSERT INTO review (id, product_id, reviewer, rating, `comment`) VALUES(46293, 4629, 'Tuyền H.', 4, 'ok mới dùng thư 2 hộp trắng mịn da..mình xài ban đêm..ngày xài kích trắng chống nắng nũa trắng lắm mn...mới đặt thêm 5 hủ ..cho shop 5 sao');

INSERT INTO review (id, product_id, reviewer, rating, `comment`) VALUES(46294, 4629, 'thubo', 4, 'giao hàng nhah hơn dự kiến😘. nviên giao hàg zui zẻ😁. ch koa xài nên ch nhận xét dc🤣. đóg gói cẩn thận😚');

INSERT INTO product (id, name, short_desc, full_desc, category_id, brand_name, status, weight, available_item, unit_price, discount_percent, avg_rating, img_url, total_rating, supplier_id) VALUES(4630, 'Máy uốn tóc xoắn ốc tự động', 'Máy uốn tóc xoắn ốc tự động', '<pre> Máy Uốn Tóc Xoắn Ốc tự động Máy uốn tóc xoắn ốc  với thiết kế dạng xoắn ốc tạo kiểu rất đẹp.Khi sử dụng có thể cầm bên ngoài máy mà không lo bị bỏng
 Sở hữu một kiểu tóc phong cách và hợp mốt là điều mà hầu hết các cô gái đều mong muốn. Máy uốn xoắn ốc tự động với thiết kế thông minh đa công dụng là trợ thủ đắc lực giúp các quý cô dễ dàng thay đổi kiểu tóc mỗi ngày.Được làm từ chất liệu cao cấp giúp máy làm nóng nhanh, có độ bền cao nhưng vẫn tuyệt đối an toàn khi sử dụng. Với thiết kế xoắn ốc, bạn dễ dàng tạo kiểu tóc xoăn đều và nhanh chóng theo ý thích tại nhà với chỉ bằng cách xoay máy là tóc tự động được cuốn đều vào trục uốn.
  Thông tin chi tiết:
·        Tên sản phẩm: Máy Uốn Tóc Xoắn Ốc ·        Nhiệt độ cố định khoảng 180-200 độ C
·        Nguồn điện: AC 220V-240V, 50Hz ; 110V, 60Hz
·        Công suất: 35W.
·        Chiều dài: 30 cm.
·        Đường kính lọn phị: 19mm
·        Đế xoay 360 độ.</pre>', 46, 'No Brand', 'NEW', 2.9048342555883924, 21, 75000, 44, 4.9, 'https://vn-test-11.slatic.net/original/ec56517cdb08d9a1548fe109a64cf314.jpg;https://vn-test-11.slatic.net/original/8fd68fe19caa4be5bb78c7f4d8ebd5a3.jpg;https://vn-test-11.slatic.net/original/fe7e3af038894c742fba2c94fb4454f7.jpg;https://vn-test-11.slatic.net/original/ac8a14715f03f26db2786256cff97451.jpg;https://vn-test-11.slatic.net/original/c63a8d24a64502d3ab2ecf1196a89425.jpg;https://vn-test-11.slatic.net/original/78bc6f809800a00de819d7bf84336c96.jpg;https://vn-test-11.slatic.net/original/865423ee4af22288c3f8cd2a4075e608.jpg;', 38, 7);

INSERT INTO review (id, product_id, reviewer, rating, `comment`) VALUES(46300, 4630, 'Thị C.', 3, 'chất lượng ổn');

INSERT INTO review (id, product_id, reviewer, rating, `comment`) VALUES(46301, 4630, 'Lumina A.', 1, 'máy mới, đẹp như hình, xài êm');

INSERT INTO review (id, product_id, reviewer, rating, `comment`) VALUES(46302, 4630, 'Hồng N.', 2, 'mình rất ưng ý với sp');

INSERT INTO review (id, product_id, reviewer, rating, `comment`) VALUES(46303, 4630, 'Huỳnh T.', 2, 'OK đẹp giao hàng giống hình. tóc xoăn đẹp.');

INSERT INTO review (id, product_id, reviewer, rating, `comment`) VALUES(46304, 4630, 'la T.', 1, 'Hàng đẹp ,sd tốt ,dùng ok nha');

INSERT INTO product (id, name, short_desc, full_desc, category_id, brand_name, status, weight, available_item, unit_price, discount_percent, avg_rating, img_url, total_rating, supplier_id) VALUES(4631, '[LÌ XÌ 10K+MÃ GG] Bộ 6 Kẹp Bấm Tóc Không Dùng Nhiệt Perfection', '[LÌ XÌ 10K+MÃ GG] Bộ 6 Kẹp Bấm Tóc Không Dùng Nhiệt Perfection', '<pre>Tạo kiểu tóc dập xù nhanh và an toàn
Không nhiệt độ, không hư tóc, không mất nhiều thời gian
Sản phẩm được làm từ nhựa ABS nguyên sinh cứng cáp, bền màu
Mái tóc dập xù giúp bạn cá tính; trẻ trung và sành điệu hơn.</pre>', 46, 'Best Accessories', 'USED', 8.290461808736707, 88, 27645, 44, 4.6, 'https://vn-test-11.slatic.net/p/293bdc51078f5511a8263f11473d63cb.jpg;https://vn-test-11.slatic.net/p/5/bo-6-kep-bam-toc-khong-dung-nhiet-perfection-8020-7425136-dc500ce167059d20a1e5245dae592007-catalog.jpg;https://vn-test-11.slatic.net/p/5/bo-6-kep-bam-toc-khong-dung-nhiet-perfection-8020-7425136-362bf798dbff1e0991329617c9b3b588-catalog.jpg;https://vn-test-11.slatic.net/p/5/bo-6-kep-bam-toc-khong-dung-nhiet-perfection-8020-7425136-7108ce78dee7c009eb72e28466168859-catalog.jpg;https://vn-test-11.slatic.net/p/5/bo-6-kep-bam-toc-khong-dung-nhiet-perfection-8020-7425136-bbd26cb24ae65a585313ecb4d9e19712-catalog.jpg;', 37, 9);

INSERT INTO review (id, product_id, reviewer, rating, `comment`) VALUES(46310, 4631, 'Phạm T.', 4, 'Đang dùng nè, dùng ok, đáng tiền');

INSERT INTO review (id, product_id, reviewer, rating, `comment`) VALUES(46311, 4631, 'Tran D.', 1, 'hang tot,giao nhanh');

INSERT INTO review (id, product_id, reviewer, rating, `comment`) VALUES(46312, 4631, 'ngoc H.', 4, 'tốt,gh nhanh, nhiệt tình');

INSERT INTO review (id, product_id, reviewer, rating, `comment`) VALUES(46313, 4631, 'Nguyễn N.', 3, 'tốt');

INSERT INTO review (id, product_id, reviewer, rating, `comment`) VALUES(46314, 4631, 'Khánh L.', 4, 'Mới nhận hang sáng nay. Sóng dập chắc chắn, dày dặn, rất thích. Sẽ luôn ủng hộ shop 😘');

INSERT INTO product (id, name, short_desc, full_desc, category_id, brand_name, status, weight, available_item, unit_price, discount_percent, avg_rating, img_url, total_rating, supplier_id) VALUES(4632, 'Kem dưỡng da siêu trắng Body Mềm 250gr', 'Kem dưỡng da siêu trắng Body Mềm 250gr', '<pre>Siêu tốt cho da, mùa này chỉ cần bôi kem 10 ngày thôi đủ để tự tin ra đường
An Toàn Tuyệt Đối, Nói Ko Với Kem Trộn
Như 1 lớp make up nhẹ, ko trôi trong nước - Chống nắng cao, chống dị ứng
Khi tiếp xúc lên bề mặt da nó lại tan chảy ra như các loại lotion - Độ dưỡng cực kì cao, thoa đâu thấm đó - Ko bết dính, ko lộ kem
Thấm nhanh, thoáng mát, dễ chịu
Khôngbết dính, khônglộ kem</pre>', 46, 'OEM', 'USED', 3.1894893690966697, 33, 58000, 44, 5.0, 'https://vn-test-11.slatic.net/p/7ff4ebd3685a226a914f6dc21ea423da.jpg;https://vn-test-11.slatic.net/p/b69423103290c6ba1842feb7c3fbf172.jpg;https://vn-test-11.slatic.net/p/4a4ae67b5a2c833fce9ee7f98530ddec.jpg;https://vn-test-11.slatic.net/p/90ee4cfd9046b2707180f18f4492b995.jpg;', 5, 6);

INSERT INTO review (id, product_id, reviewer, rating, `comment`) VALUES(46320, 4632, 'thanh T.', 1, 'mua mỗi shop một chất kem khác nhau cũng hk bt đâu là thật giả..nhưng nói thật thoa vô so sánh với kh thoa như nhau .. kh thay đổi gì cả');

INSERT INTO product (id, name, short_desc, full_desc, category_id, brand_name, status, weight, available_item, unit_price, discount_percent, avg_rating, img_url, total_rating, supplier_id) VALUES(4633, '[LÌ XÌ 10K+MÃ GG] Bộ tạo kiểu tóc xoăn ốc sên 18 ống', '[LÌ XÌ 10K+MÃ GG] Bộ tạo kiểu tóc xoăn ốc sên 18 ống', '<pre>Bộ dụng cụ uốn tóc thông minh gồm 18 ống cho bạn thoải mái sáng tạo các kiểu tóc xoăn thời trang, cá tính và sành điệu.
Chỉ mất mấy phút để bạn thay đổi kiểu tóc mỗi ngày, lọn tóc gợn sóng tự nhiên, mềm mại, giữ nếp được trong 01 ngày.
Bạn có thể tự điều chỉnh lọn uốn theo sở thích và khuôn mặt.
Không hề dùng nhiệt độ cao, vì vậy không gây khô xơ tóc hay hỏng tóc.
Bạn có thể tuỳ ý thay đổi kiểu tóc xoăn mỗi ngày.
Tạo những búp tóc xoăn mềm mại, tự nhiên và đều nếp.
Dễ dàng cuốn toàn bộ phần chiều dài tóc, 2/3 hoặc một phần của tóc.
Sử dụng dễ dàng, nhanh chóng, tiện lợi.
9 lô có kích thước: 23cm x 3cm,9 lô có kích thước: 13cm x 2,5cm.</pre>', 46, 'Best Accessories', 'NEW', 9.936559030904133, 27, 54318, 44, 4.4, 'https://vn-test-11.slatic.net/p/1871f850c2383cfdb26ee8ca4eb8fc0b.jpg;https://vn-test-11.slatic.net/original/6e3ceee83486ceb2f7067c406df14e3a.jpg;https://vn-test-11.slatic.net/original/df7fb1eb10eebce68c7d733eef9e0823.jpg;https://vn-test-11.slatic.net/original/5a65d2d7b1335dcce863710898c5c88b.jpg;https://vn-test-11.slatic.net/original/43e36fa5c15d4b76f81c37e270212a5b.jpg;', 56, 7);

INSERT INTO review (id, product_id, reviewer, rating, `comment`) VALUES(46330, 4633, 'Nguyen N.', 2, 'Mình vừa nhận hàng trưa nay, sản phẩm được đựng trong túi zíp cũ và rách, không có nhãn mác, tên tuổi nhà sản xuất hay bất kỳ hướng dẫn sử dụng nào. Có khi là hàng đã qua sử dụng cũng nên');

INSERT INTO review (id, product_id, reviewer, rating, `comment`) VALUES(46331, 4633, 'Nguyễn C.', 0, '~ Bộ 18 cái gồm 10 cái dài 8 cái ngắn. Thanh cuốn chắc chắn, mới tinh, dễ dùng. Sản phẩm như hình. Shop tư vấn tận tình.');

INSERT INTO review (id, product_id, reviewer, rating, `comment`) VALUES(46332, 4633, 'Phạm T.', 1, 'ok, tốt, đẹp, gh nhah chóng , được hướng dẫn cách dùng, shop nhiệt tình');

INSERT INTO review (id, product_id, reviewer, rating, `comment`) VALUES(46333, 4633, 'Nguyen H.', 0, 'chất lượng. đáng tiền mua');

INSERT INTO review (id, product_id, reviewer, rating, `comment`) VALUES(46334, 4633, 'Huế A.', 3, 'tốt. 18 lô đẹp, nhiều màu đẹp mắt. nhựa dẻo, có 2 thanh móc nữa, mình thử làm rất dễ, tóc mình dễ vào nếp nên lô nhanh lắm');

INSERT INTO product (id, name, short_desc, full_desc, category_id, brand_name, status, weight, available_item, unit_price, discount_percent, avg_rating, img_url, total_rating, supplier_id) VALUES(4634, 'MÁY DUỖI TÓC CAO CẤP 4 MỨC CHỈNH NHIỆT KEMEI 329', 'MÁY DUỖI TÓC CAO CẤP 4 MỨC CHỈNH NHIỆT KEMEI 329', '<pre>Thanh tạo nhiệt làm bằng gốm tuamalin , vận liệu cao cấp giúp không làm giảm gây hại cho tóc, giúc tóc bóng và đẹp.
Nhanh chóng nóng lên trong vài giây. 160℃- 220℃。
Độ bền cao và hiệu suất ổn định khi sử dụng thường xuyên
đơn giản on-off chuyển đổi cho hoạt động dễ dàng.
Có thể sử dụng trên mọi chất liệu tóc
Kích thước hộp: 30,5cm</pre>', 46, 'Kemei', 'NEW', 8.642616385363509, 61, 85000, 44, 4.6, 'https://vn-test-11.slatic.net/original/93ab4c18083738d740994d3a117cbd1d.jpg;https://vn-test-11.slatic.net/original/af6a54edff13b381552d0fd1e552603b.jpg;https://vn-test-11.slatic.net/original/e99ec2b034c8e22af2ed3d2819c1fdd0.jpg;https://vn-test-11.slatic.net/original/b16558b898422962e684e00c21f96198.jpg;https://vn-test-11.slatic.net/original/a0cb4dbf2b5b859e3ab3afb650435715.jpg;https://vn-test-11.slatic.net/original/e49ac8b7062b420b8c38f6cf27e54ef7.jpg;', 16, 8);

INSERT INTO review (id, product_id, reviewer, rating, `comment`) VALUES(46340, 4634, 'Trần K.', 4, 'han xai ok lam do baz');

INSERT INTO review (id, product_id, reviewer, rating, `comment`) VALUES(46341, 4634, 'An L.', 4, 'sp như hinh, chua qua sử dụng.');

INSERT INTO review (id, product_id, reviewer, rating, `comment`) VALUES(46342, 4634, 'Lazada Customer', 2, 'hơi nhỏ và ngăn. chưa da');

INSERT INTO review (id, product_id, reviewer, rating, `comment`) VALUES(46343, 4634, 'Lazada Customer', 0, 'máy đẹp dùng ổn');

INSERT INTO review (id, product_id, reviewer, rating, `comment`) VALUES(46344, 4634, 'thùy', 1, 'tốt');

INSERT INTO product (id, name, short_desc, full_desc, category_id, brand_name, status, weight, available_item, unit_price, discount_percent, avg_rating, img_url, total_rating, supplier_id) VALUES(4635, 'Máy triệt lông vĩnh viễn Máy Cạo Lông Kemei –wax lông tay, lông chân, ria mép cực sạch, không sợ đau rát, bảo hành 1 đổi 1, May Store giảm giá sốc 50% Mã SP 121', 'Máy triệt lông vĩnh viễn Máy Cạo Lông Kemei –wax lông tay, lông chân, ria mép cực sạch, không sợ đau rát, bảo hành 1 đổi 1, May Store giảm giá sốc 50% Mã SP 121', '<pre>Máy cạo lông nách KemeiKM-1012
Sản phẩm tẩy nhanh tất cả cáclôngtơ dễ dàng mà không cần đến gương.
Nhẹ nhàng lấy đi cả phần thânlôngvà chânlôngvà ngăn chúng mọc trở lại sau nhiều tuần.
Thiết kế thông minh, kích thước nhỏ gọn, tiện dụng, vừa vặn tay cầm, có thể mang theo sử dụng mọi lúc mọi nơi.
Máychỉ dùng 1 viên pin AA có thể dùng tới 3 tháng
Sản phẩm có thể dùng đểcạolôngcho toàn bộ cơ thể bạn.
Chất liệu: nhựa ABS cao cấp, an toàn khi sử dụng</pre>', 46, 'OEM', 'NEW', 9.133961296764163, 48, 151340, 44, 4.7, 'https://vn-test-11.slatic.net/original/4d39e1151a6352d671c9525bdfffb4a7.jpg;https://vn-test-11.slatic.net/original/4e2e1c7dca8cbfe45f2f2491bdf34699.jpg;https://vn-test-11.slatic.net/original/7e136c56fd27f3ef51c8cc1b337ed72d.jpg;https://vn-test-11.slatic.net/original/398630b72edab1b17598d7ebaa379a27.jpg;https://vn-test-11.slatic.net/original/9e14f45867d30db4b590312da86194f9.jpg;https://vn-test-11.slatic.net/original/b85be3dbf0e0f1a28801ce995467cf28.jpg;https://vn-test-11.slatic.net/original/df3710e5a7a62e37f117fe720e907a7b.jpg;https://vn-test-11.slatic.net/original/23c720aacb3a21a8bb03906cab2a2b8b.jpg;', 63, 2);

INSERT INTO review (id, product_id, reviewer, rating, `comment`) VALUES(46350, 4635, 'Vân', 4, 'mang về test thử lông chân ông xã mình, haha. máy wax ngon ổng ko biết mình wax luôn, máy chay êm quá mà. sản phẩm ok nha chị em');

INSERT INTO review (id, product_id, reviewer, rating, `comment`) VALUES(46351, 4635, 'Tùng', 3, 'Goodddd. Tiny so cute, can handle everywhere. Convenient when travelling 👍🏻');

INSERT INTO review (id, product_id, reviewer, rating, `comment`) VALUES(46352, 4635, 'Đức T.', 4, 'Máy chạy bền, k cần mỏi cổ dùng nhíp nhổ lông nữa roài, cám ơn chị tư vấn nhé');

INSERT INTO review (id, product_id, reviewer, rating, `comment`) VALUES(46353, 4635, 'Phuc', 3, 'Sản phẩm chất lượng, đâu có lông cũng wax được hết á. mình có ria cũng wax dc luôn, hehe');

INSERT INTO review (id, product_id, reviewer, rating, `comment`) VALUES(46354, 4635, 'Minh T.', 1, 'Máy chạy bền, an toàn không ảnh hướng đến sức khỏe. Good');

INSERT INTO product (id, name, short_desc, full_desc, category_id, brand_name, status, weight, available_item, unit_price, discount_percent, avg_rating, img_url, total_rating, supplier_id) VALUES(4636, 'Kem dưỡng trắng da Body Collagen X3, hũ 300g', 'Kem dưỡng trắng da Body Collagen X3, hũ 300g', '<pre>Chất KEM NHƯ SỮA CHUA THẦN THÁNH ↪ VỚI CÔNG DỤNG THẦN KỲ CHO BODY CỦA BẠN.
Thấm cực nhanh
Mùi thơm cực dễ chịu
Mát lạnh, không bết rít
Không bắt nắng
Không trắng ảo
Không làm mỏngkhông bào mòn dakhông chứa chất corticoid gây hại cho da
CÔNG DỤNG :✌Dưỡng ẩm cho da.✌Body có độ chống nắng cao✌Dưỡng da trắng hồng tự nhiên.</pre>', 46, 'OEM', 'NEW', 4.796191879223225, 77, 67000, 44, 5.0, 'https://vn-test-11.slatic.net/p/ec1f113faa0a8893c8cc6fecf799ab9d.jpg;https://vn-test-11.slatic.net/p/c19a289c55fd349b52a3299658ccca81.jpg;https://vn-test-11.slatic.net/p/b20b67e63412a5e1f31d0b3ea7c7af14.jpg;https://vn-test-11.slatic.net/p/90ee4cfd9046b2707180f18f4492b995.jpg;', 4, 7);

INSERT INTO review (id, product_id, reviewer, rating, `comment`) VALUES(46360, 4636, 'Lazada Customer', 2, 'sp ok');

INSERT INTO product (id, name, short_desc, full_desc, category_id, brand_name, status, weight, available_item, unit_price, discount_percent, avg_rating, img_url, total_rating, supplier_id) VALUES(4637, 'Bộ Kem Kit Sản Phẩm Chuyên Trị Nám Da, Sạm Da Của Bệnh Viện Yanhee Thái Lan', 'Bộ Kem Kit Sản Phẩm Chuyên Trị Nám Da, Sạm Da Của Bệnh Viện Yanhee Thái Lan', '<pre>SỈ SLLLH : 0978498045</pre>', 46, 'YANHEE', 'NEW', 1.7373859164404148, 14, 95000, 44, 5.0, 'https://vn-test-11.slatic.net/original/474e7113b88e50e7440ac9c885612b5c.jpg;https://vn-test-11.slatic.net/p/e0ca1dfafc862d8aa61ea2dcf900aaac.jpg;https://vn-test-11.slatic.net/p/d859aab77419c326ddc5ef7228be1fa0.jpg;', 20, 8);

INSERT INTO review (id, product_id, reviewer, rating, `comment`) VALUES(46370, 4637, 'Lê M.', 2, 'sản phẩm đúng mô tả');

INSERT INTO review (id, product_id, reviewer, rating, `comment`) VALUES(46371, 4637, 'Nguyễn T.', 0, 'sp dùng rất tốt');

INSERT INTO review (id, product_id, reviewer, rating, `comment`) VALUES(46372, 4637, 'Dinh D.', 0, 'rất thích😊😊😊');

INSERT INTO review (id, product_id, reviewer, rating, `comment`) VALUES(46373, 4637, 'Minh C.', 0, 'dùng thế nào vậy shop');

INSERT INTO review (id, product_id, reviewer, rating, `comment`) VALUES(46374, 4637, 'Chiến V.', 1, 'tốt');

INSERT INTO product (id, name, short_desc, full_desc, category_id, brand_name, status, weight, available_item, unit_price, discount_percent, avg_rating, img_url, total_rating, supplier_id) VALUES(4638, 'Serum dưỡng da vàng 24k Bioaqua', 'Serum dưỡng da vàng 24k Bioaqua', '<pre>Dưỡng sâu trị thâm vùng mắt
Giúp giảm các nếp nhăn cổ, da khô và các vấn đề khác.
Sức mạnh mạnh mẽ phục hồi sức sống 24K của vàng, có thể thúc đẩy quá trình trao đổi chất, chống lão hóa, dưỡng ẩm làm giảm các vết nhăn, mịn da, chăm sóc da hiệu quả, da tái tạo làng da săn chắc .
Làm đầy các nếp nhăn và đường kẻ và giảm tối đa độ sâu của vết nhăn Truyền da của bạn với Vàng 24k nguyên chất, Collagen & Khoáng sản
Phục hồi độ dẻo dai của trẻ trung lên da và giảm sự xuất hiện vết chân chim trên mặt.
Ngăn ngừa sự tái xuất hiện các nếp nhăn và nếp nhăn sâu .</pre>', 46, 'No Brand', 'USED', 6.182430328218333, 1, 44000, 44, 4.2, 'https://vn-test-11.slatic.net/original/c705115b20b108c9a90ef41cd3dc4d35.jpg;https://vn-test-11.slatic.net/original/cf68acdffdd96c476ecdfff669595548.jpg;https://vn-test-11.slatic.net/original/0b3792969b07323647e0884e3787baff.jpg;https://vn-test-11.slatic.net/original/0c133b4bb2c35d360d50ac2dd60bdfb7.jpg;', 22, 2);

INSERT INTO review (id, product_id, reviewer, rating, `comment`) VALUES(46380, 4638, 'Trâm A.', 1, 'sản phẩm rất tốt , giao hàng nhanh , khác với hình vì bên ngoài nhìn khá sang , đã check mã vạch là hàng chính hãng ạ , sẽ ủng hộ shop nữa');

INSERT INTO review (id, product_id, reviewer, rating, `comment`) VALUES(46381, 4638, 'Xuân N.', 2, 'ok xài rất dep da');

INSERT INTO review (id, product_id, reviewer, rating, `comment`) VALUES(46382, 4638, 'Xuân N.', 0, 'sirum xài rất dẹp .nói chung là OK ko chê vào dâu .');

INSERT INTO review (id, product_id, reviewer, rating, `comment`) VALUES(46383, 4638, 'Xuân N.', 2, 'mình cũng chua sử dung chị bán lẽ cho khách dễ doi khách xài dẹp .mình sẽ phan hồi . mình lấy sĩ khoảng chuc chai sirum về bán .sop có bớt ko sop dễ mình còn bán lại cho người xài .');

INSERT INTO review (id, product_id, reviewer, rating, `comment`) VALUES(46384, 4638, 'Hang D.', 4, 'người giao hàng vui vẻ,  hàng đóng gói bị rách vỏ , boi lên da rất mịn và sáng da');

INSERT INTO product (id, name, short_desc, full_desc, category_id, brand_name, status, weight, available_item, unit_price, discount_percent, avg_rating, img_url, total_rating, supplier_id) VALUES(4639, 'Máy kẹp tóc Kemei Km-328- Máy duỗi tóc- Máy kéo tóc thẳng', 'Máy kẹp tóc Kemei Km-328- Máy duỗi tóc- Máy kéo tóc thẳng', '<pre>Tên sản phẩm: Máy kẹp tóc Kemei Km-328
Chất liệu: vỏ ngoài bằng nhựa, bản kẹp bằng sứ phủ ceramic cao cấp
Có nút On/Off
Điện áp: 220V – 50Hz
Công suất: 30W
Màu sắc: nhiều màu ( chọn ngẫu nhiên )</pre>', 46, 'OEM', 'NEW', 1.0633146557356667, 46, 99000, 44, 0.0, 'https://vn-test-11.slatic.net/p/3c41a4c1b129a3b83a948677e5ccf1db.jpg;https://vn-test-11.slatic.net/p/726cdc6a767a1d7237aa34eaf8b00879.jpg;https://vn-test-11.slatic.net/p/b615c27587003ce4291081e9f7a448aa.jpg;', 0, 6);


INSERT INTO product (id, name, short_desc, full_desc, category_id, brand_name, status, weight, available_item, unit_price, discount_percent, avg_rating, img_url, total_rating, supplier_id) VALUES(4350, 'Bộ sản phẩm chăm sóc tóc chống 5 dấu hiệu hư tổn 3 bước L''Oreal Paris Total Repair 5', 'Bộ sản phẩm chăm sóc tóc chống 5 dấu hiệu hư tổn 3 bước L''Oreal Paris Total Repair 5', '<pre>Dành cho tóc khô và hư tổn
Hoạt chất Cement Ceramide mô phỏng thành phần Cement tự nhiên trong sợi tóc
Hấp thu nhanh chóng vào các vùng tóc yếu
Khắc phục 5 vấn đề hư tổn: tăng độ đàn hồi, ngăn ngừa chẻ ngọn và tăng cường dưỡng ẩm cho tóc
Kết hợp sử dụng với kem ủ tóc Total Repair để cho hiệu quả toàn diện và mái tóc bóng khoẻ</pre>', 435, 'L''Oreal Paris', 'USED', 5.6981106584744925, 53, 225000, 37, 4.7, 'https://vn-test-11.slatic.net/p/5ee8369149c4034b2c78e12ba1fbdd62.jpg;https://vn-test-11.slatic.net/p/2d761f1e6832abee12472c7ee0ec0088.jpg;https://vn-test-11.slatic.net/p/e50c8d973cc62ba2fbd701637e53925b.jpg;https://vn-test-11.slatic.net/p/4b33d3fbf05169841a2e477cab693485.jpg;https://vn-test-11.slatic.net/p/2a0fe97cdc7b86d59a738b32f873b4e2.jpg;', 109, 7);

INSERT INTO review (id, product_id, reviewer, rating, `comment`) VALUES(43500, 4350, 'Trương T.', 3, 'Mềm mại mượt thơm. Tóc khỏe hơn hay k thì chưa biết. Nên mua nhé dùng thử nhé cả nhà. Có flashsale thích thật');

INSERT INTO review (id, product_id, reviewer, rating, `comment`) VALUES(43501, 4350, 'kim C.', 1, 'giá tốt kịch sàn flassale,  se mua them hàng tot,  giao nhanh,  dong gói kỹ. cam on Shop se mua thêm. 6* nhé');

INSERT INTO review (id, product_id, reviewer, rating, `comment`) VALUES(43502, 4350, 'Vicky V.', 0, 'thấy nhiều bạn rivew dầu gội bị chảy ra ngoài nên mình chỉ dám mua 1 bộ, chứ ý định là làm 3 bộ , may quá sp nhận dc k sao, đóng gói kỹ, date 2021 ,giao hàng nhanh. Lúc đặt tưởng là sau tết mới nhận dc mà hnay 28 tết hành đã đến nơi .Ưng');

INSERT INTO review (id, product_id, reviewer, rating, `comment`) VALUES(43503, 4350, 'nguyen T.', 1, 'tín đồ của L''Oreal');

INSERT INTO review (id, product_id, reviewer, rating, `comment`) VALUES(43504, 4350, 'Phuong D.', 1, 'thơm');

INSERT INTO product (id, name, short_desc, full_desc, category_id, brand_name, status, weight, available_item, unit_price, discount_percent, avg_rating, img_url, total_rating, supplier_id) VALUES(4351, 'Kem ủ phục hồi tóc L''Oréal Paris Total Repair 5 200ml', 'Kem ủ phục hồi tóc L''Oréal Paris Total Repair 5 200ml', '<pre>Kem ủ ngăn tóc hư tổn
Cung cấp dưỡng chất cho tóc
Phục hồi các dấu hiệu tóc hư tổn
Mang đến mái tóc chắc khỏe, suôn mượt</pre>', 435, 'L''Oreal Paris', 'USED', 3.9939814630836534, 85, 110000, 37, 4.4, 'https://vn-test-11.slatic.net/p/4b33d3fbf05169841a2e477cab693485.jpg;https://vn-test-11.slatic.net/p/3d798f9095617e82547963307ff39a0f.jpg;https://vn-test-11.slatic.net/p/12326f466b31b5c2b7aadbc2e397beea.jpg;https://vn-test-11.slatic.net/p/206faa747814f305af45a0a1c9c1a2a7.jpg;https://vn-test-11.slatic.net/p/245594836b37270b13131fdf0457d720.jpg;', 32, 2);

INSERT INTO review (id, product_id, reviewer, rating, `comment`) VALUES(43510, 4351, 'Vũ T. từ lazada.vn', 4, 'Giao hàng nhanh, ủ thử 1 lần thấy khá tốt, nhưng 1 trong 2 lọ bị xước từ trước mà vẫn bán trông rất xấu');

INSERT INTO review (id, product_id, reviewer, rating, `comment`) VALUES(43511, 4351, 'Minh H. từ lazada.vn', 1, 'Giá cả phải chăng, lần trước qua tiệm tóc của ông anh thấy ổng PR về loại này dữ lắm, nay được diện kiến thì quả thực không tồi chút nào!');

INSERT INTO review (id, product_id, reviewer, rating, `comment`) VALUES(43512, 4351, 'Nguyễn T. từ lazada.vn', 2, 'mk ms nhận hàng ms dùng một lần đầu thì thấy tóc mượt hơn thik lắm nhưng do ms dùng nên cho 4 sao thôi sau này nếu tóc cải thiện tối sẽ cho lên 5 sao');

INSERT INTO review (id, product_id, reviewer, rating, `comment`) VALUES(43513, 4351, 'Phạm T. từ lazada.vn', 4, 'tốt. xài ok');

INSERT INTO review (id, product_id, reviewer, rating, `comment`) VALUES(43514, 4351, 'ĐOÀN T. từ lazada.vn', 2, 'Mùi thì thơm nhưng ủ k mượt như những loại mình đã sử dụng. Xả tóc k thấy mượt.');

INSERT INTO product (id, name, short_desc, full_desc, category_id, brand_name, status, weight, available_item, unit_price, discount_percent, avg_rating, img_url, total_rating, supplier_id) VALUES(4352, 'Mặt nạ tóc cao cấp phục hồi hư tổn Tsubaki Premium Repair Mask 180g', 'Mặt nạ tóc cao cấp phục hồi hư tổn Tsubaki Premium Repair Mask 180g', '<pre>Thành phần ngọc trai chứa nhiều Protein và Acid Amin, Sữa ong chúa và Glycerin
Giúp làm dày tóc và làm khỏe tóc
Lưu giữ độ ẩm cần thiết cho tóc
Khôi phục ngay cả những sợi tóc hư hỏng nặng nhất</pre>', 435, 'Tsubaki', 'USED', 3.7858593782693304, 81, 224000, 37, 5.0, 'https://vn-test-11.slatic.net/p/25cca3bdc3ac4e0fd84c95aad12562b5.jpg;https://vn-test-11.slatic.net/p/b417bb2cc67e46b9483caf188ba653e6.jpg;https://vn-test-11.slatic.net/p/2fa90bb200d5b9de42e098e1df1a109f.jpg;', 8, 8);

INSERT INTO review (id, product_id, reviewer, rating, `comment`) VALUES(43520, 4352, 'navy', 4, 'Định nói nhiều.nhung cuối cùng lại thôi.cac bạn dùng các bạn cảm nhận . mình ko nói nhiều.về mặt bao bì thì méo mó.hộp  thiết kế tạm được giá tiền ok chất lượng tuyệt luôn.ko cần dùng quá nhiều tóc mềm trông khỏe.da mình đổ nhiều dầu. mà dùng sp này mới 2 lần tóc đẹp hẳn.. chất lượng ảnh kém mọi người thông cảm.toc mới gội');

INSERT INTO product (id, name, short_desc, full_desc, category_id, brand_name, status, weight, available_item, unit_price, discount_percent, avg_rating, img_url, total_rating, supplier_id) VALUES(4353, 'Hấp dầu suôn mềm bóng tóc Kella 500ml + 01 nón trùm tóc', 'Hấp dầu suôn mềm bóng tóc Kella 500ml + 01 nón trùm tóc', '<pre>Nguyên liệu nhập khẩu từ Italy với hàm lượng dưỡng chất cao giúp mái tóc sử dụng trong một thời gian ngày càng trở lên khỏe, đẹp.
Cung cấp dưỡng chất giúp hồi sinh và chất tạo độ ẩm cho vùng tóc tổn hại.
Đặc biệt sau khi uốn – duỗi- nhuộm, giúp tóc óng mượt hơn.
Chất lượng cao giá cả hợp lý đáp ứng được nhu cầu của đại đa số phụ nữ Việt Nam muốn tìm đến dòng sản phẩm có nguổn gốc xuất xứ rõ ràng.
Sản phẩm không có hóa chất độc hại ảnh hưởng đến sức khỏe người dùng.
HSD: 03 năm kể từ ngày sản xuất
HDSD: Xoa đều lên tóc, hấp nhiệt hoặc ủ kín từ 10-15 phút, xả lại bằng nước ấm
Trọng lượng 500ml
Sản Xuất: Tại Việt Nam</pre>', 435, 'Kella', 'USED', 5.359952637525674, 36, 69000, 37, 4.9, 'https://vn-test-11.slatic.net/original/09cf8848e255318737d5110feabfd43a.jpg;https://vn-test-11.slatic.net/original/ea397450bc34d9b9e43634d0e1bbf40a.jpg;https://vn-test-11.slatic.net/original/37bd408d28c8b9c66d9cda3e512cf5ca.jpg;', 94, 7);

INSERT INTO review (id, product_id, reviewer, rating, `comment`) VALUES(43530, 4353, 'Trinh T.', 4, 'hàng đóng gói cẩn thận. tốt');

INSERT INTO review (id, product_id, reviewer, rating, `comment`) VALUES(43531, 4353, 'Trương T.', 0, 'giao hàng còn tem niêm phong, date tới 2022');

INSERT INTO review (id, product_id, reviewer, rating, `comment`) VALUES(43532, 4353, 'Zenny T.', 4, 'xài tạm ổn ,  mùi thơm nhẹ dễ chịu , trừ 1 sao vì tem bị tróc ,như có mở ra rồi  ko cần tháo tem');

INSERT INTO review (id, product_id, reviewer, rating, `comment`) VALUES(43533, 4353, 'Thi H.', 4, '');

INSERT INTO review (id, product_id, reviewer, rating, `comment`) VALUES(43534, 4353, 'Lazada Customer', 4, 'mua ngàn sản phẩm của lazada nhưng nay mới đánh giá bởi vì sản phẩm not good. check ko mã vạch, hàng giả. xin lỗi đã bỏ vào trash rồi.');

INSERT INTO product (id, name, short_desc, full_desc, category_id, brand_name, status, weight, available_item, unit_price, discount_percent, avg_rating, img_url, total_rating, supplier_id) VALUES(4354, 'Tinh dầu dưỡng tóc Unitque Crystal Serum Hồng', 'Tinh dầu dưỡng tóc Unitque Crystal Serum Hồng', '<pre>Không gây bệch, không gây bám bụi
Hương thơm dễ chịu và sang trọng
Cho mái tóc mềm mượt óng ảvà bồng bềnh tự nhiên
Sản phẩm cónhà phân phối chính thức tại việt nam
Sản phẩm đã lưu hành nhiều năm và có uy tín tronghệ thống hair salon trên toàn quốc</pre>', 435, 'No Brand', 'USED', 5.2187668360428345, 43, 99900, 37, 4.9, 'https://vn-test-11.slatic.net/p/aebab6e7591a918f24ec731028e8d72d.jpg;https://vn-test-11.slatic.net/p/08f17064d6a39f6c9638a11b2f336d4f.jpg;https://vn-test-11.slatic.net/p/0a96b5e683b4ce52443b47d9b850220e.jpg;https://vn-test-11.slatic.net/p/aeacfed4db84a585bc05307dbece9f06.jpg;https://vn-test-11.slatic.net/p/f58a133b1f6730c60e940f9ee827bc77.jpg;', 19, 9);

INSERT INTO review (id, product_id, reviewer, rating, `comment`) VALUES(43540, 4354, 'Nguyễn T.', 0, 'sử dụng tốt, đáng đồng tiền bát gạo');

INSERT INTO review (id, product_id, reviewer, rating, `comment`) VALUES(43541, 4354, 'Nguyễn T.', 1, 'hàng tốt, như hình, dễ tạo nếp, mùi hương nhẹ nhàng, bóc tóc');

INSERT INTO review (id, product_id, reviewer, rating, `comment`) VALUES(43542, 4354, 'Nguyệt D.', 4, 'Xài củg rất mượt tóc...tốt');

INSERT INTO review (id, product_id, reviewer, rating, `comment`) VALUES(43543, 4354, 'Lazada Customer', 1, 'giao nhanh tốt');

INSERT INTO review (id, product_id, reviewer, rating, `comment`) VALUES(43544, 4354, 'Hoanh N.', 3, 'Xài rất thích');

INSERT INTO product (id, name, short_desc, full_desc, category_id, brand_name, status, weight, available_item, unit_price, discount_percent, avg_rating, img_url, total_rating, supplier_id) VALUES(4355, 'Combo 2 Pomelo Tinh dầu bưởi giảm rụng tọc, kích thích mọc tóc tặng mặt nạ', 'Combo 2 Pomelo Tinh dầu bưởi giảm rụng tọc, kích thích mọc tóc tặng mặt nạ', '<pre>KHUYẾN MÃI tặng mặt nạ
Combo 2 Pomelo x 130ml
Giảm tóc gãy rụng, Giúp tóc mọc nhanh hơn
Sản phảm từ tinh bưởi thiên nhiên 100%
1 tháng dùng 2 chai
Pomelo dung tích: 130ml</pre>', 435, 'COCOON', 'NEW', 8.858048855142863, 71, 99000, 37, 4.8, 'https://vn-test-11.slatic.net/p/b3e07c39aded6b259627fb61343ee23d.jpg;https://vn-test-11.slatic.net/original/e6c557a885da7d962c3c8b0c178aea58.jpg;https://vn-test-11.slatic.net/original/cd618be0e68dc486795b98aa7237edff.jpg;https://vn-test-11.slatic.net/p/eaa4962eb843199303a481b0628b1d71.jpg;https://vn-test-11.slatic.net/p/b937fd8d4c0bfba4301dc5323e93de3c.jpg;https://vn-test-11.slatic.net/p/08a24ca8a93a63d244bc3feb2e1ff0a8.jpg;https://vn-test-11.slatic.net/p/d1a5026b3d656fa89772e66a0f241f59.jpg;', 103, 2);

INSERT INTO review (id, product_id, reviewer, rating, `comment`) VALUES(43550, 4355, 'Lại T.', 1, 'Rất tốt , hàng giao kỹ càng. Mình đã xài hết nửa chai  , cảm nhận khi xịt thuốc lên tóc : thơm . Khi thuốc khô tóc ko bị bết dính , tóc có độ bóng , mềm , mượt. Thấy có tóc con mọc nhìu và sợi tóc con dày hơn lúc ko xài.');

INSERT INTO review (id, product_id, reviewer, rating, `comment`) VALUES(43551, 4355, 'Dao K.', 2, 'cũng tạm được.');

INSERT INTO review (id, product_id, reviewer, rating, `comment`) VALUES(43552, 4355, 'Ly T.', 3, 'Đặt hàng tảo nhật từ ngày 10/11 mà giờ này chưa giao là sao');

INSERT INTO review (id, product_id, reviewer, rating, `comment`) VALUES(43553, 4355, 'Phanthikimngan', 3, 'sản phẩm tốt lắm .bình thường mh gội đầu .và cách 1 ngày đầu lại bị nhờn .tóc thì khô .nhưng mh chỉ sử dụng tinh dầu 2 ngay thôi ..là đã nhìn thấy tóc k bị nhờn và mượt hơn .nếu ai bị da đầu nhờn giống mình thì mua sản phẩm này .rất hiệu quả');

INSERT INTO review (id, product_id, reviewer, rating, `comment`) VALUES(43554, 4355, 'Ngan T.', 1, 'Dầu bưởi thơm ,đóng gói cẩn thận, vòi xịt hơi khó xịt mot');

INSERT INTO product (id, name, short_desc, full_desc, category_id, brand_name, status, weight, available_item, unit_price, discount_percent, avg_rating, img_url, total_rating, supplier_id) VALUES(4356, 'Serum Dưỡng Tóc Mise En Scene Perfect Repair Hair 70ml', 'Serum Dưỡng Tóc Mise En Scene Perfect Repair Hair 70ml', '<pre>Thương hiệu: Mise En Scene
Xuất xứ:Hàn Quốc
Chiết xuất dầu Argan; sữa ong chúa và tinh dầu hoa hồng
Phục hồi tóc,giúp ngọn tóc chắc khoẻ ngừa rụng.
Cải thiện hư tổn nơi chân tóc như chẻ ngọn; khô gãy
Cho mái tóc càng thêm óng mượt với hiệu ứng 3D đẹp từ mọi góc nhìn</pre>', 435, 'Mise En Scene', 'NEW', 7.192109295254171, 88, 132000, 37, 4.7, 'https://vn-test-11.slatic.net/original/7c2d975a84959023eab4387be4dbdb9b.jpg;https://vn-test-11.slatic.net/original/8536225db2317d2a2c4b74fa7a2284b6.jpg;https://vn-test-11.slatic.net/p/5/serum-duong-toc-mise-en-scene-perfect-repair-hair-70ml-1210-0799264-69d93e8837e969b7c17e7112750f4b64-catalog.jpg;https://vn-test-11.slatic.net/p/5/serum-duong-toc-mise-en-scene-perfect-repair-hair-70ml-1210-0799264-d3fc8b1b3776f736c0a65660236ac187-catalog.jpg;https://vn-test-11.slatic.net/p/5/serum-duong-toc-mise-en-scene-perfect-repair-hair-70ml-4009-0799264-8f9041b2a7f4ee1609027c3ca93dfa83-catalog.jpg;https://vn-test-11.slatic.net/p/5/serum-duong-toc-mise-en-scene-perfect-repair-hair-70ml-4009-0799264-a06e4ab3333f16e94559658d1a43f2c4-catalog.jpg;https://vn-test-11.slatic.net/p/5/serum-duong-toc-mise-en-scene-perfect-repair-hair-70ml-4009-0799264-0d51e1bdf343f80191491474a179041a-catalog.jpg;', 20, 4);

INSERT INTO review (id, product_id, reviewer, rating, `comment`) VALUES(43560, 4356, 'Nghiêm B.', 4, 'Sài rất tốt.m.ng nên mua.toc e bị hư khô.mỗi lần cột tóc lên là bị cong.. nhưng giờ có serum  dưỡng tóc này.. mà tóc còn mịn ra.ko còn bị cong tóc khi cột nữa');

INSERT INTO review (id, product_id, reviewer, rating, `comment`) VALUES(43561, 4356, 'Thuong N.', 4, 'giao hàng nhanh. mùi dưỡng thơm');

INSERT INTO review (id, product_id, reviewer, rating, `comment`) VALUES(43562, 4356, 'Duy T.', 4, 'sp dùng tạm đc. mùi hương ko thích lắm');

INSERT INTO review (id, product_id, reviewer, rating, `comment`) VALUES(43563, 4356, 'Nguyễn T.', 3, 'Mới sử dụng nhãn hiệu  này , thấy cũng ổn , giá hợp lý .');

INSERT INTO review (id, product_id, reviewer, rating, `comment`) VALUES(43564, 4356, 'Lazada Customer', 3, 'tot');

INSERT INTO product (id, name, short_desc, full_desc, category_id, brand_name, status, weight, available_item, unit_price, discount_percent, avg_rating, img_url, total_rating, supplier_id) VALUES(4357, 'Dầu gội chống gàu Selsun. Chai 100ml', 'Dầu gội chống gàu Selsun. Chai 100ml', '<pre>Selsun là thương hiệu chăm sóc tóc gàu thuộc tập đoàn dược phẩm Rohto-Mentholatum. Tại Việt Nam, Selsun là nhãn hiệu tiên phong ứng dụng thành phần Selenium Sulfide & cho ra đời dòng sản phẩm trị gàu Selsun từ tháng 12 năm 2007. Với Selenium Sulfide, Selsun loại sạch gàu, đặc biệt là vi nấm Malassezia, giảm tiết bã nhờn, ức chế sự phát triển của lớp sừng trên da đầu, mang lại sự chăm sóc đặc biệt dành riêng cho cả nguời bị gàu nặng và gàu nhẹ; giúp trị gàu và bết ngứa hiệu quả. Hiện tại Selsun làdầu gội trị gàu selsunphổ biến tại: Mỹ, Nhật Bản, Indonesia …</pre>', 435, 'MENTHOLATUM', 'USED', 2.249203206290477, 86, 78000, 37, 4.6, 'https://vn-test-11.slatic.net/original/315e575ea387cfa4a9eb137f50566cde.jpg;https://vn-test-11.slatic.net/original/e1dd4ffdabd0d1be65e2cd796777e9d1.jpg;https://vn-test-11.slatic.net/original/e5e28a6ad19e19c51080fbea3cdd7bdf.jpg;https://vn-test-11.slatic.net/original/a9b84da38b757bb48b3d17120ecfd658.jpg;https://vn-test-11.slatic.net/original/e88fca0bd5e6c2e3c15ce16b84e03b82.jpg;https://vn-test-11.slatic.net/original/ee4c102dbe3feb126f23703fa05eabe8.jpg;https://vn-test-11.slatic.net/original/3caa4b17dcad1b3f98bc7c86e4db16d3.jpg;https://vn-test-11.slatic.net/original/6c9447a0c27859d06b9d0db346a5d9dd.jpg;', 17, 7);

INSERT INTO review (id, product_id, reviewer, rating, `comment`) VALUES(43570, 4357, 'Võ N.', 3, 'dầu gội sạch gàu, hết ngứa da đầu mà giá lại rẻ hơn mấy shop khác. đã dùng nhiều loại mà không hết. nói chung là ok!');

INSERT INTO review (id, product_id, reviewer, rating, `comment`) VALUES(43571, 4357, 'Birch T.', 3, 'Goi tot ma tóc kh');

INSERT INTO review (id, product_id, reviewer, rating, `comment`) VALUES(43572, 4357, 'Nguyen T.', 4, 'Sản phẩm tốt. Gửi đúng sản phẩm.
Đóng gói chắc chắn. Giao hàng nhanh');

INSERT INTO review (id, product_id, reviewer, rating, `comment`) VALUES(43573, 4357, 'Kieu T.', 0, 'ok');

INSERT INTO review (id, product_id, reviewer, rating, `comment`) VALUES(43574, 4357, 'Kieu T.', 1, 'ok');

INSERT INTO product (id, name, short_desc, full_desc, category_id, brand_name, status, weight, available_item, unit_price, discount_percent, avg_rating, img_url, total_rating, supplier_id) VALUES(4358, 'Maxxhair - Mọc tóc nhanh, ngừa rụng tóc', 'Maxxhair - Mọc tóc nhanh, ngừa rụng tóc', '<pre>Maxxhair là sản phẩm chứa các hoạt chất hướng tới 3 công dụng:
Trị tóc dầu, ngăn rụng tóc: Nhờ lấy lại cân bằng nội tiết tố DHT trong cơ thể, giảm bã nhờn bài tiết quá mức trên da đầu, giải quyết khoảng 80% trường hợp rụng tóc, hói đầu
Kích thích tóc mọc nhanh, khỏe, đẹp: cung cấp đẩy đủ các dưỡng chất, vitamin cần thiết cho sự phát triển của tóc.
Giải độc cho tóc: Tăng cường chức năng gan, thận, giải độc, lọc máu, chống oxy hóa, giúp đào thải các chất độc ra ngoài cơ thể</pre>', 435, 'No Brand', 'USED', 6.858721700576846, 80, 205000, 37, 4.7, 'https://vn-test-11.slatic.net/p/5/maxxhair-moc-toc-nanh-ngua-rung-toc-2446-19434834-33f7da25d1349d6b8ea3685f3989e76c-catalog.jpg;', 20, 3);

INSERT INTO review (id, product_id, reviewer, rating, `comment`) VALUES(43580, 4358, 'Phương H.', 0, 'tóc rụng nhiều thấy mà tiếc luôn do duỗi nhộm. uống hết 1 hộp tóc rụng vài sợi thôi. các bạn nên dùng thử hay lắm.');

INSERT INTO review (id, product_id, reviewer, rating, `comment`) VALUES(43581, 4358, 'Trieuphucvan', 3, 'chưa thấy tien triển gì cả.');

INSERT INTO review (id, product_id, reviewer, rating, `comment`) VALUES(43582, 4358, 'Lazada Customer', 1, 'Không thấy hiệu quả sau 1 tuần sử dụng');

INSERT INTO review (id, product_id, reviewer, rating, `comment`) VALUES(43583, 4358, 'NH A.', 2, 'hiệu quả');

INSERT INTO review (id, product_id, reviewer, rating, `comment`) VALUES(43584, 4358, 'Di T.', 4, '');

INSERT INTO product (id, name, short_desc, full_desc, category_id, brand_name, status, weight, available_item, unit_price, discount_percent, avg_rating, img_url, total_rating, supplier_id) VALUES(4359, 'Tinh dầu bưởi Mẹ Ken Kích thích mọc tóc, đặc trị hói đầu, phục hồi tóc hư tổn, nuôi dưỡng tóc chắc khỏe, bóng mượt', 'Tinh dầu bưởi Mẹ Ken Kích thích mọc tóc, đặc trị hói đầu, phục hồi tóc hư tổn, nuôi dưỡng tóc chắc khỏe, bóng mượt', '<pre>Nơi sản xuất : Công ty TNHH Sản phẩm Thiên Nhiên Mẹ Ken
Thành phần : chiết xuất 100% từ bưởi nguyên chất, bao gồm vỏ bưởi và màng hạt bưởi nên hiệu quả dưỡng mọc tóc, giảm rụng hiệu quả hơn.
Công dụng : Giảm gãy rụng sau 1 tuần sử dụng; Kích thích mọc tóc, đặc trị chứng hói đầu sau 1 tháng sử dụng; Dưỡng tóc, phục hồi tóc bị hư tổn, giữ mái tóc chắc khỏe. Tạo lớp dưỡng bao phủ tóc và da đầu, tránh tiếp xúc với các hóa chất độc hại khi gội đầu và nhuộm tóc.
Ngoài ra, tinh dầu bưởi còn có dùng để massage toàn thân với dầu nền và xông hương với đèn điện, xông hương hoặc lò đốt nến để thư giãn, giảm stress.
Sản phẩm đã được Bộ y tế chứng nhận an toàn tuyệt đối cho người sử dụng.
Hạn sử dụng : 1 năm kể từ ngày sản xuất
Bảo quản : nơi khô ráo, tránhánh nắng trực tiếp, đậy kín lọ sau khi sử dụng.</pre>', 435, 'Mẹ Ken', 'USED', 6.548410703603155, 47, 180000, 37, 5.0, 'https://vn-test-11.slatic.net/original/be289f708a283f38d74f34edafc2778d.jpg;https://vn-test-11.slatic.net/original/633316f807e4a20a4ee5fa93063ed958.jpg;https://vn-test-11.slatic.net/original/5bc4684183cda3a950629688c74c3677.jpg;https://vn-test-11.slatic.net/original/2cde5025a79178d8f3d7639b34970c89.jpg;https://vn-test-11.slatic.net/original/abf2f018a222efb72318dd5bfc258e23.jpg;https://vn-test-11.slatic.net/original/a42f03e40ebc3692bbc16a3d086b9502.jpg;https://vn-test-11.slatic.net/original/1231b79bcad114b1ac769891d38cf109.jpg;https://vn-test-11.slatic.net/original/d8c5dcf3e7c88ab5c94688183463ab59.jpg;', 13, 9);

INSERT INTO review (id, product_id, reviewer, rating, `comment`) VALUES(43590, 4359, 'Nguyễn T.', 4, 'Dùng hiệu quả, tóc bắt đầu mọc lún phún rồi, tóc cũng khỏe hơn, hết chẻ ngọn và khô xơ');

INSERT INTO review (id, product_id, reviewer, rating, `comment`) VALUES(43591, 4359, 'Lazada Customer', 0, 'Mình dùng kết hợp tinh dầu bưởi với dầu gội thảo dược Mẹ Ken để trị chứng hói da dầu. Đã có hiệu quả, tóc mình đã mọc tóc con rồi, không còn tự ti vì hói da đầu nữa, thực sự cảm ơn chị chủ shop đã tư vấn nhiệt tình cách sử dụng.');

INSERT INTO review (id, product_id, reviewer, rating, `comment`) VALUES(43592, 4359, 'NGUYEN T.', 4, 'sản phẩm tốt, dùng hiệu quả');

INSERT INTO review (id, product_id, reviewer, rating, `comment`) VALUES(43593, 4359, 'Lazada Customer', 4, 'Dùng lần đầu chưa thấy tác dụng, dùng đến lần thứ 3-4 thấy hiệu quả rõ rệt, tóc con mọc tua tủa, tóc dày hơn và không bị chẻ ngọn nữa');

INSERT INTO review (id, product_id, reviewer, rating, `comment`) VALUES(43594, 4359, 'Lazada Customer', 1, 'Sài tốt lắm nha, mùi bưởi đậm đặc, lưu lại trên tóc mùi thơm dễ chịu, Chưa biết có kích thích mọc tóc hiệu quả không, nhưng trước mắt thấy tóc bóng mượt hơn, trước tóc mình khô lắm.');

INSERT INTO product (id, name, short_desc, full_desc, category_id, brand_name, status, weight, available_item, unit_price, discount_percent, avg_rating, img_url, total_rating, supplier_id) VALUES(43510, 'Dầu hấp ủ tóc Collagen siêu mềm mượt 500ml', 'Dầu hấp ủ tóc Collagen siêu mềm mượt 500ml', '<pre>Giúp cho mái tóc chắc khỏe và bồng bềnh
An toàn khi sử dụng
Hương thơm dịu nhẹ
Dòng sản phẩm chăm sóc tóc chuyên nghiệp đến từ Ý.</pre>', 435, 'Karseell', 'NEW', 3.993658930809037, 20, 34000, 37, 4.7, 'https://vn-test-11.slatic.net/original/a39d30149737bf968082e2dbd2664b1b.jpg;https://vn-test-11.slatic.net/original/8b8bd775acf949b0f2c944563bc016a5.jpg;https://vn-test-11.slatic.net/original/97c23249b52ff39135432fe7ad5414ae.jpg;', 3, 2);

INSERT INTO product (id, name, short_desc, full_desc, category_id, brand_name, status, weight, available_item, unit_price, discount_percent, avg_rating, img_url, total_rating, supplier_id) VALUES(43511, 'Dầu hấp tóc nutri Fanolo Italy 1500gr', 'Dầu hấp tóc nutri Fanolo Italy 1500gr', '<pre>• Tác dụng của DẦU XẢ, HẤP DẦU và KEM Ủ
• Giảm khô xơ, gãy ngọn,
• Giúp tóc thoát khỏi tình trạng khô xơ, mất nước,
• Đồng thời cung cấp độ ẩm và những chất dinh dưỡng cần thiết cho tóc.
• Giúp tóc thoát khỏi tình trạng chẻ ngọn, hư tổn
• Làm cho tóc trở nên bóng mượt, giàu sức sống.</pre>', 435, 'No Brand', 'NEW', 0.6586999331475123, 33, 195000, 37, 4.7, 'https://vn-test-11.slatic.net/original/9b667855792364567da75d802d813521.jpg;https://vn-test-11.slatic.net/original/b2f71fff29120cad3a09e0981029de8e.jpg;https://vn-test-11.slatic.net/original/a75fd06356e34f87abac3f4df840f8af.jpg;', 6, 6);

INSERT INTO review (id, product_id, reviewer, rating, `comment`) VALUES(435110, 43511, 'Phương D.', 1, 'Mình đã mua loại này lần t2 rất thích hương thơm vani');

INSERT INTO review (id, product_id, reviewer, rating, `comment`) VALUES(435111, 43511, 'Huyền T.', 3, 'giao hàng nhanh . ok');

INSERT INTO product (id, name, short_desc, full_desc, category_id, brand_name, status, weight, available_item, unit_price, discount_percent, avg_rating, img_url, total_rating, supplier_id) VALUES(43512, 'Tinh dầu dưỡng tóc Aurane', 'Tinh dầu dưỡng tóc Aurane', '<pre>Thành Phần:Cycolmethicone, Dimethicone, Argan oil, lsoproyl Myristate, FragranceMô tả sản phẩm:Dạng Gel lỏng, kết hợp tinh dầu ARGAN, cung cấp dưỡng chất tạo độ bóng mượt cho tóc đặc biệt với thành phần hạt siêu mịn hàn gắn lõi tóc, thẩm thấu nhanh, không bết tóc, phục hồi cho mái tóc sang đẹp.Là dòng sản phẩm dưỡng tóc cao cấp với hàm lượng dưỡng chất cao và công thức đặc biệt giúp dưỡng chất thấm sâu vào lõi tóc ,phục hồi hư tổn nhanh chóng đồng thời tạo lớp màng bao phủ tóc giúp tóc bóng mượt tức thì và chống lại các tác nhân gây hại cho tóc từ môi trườngTinh dầu chăm sóc tóc Softliss dành riêng cho các bạn có mái tóc hư tổn, uốn, nhuộm, duỗi thường xuyên khiến mái tóc xác xơ và chẻ ngọn. Chỉ sau 1 tuần sử dụng tinh dầu phục hồi tóc của Softliss đảm bảo tóc bạn sẽ mềm mượt và óng ả hơn trông thấy.Cách sử dụng: Cho 3 – 4 giọt tinh dầu vào lòng bàn tay và massage nhẹ nhàng vào tócThể tích:125mlXuất xứ: Pháp</pre>', 435, 'Aurane', 'USED', 7.43656997816092, 55, 110000, 37, 4.9, 'https://vn-test-11.slatic.net/original/407ceaa26ef5741335a6eb80b5fa51eb.jpg;https://vn-test-11.slatic.net/original/65675f2a004c2abfda985f61208f3b47.jpg;https://vn-test-11.slatic.net/original/42a9261dbdb11bfb7ff6b43782397c89.jpg;https://vn-test-11.slatic.net/original/b30e008d264404a6038a47bfbb2a48db.jpg;https://vn-test-11.slatic.net/original/9087482799f0d87ae4b17982148c21c5.jpg;', 49, 5);

INSERT INTO review (id, product_id, reviewer, rating, `comment`) VALUES(435120, 43512, 'Nhung N.', 3, 'giao hàng nhanh, đóng gói chất lượng, chai khá là to. Shop làm ăn tốt🙂🙂🙂🙂');

INSERT INTO review (id, product_id, reviewer, rating, `comment`) VALUES(435121, 43512, 'Kim T.', 1, 'sp đc shop đóng gói rất cẩn thận.sp vẫn trong hộp của cty và sp đúng chính hãng.có kèm  hóa đơn của lazada .nói chung là mình rất an tâm mong là sp sẽ có hiệu quả cao. cảm ơn shop và lazada nha.');

INSERT INTO review (id, product_id, reviewer, rating, `comment`) VALUES(435122, 43512, 'Ngọc T.', 3, 'Sản phẩm hàng xịn nhưng giá rất rẻ, chai thủy tinh chắc chắn nặng tay. Xài 1 lần đầu nhưng tóc mượt bớt khô hẳn, dùng nhiều nhưng ko hề bết tóc. Nguiwr trực tiếp thì mùi hơi hóa học khó chịu nhưng bôi lên tóc rồi thì nhẹ nhàng vanilla dễ chịu, người yêu khen thơm ôm đầu Nguiwr hòai
🤭🤭🤭');

INSERT INTO review (id, product_id, reviewer, rating, `comment`) VALUES(435123, 43512, 'hanh P.', 4, 'Cảm ơn shop bán hàng có tâm, uy tín.Đóng gói sp có tâm. Mình nhận đc sp.mà không ngờ luôn. Sp có hạn, ngày sx  và xuất xứ rỏ ràng. Mở ra còn nguyên đai nguyên kiện. Mùi hương dễ chịu. Ko bị bết dính rất thích.');

INSERT INTO review (id, product_id, reviewer, rating, `comment`) VALUES(435124, 43512, 'Nga', 1, 'thơm lm ạ.nhưng sao ko check đc mã code nhỉ');

INSERT INTO product (id, name, short_desc, full_desc, category_id, brand_name, status, weight, available_item, unit_price, discount_percent, avg_rating, img_url, total_rating, supplier_id) VALUES(43513, 'Serum giúp dài tóc- kích thích mọc tóc Andrea 20ml', 'Serum giúp dài tóc- kích thích mọc tóc Andrea 20ml', '<pre>Serum kích mọc tóc Andrea
_ Sau 1 tháng bạn sẽ thấy thay đổi về mái tóc nhé
✔ Khích mọc tóc nhanh
✔ Giảm rụng
✔ Phục hồi tóc hư tổn
- Cách dùng:Pha 3ml với 100ml dầu gội
Thông tin sản phẩm Serum Kích Mọc Tóc Andrea - 20ml
Bộ sản phẩm bao gồm:
x 1 sản phẩm
Đặc điểm chính:
SKU
AN061HBAA6MPEUVNAMZ-12199823
Loại hình bảo hành
Không hỗ trợ bảo hành
Concerns Hair Care
Thinning
Mẫu mã
Serum Kích Thích Mọc Tóc
Dung tích sản phẩm (ml)
20.00</pre>', 435, 'None', 'USED', 0.5968094700586266, 29, 50000, 37, 5.0, 'https://vn-test-11.slatic.net/original/11d3c48facde1337888b5863e21b4264.jpg;https://vn-test-11.slatic.net/original/3d4dcd5030a6e3beeec45011353f24d7.jpg;https://vn-test-11.slatic.net/original/1b890bad43e20e50b67b93bcbb6cf6e7.jpg;', 2, 8);

INSERT INTO product (id, name, short_desc, full_desc, category_id, brand_name, status, weight, available_item, unit_price, discount_percent, avg_rating, img_url, total_rating, supplier_id) VALUES(43514, 'Serum Dưỡng Tóc dạng gel phục hồi hư tổn, dưỡng tóc chắc khỏe Mise En Scene Perfect Repair Hair Serum 70ml', 'Serum Dưỡng Tóc dạng gel phục hồi hư tổn, dưỡng tóc chắc khỏe Mise En Scene Perfect Repair Hair Serum 70ml', '<pre>Thương hiệu: Mise En Scene
Xuất xứ:Hàn Quốc
Chiết xuất dầu Argan; sữa ong chúa và tinh dầu hoa hồng
Phục hồi tóc,giúp ngọn tóc chắc khoẻ ngừa rụng.
Cải thiện hư tổn nơi chân tóc như chẻ ngọn; khô gãy
Cho mái tóc càng thêm óng mượt với hiệu ứng 3D đẹp từ mọi góc nhìn</pre>', 435, 'Mise En Scene', 'NEW', 1.7618919570589846, 71, 134000, 37, 4.7, 'https://vn-test-11.slatic.net/p/ffd3e48f3bfae4d365d818dac31be758.jpg;https://vn-test-11.slatic.net/p/5/serum-duong-toc-dang-gel-phuc-hoi-hu-ton-duong-toc-chac-khoe-mise-en-scene-perfect-repair-hair-serum-70ml-3413-5241926-5807d130ec644331684f4fb0c6b13535-catalog.jpg;https://vn-test-11.slatic.net/p/5/serum-duong-toc-dang-gel-phuc-hoi-hu-ton-duong-toc-chac-khoe-mise-en-scene-perfect-repair-hair-serum-70ml-3413-5241926-3ea6ec1b7f5f507dbbf3e3219c5c2837-catalog.jpg;https://vn-test-11.slatic.net/p/5/serum-duong-toc-dang-gel-phuc-hoi-hu-ton-duong-toc-chac-khoe-mise-en-scene-perfect-repair-hair-serum-70ml-3413-5241926-84f0010593dddbcd558b2f40e6b12c84-catalog.jpg;https://vn-test-11.slatic.net/p/5/serum-duong-toc-dang-gel-phuc-hoi-hu-ton-duong-toc-chac-khoe-mise-en-scene-perfect-repair-hair-serum-70ml-3413-5241926-616c84568ea28c51f360255cc4ad0209-catalog.jpg;https://vn-test-11.slatic.net/p/5/serum-duong-toc-dang-gel-phuc-hoi-hu-ton-duong-toc-chac-khoe-mise-en-scene-perfect-repair-hair-serum-70ml-3413-5241926-8c0dfced30786a7492ce8b58ab43c640-catalog.jpg;https://vn-test-11.slatic.net/p/5/serum-duong-toc-dang-gel-phuc-hoi-hu-ton-duong-toc-chac-khoe-mise-en-scene-perfect-repair-hair-serum-70ml-3413-5241926-02fcf8b8d5eb26a31dbcce6484dcc3d7-catalog.jpg;', 68, 6);

INSERT INTO review (id, product_id, reviewer, rating, `comment`) VALUES(435140, 43514, 'Hang', 0, 'Sản phẩm tốt, mượt mà không bị bết dính tóc. Giữ được nếp tóc khá lâu.');

INSERT INTO review (id, product_id, reviewer, rating, `comment`) VALUES(435141, 43514, 'Lazada Customer', 2, 'Shop giao hộp còn mới toanh, rất hài lòng luôn.Chất lượng thì không có chỗ chê rồi, sẽ tiếp tục ủng hộ shop');

INSERT INTO review (id, product_id, reviewer, rating, `comment`) VALUES(435142, 43514, 'Bảo N.', 1, 'Lần đầu mình dùng serum nên có rất nhiều lo lắng. Khi mua serum này mình dùng rất ưng ý. Gội đầu xong sấy tóc cho đến khi gần khô hẳn. Rồi bôi serum vào tóc. Cảm nhận tóc rất mượt và không hề bị rối. Mùi lại thơm nhẹ rất dễ chịu nữa. Mình rất hài lòng');

INSERT INTO review (id, product_id, reviewer, rating, `comment`) VALUES(435143, 43514, 'Lynklee H.', 1, 'đã nhận hàng, chưa xài nhưng thấy mùi rất dịu, dễ chịu, đóng gói kỷ, nhưng sao không thấy tem chóng hàng giả vậy');

INSERT INTO review (id, product_id, reviewer, rating, `comment`) VALUES(435144, 43514, 'Trần T.', 1, 'Sản phẩm như hình, mùi dễ chịu, không thấy dán giấy tiếng việt về nguồn gốc, hướng dẫn sử dụng, thành phần');

INSERT INTO product (id, name, short_desc, full_desc, category_id, brand_name, status, weight, available_item, unit_price, discount_percent, avg_rating, img_url, total_rating, supplier_id) VALUES(43515, 'TINH DẦU DƯỠNG TÓC MOROCCANOIL 100ML', 'TINH DẦU DƯỠNG TÓC MOROCCANOIL 100ML', '<pre>Công thức DẦU DƯỠNG TÓC MOROCCANOIL đa năng, linh hoạt, dưỡng và không gây bết. Có thể được sử dụng làm công cụ dưỡng tóc, tạo kiểu và hòan thiện kiểu. Dầu dưỡng chữa trị này biến đổi mái tóc hòan toàn do công thức sản phẩm bù đắp các protein đã mất đi. Giúp cải thiện độ chắc khỏe của sợi tóc, các axit béo, dầu omega-3, vitamin cho tóc bóng mượt. Sản phẩm hấp thụ ngay tức thì vào tóc phục hồi hư tổn bởi nhiệt, xử lý hóa chất và môi trường.Khi kể đến tác dụng chăm sóc tóc của dầu Argan, không thể không nhắc đến dầu dưỡng tóc Moroccanoil, một loại dầu có thành phần chính là dầu Argan và những thành phần dưỡng tóc đặc biệt khác. Khi thoa nhẹ nhàng loại dầu dưỡng này lên tóc ẩm sau khi gội, những giọt dầu vàng óng, đặc sánh sẽ thẩm thấu vào sợi tóc, giúp giảm thời gian sấy khô tới 40%, đồng thời, làm cho tóc mềm, khỏe và không còn rối. Khi bôi lên tóc khô, đặc biệt là phần ngọn (phần thiếu độ ẩm nhất), dầu dưỡng lấy lại độ bóng mềm và giữ nếp nhẹ tự nhiên cho kiểu tóc. Dầu dưỡng Moroccanoil sẽ không để lại dư chất trên tóc nên không hề làm nặng, bết tóc. Thoa một lượng nhỏ sản phẩm lên tóc vừa gội sạch, đã được lau khô bằng khăn, từ giữa thân tóc cho tới ngọn. Sấy khô hoặc để khô tự nhiên</pre>', 435, 'No Brand', 'USED', 4.464425652784172, 45, 280000, 37, 4.1, 'https://vn-test-11.slatic.net/original/ef4fbdd3eaed9a6741ded0676926d0d8.jpg;https://vn-test-11.slatic.net/original/6bab0d1a9620f5c84986869717ca201b.jpg;https://vn-test-11.slatic.net/original/cf9eefe9bde1a622c2c5bd6396059b28.jpg;', 28, 7);

INSERT INTO review (id, product_id, reviewer, rating, `comment`) VALUES(435150, 43515, 'Nguyễn H.', 3, 'SHOP BÁN HÀNG GIẢ SẢN XUẤT Ở TRUNG QUỐC. LOẠI MẤT DẠY NÀY SẬP TIỆM LÀ VỪA. MỌI NGƯỜI ĐỪNG BAO GIỜ MUA TẠI SHOP NÀY!!!');

INSERT INTO review (id, product_id, reviewer, rating, `comment`) VALUES(435151, 43515, 'Lazada Customer', 4, 'suôn và bóng mượt suốt cả ngày như vừa mới gội');

INSERT INTO review (id, product_id, reviewer, rating, `comment`) VALUES(435152, 43515, 'Trần T.', 4, 'thấy nhiều ng khen sp nên mình cũng đặt mua, ko ngờ shop bán hàng nhái. quá thất vọng');

INSERT INTO review (id, product_id, reviewer, rating, `comment`) VALUES(435153, 43515, 'beng', 1, 'giam hẳn tóc chẻ ngọn');

INSERT INTO review (id, product_id, reviewer, rating, `comment`) VALUES(435154, 43515, 'Lazada Customer', 0, 'Sản phẩm tôi nhận được chỉ là hàng nhái thương hiệu Moroccanoil xuất xứ từ Trung Quốc. Màu sắc hình dáng,tên sản phẩm gây nhầm lẫn cho người mua hàng.');

INSERT INTO product (id, name, short_desc, full_desc, category_id, brand_name, status, weight, available_item, unit_price, discount_percent, avg_rating, img_url, total_rating, supplier_id) VALUES(43516, 'Xịt dưỡng tóc hương nước hoa Liyang No5 220ml', 'Xịt dưỡng tóc hương nước hoa Liyang No5 220ml', '<pre>Xịt dưỡng tóc Liyang No5 cung cấp dưỡng chất phục hồi độ ẩm, ngăn ngừa hư tổn bên trong tóc, cho mái tóc chắc khỏe và linh hoạt.
Tác động kép vừa bổ sung thành phần dưỡng ẩm cho da đầu vừa bảo vệ tóc khỏi tác hại của tia UV hoặc dưới nhiệt độ cao của máy sấy tóc.
Dung dịch dạng sương giúp làm bóng và duy trì độ ẩm, cho mái tóc suôn mượt và bồng bềnh.</pre>', 435, 'OEM', 'USED', 3.051547383375374, 13, 39000, 37, 4.8, 'https://vn-test-11.slatic.net/p/5/xit-duong-toc-huong-nuoc-hoa-liyang-no5-220ml-4639-63995571-41d37ccb6861619ff7bba359782d1bfc-catalog.jpg;', 25, 6);

INSERT INTO review (id, product_id, reviewer, rating, `comment`) VALUES(435160, 43516, 'hong L.', 3, 'Giao hang nhanh dung mau');

INSERT INTO review (id, product_id, reviewer, rating, `comment`) VALUES(435161, 43516, 'Rubi L.', 4, 'mui rat thom de chiu');

INSERT INTO review (id, product_id, reviewer, rating, `comment`) VALUES(435162, 43516, 'thanthuy', 4, 'sp oke lam al');

INSERT INTO review (id, product_id, reviewer, rating, `comment`) VALUES(435163, 43516, 'Nguyễn H.', 2, 'Sản phẩm tốt, đóng gói kĩ, cảm ơn shop ạ!');

INSERT INTO review (id, product_id, reviewer, rating, `comment`) VALUES(435164, 43516, 'Hoa', 4, 'Cung dc');

INSERT INTO product (id, name, short_desc, full_desc, category_id, brand_name, status, weight, available_item, unit_price, discount_percent, avg_rating, img_url, total_rating, supplier_id) VALUES(43517, 'TRỤC XƯƠNG UỐN LẠNH XỐP', 'TRỤC XƯƠNG UỐN LẠNH XỐP', '<pre>XƯƠNG UỐN LẠNH XỐP
Trục xốp chuyên dùng uốn lạnh cho tóc .. sản phẩm có 4 size như hình
Size 1 = size 13
Size 2 = size 15
Size 3 = size 17
Size 4 = size 19
Lốc có 10 ống xương
vui lòng tin nhắn giúp shop size sản phẩm bạn cần đặt hàng ... cám ơn</pre>', 435, 'No Brand', 'NEW', 7.793776007594678, 47, 67000, 37, 5.0, 'https://vn-test-11.slatic.net/original/5abc9bc21977b290be746b12f34965ef.jpg;https://vn-test-11.slatic.net/original/6f458a04519202f7dbc60457b52fbd80.jpg;https://vn-test-11.slatic.net/original/5ad6f34f1ebebf075cecda4d102638bc.jpg;', 2, 7);

INSERT INTO product (id, name, short_desc, full_desc, category_id, brand_name, status, weight, available_item, unit_price, discount_percent, avg_rating, img_url, total_rating, supplier_id) VALUES(43518, 'Kem trị mụn mủ mụn bọc sưng đau ACNE CLEAR pimple treatment cream 15g', 'Kem trị mụn mủ mụn bọc sưng đau ACNE CLEAR pimple treatment cream 15g', '<pre>Sản phẩm trị mụn best seller nhiều năm liền tại Singapore cho nam và nữ
Nhanh chóng làm mát và làm khô đầu mụn (mụn bọc, mụn mủ v.v), làm xẹp mụn sắp nhú.
Dùng làm kem che khuyết điểm cho các nốt mụn với màu da mà không làm sưng táy mụn.
Kem lót bảo vệ da khỏi lớp phấn trang điểm với kết cấu nhẹ, thoáng, ko nhờn rít, làm da hồng tự nhiên
Giúp nốt mụn dịu mát, ko viêm nhiễm và mau lành vết thương, tránh để lại sẹo</pre>', 435, 'ACNE CLEAR', 'NEW', 7.05309127833355, 34, 229000, 37, 4.6, 'https://vn-test-11.slatic.net/p/5/kem-tri-mun-mu-mun-boc-sung-dau-acne-clear-pimple-treatment-cream15g-0249-8934006-0d254a744972ea9772ade2b0a34521f6-catalog.jpg;', 27, 8);

INSERT INTO review (id, product_id, reviewer, rating, `comment`) VALUES(435180, 43518, 'Đinh T.', 2, 'điểm cộng có lẽ là khả năng trị mụn. Tuy k thần thánh như quảng cáo, nhưng phải nói là tuyệt, rất tuyệt. Với mụn bé, có nhân trắng thì bôi hôm trc hôm sau mụn sẽ khô luôn và vài ngày thì bung nhưng vết thâm còn. Với mụn bọc to thì khoảng gần 1 tuần mới khô, và phải 1 tuần nữa để xẹp đc. Làm kem nền che khuyết điểm cũng đc 
Tuýt dùng k biết bao giờ mới hết vì khá nhiều. 
điểm trừ có lẽ là kem hơi khô (bản thân mình k thích dùng kem khô cho lắm, mùi hơi nồng )
Nhưng tựu chung lại, sản phẩm vượt trên giá tiền');

INSERT INTO review (id, product_id, reviewer, rating, `comment`) VALUES(435181, 43518, 'Thanh T.', 0, 'Mình bị mụn do rối loạn nội tiết í, đọc review của mấy web trên mạng rồi lên Lazada đặt mua, dùng được tầm 12 ngày rồi, thấy mấy cái mụn trước đó đang giảm, còn mụn mới chỉ thoa lên vài lần là xẹp, nhưng để lại vết thâm chưa thấy hết. Với lại dù đã rửa mặt kĩ nhưng quanh vùng mụn có thấy mấy cái vảy như là lột da ấy, ra đường hay lại chỗ đèn sáng là ngại thôi rồi luôn.');

INSERT INTO review (id, product_id, reviewer, rating, `comment`) VALUES(435182, 43518, 'Đặng H.', 4, 'Tới giờ là lần thứ ba mình mua lại em này sau khi 2 tuýp trước đã dùng hết sạch sành sanh. Ấn tượng ban đầu của mình là ẻm cover được vết mụn khá tốt, có dịp ra đường là đem em này ra dùng (kem chống nắng mình không dùng lúc đang break out vì bí da), vậy là tự tin với cái mặt đã được che bớt 60% mấy đốm đỏ đỏ của mụn');

INSERT INTO review (id, product_id, reviewer, rating, `comment`) VALUES(435183, 43518, 'Phan H.', 1, 'ko hiêu qua');

INSERT INTO review (id, product_id, reviewer, rating, `comment`) VALUES(435184, 43518, 'đặng h.', 1, 'Là không phải mụn lồi 
Trị được
Mụn bọc nằm trong da nhìu năm không nặn được phải hông chị');

INSERT INTO product (id, name, short_desc, full_desc, category_id, brand_name, status, weight, available_item, unit_price, discount_percent, avg_rating, img_url, total_rating, supplier_id) VALUES(43519, 'Double Rich Balancing Water Revitalize Nutrition V - Double Rich Xịt dưỡng tóc chăm sóc tóc hư tổn ( hồng ) 250ml', 'Double Rich Balancing Water Revitalize Nutrition V - Double Rich Xịt dưỡng tóc chăm sóc tóc hư tổn ( hồng ) 250ml', '<pre>Thương hiệu Hàn QuốcChăm sóc tóc hư tổnChuyên dùng cho tóc uốn nhuộm</pre>', 435, 'Double Rich', 'USED', 5.374871130685688, 74, 61000, 37, 4.7, 'https://vn-test-11.slatic.net/p/5/double-rich-balancing-water-revitalize-nutrition-v-double-richxit-duong-toc-cham-soc-toc-hu-ton-hong-250ml-2089-4421475-8d9f4aef04d968649c539462e47687fe-catalog.jpg;https://vn-test-11.slatic.net/p/5/double-rich-balancing-water-revitalize-nutrition-v-double-richxit-duong-toc-cham-soc-toc-hu-ton-hong-250ml-2089-4421475-4d74b062aaf13b3524693c977bb1ee00-catalog.jpg;https://vn-test-11.slatic.net/original/4ede7900d6e23b4ef99af1c2ef77c075.jpg;', 18, 6);

INSERT INTO review (id, product_id, reviewer, rating, `comment`) VALUES(435190, 43519, 'Vo N.', 2, 'Đúng dung tích, giao hàng nhiệt tình. sp có mùi thơm nhẹ! Còn về chất lượng thì cần kiểm chứng lâu dài.');

INSERT INTO review (id, product_id, reviewer, rating, `comment`) VALUES(435191, 43519, 'nguyễn T.', 1, 'đã sài rất ok');

INSERT INTO review (id, product_id, reviewer, rating, `comment`) VALUES(435192, 43519, 'Trần T.', 1, 'sản phẩm tốt');

INSERT INTO review (id, product_id, reviewer, rating, `comment`) VALUES(435193, 43519, 'NGỌC', 3, 'Chuẩn về chất lượng và giá');

INSERT INTO review (id, product_id, reviewer, rating, `comment`) VALUES(435194, 43519, 'Lazada Customer', 3, '');

INSERT INTO product (id, name, short_desc, full_desc, category_id, brand_name, status, weight, available_item, unit_price, discount_percent, avg_rating, img_url, total_rating, supplier_id) VALUES(43520, 'Huyết Thanh Dưỡng Tóc Sêu Mềm Mượt Thảo Mộc Obsidian', 'Huyết Thanh Dưỡng Tóc Sêu Mềm Mượt Thảo Mộc Obsidian', '<pre>Với những dưỡng chất hết sức cần thiết cho một mái tóc khỏe đẹp, sáng bóng rạng ngời.
Sản phẩm đặc biệt dùng cho tóc hư tổn và tóc đã sử dụng hóa chất uốn, nhuộm, duỗi.
Huyết thanh chứa thành phần được đặc chế từ thảo dược thiên nhiên nguyên chất sẽ sẽ nhanh chóng hấp thụ tối đa vào từng sợi tóc
Cung cấp thêm dưỡng chất cho tóc.
Giảm thiểu tác hại tối đa của hóa chất tác dụng lên sợi tóc. Giúp tóc bóng đẹp, mượt mà.</pre>', 435, 'Obsidian', 'USED', 8.080223511765968, 24, 139999, 37, 0.0, 'https://vn-test-11.slatic.net/p/5125a7305b5fdcdbb0641ced6157b1c7.jpg;https://vn-test-11.slatic.net/p/6dda009776d5aa1c6554a21c93d9c37b.jpg;https://vn-test-11.slatic.net/p/d1fc8d9b8a44720159182de47af22a67.jpg;https://vn-test-11.slatic.net/p/c75755cccd5e89e523b47d8ab62b9838.jpg;', 0, 9);

INSERT INTO product (id, name, short_desc, full_desc, category_id, brand_name, status, weight, available_item, unit_price, discount_percent, avg_rating, img_url, total_rating, supplier_id) VALUES(43521, 'Vi Jully-Tinh dầu bưởi thiên nhiên 100% - Hàng Việt Nam chính hãng .', 'Vi Jully-Tinh dầu bưởi thiên nhiên 100% - Hàng Việt Nam chính hãng .', '<pre>[Vi Jully] Tinh dầu bưởi kích thích mọc tóc con, làm dài tóc:Xuất xứ:
– Việt NamThành phần sản phẩm[Vi Jully] Tinh dầu bưởi kích thích mọc tóc con, làm dài tóc:
– Sản phẩm 100% thiên nhiên từ tinh dầu bưởi, nước chưng cất vỏ bưởi
– Không hóa chất,mùi thơm dễ chịu, không gây bết rít tócĐối tượng sử dụng sản phẩm [Vi Jully] Tinh dầu bưởi kích thích mọc tóc con, làm dài tóc:
– Những ng bị hói
– Tóc mọc chậm, lâu dài
– Muốn tóc dày, dàiCông dụng sản phẩm [Vi Jully] Tinh dầu bưởi kích thích mọc tóc con, làm dài tóc:
– Kích thích mọc tóc, làm dày – dài tóc
– Sử dụng liên tục và đều đặn 1 tháng dài từ 5-8cmCách dùng sản phẩm [Vi Jully] Tinh dầu bưởi kích thích mọc tóc con, làm dài tóc:
– Lắc đều lên, xịt vào chân tóc massage từ 2-3 phút cho tinh dầu ngấm vào da đầu
– Sử dụng ngày 2-3 lần, trước lúc ngủ hoặcsau khi gội đầu (nhớ sấy khô tóc).
Lưu ý: không xịt lên tóc khi còn ướtXem thêm các sản phẩm khác tại đây.Tóc ra đều một cách tự nhiênDễ dàng sử dụng, hiệu quả nhanh chóngLà sản phẩm uy tín, được nhiều người nổi tiếng tin dùng</pre>', 435, 'Vi Jully', 'NEW', 1.212885621685321, 49, 99000, 37, 0.0, 'https://vn-test-11.slatic.net/p/ebba1fd522e7d8a85c09ccc4fdd8f640.jpg;https://vn-test-11.slatic.net/p/18f01a769aaf84dc7c12f4997e9ab1d9.jpg;https://vn-test-11.slatic.net/p/97f154249934fe20155589e7809cbc9f.jpg;https://vn-test-11.slatic.net/p/34148ec65553449e549217499f0c6999.jpg;', 0, 6);

INSERT INTO product (id, name, short_desc, full_desc, category_id, brand_name, status, weight, available_item, unit_price, discount_percent, avg_rating, img_url, total_rating, supplier_id) VALUES(43522, 'Tinh dầu bưởi dưỡng tóc,chống rụng tóc, giúp mọc tóc 130ml', 'Tinh dầu bưởi dưỡng tóc,chống rụng tóc, giúp mọc tóc 130ml', '<pre>Chai dạng xịt phun xươngDung tích 130mlDưỡng tóc, kích thích mọc tócChống rụng tóc, phục hồi hư tổn</pre>', 435, 'COCOON', 'NEW', 4.6436433536765795, 81, 45000, 37, 4.0, 'https://vn-test-11.slatic.net/p/5/tinh-dau-buoi-duong-tocchong-rung-toc-giup-moc-toc-130ml-1972-55160614-0f5b6ed59851fae269c80c178efd93fc-catalog.jpg;https://vn-test-11.slatic.net/p/5/tinh-dau-buoi-duong-tocchong-rung-toc-giup-moc-toc-130ml-1972-55160614-c4e675a7010658b554e36b80714dd925-catalog.jpg;https://vn-test-11.slatic.net/p/5/tinh-dau-buoi-duong-tocchong-rung-toc-giup-moc-toc-130ml-1972-55160614-071d7a30f4c405ec68bd74191f76b52a-catalog.jpg;https://vn-test-11.slatic.net/p/5/tinh-dau-buoi-duong-tocchong-rung-toc-giup-moc-toc-130ml-1972-55160614-62fdb373fd2616a91bef48b1bc83d84a-catalog.jpg;', 34, 4);

INSERT INTO review (id, product_id, reviewer, rating, `comment`) VALUES(435220, 43522, 'Trần T.', 1, 'Nước nhiều, tinh dầu ít. Sử dụng không có tác dụng mấy');

INSERT INTO review (id, product_id, reviewer, rating, `comment`) VALUES(435221, 43522, 'Vũ V.', 4, 'Chai đầu mua dùng rất thơm và mượt, chai thứ hai mua về lượng tinh dầu quá ít nên gần như không có mùi thơm.');

INSERT INTO review (id, product_id, reviewer, rating, `comment`) VALUES(435222, 43522, 'Nguyễn T.', 2, 'Khong co tác dung gi het');

INSERT INTO review (id, product_id, reviewer, rating, `comment`) VALUES(435223, 43522, 'TRẦN V.', 1, 'Mùi không thơm lắm');

INSERT INTO review (id, product_id, reviewer, rating, `comment`) VALUES(435224, 43522, 'Tien V.', 4, 'Sản phẩm tốt, giao hàng nhanh');

INSERT INTO product (id, name, short_desc, full_desc, category_id, brand_name, status, weight, available_item, unit_price, discount_percent, avg_rating, img_url, total_rating, supplier_id) VALUES(43523, 'Thorakao Lotion dưỡng tóc tinh dầu bưởi 120ml', 'Thorakao Lotion dưỡng tóc tinh dầu bưởi 120ml', '<pre>- Tinh dầu chiết xuất từ hoa bưởi và vỏ bưởi.- Ngăn ngừa trước quá trình rụng tóc- Nuôi dưỡng da đầu và chân tóc.- Ngăn ngừa gàu và các chất bẩn gây nấm da đầu.- Bảo vệ da đầu, nuôi dưỡng từng sợi tóc ngay từ gốc.</pre>', 435, 'Thorakao', 'NEW', 4.87673765759015, 98, 119000, 37, 5.0, 'https://vn-test-11.slatic.net/original/da99cf199de6be628c83477e17012a18.jpg;https://vn-test-11.slatic.net/original/186185d3b63e0316315564300bb3e8ef.jpg;https://vn-test-11.slatic.net/original/b26bc49cfb7cd6b13ac7293b803d8eb4.jpg;', 2, 2);

INSERT INTO review (id, product_id, reviewer, rating, `comment`) VALUES(435230, 43523, 'linh', 2, 'tốt');

INSERT INTO product (id, name, short_desc, full_desc, category_id, brand_name, status, weight, available_item, unit_price, discount_percent, avg_rating, img_url, total_rating, supplier_id) VALUES(43524, 'Thuốc Mọc Râu Tóc Minoxidil 5% Kirkland for Men + tặng kèm ống bơm và áo thun Nam', 'Thuốc Mọc Râu Tóc Minoxidil 5% Kirkland for Men + tặng kèm ống bơm và áo thun Nam', '<pre>Thuốc mọc râu Minoxidil 5% là thuốc được cục quản lý dược phẩm FDA của Hoa Kỳ công nhận là sản phẩm có tác dụng mọc lông, tóc hiệu quả.
Thuốc có kết quả sau 2-8 tuần sử dụng tuỳ vào cơ địa.
Thuốc mọc râu Minoxidil Kirkland thương hiệu nổi tiếng và uy tín nhất của Mỹ giúp kích thích mọc râu ở nam giới đều, đẹp, chân râu bền vững, khỏe mạnh.
Kích thích mọc Râu - Tóc - Chân mày....Được hàng trăm ngàn người trên thế giới tin dùng.</pre>', 435, 'Kirkland Signature', 'NEW', 8.533687911220364, 29, 210000, 37, 4.5, 'https://vn-test-11.slatic.net/original/79f9561cb06480c6d3e92d9675629659.jpg;https://vn-test-11.slatic.net/p/5/thuoc-moc-rau-toc-minoxidil-5-kirkland-for-men-9303-11427453-25e310c7b9b9d3888e392d0c74c8ebcd-catalog.jpg;https://vn-test-11.slatic.net/p/5/thuoc-moc-rau-toc-minoxidil-5-kirkland-for-men-9303-11427453-4e38c184f1f184407184100d6f0495d9-catalog.jpg;https://vn-test-11.slatic.net/p/5/thuoc-moc-rau-toc-minoxidil-5-kirkland-for-men-9303-11427453-124774a28b3ac1d8aa401241fadb3021-catalog.jpg;https://vn-test-11.slatic.net/p/5/thuoc-moc-rau-toc-minoxidil-5-kirkland-for-men-9303-11427453-5ff1ab3b989ca64948e892504f76c774-catalog.jpg;https://vn-test-11.slatic.net/p/5/thuoc-moc-rau-toc-minoxidil-5-kirkland-for-men-9303-11427453-b48c0e3455597d5b7eae67f172a479d0-catalog.jpg;https://vn-test-11.slatic.net/p/5/thuoc-moc-rau-toc-minoxidil-5-kirkland-for-men-9303-11427453-4ad81715e323402f99e70911a0011590-catalog.jpg;https://vn-test-11.slatic.net/p/5/thuoc-moc-rau-toc-minoxidil-5-kirkland-for-men-9303-11427453-19086b3690f8fef8d3aa577eb2de0626-catalog.jpg;', 79, 2);

INSERT INTO review (id, product_id, reviewer, rating, `comment`) VALUES(435240, 43524, 'Võ C.', 1, 'nhận hàng nhanh, nhưng mở nắp ra k kêu rắc,chứng tỏ đã bị mở trước,k bk là mở pha nước hay sao nữa,bước đầu thấy k uy tín');

INSERT INTO review (id, product_id, reviewer, rating, `comment`) VALUES(435241, 43524, 'Phạm L.', 3, 'nhan hang.chua biet ket qua.ntn.nhung hang ko nguyen dai nguyen kien.ko tem.va thuoc ko day chai.lam an ko uy tin.lua dao....');

INSERT INTO review (id, product_id, reviewer, rating, `comment`) VALUES(435242, 43524, 'le T.', 0, 'san pham tot sai ok sau 1 thang su dung da thay co hieu qua');

INSERT INTO review (id, product_id, reviewer, rating, `comment`) VALUES(435243, 43524, 'nguyễn H.', 3, 'shop tư vấn nhiệt tình');

INSERT INTO review (id, product_id, reviewer, rating, `comment`) VALUES(435244, 43524, 'Nguyen T.', 4, 'Thuốc này thấy ghi là để trị hói đầu, và khuyến nghị không bôi lên các vùng da khác trên cơ thể. Vậy mà shop bán lại ghi để mọc râu???');

INSERT INTO product (id, name, short_desc, full_desc, category_id, brand_name, status, weight, available_item, unit_price, discount_percent, avg_rating, img_url, total_rating, supplier_id) VALUES(43525, 'Liệu Trình 1 Tháng Dùng 2 chai xịt tóc Pomelo Dưỡng Tóc Tinh Dầu Vỏ Bưởi', 'Liệu Trình 1 Tháng Dùng 2 chai xịt tóc Pomelo Dưỡng Tóc Tinh Dầu Vỏ Bưởi', '<pre>Bộ 2 chai xịt Pomelo cocoocn
Giảm tóc gãy rụng, Giúp tóc mọc nhanh hơn
Sản phảm từ tinh bưởi thiên nhiên 100%
1 tháng dùng 2 chai
Pomelo Dung tích: 130ml</pre>', 435, 'COCOON', 'NEW', 5.640889664523609, 19, 89000, 37, 5.0, 'https://vn-test-11.slatic.net/original/a25cf09ddc07270ef02385a89143cb3e.jpg;https://vn-test-11.slatic.net/original/995ac16b041fbe633d2cd60616ddcfc0.jpg;https://vn-test-11.slatic.net/original/78304edbac2c135f50cc0dbb107d3675.jpg;https://vn-test-11.slatic.net/p/c26975e8ab7363487efce21e921fa4ee.jpg;https://vn-test-11.slatic.net/p/05494598e5a8304a9708fa7772baa616.jpg;https://vn-test-11.slatic.net/p/c8b050a070afcd4e86454fdffb45f462.jpg;', 11, 3);

INSERT INTO review (id, product_id, reviewer, rating, `comment`) VALUES(435250, 43525, 'Thy D.', 0, 'Đóng gói cẩn thận hàng tốt.');

INSERT INTO review (id, product_id, reviewer, rating, `comment`) VALUES(435251, 43525, 'Đinh L.', 0, 'Giao hang rat nhanh');

INSERT INTO product (id, name, short_desc, full_desc, category_id, brand_name, status, weight, available_item, unit_price, discount_percent, avg_rating, img_url, total_rating, supplier_id) VALUES(43526, 'Tinh dầu thảo dược kích thích mọc tóc đông y Đinh Hương Nhu 120ML (Chai Lớn)', 'Tinh dầu thảo dược kích thích mọc tóc đông y Đinh Hương Nhu 120ML (Chai Lớn)', '<pre>Tinh đâu từ lá đinh hương kích thích mọc tóc, làm dài tóc, dày tóc.
Làm da đầu mềm mại,mịn màng..
Ngăn rụng tóc, chống hói tóc và nuôi dưỡng chân tóc mọc dày trở lại
Giảm tóc khô xơ,phục hồi tóc chẻ ngọn, thấm sâu da đầu nuôi dưỡng tóc chắc khỏe
Phụ nữ mang thai, cho con bú, trẻ nhỏ và người lớn tuổi đều xài được, không lo bị kích ứng hay tác dụng phụ.</pre>', 435, 'Đinh Hương Nhu', 'USED', 6.880280298900146, 34, 224000, 37, 4.4, 'https://vn-test-11.slatic.net/original/fd71031e55dac2b311ba907c86f30349.jpg;https://vn-test-11.slatic.net/original/f306a258fa5ebdcda30f165d6e75fbe7.jpg;https://vn-test-11.slatic.net/original/af4edb90845d728042dc70b35a38d4fa.jpg;https://vn-test-11.slatic.net/original/b842abe7cda37e5834360f738f69f853.jpg;https://vn-test-11.slatic.net/original/f4e10b22fe0fd05c9fb729e07c1ad984.jpg;https://vn-test-11.slatic.net/original/b1ce05367d2c1f21e76be978f601fed4.jpg;', 41, 4);

INSERT INTO review (id, product_id, reviewer, rating, `comment`) VALUES(435260, 43526, 'Vũ N.', 1, 'ok tóc con mau ra');

INSERT INTO review (id, product_id, reviewer, rating, `comment`) VALUES(435261, 43526, 'Lazada Customer', 4, 'Ko thay ket ưua sau kho sd 1 chai');

INSERT INTO review (id, product_id, reviewer, rating, `comment`) VALUES(435262, 43526, 'Lazada Customer', 0, 'dùng được 2 tuần thấy tóc có mọc lại, tốc độ mọc nhanh hơn, tinh dầu khi xịt có hơi bị kẹt tý, cần ktra kỹ phần nắp lại nhé shop');

INSERT INTO review (id, product_id, reviewer, rating, `comment`) VALUES(435263, 43526, 'Alex N.', 4, 'Mình mua em này trên lazada của shop nhân dịp shop sale. Mình mới dùng em này được 1 lần thôi nhưng cảm nhận sơ qua là như thế này: sản phẩm dùng rất tốt, mình mới dùng nhưng đã rất thích sản phẩm rồi, mùi thơm nhẹ nhàng, lúc sấy tóc sau khi dùng tóc mềm rất thích. dùng được mấy hôm thôi nhưng tóc đã giảm gãy ngon hẳn luôn nhé');

INSERT INTO review (id, product_id, reviewer, rating, `comment`) VALUES(435264, 43526, 'Lê T.', 4, 'mình bị rụng tóc, có nghe bạn mình giới thiệu sản phẩm này, mình có mua dùng thử, mới dùng vài ngày mà tóc mình giảm rụng và mềm lắm! mình rất thích.');

INSERT INTO product (id, name, short_desc, full_desc, category_id, brand_name, status, weight, available_item, unit_price, discount_percent, avg_rating, img_url, total_rating, supplier_id) VALUES(43527, 'Serum Dưỡng Tóc Mise En Scene Perfect Repair 70ml', 'Serum Dưỡng Tóc Mise En Scene Perfect Repair 70ml', '<pre>Thương hiệu: Mise en scene
Xuất xứ: Hàn Quốc
thành phần chính từ sữa ong chúa, tinh dầu hạt Argan và tinh chất hoa hồng 
giúp dưỡng tóc bóng, mềm mượt, dày lên,
xóa đi dấu hiệu hư tổn
được tạp chí Get It Beauty Hàn Quốc bình chọn là sản phẩm Phục Hồi Tóc Tốt 3 năm liên tục 2012-2013- 2014.</pre>', 435, 'Mise En Scene', 'USED', 5.6186697176175, 83, 137000, 37, 4.6, 'https://vn-test-11.slatic.net/p/7dbcfa8706e52d5f85ceafa6f82d4179.jpg;https://vn-test-11.slatic.net/p/db0c8196e9a3ec2c3dc3ce11767bc336.jpg;https://vn-test-11.slatic.net/p/db802f5708220633bbecaacdcd35d5fb.jpg;https://vn-test-11.slatic.net/p/6c3a2904471eca0226f93b268500f62f.jpg;https://vn-test-11.slatic.net/p/dc3c98f6c585e8a102437e36bb966047.jpg;https://vn-test-11.slatic.net/p/17a98a7c7bdb4da32b8d2fc712f82900.jpg;https://vn-test-11.slatic.net/p/5/serum-duong-toc-mise-en-scene-perfect-repair-70ml-3248-1869584-ae19efa598de2af3535b037251a5a1a2-catalog.jpg;https://vn-test-11.slatic.net/p/959b266b53f14f1cee59ae156b88d90d.jpg;', 19, 9);

INSERT INTO review (id, product_id, reviewer, rating, `comment`) VALUES(435270, 43527, 'Phan T.', 0, '');

INSERT INTO review (id, product_id, reviewer, rating, `comment`) VALUES(435271, 43527, 'Trang T.', 3, 'mùi thơm xài thích lắm. Tuy nhiên không giữ mùi và làm mềm tóc được lâu. Khoảng 3 tiếng là hết.');

INSERT INTO review (id, product_id, reviewer, rating, `comment`) VALUES(435272, 43527, 'Yến N.', 2, 'Sản phẩm tốt . Giao hàng nhanh 👍');

INSERT INTO review (id, product_id, reviewer, rating, `comment`) VALUES(435273, 43527, 'thủy', 2, 'giống hình, mùi thơm rất thích, tóc mượt lắm. rất đáng mua. giao hàng cực nhanh');

INSERT INTO review (id, product_id, reviewer, rating, `comment`) VALUES(435274, 43527, 'Uyen N.', 2, 'sản phẩm mềm thơm...');

INSERT INTO product (id, name, short_desc, full_desc, category_id, brand_name, status, weight, available_item, unit_price, discount_percent, avg_rating, img_url, total_rating, supplier_id) VALUES(43528, 'Combo 2 túi Kem ủ tóc COLLAGEN Karseell siêu phục hồi hư tổn 500ml, hàng Italia', 'Combo 2 túi Kem ủ tóc COLLAGEN Karseell siêu phục hồi hư tổn 500ml, hàng Italia', '<pre>Xuất sứ: ItaliaVới các hạt dưỡng siêu nhỏ để có thể len lỏi vào từng biểu bì tóctái tạo lại chất sừng cho tóc làm cho sợi tóc chắc khỏe,đặc biệt những mái tóc đã làm qua hóa chấtnhiều lần như nhuộm, uốn ,duỗi, khi làm hóa chất nhiều tóc của bạn sẽ bị hư tổn nặng, tóc trở nên yếu,khô xơ, mủn,chỉ cần hấp 1 lầnngâm trong collagen trong vòng15 phúttóc lại khỏe như tóc tự nhiên, phục hồi những mái tóc hư tổn nhất.Công dụng:
Sử dụng hấp dưỡng cho mái tóc khô hư tổn, với thành phần collagen giúp phục hồi độ ẩm và độ bóng mượt cho mái tóc.Cách sử dụng:
Lấy một lượng vừa đủkem hấp tócKarseellMaca pha tỉ lệ 1:1 với nước ấm hòa tan, bôi lên tóc quấn khăn, để tự nhiên hoặc dùng máy kích nhiệt khoảng 10 - 20ph. Sau đó xả sạch rồi sấy khô tạo kiểu.Nên sử dụng kết hợp dầu gội xả Collagen Karseell Maca để phát huy hiệu quả tối ưu.</pre>', 435, 'dầu gội', 'NEW', 2.6249999684161187, 17, 90000, 37, 3.9, 'https://vn-test-11.slatic.net/original/fb50cad6ecfd0055c5819a86bd88cc91.jpg;https://vn-test-11.slatic.net/original/276a425a9e80ada93a89740cdb1ac8d6.jpg;https://vn-test-11.slatic.net/original/7287536ade3f1ed1972b6870337bcbcd.jpg;', 13, 3);

INSERT INTO review (id, product_id, reviewer, rating, `comment`) VALUES(435280, 43528, 'Đào T.', 0, 'Tem trên sản phẩm ngay nắp vặn bị bong tróc, hạn sử dụng thì mờ nhìn k rõ, thất vọng');

INSERT INTO review (id, product_id, reviewer, rating, `comment`) VALUES(435281, 43528, 'Le H.', 3, 'sp tốt, giá rẻ hơn ở ngoài tiệm, ok,tặng shop 5 sao');

INSERT INTO review (id, product_id, reviewer, rating, `comment`) VALUES(435282, 43528, 'phuonglien', 2, 'dong gói cẩn thận.hang tốt cho 5sao');

INSERT INTO review (id, product_id, reviewer, rating, `comment`) VALUES(435283, 43528, 'Ngân H.', 2, 'Hàng kiểm tra mã đã từng sử dụng mã giống nhau');

INSERT INTO review (id, product_id, reviewer, rating, `comment`) VALUES(435284, 43528, 'Trâm N.', 2, 'hàng mà mã số chống hàng giả đã đc sử dụng..., k có tem');

INSERT INTO product (id, name, short_desc, full_desc, category_id, brand_name, status, weight, available_item, unit_price, discount_percent, avg_rating, img_url, total_rating, supplier_id) VALUES(43529, 'Ủ tóc phủ lụa tơ tằm phục hồi tóc Fakeshu 618ml', 'Ủ tóc phủ lụa tơ tằm phục hồi tóc Fakeshu 618ml', '<pre>Dành cho tóc khô xơ, tóc hư tổn nặng do hoá chất, đặc biệt giúp giữ màu cho các màu nhuộm tone nóng.
Sự kết hợp độc đáo tiên tiến nhất giữa keratin collagen nano protein và khoáng vi lượng. Giúp tái tạo 95% cấu trúc tóc hư tổn. Sợi tóc sẽ trở lên dày và dai hơn.
Với chiết xuất thiên nhiên, cung cấp độ ẩm và tái tạo cấu trúc các axit amin giúp tóc dai và chắc khoẻ, nhẹ nhàng điều chỉnh khép biểu bì tóc, giúp tóc suôn mềm và bóng mượt như lụa.
Sản phẩm đặc biệt chuyên dụng salon.
Dung tích: 618ml
Hướng dẫn sử dụng: Chia tóc ra thành 4 phần và bôi dầu hấp từ gốc đến ngọn (hãy bôi cách chân tóc ít nhất 5cm). Dùng khăn bông thấm nước nóng để cuộn tóc ủ, nếu có thể hãy sử dụng mũ hấp tóc cá nhân hoặc máy ủ hơi nước nóng cho tóc từ 15-30 phút. Sau đó, xả kỹ lại tóc với nước lạnh cho đến khi hết nhờn. Cuối cùng, dùng khăn bông khô để chấm, thấm hết nước, không nên vò tóc bạn nhé, sau đó sấy ở chế độ mát.
Một tuần bạn nên hấp dầu 1 - 2 lần (Chỉ vài lần bạn sẽ có được mái tóc bóng mượt như ý).
Khách hàng chú ý phân biệt hàng loại 1 và loại 2 qua các dấu hiệu sau:
CHỮ KÝ HIỆU ĐẶC BIỆT Ở CỔ CHAI SAU KHI MỞ NẮP
LOGO Ở PHÍA DƯỚI CHAI
NẮP TRONG NHỰA TRẮNG ĐỤC CHỨ K PHỈA TRẮNG TRONG
HÀNG CỦA SHOP CAM KẾT LÀ CHÍNH HÃNG, CÓ ĐẦY ĐỦ CÁC DẤU HIỆU NHẬN BIẾT NHƯ TRÊN.</pre>', 435, 'No Brand', 'NEW', 9.558425566458073, 91, 63000, 37, 4.4, 'https://vn-test-11.slatic.net/original/30ae4f909fe9c4d29743a965e08bac5f.jpg;https://vn-test-11.slatic.net/original/b59f50c5260f867f2f1ba153627910be.jpg;https://vn-test-11.slatic.net/original/bac55b4b7471c4fbe3064203700abeb8.jpg;https://vn-test-11.slatic.net/original/5eb7d11ba8a90167c3701a5c503502d7.jpg;https://vn-test-11.slatic.net/original/77660dd4373a560011b5fbd05d0a9f79.jpg;', 129, 7);

INSERT INTO review (id, product_id, reviewer, rating, `comment`) VALUES(435290, 43529, 'Thuy A.', 0, 'Quá tệ. Giao hàng sai. đặt cái nọ giao cái kia. khi phát hiện hàng sai yêu cầu trả lại ngay thời điểm nhận thì người giao hàng không chịu nhận lại mặc dù lúc đưa tiền có bo ngoài. k biết shipper kiểu gì nữa. làm mất thời gian. quá mất niềm tin vào lazada');

INSERT INTO review (id, product_id, reviewer, rating, `comment`) VALUES(435291, 43529, 'tran T.', 3, 'xài cung hoi muốt nhung k thích vi hang trung quốc');

INSERT INTO review (id, product_id, reviewer, rating, `comment`) VALUES(435292, 43529, 'AnThy D.', 4, 'Vừa nhận là sử dụng liền, tuy là ko dùng máy hấp và thêm dưỡng chất nhưng tóc ủ vẫn mềm, mình rất thích, giao hàng cũng rất nhanh, cảm ơn shop');

INSERT INTO review (id, product_id, reviewer, rating, `comment`) VALUES(435293, 43529, 'Duc Q.', 2, '');

INSERT INTO review (id, product_id, reviewer, rating, `comment`) VALUES(435294, 43529, 'Lazada Customer', 0, 'Ủ tóc thơm và mềm mượt sờ rất êm...giao hàng nhanh.');

INSERT INTO product (id, name, short_desc, full_desc, category_id, brand_name, status, weight, available_item, unit_price, discount_percent, avg_rating, img_url, total_rating, supplier_id) VALUES(43530, 'Ủ TÓC COLLAGEN 500ML', 'Ủ TÓC COLLAGEN 500ML', '<pre>Sản phẩm chất lượng
Giá cả hợp lý
An toàn khi sử dụng</pre>', 435, 'OEM', 'USED', 1.6908185648898035, 82, 37000, 37, 4.0, 'https://vn-test-11.slatic.net/original/29357f83a7c6d990298d670dd2fdcb0a.jpg;https://vn-test-11.slatic.net/original/f1b37e6c225e0c70b60fda088df62356.jpg;https://vn-test-11.slatic.net/original/da063bba156c19ed15a83e9d47b36586.jpg;', 5, 9);

INSERT INTO review (id, product_id, reviewer, rating, `comment`) VALUES(435300, 43530, 'Thị D.', 4, 'sử dụng rất mượt và mềm tóc');

INSERT INTO review (id, product_id, reviewer, rating, `comment`) VALUES(435301, 43530, 'Anh Đ.', 4, 'Sản phẩm khá oki');

INSERT INTO product (id, name, short_desc, full_desc, category_id, brand_name, status, weight, available_item, unit_price, discount_percent, avg_rating, img_url, total_rating, supplier_id) VALUES(43531, 'Thuốc mọc tóc Đông y gia truyền Tuệ Lâm 100ml + Tặng 1 hộp bột tẩy trắng răng Baking Soda NT 50g', 'Thuốc mọc tóc Đông y gia truyền Tuệ Lâm 100ml + Tặng 1 hộp bột tẩy trắng răng Baking Soda NT 50g', '<pre>Kích thích tóc mọc nhanh, dài và dày hơn.
Trị rụng tóc và ngăn ngừa rụng tóc.
Nuôi dưỡng tóc ngay từ chân. Tóc mọc đen hơn, mượt hơn.
Hỗ trợ điều trị hói đầu.</pre>', 435, 'Tuệ Lâm Natural', 'USED', 9.241036908146814, 88, 210000, 37, 4.2, 'https://vn-test-11.slatic.net/original/7b45f0cdce3bd9ea5f59f3b965ce990f.jpg;https://vn-test-11.slatic.net/original/7a0865d472a53c61b70d702242c1af13.jpg;https://vn-test-11.slatic.net/original/9de4a6fad8aeb0f1cc41af4bf408e7c7.jpg;https://vn-test-11.slatic.net/original/c22c5270ffd508a72f24dbd0996263d0.jpg;https://vn-test-11.slatic.net/original/79af2763272a8d284f58f51a45144575.jpg;https://vn-test-11.slatic.net/original/8090efd1b4a53ef3f0ce966fd02df584.jpg;https://vn-test-11.slatic.net/original/af46481bbea8024e74d6f9c60d8e30b8.jpg;https://vn-test-11.slatic.net/original/0651f866361d2273c9a1ea7ee4a0b97e.jpg;', 17, 4);

INSERT INTO review (id, product_id, reviewer, rating, `comment`) VALUES(435310, 43531, 'huyền L.', 4, 'thuốc như hình sử dụng ko bị bết dính tóc tóc mượt lên rất nhiều mới sử dụng nên chưa biết hiệu quả thế nào sẽ đánh giá sau');

INSERT INTO review (id, product_id, reviewer, rating, `comment`) VALUES(435311, 43531, 'Phạm P.', 1, 'Lúc đầu mua về nghĩ nó chắc ko có hiệu quả vì thấy nước lỏng toẹt y như xịt nước lên tóc, nhưng thật bất ngờ, đầu mình bị bò liếm chữ M ,mình xịt đều đặn mỗi ngày đến hết 1 chai tóc con mọc lên rất nhiều che bớt chỗ bò liếm ,thấy dày dặn lên hẳn .');

INSERT INTO review (id, product_id, reviewer, rating, `comment`) VALUES(435312, 43531, 'Ngân N.', 3, 'thuốc dùng tốt');

INSERT INTO review (id, product_id, reviewer, rating, `comment`) VALUES(435313, 43531, 'Sang', 0, 'Dùng khoảng 2 tháng thì thấy tóc con ở đỉnh đầu mọc ra lởm chởm, tóc cũng giảm rụng hơn, bằng chứng là mỗi sáng chải đầu sợi tóc rụng dính trên lược ít hơn. Sẽ ủng hộ tiếp.');

INSERT INTO review (id, product_id, reviewer, rating, `comment`) VALUES(435314, 43531, 'Lazada Customer', 4, 'Dù nói là nhanh khô thoáng nhưng bôi lên vẫn bết tóc. Không thấy tóc giảm rụng mà ngược lại còn rụng nhiều hơn do bết.
Haizzz, sau khi sử dụng 2 tháng, tóc mình đã mỏng nay còn mỏng hơn.');

INSERT INTO product (id, name, short_desc, full_desc, category_id, brand_name, status, weight, available_item, unit_price, discount_percent, avg_rating, img_url, total_rating, supplier_id) VALUES(43532, 'Dầu dừa nguyên chất 500ml Cocosecret', 'Dầu dừa nguyên chất 500ml Cocosecret', '<pre>Dầu dừa Coco-Secret được ép lạnh li tâm để giữ lại mùi hương tự nhiên và màu trắng tinh khiết, không trải qua quá trình tác động nhiệt khi nung nấu, nhằm mang lại năng suất cao, tiết kiệm thời gian và giá thành hợp lý nhất.
Tác dụng dầu dừa được kiểm nghiệm trong việc hỗ trợ miễn dịch và tăng sức đề kháng cho sức khỏe con người, an toàn và lành tính tuyệt đối.
Dầu dừa còn giúp duy trì vẻ đẹp cho phụ nữ trong việc bảo vệ làn da, mái tóc trước tác động của môi trường, thời gian, hóa chất mỹ phẩm...
Dầu dừa cũng được dùng trong các món chiên xào, trộn...nhằm tăng hương vị thơm nồng cho món ăn mà lại an toàn cho sức khỏe.</pre>', 435, 'COCO SECRET', 'NEW', 5.663669320315971, 4, 108000, 37, 4.7, 'https://vn-test-11.slatic.net/p/5/dau-dua-nguyen-chat-500ml-4612-3838033-5d2633445116a0a19ed09c28465a7198-catalog.jpg;', 40, 6);

INSERT INTO review (id, product_id, reviewer, rating, `comment`) VALUES(435320, 43532, 'Lê T.', 3, 'chất lượng sản phẩm tuyệt vời. ủng hộ shop dài dài😄😄');

INSERT INTO review (id, product_id, reviewer, rating, `comment`) VALUES(435321, 43532, 'Trần M.', 0, 'Nhiều quá dùng mãi chưa hết');

INSERT INTO review (id, product_id, reviewer, rating, `comment`) VALUES(435322, 43532, 'Thúy O.', 3, 'san pham rat tot, mình đã mua 3 chai r đó. các bạn hãy dùng thử sản phẩm này nhé, mình thấy rất hiệu quả.');

INSERT INTO review (id, product_id, reviewer, rating, `comment`) VALUES(435323, 43532, 'Thùy T.', 4, 'Mới nhận hàng, gói rất kĩ. Có điều giao sớm hơn dự kiến ghi trên bài, nên ko dè chừng trc. Nhưng về sp thì ok, mùi thơm dừa nhẹ nhẹ dễ chịu, dưỡng mi - mày và dùng ủ tóc cực mềm vs hiệu quả, nói chung rất ưng ! Sẽ mua típ khi hết');

INSERT INTO review (id, product_id, reviewer, rating, `comment`) VALUES(435324, 43532, 'Tâm N.', 3, 'Nghe bạn bè giới thiệu về sản phẩm này, tôi thử đặt mua xem sao. Tôi bị bệnh chàm da cũng hơn 7 tháng, điều trị bằng thuốc và các thuốc bôi ngoài da theo toa thuốc của bác sĩ nhưng không dứt hẳn, do tôi trở nên lở loét nhiều hơn, đỏ da hơn, các hiện trạng boong da đang ngày một tiếng diễn và theo chiều hướng tiêu cực, vì thế tôi ngại tiếp xúc chốn đông người và phải thường xuyên đeo khẩu trang. Được biết, dầu dừa có thể chữa được, giúp tái tạo, điều trị và hồi phục da như hiện trạng ban đầu, nuôi dưỡng da bị viêm nhiễm, ngăn ngừa vi khuẩn gây bệnh, giúp giảm các triệu chứng ngứa toàn thân và tái tạo da non. Tôi mong công dụng của nó thực sự là như thế. Sau khi có kết quả, tôi sẽ thông báo đến anh em cùng biết.');

INSERT INTO product (id, name, short_desc, full_desc, category_id, brand_name, status, weight, available_item, unit_price, discount_percent, avg_rating, img_url, total_rating, supplier_id) VALUES(43533, 'HẤP PHỤC HỒI DƯỠNG ẨM DELOFIL 500ML', 'HẤP PHỤC HỒI DƯỠNG ẨM DELOFIL 500ML', '<pre>HẤP PHỤC HỒI COLLAGEN DƯỠNG ẨM DELOFIL
Dung tích : 500ml
Xuất xứ : Italy ( Ý)
CÔNG DỤNG : Công thức đặc biệt giúp phục hồi tóc hư tổn do xử lý hóa chất từ quá trình uốn ép nhuộm. Thành phần giàu Collagen, Protein và các vitamin giúp tái tạo cấu trúc tóc, dưỡng ẩm sâu và tăng cường độ đàn hồi cho từng sợi tóc.
Công nghệ mới giúp các thành phần đặc trị hấp thu sâu vào bên trong tóc, thúc đẩy quá trình lưu thông máu đến da đầu. Mái tóc trở nên chắc khỏe, giảm xơ rối và gãy rụng.
CÁCH DÙNG : Sau khi gội sạch bằng dầu gội ( không sử dụng dầu xả ) , lấy 1 lượng hấp vừa đủ chải đều lên phần tóc bị hư tổn.
Với hấp nóng để thời gian từ 15 - 20 phút
Với hấp lạnh để thời gian từ 30 - 40 phút
Sau đó xả sạch lại bằng nước.</pre>', 435, 'Delofil', 'NEW', 7.7319329317445336, 98, 230000, 37, 0.0, 'https://vn-test-11.slatic.net/original/c80b8cf344d4318bc90e0fef00892c03.jpg;https://vn-test-11.slatic.net/original/eebc073fd0b5bb67f4c7f68fd8353496.jpg;https://vn-test-11.slatic.net/original/301dfb468af2d0ae005dbdc6ae8d5312.jpg;', 0, 3);

INSERT INTO product (id, name, short_desc, full_desc, category_id, brand_name, status, weight, available_item, unit_price, discount_percent, avg_rating, img_url, total_rating, supplier_id) VALUES(43534, 'XỊT DƯỠNG TÓC NO 5 HƯƠNG NƯỚC HOA', 'XỊT DƯỠNG TÓC NO 5 HƯƠNG NƯỚC HOA', '<pre>Sản phẩm cao cấp
Giá cả hợp lý
An toàn khi sử dụng</pre>', 435, 'OEM', 'USED', 4.137503517861218, 1, 32000, 37, 4.6, 'https://vn-test-11.slatic.net/original/09ea74e986097fd46ee064bfb8b79923.jpg;https://vn-test-11.slatic.net/original/09ea74e986097fd46ee064bfb8b79923.jpg;https://vn-test-11.slatic.net/original/09ea74e986097fd46ee064bfb8b79923.jpg;', 12, 9);

INSERT INTO review (id, product_id, reviewer, rating, `comment`) VALUES(435340, 43534, 'Lazada Customer', 4, 'hàng ok.mùi thơm hk đc lâu');

INSERT INTO review (id, product_id, reviewer, rating, `comment`) VALUES(435341, 43534, 'Phương T.', 0, 'thơm...nhưng k giữ mùi đc lâu');

INSERT INTO review (id, product_id, reviewer, rating, `comment`) VALUES(435342, 43534, 'Van D.', 2, 'Thơm lắm shop ơi');

INSERT INTO review (id, product_id, reviewer, rating, `comment`) VALUES(435343, 43534, 'Lê T.', 0, 'khá ổn');

INSERT INTO review (id, product_id, reviewer, rating, `comment`) VALUES(435344, 43534, 'Xuân T.', 3, 'tốt  ok');

INSERT INTO product (id, name, short_desc, full_desc, category_id, brand_name, status, weight, available_item, unit_price, discount_percent, avg_rating, img_url, total_rating, supplier_id) VALUES(43535, 'Viên mọc tóc Strong Hair Học Viện Quân Y 30 viên', 'Viên mọc tóc Strong Hair Học Viện Quân Y 30 viên', '<pre>Là sản phẩm được nghiên cứu trong nhiều năm bởi đội ngũ chuyên gia Học Viện Quân Y VIệt Nam
Thành phần từ thảo dược quý trong tự nhiên (thảo dược quan trọng với tóc)
Tác dụng: Tăng cường sức khỏe tóc, giúp tóc mọc nhanh, chắc khỏe, suôn mượt
Cách dùng: Uống 1-2 viên/ lần X 2 lần/ ngày, uống trước ăn 30 phút hoặc sau ăn 1h
Hiệu quả cao khi dùng đúng liệu trình, sản phẩm hoàn toàn không có tác dụng phụ</pre>', 435, 'Học viện quân y việt nam', 'USED', 8.312018157826007, 14, 160000, 37, 4.5, 'https://vn-test-11.slatic.net/original/44af9c566f8cc439bd965439b5575554.jpg;https://vn-test-11.slatic.net/original/89c493b9053e4da95bf9c6adaf7ef4b8.jpg;https://vn-test-11.slatic.net/original/6b64fe5633e69f5acc01632872753f7b.jpg;https://vn-test-11.slatic.net/original/9d4daf5de93c0bacd862f89d433820cf.jpg;https://vn-test-11.slatic.net/original/10c0b5d12e7468a09d99807afaed4a04.jpg;', 53, 7);

INSERT INTO review (id, product_id, reviewer, rating, `comment`) VALUES(435350, 43535, 'Lê H.', 3, 'Rất hài lòng hàng chuẩn, đúng mẫu mã,  giao nhanh, đóng gói cẩn thận, nhân viên giao nhận nhiệt tình.');

INSERT INTO review (id, product_id, reviewer, rating, `comment`) VALUES(435351, 43535, 'Vinh N.', 0, 'rất hài lòng về shop... 😃😃 đặt từ trưa hôm qa .. trưa mai nhận hàng luôn  , chất lượng ok, chưa 1 lần nào phàn nàn từ lúc ủng hộ shop lâu nay ... Sẽ tiếp tục ủng hộ shop những lần tới ...');

INSERT INTO review (id, product_id, reviewer, rating, `comment`) VALUES(435352, 43535, 'Hồng T.', 4, 'tóc đỡ bạc hơn, có tóc con mọc lên trên đầu khá nhiều. thành phân từ thiên nhiên nên an tâm sử dụng. Mọi người nên dùng thử');

INSERT INTO review (id, product_id, reviewer, rating, `comment`) VALUES(435353, 43535, 'Lazada Customer', 2, 'Sau quá trình điều trị bệnh lý tóc của tối rụng rất nhiều, rụng từng mãng, từ khi sử đụng sản phẩm tình trạng tóc của thôi đã có nhiều tiến triển tốt, tóc con bắt đầu mọc lên nhiều');

INSERT INTO review (id, product_id, reviewer, rating, `comment`) VALUES(435354, 43535, 'Lan', 2, 'Thực lòng mà nói dùng lọ đầu tiên mình chưa thấy kết quả gì nên mua thêm lọ nữa! mình đã dùng hết 2 lọ, điều đầu tiên mình thấy tóc và lông mày mọc nhanh hơn thấy rõ kể lọ thứ 2. tóc rụng cũng có giảm bớt. tóc con phần đỉnh đầu mọc lên quá trời, sẽ kiên trì dùng tiếp để thấy rõ hiệu quả hơn');

INSERT INTO product (id, name, short_desc, full_desc, category_id, brand_name, status, weight, available_item, unit_price, discount_percent, avg_rating, img_url, total_rating, supplier_id) VALUES(43536, 'Dưỡng Tóc Tinh Dầu Bưởi Pomelo 130ml', 'Dưỡng Tóc Tinh Dầu Bưởi Pomelo 130ml', '<pre>HIỆU QUẢ TÓC DÀI VÀ DÀY CHỈ SAU KHOẢNG1 THÁNG SỬ DỤNG
Chiết xuất từ 100% thành phần thiên nhiên, độ an toàn cao
Cung cấp dinh dưỡng giúp tóc suôn mượt, giảm hư tổn tóc
Giảm đáng kể tình trạng tócmất màu và khô xơ
Tác dụng trị rụng tóc, kích thíchmọc tóc tự nhiên</pre>', 435, 'COCOON', 'USED', 6.814992692890321, 94, 50000, 37, 4.4, 'https://vn-test-11.slatic.net/original/c8328c943e55af1f8c237624bccbb36d.jpg;https://vn-test-11.slatic.net/original/c734626d1979daaa9e898483def32c77.jpg;https://vn-test-11.slatic.net/original/dba30ee1fa8c981a3ba92cd1848ef42e.jpg;https://vn-test-11.slatic.net/original/45dfe72446be072a9dcac2f2d4966872.jpg;https://vn-test-11.slatic.net/original/5e675e64850578b5201a73c2c6ffa860.jpg;', 271, 1);

INSERT INTO review (id, product_id, reviewer, rating, `comment`) VALUES(435360, 43536, 'thủy V.', 4, 'lần đầu đặt hàng giao không thành công khá bực, đặt lại lần 2 thì giao hàng khá nhanh,nhân viên giao hàng vui vẻ , tinh dầu thơm mùi bưởi nhẹ nhàng thoang thoảng, mới đầu xịt cảm giác rít rít nhưng khi khô tóc có vẻ mềm và bóng hơn,còn hiệu quả trị rụng tóc thì mình chưa thấy do mới dùng , cho 5 sao lun');

INSERT INTO review (id, product_id, reviewer, rating, `comment`) VALUES(435361, 43536, 'Bích T.', 1, 'Sản phẩmr được đóng gói kỹ càng. Giao hàng nhanh.
Có chất dầu, mùi vỏ bưởi đậm, mới mua về chưa sử dụng nên sẽ đánh giá lại hiệu quả sau.
Giá rẻ hơn mấy chỗ khác nhiều, check mã vạch đúng hàng thật.');

INSERT INTO review (id, product_id, reviewer, rating, `comment`) VALUES(435362, 43536, 'Lazada Customer', 3, 'khi mua về xài hơn 1 tuần, vs rất nhanh hết và ko hịu quả, chấn động hơn là khi mik phát hiện ở chợ tịnh biên gần biên giới chai này dc bán với giá 30k,1chai nhưng trên đây bán mắc gấp Đôi... ( ko hài lòng)');

INSERT INTO review (id, product_id, reviewer, rating, `comment`) VALUES(435363, 43536, 'Lưu B.', 0, 'đóng gói cẩn thận, chưa sài nên chưa biết hiệu quả hay không');

INSERT INTO review (id, product_id, reviewer, rating, `comment`) VALUES(435364, 43536, 'Tun S.', 3, '3chai rồi. tốt lắm, mượt khỏe tóc');

INSERT INTO product (id, name, short_desc, full_desc, category_id, brand_name, status, weight, available_item, unit_price, discount_percent, avg_rating, img_url, total_rating, supplier_id) VALUES(43537, 'Siêu Phẩm Phục Hồi Tóc Meron Keratin 400ml', 'Siêu Phẩm Phục Hồi Tóc Meron Keratin 400ml', '<pre> Tóc Cháy
️ Tóc Nát
️ Tóc Chẻ Ngọn
️ Tóc Khô Xơ
️ Tóc Rối
️ Tóc Nhũn Mủn
️ Tóc Không Vào Nếp
️ Tóc Không Tạo Kiểu Được Nữa.....Tất cả chỉ trong 1 siêu phẩm #Meron phục hồi tóc ! Cách làm tại nhà, hiệu quả 80% ngay lần đầu.Bước1 : Gội qua đầu với dầu gội lau cho ráo nước.
Bước 2 : Lấy 1 lượng vừa đủ PHỤC HỒI. 
Bước 3 : Vuốt đều, massage và ủ tóc 20 - 30phút
Bước 4: Xả lại thật sạch với hoàn hình ^.^! 
Bước 5 : Sấy Tóc thật khô. ^.^ Và cảm nhận điều tuyệt vời nha nàng  Công Thức Độc Quyền Sẽ Được Gửi Cho Các Khách Hàng Của #Meron Tóc Mềm Mượt
Tóc Chắc Khỏe
Tóc Vào Nếp
Tóc Thơm Quyến Rũ
Tóc Làm Uốn Nhuộm Vô Tư ^^</pre>', 435, 'Keratin', 'USED', 5.747295654762946, 46, 490000, 37, 0.0, 'https://vn-test-11.slatic.net/p/c090a2124bae01ea27975a3db091ca0a.jpg;https://vn-test-11.slatic.net/p/e982e22f614859238cfdcad77289eefa.jpg;https://vn-test-11.slatic.net/p/f83af8802e9b4d6c53716914dcc46483.jpg;https://vn-test-11.slatic.net/p/2ca0d0a5ae2f65c90bc292f9d4ef33e5.jpg;', 0, 2);

INSERT INTO product (id, name, short_desc, full_desc, category_id, brand_name, status, weight, available_item, unit_price, discount_percent, avg_rating, img_url, total_rating, supplier_id) VALUES(43538, 'Tinh Dầu Dưỡng Tóc COCOESL NOIR 80ml', 'Tinh Dầu Dưỡng Tóc COCOESL NOIR 80ml', '<pre>Tinh dầu CoCo hương nước hoa gợi cảm quyến rũ,
Sang trọng mang lại cho bạn một mái tóc thật sự mềm mượt.
Tinh dầu CoCo có tác dụng ngăn ngừa chẻ ngọn, phục hồi tóc hư tổn do</pre>', 435, 'No Brand', 'USED', 9.39601581537687, 63, 31000, 37, 4.2, 'https://vn-test-11.slatic.net/original/d8b4ed39ec86a7a10c19d764bf17efef.jpg;https://vn-test-11.slatic.net/original/c65cdbb240bdcbec4c14582fe30da9e3.jpg;https://vn-test-11.slatic.net/original/12228235925c02b927f55ad1a16e3d8c.jpg;', 32, 6);

INSERT INTO review (id, product_id, reviewer, rating, `comment`) VALUES(435380, 43538, 'Xuân N.', 4, 'dầu mượt và thơm .');

INSERT INTO review (id, product_id, reviewer, rating, `comment`) VALUES(435381, 43538, 'Van H.', 4, 'shop lam an uy tinh lam ...mai u ho nua');

INSERT INTO review (id, product_id, reviewer, rating, `comment`) VALUES(435382, 43538, 'Cafesua1982', 2, 'Tốt, rẻ mua xài nhiều lần rời nên khi hết sẽ ủng hộ tiếp');

INSERT INTO review (id, product_id, reviewer, rating, `comment`) VALUES(435383, 43538, 'Chung N.', 4, 'K đúng sản phẩm');

INSERT INTO review (id, product_id, reviewer, rating, `comment`) VALUES(435384, 43538, 'UP L.', 0, 'đẹp');

INSERT INTO product (id, name, short_desc, full_desc, category_id, brand_name, status, weight, available_item, unit_price, discount_percent, avg_rating, img_url, total_rating, supplier_id) VALUES(43539, 'Hấp lụa tơ tằm Fakeshu 618ml', 'Hấp lụa tơ tằm Fakeshu 618ml', '<pre>Với chiết xuất thiên nhiên, cung cấp độ ẩm và tái tạo cấu trúc các axit amin giúp tóc dai và chắc khoẻ, nhẹ nhàng điều chỉnh khép biểu bì tóc, giúp tóc suôn mềm và bóng mượt như lụa.
Sự kết hợp độc đáo tiên tiến nhất giữa keratin collagen nano protein và khoáng vi lượng. Giúp tái tạo 95% cấu trúc tóc hư tổn. Sợi tóc sẽ trở lên dày và dai hơn.
Dành cho tóc khô xơ, tóc hư tổn nặng do hoá chất, đặc biệt giúp giữ màu cho các màu nhuộm tone nóng.
Sản phẩm đặc biệt chuyên dụng salon.
Thể tích: 618ml</pre>', 435, 'OEM', 'USED', 7.1533124748981525, 93, 75000, 37, 4.0, 'https://vn-test-11.slatic.net/p/5/hap-lua-to-tam-fakeshu-618ml-5699-23564901-ca24351bd13b041ba10b077312726bb1-catalog.jpg;https://vn-test-11.slatic.net/p/5/hap-lua-to-tam-fakeshu-618ml-5699-23564901-3fbd3953a8471e03c5e0547e1eba3411-catalog.jpg;https://vn-test-11.slatic.net/p/5/hap-lua-to-tam-fakeshu-618ml-5699-23564901-96a36e9c0717c5a1f2861ecc9cf11d60-catalog.jpg;https://vn-test-11.slatic.net/p/5/hap-lua-to-tam-fakeshu-618ml-5699-23564901-c014304d687d57b867e2466161290962-catalog.jpg;', 3, 8);

INSERT INTO review (id, product_id, reviewer, rating, `comment`) VALUES(435390, 43539, 'Lê T.', 1, 'Giao hàng rất tận tình, hàng chuẩn y hình, mới sử dụng 1 lần nhưng đã cảm thấy tóc đỡ xơ hơn trước. Nói chung là hàng của shop rất OK <3<3');

INSERT INTO review (id, product_id, reviewer, rating, `comment`) VALUES(435391, 43539, 'Lê T.', 3, '');

INSERT INTO product (id, name, short_desc, full_desc, category_id, brand_name, status, weight, available_item, unit_price, discount_percent, avg_rating, img_url, total_rating, supplier_id) VALUES(4440, 'Máy rửa mặt làm sạch sâu Miniso (Trắng)', 'Máy rửa mặt làm sạch sâu Miniso (Trắng)', '<pre>Có tác dụng làm sạch sâu cho da.
Độ rung trên 18.000 lần/phút, tốt hơn 6 lần so với phương pháp truyền thống.
Tiếp cận sâu vào bên dưới da và loại bỏ toàn bộ cặn bẩn.
Thúc đẩy lưu thông máu, tăng tốc độ trao đổi chất, trì hoãn lão hóa da.
Cải thiện tình trạng lỗ chân lông to, nếp nhăn.
Mang lại làn da mịn màng, mềm mại.</pre>', 444, 'MINISO', 'USED', 9.704782415332438, 78, 319000, 9, 5.0, 'https://vn-test-11.slatic.net/original/621e4fc438c8e968c724fb954b9d799e.jpg;https://vn-test-11.slatic.net/original/b8b189ab794c7feef6fc5da53dc0bf76.jpg;https://vn-test-11.slatic.net/original/be9c009c13feda84f1cbd5a929c526ae.jpg;https://vn-test-11.slatic.net/original/929c9731670f271e4249dea4476d7edf.jpg;https://vn-test-11.slatic.net/original/9eeb0f31030666804d213e1d54df98fd.jpg;https://vn-test-11.slatic.net/original/53e5a9f9e51ebc0e2ddcda7c6b130322.jpg;', 1, 3);

INSERT INTO review (id, product_id, reviewer, rating, `comment`) VALUES(44400, 4440, 'Kenny T.', 0, 'Sản phẩm tốt.');

INSERT INTO product (id, name, short_desc, full_desc, category_id, brand_name, status, weight, available_item, unit_price, discount_percent, avg_rating, img_url, total_rating, supplier_id) VALUES(4441, 'Sữa Rửa Mặt Hàng Ngày Sạch Sâu Lỗ Chân Lông Clean & Clear 50g', 'Sữa Rửa Mặt Hàng Ngày Sạch Sâu Lỗ Chân Lông Clean & Clear 50g', '<pre>Làn da sạch nhờn hết bóng
Loại bỏ bã nhờn dư thừa mà không gây khô da.
Thích hợp cho da thường, da hỗn hợp và da nhờn.</pre>', 444, 'CLEAN & CLEAR', 'USED', 6.936621599014255, 100, 30400, 9, 3.3, 'https://vn-test-11.slatic.net/original/aa1699c19228e6b468d9f1b57f026cb7.jpg;https://vn-test-11.slatic.net/original/f10f36a680c253d3d6fd61019e0f0e1b.jpg;https://vn-test-11.slatic.net/original/150933fa0871e26aec3a4f8e6833b1a9.jpg;https://vn-test-11.slatic.net/original/61888f5061d17fd984a1f2b15e47cc7a.jpg;', 3, 5);

INSERT INTO review (id, product_id, reviewer, rating, `comment`) VALUES(44410, 4441, 'thu H.', 4, 'Đã dùng SP này nhiều năm thấy rất ưng. Sản phẩm mua lần gần đây hình như có thay đổi. Mình mua thử ở hai nơi đều thấy khác so với cái cũ. Sản phẩm cũ dùng cảm thấy sạch nhờn hơn, các hạt mịn cũng thích hơn');

INSERT INTO product (id, name, short_desc, full_desc, category_id, brand_name, status, weight, available_item, unit_price, discount_percent, avg_rating, img_url, total_rating, supplier_id) VALUES(4442, 'May massage rua mat - Cách mát xa mặt bằng máy - Máy rửa mặt cầm tay bằng silicone Foreo cao cấp.', 'May massage rua mat - Cách mát xa mặt bằng máy - Máy rửa mặt cầm tay bằng silicone Foreo cao cấp.', '<pre>Làm căng và săn chắc lớp bề mặt ngoài của da.
Đầu cọ bằng silicon mềm mại giúp làm sạch tối đa và massage cho da.
FOREO có thiết kế cong nhẹ theo dángmặt. Do đó rất dễ làm sạch những vùng khórửanhư là cánh mũi,mép…
Độ rung ở tần số thấp được nghiên cứu để sử dụng hiệu quả cho vùng da có nếp nhăn.
Không phải thay đầu cọ như những loại máy rửa mặt thông thường.
Có nút tăng giảm tốc độ nên phù hợp với mọi loại da và sở thích.
Sản phẩm sạc điện bằng cáp sạc USB nên rất tiện dụng.
Thiết kế nhỏ gọn, thuận tiện mang theo.</pre>', 444, 'OEM', 'NEW', 8.372979579090071, 92, 125000, 9, 5.0, 'https://vn-test-11.slatic.net/p/9293440e40d86133fd51313a77ea5478.jpg;https://vn-test-11.slatic.net/p/b60baa17de304d2d65eff62e0c9dbff1.jpg;https://vn-test-11.slatic.net/p/cd763f4af4e1c2d8a322a2bfe77826d4.jpg;https://vn-test-11.slatic.net/p/1d2b3835762e2b7fc3b4f5a147693f61.jpg;https://vn-test-11.slatic.net/p/16c5b1b752a2ba02046e19ab0c8bb40e.jpg;https://vn-test-11.slatic.net/p/0f4f4b314bd3bc36c97314ccd5e62cad.jpg;https://vn-test-11.slatic.net/p/87aa183ac3d9be763ee884eacd2f7a66.jpg;https://vn-test-11.slatic.net/p/0fa446da6da551f7bf6d6625efa209d8.jpg;', 34, 3);

INSERT INTO review (id, product_id, reviewer, rating, `comment`) VALUES(44420, 4442, 'Lazada Customer', 2, 'Giao đúng như hình 👍🏻');

INSERT INTO review (id, product_id, reviewer, rating, `comment`) VALUES(44421, 4442, 'Hânn H.', 4, 'máy xài tốt, rung mạnh, đầu silicon nhẹ nhàng, chống nước, đầy đủ đồ. nói chung là ok, còn về độ bền thì chưa biết. phù hợp giá tuền. ủng hộ shop dài dài');

INSERT INTO review (id, product_id, reviewer, rating, `comment`) VALUES(44422, 4442, 'Lazada Customer', 1, 'cực kì tốt yêu nghê rửa mặt cực kì sạch cực kì tốt cho mấy bạn đang tuổi dậy thì hay là mấy bạn hay đi đường bụi');

INSERT INTO review (id, product_id, reviewer, rating, `comment`) VALUES(44423, 4442, 'Anh V.', 2, 'Máy nhỏ gọn màu và nhìn đẹp. mình rất thích từ lúc nhận hàng giờ ngày nào cũng rửa mặt 2 lần sáng tối theo lời shop tư vấn hen');

INSERT INTO review (id, product_id, reviewer, rating, `comment`) VALUES(44424, 4442, 'Út S.', 4, 'Hàng đẹp y hình, shop rất nhiệt tình với khách. Tư vấn đủ mọi điều cho mình. Chúc shop buôn may bán đắt');

INSERT INTO product (id, name, short_desc, full_desc, category_id, brand_name, status, weight, available_item, unit_price, discount_percent, avg_rating, img_url, total_rating, supplier_id) VALUES(4443, 'Máy hút mụn trứng cá + Tặng kèm 1 miếng rửa mặt massage trị mụn đầu đen', 'Máy hút mụn trứng cá + Tặng kèm 1 miếng rửa mặt massage trị mụn đầu đen', '<pre>Đầu hút bằng Silicon an toàn.
Sử dụng dễ dàng;
Thiết kế nhỏ gọn tiện ích.
Mang lại hiệu quả ca.
Sản phẩm tặng kèm được giao màu ngẫu nhiên.</pre>', 444, '', 'USED', 0.7305958262727557, 94, 38000, 9, 3.8, 'https://vn-test-11.slatic.net/original/b5ac2c6585efa1e1259c35e8461f4f5a.jpg;https://vn-test-11.slatic.net/original/75c0321d1e4d7d13bf7d74859e4c2879.jpg;https://vn-test-11.slatic.net/original/e5285647ce0195552f1a99095740119e.jpg;https://vn-test-11.slatic.net/original/f9bc648f0178d27910efa99c987f6126.jpg;', 31, 2);

INSERT INTO review (id, product_id, reviewer, rating, `comment`) VALUES(44430, 4443, 'Nam', 1, 'Vâng sản phẩm bên nhà cung cấp xài rất chi là tốt hút méo được 1 cục mụn con kiến hút còn k nổi chứ hút mụn');

INSERT INTO review (id, product_id, reviewer, rating, `comment`) VALUES(44431, 4443, 'Thành H.', 2, 'tôi thích. nhưng máy có vẻ không mạnh lắm.');

INSERT INTO review (id, product_id, reviewer, rating, `comment`) VALUES(44432, 4443, 'Huyền Đ.', 3, 'mình thấy máy hút mụn giá cả hợp lý');

INSERT INTO review (id, product_id, reviewer, rating, `comment`) VALUES(44433, 4443, 'Lazada Customer', 0, 'chất lượng sp tốt , giá ca hop lý , minh rat ưng , giao hang nhanh , shop tu van cho minh nhiet tinh');

INSERT INTO review (id, product_id, reviewer, rating, `comment`) VALUES(44434, 4443, 'Nguyễn L.', 2, 'Lừa người mua à ? Lực hút yếu xìu thì hút caia gì ?');

INSERT INTO product (id, name, short_desc, full_desc, category_id, brand_name, status, weight, available_item, unit_price, discount_percent, avg_rating, img_url, total_rating, supplier_id) VALUES(4444, 'GEL XÓA NỐT RUỒI, THỊT THỪA, MỤN CÓC', 'GEL XÓA NỐT RUỒI, THỊT THỪA, MỤN CÓC', '<pre>Giúp nhẹ nhàng lấy đi các nốt ruồi, mụn cóc, mụn thịt và sẹo lồi mà không hề gây hại cho da hay để lại sẹo hoặc vết thâm nhé.
Xuất xứ: Nga</pre>', 444, 'Nobrand', 'NEW', 0.7770993955928471, 33, 50000, 9, 4.4, 'https://vn-test-11.slatic.net/original/072fbfca16463240d309c32328b7a653.jpg;https://vn-test-11.slatic.net/original/43fd00109e39e586b5b5544e95a3b768.jpg;https://vn-test-11.slatic.net/original/73ab6124b6e899964a4cf028c568ddd3.jpg;', 10, 8);

INSERT INTO product (id, name, short_desc, full_desc, category_id, brand_name, status, weight, available_item, unit_price, discount_percent, avg_rating, img_url, total_rating, supplier_id) VALUES(4445, 'Bộ Kem Kit Sản Phẩm Chuyên Trị Nám Da, Sạm Da Của Bệnh Viện Yanhee Thái Lan', 'Bộ Kem Kit Sản Phẩm Chuyên Trị Nám Da, Sạm Da Của Bệnh Viện Yanhee Thái Lan', '<pre>SỈ SLLLH : 0978498045</pre>', 444, 'YANHEE', 'NEW', 6.4434808729582835, 69, 95000, 9, 5.0, 'https://vn-test-11.slatic.net/original/474e7113b88e50e7440ac9c885612b5c.jpg;https://vn-test-11.slatic.net/p/e0ca1dfafc862d8aa61ea2dcf900aaac.jpg;https://vn-test-11.slatic.net/p/d859aab77419c326ddc5ef7228be1fa0.jpg;', 20, 3);

INSERT INTO review (id, product_id, reviewer, rating, `comment`) VALUES(44450, 4445, 'Lê M.', 0, 'sản phẩm đúng mô tả');

INSERT INTO review (id, product_id, reviewer, rating, `comment`) VALUES(44451, 4445, 'Nguyễn T.', 2, 'sp dùng rất tốt');

INSERT INTO review (id, product_id, reviewer, rating, `comment`) VALUES(44452, 4445, 'Dinh D.', 4, 'rất thích😊😊😊');

INSERT INTO review (id, product_id, reviewer, rating, `comment`) VALUES(44453, 4445, 'Minh C.', 3, 'dùng thế nào vậy shop');

INSERT INTO review (id, product_id, reviewer, rating, `comment`) VALUES(44454, 4445, 'Chiến V.', 2, 'tốt');

INSERT INTO product (id, name, short_desc, full_desc, category_id, brand_name, status, weight, available_item, unit_price, discount_percent, avg_rating, img_url, total_rating, supplier_id) VALUES(4446, '[MUA 5 TẶNG 1] Kem Dưỡng Trắng Da Mặt White Face Thái lan', '[MUA 5 TẶNG 1] Kem Dưỡng Trắng Da Mặt White Face Thái lan', '<pre>Kem Siêu Dưỡng Trắng Da Mặt White Face
Xuất xứ: Thái Lan
kem dưỡng trắng da mặt White Face là dòng kem cao cấp có tính chất làm trắng và dưỡng mịn màng cho da, thoa nhẹ nhàng ko nhờn rít. Chỉ cần lớp mỏng có thể make up đi chơi rất tự nhiên .Kem ko hề kén da dầu - khô - thường - da nhạy cảm đều dùng được ạ</pre>', 444, 'No Brand', 'NEW', 2.367606111998276, 23, 25000, 9, 2.0, 'https://vn-test-11.slatic.net/p/3d2372b47c982df7356bf1020e075c67.jpg;https://vn-test-11.slatic.net/p/eb41819103c85f4f1b97ddc7fcd7d8fb.jpg;https://vn-test-11.slatic.net/p/adccfd4a6a359c537a9df404b40b1398.jpg;', 1, 8);

INSERT INTO review (id, product_id, reviewer, rating, `comment`) VALUES(44460, 4446, 'Lazada Customer', 0, 'mình muốn mua kem này thêmma');

INSERT INTO product (id, name, short_desc, full_desc, category_id, brand_name, status, weight, available_item, unit_price, discount_percent, avg_rating, img_url, total_rating, supplier_id) VALUES(4447, 'Gel lột mụn than tre hoạt tính mua 4 tặng 1', 'Gel lột mụn than tre hoạt tính mua 4 tặng 1', '<pre>⛔⛔ ĐẶC BIỆT: Không đỏ rát, không bị to lỗ chân lông. Dùng được cho Nam, Nữ.
✊ Làm sạch hoàn hảo, lột sạch mụn đầu đen và tế bào da chết trên mũi, trên mặt.
✊ Lỗ chân lông sẽ sạch thoáng - ngăn sự hình thành mụn. Làn da sẽ láng mịn hơn - sáng hơn và không còn sần sùi vì mụn nữa!
✊ Gell rất dễ bám và thấm sâu vào da lại rất mau khô. Sau khi gel khô, bạn nhẹ nhàng lột ra thì không gây đau như những loại kem lột mụn khác đâu nhé!
✊ Làm sạch lượng dầu thừa vùng chữ T. Hạn chế sự hình thành nhân mụn mới khi dùng!</pre>', 444, 'OEM', 'USED', 8.579537099306084, 89, 43000, 9, 0.0, 'https://vn-test-11.slatic.net/original/a3f7755a94782042e3c4a9450cf54504.jpg;https://vn-test-11.slatic.net/original/46e240a282ff7674beda8892c3eb168b.jpg;https://vn-test-11.slatic.net/original/220d93d869bc1e4fa4c85a002cc79478.jpg;https://vn-test-11.slatic.net/original/310e5c0299194dd5b2e2a0bc748e6866.jpg;https://vn-test-11.slatic.net/original/e7f67836d7289744454ed8847ff22349.jpg;https://vn-test-11.slatic.net/original/b2f5ee61026ff5d68c190ac6dc6d382d.jpg;https://vn-test-11.slatic.net/original/da7fda96820c27df4384ee2e8ccd77c5.jpg;https://vn-test-11.slatic.net/original/cf55c7d9c7ad9e7b08e002d79e0b5669.jpg;', 0, 5);

INSERT INTO product (id, name, short_desc, full_desc, category_id, brand_name, status, weight, available_item, unit_price, discount_percent, avg_rating, img_url, total_rating, supplier_id) VALUES(4448, 'W & R Hữu Cơ Vitamin C Serum cho Da Mặt, Chống Lão Hóa Da Mặt Serum Hyaluronic Acid, axit Ferulic, Hắc Mai Biển Dầu và Vật Có Tế Bào gốc-1', 'W & R Hữu Cơ Vitamin C Serum cho Da Mặt, Chống Lão Hóa Da Mặt Serum Hyaluronic Acid, axit Ferulic, Hắc Mai Biển Dầu và Vật Có Tế Bào gốc-1', '<pre>Này Facial Toner tính năng Vitamin C và Hyaluronic Acid cho siêu chống oxy hóa hydrat hóa. Các thành phần này có tác dụng làm giảm các dấu hiệu hại của ánh nắng mặt trời và duy trì làn da khỏe mạnh.
Cơ thể chúng ta dinh dưỡng serum có mỏng hơn sự thống nhất như này sẽ hấp thụ nhanh vào da của bạn và không để lại của bạn da nhìn nhờn hoặc dầu.
Có thể làm giảm da, ngăn ngừa da nhão, làm da mềm và trắng. dưỡng ẩm cho làn da của bạn, giúp tăng cường collagen và giảm sự xuất hiện của nếp nhăn và vết chân, cải thiện làn da săn chắc, làm sáng, và giai điệu cho mượt mà, tươi hơn, khỏe hơn, hơn hồi sinh làn da tươi trẻ.
Ngoài mạnh mẽ của nó chống lão hóa, Vitamin C Serum đã giúp thu nhỏ lỗ chân lông, rõ ràng lên mụn, ngăn ngừa nhân, và giảm thiểu sự xuất hiện của các vết sẹo mụn trứng cá, mang lại làn da tự hào tỏa ra khỏe mạnh hơn xuất hiện rằng phát sáng
Serum Vitamin C được khuyên dùng rộng rãi bởi các bác sỹ da liễu và da các chuyên gia như nhau. Áp dụng vitamin C topically cho làn da của bạn là 20 lần hiệu quả hơn lấy nó bằng miệng. Kết hợp vitamin C với Vitamin E và Hyaluronic Acid tạo mạnh nhất công thức chống lão hóa.</pre>', 444, 'OEM', 'USED', 3.916020639567393, 60, 94000, 9, 0.0, 'https://my-test-11.slatic.net/original/6b3a81a3cdcead2aa48e093926d5ccf0.jpg;https://my-test-11.slatic.net/original/d15a2ef1cdd291ffb35c17f47525724a.jpg;https://my-test-11.slatic.net/original/b462211bd8425e9264f338120de3de30.jpg;https://my-test-11.slatic.net/original/c0c6831b9a7bdb54f5f88c38d56512b4.jpg;https://my-test-11.slatic.net/original/89ba9f25afb33493bf00d1d1684bbc80.jpg;', 0, 6);

INSERT INTO product (id, name, short_desc, full_desc, category_id, brand_name, status, weight, available_item, unit_price, discount_percent, avg_rating, img_url, total_rating, supplier_id) VALUES(4449, 'Bộ 5 miếng mặt nạ dưỡng hồng môi Bioaqua chiết xuất trái cây thiên nhiên', 'Bộ 5 miếng mặt nạ dưỡng hồng môi Bioaqua chiết xuất trái cây thiên nhiên', '<pre>Thiết kế hoàn hảo giúp mát-xa môi.
Giúp môi thẩm thấu tốt hơn.
Dưỡng ẩm vùng da quanh miệng.
Làm dịu vùng môi.
Cho bạn một đôi môi hồng hào căng mọng.</pre>', 444, 'No Brand', 'NEW', 6.943455091112178, 74, 23000, 9, 4.8, 'https://vn-test-11.slatic.net/original/f840b4ade5986c0db48be4f52d4b240c.jpg;https://vn-test-11.slatic.net/original/7523a03c0dc58d2dff72520b7560748a.jpg;https://vn-test-11.slatic.net/original/1f487f6cf8575a0563bdfc0779fd46ae.jpg;https://vn-test-11.slatic.net/original/e022ec95e34a40dfd1aacb9f859b4504.jpg;https://vn-test-11.slatic.net/original/0556e3c0bc91d86fe3aecad2fdb9f545.jpg;https://vn-test-11.slatic.net/original/b69e032f68609945c61612fed1c754b8.jpg;', 20, 4);

INSERT INTO review (id, product_id, reviewer, rating, `comment`) VALUES(44490, 4449, 'Mi', 2, 'huhu mua món nào cũng cute mà đáng tiền quá đi mất. Thix lắm. Em này xài xong môi cứ mọng mọng, do mới xài 1 miếng nên k biết có hồng hào lên hay không, nhưng thật sự cấp ẩm môi tức thì khá tốt 😘😘');

INSERT INTO review (id, product_id, reviewer, rating, `comment`) VALUES(44491, 4449, 'Kiều P.', 0, 'cái này để trong tủ lạnh r lấy ra sài là siêu đã lun');

INSERT INTO review (id, product_id, reviewer, rating, `comment`) VALUES(44492, 4449, 'Chau N.', 2, 'ok');

INSERT INTO review (id, product_id, reviewer, rating, `comment`) VALUES(44493, 4449, 'Lazada Customer', 2, 'tot');

INSERT INTO product (id, name, short_desc, full_desc, category_id, brand_name, status, weight, available_item, unit_price, discount_percent, avg_rating, img_url, total_rating, supplier_id) VALUES(44410, 'Máy massage mặt 5 đầu', 'Máy massage mặt 5 đầu', '<pre>Thiết kế nhỏ gọn đa năng
Sử dụng an toàn dễ dàng
Nguồn pin AA tiện dụng ( không kèm theo)
Màu sắc tươi sáng bắt mắt.</pre>', 444, 'OEM', 'USED', 7.887109138662468, 42, 39000, 9, 4.5, 'https://vn-test-11.slatic.net/original/3b24f5d65cdb7745fa660bdf91d9b644.jpg;https://vn-test-11.slatic.net/original/03bc57ffdf7adc5bb2da16f4598109bf.jpg;https://vn-test-11.slatic.net/original/71165cf5b015f4c45ffd9b62928b6a07.jpg;https://vn-test-11.slatic.net/original/49228f67a6b6e20402389f6553d8938a.jpg;', 71, 6);

INSERT INTO review (id, product_id, reviewer, rating, `comment`) VALUES(444100, 44410, 'Thi T.', 2, 'e nhận đc hàng r nè, nhìn thấy thích rồi á,cơ mà máy chưa có pin nên chưa thử máy đc... nói chung là gía vậy là okay doy');

INSERT INTO review (id, product_id, reviewer, rating, `comment`) VALUES(444101, 44410, 'Tuyet N.', 2, 'hàng đẹp, sử dụng tiện lợi ,mình rất hài lòng về sản phẩm ,sẽ ủng hộ shop, cảm ơn shop nhé, cho shop 5 sao');

INSERT INTO review (id, product_id, reviewer, rating, `comment`) VALUES(444102, 44410, 'Lý T.', 0, 'Dùng thường xuyên sẽ đẹp');

INSERT INTO review (id, product_id, reviewer, rating, `comment`) VALUES(444103, 44410, 'Minh T.', 1, 'chưa sài thử nên chưa biết tốt không, đầu massa nhám hơi mỏng');

INSERT INTO review (id, product_id, reviewer, rating, `comment`) VALUES(444104, 44410, 'NGUYEN T.', 1, 'Tiền nào của nấy !!😂😂😂');

INSERT INTO product (id, name, short_desc, full_desc, category_id, brand_name, status, weight, available_item, unit_price, discount_percent, avg_rating, img_url, total_rating, supplier_id) VALUES(44411, 'Cọ Rửa Mặt 2 Đầu Nhật Bản Cao Cấp', 'Cọ Rửa Mặt 2 Đầu Nhật Bản Cao Cấp', '<pre>Đầu bàn chải được sản xuất theo công nghệ đặc biệt.
Với thiết kế 2 đầu: 1 đầu silicone, 1 đầu cọ lông siêu mịn.
Làm sạch bụi bẩn và tế bào da chết.
Đánh bay mụn cám; mụn đầu đen.
Giúp tinh chất thẩm thấu sâu hơn.
Làm sạch bụi bẩn và tế bào da chết; ngăn ngừa bã nhờn và mụn cám trên da.
Thiết kế nhỏ gọn; vừa vặn tay cầm; tay cầm có thể dựng đứng giúp đầu cọ không bị bẩn.
Mặt sợi lông tơ trước với 250.000 sợi mịn màng giúp làm sạch sâu da mặt
Mặt sau bằng silicon giúp mát xa nhẹ nhàng; tăng cường lưu thông máu dưới da.
An toàn; thích hợp với mọi loại da
NHỎ GỌN, DỄ CẦM NẮM, đế phẳng DỄ DÀNG CẤT GIỮ VÀ MANG THEO BÊN MÌNH dù là đi làm, đi học hay đi du lịch.</pre>', 444, 'No Brand', 'USED', 3.9363302014970825, 24, 28000, 9, 4.9, 'https://vn-test-11.slatic.net/original/81e12a47b6b6a3a82ce877a7e9f8b4b3.jpg;https://vn-test-11.slatic.net/original/5bad506fecc1a2a7a80b923a0ca7eff8.jpg;https://vn-test-11.slatic.net/original/793d8ee22bb35c1dbc3373071daa2dac.jpg;https://vn-test-11.slatic.net/original/0e4016d485b2f12358ef010ac1fb028f.jpg;https://vn-test-11.slatic.net/original/1c06a1386d0d945fa1d8cf53ca60f53e.jpg;https://vn-test-11.slatic.net/original/11da6fccbe1c4a16a46667b0bdde09a9.jpg;', 72, 7);

INSERT INTO review (id, product_id, reviewer, rating, `comment`) VALUES(444110, 44411, 'Nguyễn T.', 2, 'Rất ưng luôn á, shop bán rẻ mà sản phẩm chất lượng, đầu màu trắng siu mịn luôn nên da nhạy cảm dùng cũng ok nha, sẽ ủng hộ shop dài dài 😘');

INSERT INTO review (id, product_id, reviewer, rating, `comment`) VALUES(444111, 44411, 'Ngọc Á.', 2, 'Giống y như hình , lông mềm mại 💝 Sài thích lắm 🥰❤️❤️');

INSERT INTO review (id, product_id, reviewer, rating, `comment`) VALUES(444112, 44411, 'Thảo L.', 2, 'đầu cọ rất mềm và cực mịn, sử dụng cực thích. sp rất đáng tiền, siêu dễ thương. Sẽ ủng hộ shop lâu dài 😊😊😊');

INSERT INTO review (id, product_id, reviewer, rating, `comment`) VALUES(444113, 44411, 'Trần T.', 0, 'Dùng tốt. Giao hàng nhanh');

INSERT INTO review (id, product_id, reviewer, rating, `comment`) VALUES(444114, 44411, 'Tram', 4, 'không nghĩ phần cọ lại nhuyễn mịn đến vậy. Đã dùng thử và thấy thật sự sạch, rửa kĩ phần mũi thì thấy mấy mụn đầu đen mờ đi do tay rửa không sạch bằng. Mọi người nên mua ủng hộ shop.');

INSERT INTO product (id, name, short_desc, full_desc, category_id, brand_name, status, weight, available_item, unit_price, discount_percent, avg_rating, img_url, total_rating, supplier_id) VALUES(44412, 'Máy hút mụn RT-8080', 'Máy hút mụn RT-8080', '<pre>Lấy đi những mụn cám nằm sâu trong da,
chức năng: tẩy tế bào chết chết da
loại bỏ mụn đầu đen, mask mụn trứng cá, chất béo hạt
Đồng thời còn có tác dụng lấy đi lượng dầu thừa trên da</pre>', 444, 'EOM', 'USED', 3.176611509791176, 44, 139000, 9, 4.4, 'https://vn-test-11.slatic.net/original/ec330a957f432cef14152c17c9b200ee.jpg;https://vn-test-11.slatic.net/original/dc505fea8bdc99b0ec71806eb9b8186f.jpg;https://vn-test-11.slatic.net/original/b81d9f83260f3f9603be0e90dbe21f30.jpg;https://vn-test-11.slatic.net/original/d51d09aac5cb22e50be89009826e3aa8.jpg;https://vn-test-11.slatic.net/original/e42bc27cba9305dde046b4f934e6a2ab.jpg;https://vn-test-11.slatic.net/original/41eeea91d814ec8d698e821e6827a945.jpg;https://vn-test-11.slatic.net/original/6c7d2ddec8587fd46cd7fb4830c107c5.jpg;https://vn-test-11.slatic.net/original/7396e7ec1e5dc82fa52efa39b9c4843d.jpg;', 8, 6);

INSERT INTO review (id, product_id, reviewer, rating, `comment`) VALUES(444120, 44412, 'Trần T.', 0, 'đóng gói cẩn thận, giao hàng nhanh, lúc máy chạy nghe như mùi khét 1 tí, hút mụn ok, chắc do cách hút của mình sai nên bị tím hết cả mũi. cho 4 sao thôi :) tạm ổn!!');

INSERT INTO review (id, product_id, reviewer, rating, `comment`) VALUES(444121, 44412, 'Hương P.', 2, 'Giao hàng nhanh, sản phẩm sài rất tốt, dễ sử dụng.');

INSERT INTO review (id, product_id, reviewer, rating, `comment`) VALUES(444122, 44412, 'Phúc', 3, 'hút yếu. không hút lên một nhân mụn nào');

INSERT INTO product (id, name, short_desc, full_desc, category_id, brand_name, status, weight, available_item, unit_price, discount_percent, avg_rating, img_url, total_rating, supplier_id) VALUES(44413, 'Cọ rửa mặt 2 đầu massage mềm mại', 'Cọ rửa mặt 2 đầu massage mềm mại', '<pre>Cọ rửa mặt được thiết kế 2 đầu “đa zi năng”: 1 đầu là cọ lông mềm và 1 đầu là silicone dẻo giúp làm sạch sâu cho vùng mũi nhiều mụn đầu đen, mụn cám.
Cọ rửa mặt thiết kế với hàng ngàn sợi lông siêu mềm và mảnh, làm sạch sâu từng lỗ chân lông giúp làm sạch sâu gấp 5 lần so với rửa mặt bằng tay, cuốn đi những tạp chất, bụi bẩn, vi khuẩn, mụn cám… giúp da trông sáng mịn hơn hẳn
Đầu chải còn lại chính là đầu silicon “huyền thoại” khắc tinh của mụn đầu đen, dễ dàng tiêu diệt nhanh màk không làm tổn thương da, đồng thời tẩy da chết nhẹ cho da. Đặc biệt, khi mát-xa miếng silicon trên vùng da mắt còn làm giảm bọng mắt và mờ quầng thâm</pre>', 444, 'No Brand', 'USED', 8.441936677949666, 14, 22000, 9, 5.0, 'https://vn-test-11.slatic.net/original/0ffcbbae9bcf0668f2ca394bfe9edebe.jpg;https://vn-test-11.slatic.net/original/0a462bd8dbae06458f4d1e219ac09867.jpg;https://vn-test-11.slatic.net/original/660d25c609e15543787113fa604f2c49.jpg;https://vn-test-11.slatic.net/original/2529a2e9c1841b49c1b87014263052eb.jpg;https://vn-test-11.slatic.net/original/89035e368e522f38991dea65de29c81e.jpg;https://vn-test-11.slatic.net/original/310c18dd2c5d210be243251ab13526e5.jpg;https://vn-test-11.slatic.net/original/2799e81e8ebfe723c3b7ea4f8ee5aec4.jpg;', 15, 6);

INSERT INTO review (id, product_id, reviewer, rating, `comment`) VALUES(444130, 44413, 'Hoàng V.', 4, 'dùng tốt. đáng mua');

INSERT INTO review (id, product_id, reviewer, rating, `comment`) VALUES(444131, 44413, 'Hoa P.', 1, 'tốt mềm chưa sd. thanks shop');

INSERT INTO review (id, product_id, reviewer, rating, `comment`) VALUES(444132, 44413, 'Nguyen N.', 0, 'Ok. Rẻ mà xài tốt ha. Cảm ơn');

INSERT INTO review (id, product_id, reviewer, rating, `comment`) VALUES(444133, 44413, 'hoàng H.', 3, 'dùng ok. giá rẻ');

INSERT INTO review (id, product_id, reviewer, rating, `comment`) VALUES(444134, 44413, 'Phạm T.', 3, 'Tốt. Y miêu tả');

INSERT INTO product (id, name, short_desc, full_desc, category_id, brand_name, status, weight, available_item, unit_price, discount_percent, avg_rating, img_url, total_rating, supplier_id) VALUES(44414, 'Máy mát-xa và chăm sóc da mặt 6 trong 1 LY-878 (Hồng)', 'Máy mát-xa và chăm sóc da mặt 6 trong 1 LY-878 (Hồng)', '<pre>Máy mát xa thư giãn & vệ sinh da mặt
6 đầu mát xa an toàn; hiệu quả
Sử dụng được cho nhiều vùng của cơ thể
Xuất xứ Trung Quốc
 </pre>', 444, 'ANCOM GL', 'USED', 2.774988181670824, 26, 26999, 9, 3.7, 'https://vn-test-11.slatic.net/p/may-mat-xa-va-cham-soc-da-mat-6-trong-1-touch-beauty-ly-878-hong-9406-0831811-965efaef07c641d5fd17471e3764166a-catalog.jpg;https://vn-test-11.slatic.net/p/may-mat-xa-va-cham-soc-da-mat-6-trong-1-touch-beauty-ly-878-hong-9406-0831811-7b8df204bfc2ae574772a99523e62bb1-catalog.jpg;https://vn-test-11.slatic.net/original/4f6c719f806ec2a2159b738b27121b92.jpg;https://vn-test-11.slatic.net/original/0ee75fab24a16c78cd336d162701d9af.jpg;', 81, 4);

INSERT INTO review (id, product_id, reviewer, rating, `comment`) VALUES(444140, 44414, 'Lazada Customer', 4, 'me kip ban hang lua dao giong do con nit choi .moi ng dung mua hang o day chi phi tien thui mua hang o lazada ve k cai nao sai dc hua voi log k gio vao day mua hang');

INSERT INTO review (id, product_id, reviewer, rating, `comment`) VALUES(444141, 44414, 'trinh N.', 0, '');

INSERT INTO review (id, product_id, reviewer, rating, `comment`) VALUES(444142, 44414, 'Ngoc D.', 4, 'cho hoi may mat xa nay xu dung nhu the nao ma N bo bin vao kg hoat dong vay chi di shop ?');

INSERT INTO review (id, product_id, reviewer, rating, `comment`) VALUES(444143, 44414, 'Lazada Customer', 3, '.tưởng nó quay nhưng chỉ rung đẹp như hình');

INSERT INTO review (id, product_id, reviewer, rating, `comment`) VALUES(444144, 44414, 'Nhu Y.', 0, 'máy xài pin dì v shop..mua mà ko biết loại pin..rep sớm ạ');

INSERT INTO product (id, name, short_desc, full_desc, category_id, brand_name, status, weight, available_item, unit_price, discount_percent, avg_rating, img_url, total_rating, supplier_id) VALUES(44415, 'Máy hút mụn đầu đen chăm sóc da mặt cao cấp 8030 (263)', 'Máy hút mụn đầu đen chăm sóc da mặt cao cấp 8030 (263)', '<pre>Máy cũng là một liệu trình điều trị tại các SPA chăm sóc da hiện nay.
03 Đầu hút chuyên nghiệp của máy hút mụn.
1. Đầu hút hình Ovan: Dễ dàng hút mạnh và sạch sẽ các loại mụn ngay các vị trí góc của Mặt như: cánh mũi, mang tai, hốc mắt, khóe miệng...
2. Đầu hút tròn to: Hút sạch sâu trong da các loại mụn bọc, mụn đầu đen một cách hiệu quả.
3. Đầu hút tròn nhỏ: Chuyên gia hút sạch mụn cám hay mụn trứng cá nằm sâu bên trong lớp da.
Hướng dẫn sử dụng
Bật công tắc, đưa máy vào sát phần mụn, máy sẽ hút chân không lấy đi toàn bộ cồi mụn. Kết hợp cùng sữa rửa mặt trị mụn và sản phẩm làm se lỗ chân lông.
Sản phẩm không kèm pin</pre>', 444, 'No Brand', 'USED', 5.136760867295426, 21, 120000, 9, 4.1, 'https://vn-test-11.slatic.net/p/e7fa957b3648a5b605704dab930d6d63.jpg;https://vn-test-11.slatic.net/p/7dac293cd1cbdd4f3fbf2afaf5546d0d.jpg;https://vn-test-11.slatic.net/p/5d22e575a597f59227308a6c36dd8f08.jpg;https://vn-test-11.slatic.net/original/e4678e4c4a786c800f3631055a0caf2b.jpg;https://vn-test-11.slatic.net/original/399a964a12f79037c728787327a6ab9b.jpg;https://vn-test-11.slatic.net/original/d9cd29664404792c343c4f6de63c733c.jpg;https://vn-test-11.slatic.net/original/ec21fff2ceaf3f1fec67e2bd5ca72c45.jpg;https://vn-test-11.slatic.net/original/f92264a634ad4e9760dee22d91837477.jpg;', 14, 8);

INSERT INTO product (id, name, short_desc, full_desc, category_id, brand_name, status, weight, available_item, unit_price, discount_percent, avg_rating, img_url, total_rating, supplier_id) VALUES(44416, 'Dụng cụ cọ rửa mặt 2 đầu cầm tay', 'Dụng cụ cọ rửa mặt 2 đầu cầm tay', '<pre>CỌ RỬA MẶT MASSAGE 3D – SẠCH SÂU HƠN – CHO LÀN DA KHỎE ĐẸP MỖI NGÀY
Thiết kế 2 đầu tiện lợi gồm đầu tơ nhân tạo SIÊU MỊN và đầu gai silicon 3D độc đáo LẤY SẠCH MỌI BỤI BẨN, TẾ BÀO CHẾT VÀ MỸ PHẨM CÒN THỪA LẠI TRÊN DA.
Đầu silicon MỀM MẠI giúp massage da mặt, HỖ TRỢ LƯU THÔNG MÁU, giải tỏa căng thẳng mỗi ngày
Chất liệu AN TOÀN CHO MỌI LOẠI DA, vô cùng nhẹ nhàng ngay cả đối với làn da nhạy cảm
250.000 sợi tơ nhân tạo LÀM SẠCH SÂU ĐẾN TỪNG LỖ CHÂN LÔNG, LOẠI BỎ MỌI TÁC NHÂN GÂY MỤN, THU NHỎ LỔ CHÂN LÔNG cho chị em có một làn da đẹp, tự tin tỏa sảng ở bất cứ đâu
NHỎ GỌN, DỄ CẦM NẮM, đế phẳng DỄ DÀNG CẤT GIỮ VÀ MANG THEO BÊN MÌNH dù là đi làm, đi học hay đi du lịch</pre>', 444, 'OEM', 'NEW', 1.5083883973491488, 69, 25000, 9, 5.0, 'https://vn-test-11.slatic.net/original/32315443776235f0a830dd2704c3405f.jpg;https://vn-test-11.slatic.net/original/1e02c578f254fd8c176d12a8245958c0.jpg;https://vn-test-11.slatic.net/original/09970f2971fe5918e09f6871bfd08722.jpg;https://vn-test-11.slatic.net/original/53342d5b3c1f05cb43c02d271217dfa5.jpg;https://vn-test-11.slatic.net/original/ccc05c670c8eecb25ebc69af0165c895.jpg;', 5, 1);

INSERT INTO review (id, product_id, reviewer, rating, `comment`) VALUES(444160, 44416, 'Lê V.', 4, 'cọ xài rất tốt hết mụn lên trông thấy làm mình tự tin hẳng ra');

INSERT INTO review (id, product_id, reviewer, rating, `comment`) VALUES(444161, 44416, 'Lâm T.', 0, 'Cọ mịn lắm, hàng mới như hình');

INSERT INTO review (id, product_id, reviewer, rating, `comment`) VALUES(444162, 44416, 'Như Đ.', 0, 'Tuyệt với, y như lời quảng cáo, lại được giá rẻ nên mua hẳn 3 em để dành xài.');

INSERT INTO review (id, product_id, reviewer, rating, `comment`) VALUES(444163, 44416, 'nguyen T.', 0, 'nhìn rất mịn. sẽ đặt thêm.');

INSERT INTO product (id, name, short_desc, full_desc, category_id, brand_name, status, weight, available_item, unit_price, discount_percent, avg_rating, img_url, total_rating, supplier_id) VALUES(44417, 'Máy rửa mặt massage 5 trong 1 OEM', 'Máy rửa mặt massage 5 trong 1 OEM', '<pre>Thiết kế nhỏ gọn đa năng
Sử dụng an toàn dễ dàng
Nguồn pin AA tiện dụng ( không kèm theo)
Màu sắc tươi sáng bắt mắt.</pre>', 444, 'OEM', 'USED', 7.174061107065033, 83, 39000, 9, 4.3, 'https://vn-test-11.slatic.net/p/11fd77f8d50c7b1777cc4ca5eb0fd867.jpg;https://vn-test-11.slatic.net/p/5/may-rua-mat-massage-5-trong-1-oem-5837-3045157-1b11091de08828e38a404a9c493b022e-catalog.jpg;https://vn-test-11.slatic.net/original/71165cf5b015f4c45ffd9b62928b6a07.jpg;https://vn-test-11.slatic.net/original/3b24f5d65cdb7745fa660bdf91d9b644.jpg;https://vn-test-11.slatic.net/p/5/may-rua-mat-massage-5-trong-1-oem-5837-3045157-5cf37e3a8c7a14f34d4841eee3f09785-catalog.jpg;', 158, 9);

INSERT INTO review (id, product_id, reviewer, rating, `comment`) VALUES(444170, 44417, 'Dinh T.', 1, 'máy bị lỗi. mìh lắp pin mới tinh mà chạy quá yếu. đảo . lazada xem hàg kỹ trước khi chuyển cho khách nhé. rất thất vọg vô cùg');

INSERT INTO review (id, product_id, reviewer, rating, `comment`) VALUES(444171, 44417, 'Bùi T.', 4, 'Tuy gói hàng rất đẹp nhưng thật sự bức xúc về phí ship
máy lúc mình  mua là 39k
đặt hàng xong tính ship 11k là tổng 50k
Đến lúc lấy hàng thì 65.5k? là sao? tiền ship gần bằng tiền sản phẩm?');

INSERT INTO review (id, product_id, reviewer, rating, `comment`) VALUES(444172, 44417, 'Trần M.', 1, 'giao hàng siêu nhanh, đóng gói cẩn thận, chất lượng quá tốt so với giá tiền luôn, tui mua 3 cái luôn và giới thiệu bạn mua nữa');

INSERT INTO review (id, product_id, reviewer, rating, `comment`) VALUES(444173, 44417, 'Alexandrius', 1, 'ɢʀᴇᴀᴛ ғᴏʀ sᴋɪɴ ᴄᴀʀᴇ! ɢᴏᴏᴅ ǫᴜᴀʟɪᴛʏ');

INSERT INTO review (id, product_id, reviewer, rating, `comment`) VALUES(444174, 44417, 'Mỹ K.', 3, 'Hang giong hinh dep rat tien');

INSERT INTO product (id, name, short_desc, full_desc, category_id, brand_name, status, weight, available_item, unit_price, discount_percent, avg_rating, img_url, total_rating, supplier_id) VALUES(44418, 'Thanh Lăn . Cây Lăn Mặt Massage 3D', 'Thanh Lăn . Cây Lăn Mặt Massage 3D', '<pre>Giảm quầng thâm bọng mắt, giảm sưng
Lưu thông mạch máu, tăng tính đàn hồi
Giảm nếp nhăn rõ rệt
Da săn chắc căng mịn
Tác động tới các huyệt thần kinh giúp hạn chế tình trạng đau đầu.
Giúp săn chắc cơ mặt
Giảm nếp nhăn xung quanh mắt, môi, trán và cổ
Kích thích hệ thần kinh, giúp máu lưu thông tốt
Se khít lộ chân lông
Giúp hấp thu nhanh dưỡng chất vào da
Chỉ cần 5-10 phút mỗi ngày sẽ giúp cho làn da bạn trở nên mịn màng và săn chắc.
Tăng cường lưu thông máu trên da mặt, đồng thời có thể loại bỏ được tế bào chết, hư tổn, lớp sừng cứng trên da giúp da trở nên mịn màng, tươi sáng và căng mịn hơn.
Massage mặt là cách giúp các cơ mặt luôn được vận động vì vậy tăng cường liên liên kết collagen và eslatine giúp da trở nên săn chắc hơn, chống nhăn da và chảy xệ hiệu quả, do đó giảm biểu hiện của dấu hiệu tuổi tác.
Massage sẽ mang lại cảm giác thư giãn, thoải mái và giảm nhức đầu do đó các hạch thần kinh trên da mặt được làm dịu nhờ tác động xoa đi xoa lại.
Dễ dàng vệ sinh sau khi sử dụng bằng cách rửa nhẹ với nước.</pre>', 444, 'No Brand', 'USED', 2.0333826485175694, 23, 39000, 9, 4.5, 'https://vn-test-11.slatic.net/original/d4c8c261dca5f42b7a5d699c0f9b7539.jpg;https://vn-test-11.slatic.net/original/05db176b2ece7077a8ac4d9b2c0daf6b.jpg;https://vn-test-11.slatic.net/original/0a3c1baf86287b7910d13bd376475a17.jpg;https://vn-test-11.slatic.net/original/bedba6ac29190afbca9c4f9de8d5db8e.jpg;https://vn-test-11.slatic.net/original/becfe7988054a6cc9235fc61877c92f6.jpg;', 18, 6);

INSERT INTO review (id, product_id, reviewer, rating, `comment`) VALUES(444180, 44418, 'Thanh T.', 0, 'giao hàng nhạn, gói hàng kỹ');

INSERT INTO review (id, product_id, reviewer, rating, `comment`) VALUES(444181, 44418, 'Thy N.', 2, 'Cục lăn không mướt, phải dùng kèm với gel nha đam để tạo độ trơn mượt chứ lăn không cảm giác da sẽ bị nhão. Mặt có gọn lại đôi chút.');

INSERT INTO review (id, product_id, reviewer, rating, `comment`) VALUES(444182, 44418, 'Dương', 4, 'giá rẻ, lăn không biết có tác dụng gì không, nhưng lăn cảm giác cũng đã đã. Nói chung hài lòng.');

INSERT INTO review (id, product_id, reviewer, rating, `comment`) VALUES(444183, 44418, 'le T.', 3, 'Sài rất là ok và giao hàng vui vẻ');

INSERT INTO review (id, product_id, reviewer, rating, `comment`) VALUES(444184, 44418, 'Lazada Customer', 3, 'Mua về lăn được 2 bữa gãy đôi, Rip em');

INSERT INTO product (id, name, short_desc, full_desc, category_id, brand_name, status, weight, available_item, unit_price, discount_percent, avg_rating, img_url, total_rating, supplier_id) VALUES(44419, 'Gói 50 miếng giấy thấm dầu nhiều hình 9STORE', 'Gói 50 miếng giấy thấm dầu nhiều hình 9STORE', '<pre>Giấy thấm dầu dường như đã trở thành quy tắc quen thuộc của những người da và là vật bất ly thân của các cô nàng da dầu.
Tiện ích và dễ thương chính là đặc điểm nổi bật của loại giấy thấm dầu này.</pre>', 444, 'No Brand', 'USED', 8.753992648032847, 80, 10000, 9, 5.0, 'https://vn-test-11.slatic.net/original/e384d3d7c47171b2cec55435f34401fc.jpg;https://vn-test-11.slatic.net/original/2bd16a0714a6e5505efc7df52707a3f5.jpg;https://vn-test-11.slatic.net/original/fdbc98f36a7e53171c8cf928183707a1.jpg;https://vn-test-11.slatic.net/original/7b5cd1c47b5353e03442659081fa39c0.jpg;https://vn-test-11.slatic.net/original/53ee91c0c929d228d545c45814de9ad7.jpg;', 28, 2);

INSERT INTO review (id, product_id, reviewer, rating, `comment`) VALUES(444190, 44419, 'Phan N.', 2, 'Xài khá tốt');

INSERT INTO review (id, product_id, reviewer, rating, `comment`) VALUES(444191, 44419, 'trứng O.', 3, 'Giống y như hình sản phẩm tương tự như acness');

INSERT INTO review (id, product_id, reviewer, rating, `comment`) VALUES(444192, 44419, 'Dy S.', 2, 'đẹp');

INSERT INTO review (id, product_id, reviewer, rating, `comment`) VALUES(444193, 44419, 'Như H.', 3, 'đẹp , tốt');

INSERT INTO review (id, product_id, reviewer, rating, `comment`) VALUES(444194, 44419, 'Lê H.', 1, 'sản phẩm ok. đóng gói chắc chắn, mọi người nhớ ủng hộ shop này nha.');

INSERT INTO product (id, name, short_desc, full_desc, category_id, brand_name, status, weight, available_item, unit_price, discount_percent, avg_rating, img_url, total_rating, supplier_id) VALUES(44420, 'Hộp 10 miếng mặt nạ bùn non – đánh bay mụn đầu đen trên da mặt (10 gói)', 'Hộp 10 miếng mặt nạ bùn non – đánh bay mụn đầu đen trên da mặt (10 gói)', '<pre>Natugro:Lột mụn cám, dưỡng da bằng bùn non chống lão hóa, hiệu quả sau 1 tuần sử dụng, chỉ có tạikhoáng từ thiên nhiên là một cách đơn giản nhưng rất hiệu quả để giúp cho làn da của bạn có được một sức sống mới, tươi trẻ và láng mịn.Đó cũng là một “bài thuốc” từ thiên nhiên hiệu quả giúp bổ sung vitamin và dưỡng chất cho làn da</pre>', 444, 'Nhật', 'USED', 0.9191630172158748, 71, 34000, 9, 4.6, 'https://vn-test-11.slatic.net/original/418040982479ed60e7e153c0afdc4439.jpg;https://vn-test-11.slatic.net/original/52a74470e06c2b687bb43ecc096d3475.jpg;https://vn-test-11.slatic.net/original/08398650e0c33fa3700d3a818b02c8db.jpg;https://vn-test-11.slatic.net/original/6694dab3daf4c406f24a85ed2294b6c6.jpg;https://vn-test-11.slatic.net/original/28999f13c251c3ae2a1cbcc2407a1d58.jpg;https://vn-test-11.slatic.net/original/61e3019b9786d23cc907b8ba1e69bcbe.jpg;', 38, 7);

INSERT INTO review (id, product_id, reviewer, rating, `comment`) VALUES(444200, 44420, 'Duy T.', 0, 'chua sai chua biet the nao');

INSERT INTO review (id, product_id, reviewer, rating, `comment`) VALUES(444201, 44420, 'Huỳnh T.', 4, 'sản phẩm kém chất lượng, da đen hơn rồi còn bị nỗi mụn nữa..rất tệ');

INSERT INTO review (id, product_id, reviewer, rating, `comment`) VALUES(444202, 44420, 'Monn P.', 3, 's em chưa có hàng s lại nhân xét đc v shop');

INSERT INTO review (id, product_id, reviewer, rating, `comment`) VALUES(444203, 44420, 'Van H.', 2, 'xài tốt.');

INSERT INTO review (id, product_id, reviewer, rating, `comment`) VALUES(444204, 44420, 'Giang H.', 1, 'Shop giao hàng hết hạn sử dụng');

INSERT INTO product (id, name, short_desc, full_desc, category_id, brand_name, status, weight, available_item, unit_price, discount_percent, avg_rating, img_url, total_rating, supplier_id) VALUES(44421, 'Dụng Cụ Bát Trộn Mặt Nạ ( Màu ngẫu nhiên )', 'Dụng Cụ Bát Trộn Mặt Nạ ( Màu ngẫu nhiên )', '<pre>Bộ dụng cụ gồm:
1. Mask Bowl ( bát mặt nạ): bằng nhựa chất lượng cao, mềm, thiết kế dễ cầm trên tay., đường kính 8cm.
2. Mask Stick ( que trộn): bằng nhựa chất lượng cao.
3. Mask Brush ( bàn chải): bằng các sợi nilon mềm mại, thoải mái.
4. Bộ 3 muỗng với các kích thước khác nhau: 2,5g, 5g, 15g cho các nhu cầu khác nhau.</pre>', 444, 'No Brand', 'USED', 4.852355690485931, 27, 9000, 9, 4.7, 'https://vn-test-11.slatic.net/original/531971cdd7d7e65adc5755c7e57f7369.jpg;https://vn-test-11.slatic.net/original/711119eac49f7b83d6063d8be50b577b.jpg;https://vn-test-11.slatic.net/original/8856e9426fca47b447a6d1b422f2bfdd.jpg;https://vn-test-11.slatic.net/original/3c4950e1bb3c5c95baf8e7bb5942ea24.jpg;https://vn-test-11.slatic.net/original/302c4458a25ae02bbb78a44f84d2af20.jpg;https://vn-test-11.slatic.net/original/e39c159df8862abd8ff325509110ded6.jpg;https://vn-test-11.slatic.net/original/48a0cc918ecf98af612f6f34d1ed9f8a.jpg;', 45, 7);

INSERT INTO review (id, product_id, reviewer, rating, `comment`) VALUES(444210, 44421, 'Lê D.', 3, 'tốt, cọ mịn');

INSERT INTO review (id, product_id, reviewer, rating, `comment`) VALUES(444211, 44421, 'Hoàng C.', 1, 'hàng gói cẩn thận');

INSERT INTO review (id, product_id, reviewer, rating, `comment`) VALUES(444212, 44421, 'Lazada Customer', 3, 'cọ bị trầy, nhưng cũng ổn so với giá. cảm ơn shop');

INSERT INTO review (id, product_id, reviewer, rating, `comment`) VALUES(444213, 44421, 'Hăng N.', 1, 'hàng đẹp, tiện lợi để  trộn hỗn hợp');

INSERT INTO review (id, product_id, reviewer, rating, `comment`) VALUES(444214, 44421, 'Phan N.', 3, 'Sản phẩm đầy đủ như hình');

INSERT INTO product (id, name, short_desc, full_desc, category_id, brand_name, status, weight, available_item, unit_price, discount_percent, avg_rating, img_url, total_rating, supplier_id) VALUES(44422, 'Mút rửa mặt bạch tuộc Korea, ETUDE HOUSE NCC SHOPTIDO', 'Mút rửa mặt bạch tuộc Korea, ETUDE HOUSE NCC SHOPTIDO', '<pre>MIẾNG RỬA MẶT SILICOL BẠCH TUỘC HỒNG BABYMiếng rửa mặt hình em bạch tuộc rất là đáng yêu luôn.Bạn nào mà nhiều mụn cám hoặc da kiểu bị khô ráp í thì chịu khó rửa mặt bằng mấy cái kiểu dụng cụ này vào,đầu massa lấy được hết mụn cám luôn nhé các bạn sẽ không phải lột mụn nữa đâu,hơn nữa là massa mỗi ngày sẽ giúp lưu thông mạch máu nè, không còn tí da chết nào trên mẹt nè,lúc đánh kem nền k bị bở bở bong mốc kinh dị nữa nè .BẠCH TUỘC RỬA MẶT SO HOT❤️ Cọ rửa mặt được thiết kế vừa vặn theo dạng trụ tròn, hình con bạch tuộc, màu hồng pastel xinh xắn rất bắt mắtCọ rửa mặt có tác dụng làm sạch sâu, nhẹ nhàng lấy đi tế bào chết, bụi bẩn và bã nhờn nằm sâu trong lỗ chân lông.Cho các nàng cảm giác sảng khoái với làn da sạch thoáng vô cùng, hạn chế tối đa sự hình thành mụn cám, mụn đầu đen.Thiết kế vỏ đựng rất tiện lợi cho việc bảo quản,di chuyển cọ cũng như dựng cọ để hong khô Phần đáy thiết kế hình những chiếc gai bạch tuộc có công dụng massage cho mặt.Thiết kế này cũng để giúp cọ thông thoáng và giúp thoát nước, tránh tình trạng ứ đọng nước.▪️Ngoài ra các nàng còn có thể sử dụng em bạch tuộc này để vệ sinh các puff, cọ trang điểm nữa í, rất tiện lợi phải ko nào</pre>', 444, 'No Brand', 'NEW', 3.148306419515075, 6, 19000, 9, 4.5, 'https://vn-test-11.slatic.net/original/f624a141079dd606f31f9b50404dbabf.jpg;https://vn-test-11.slatic.net/original/6e6f079b7968c7ed8ce70ccfb9a9c99e.jpg;https://vn-test-11.slatic.net/p/de56cccfc8a35688507cdb5e68922cb9.jpg;https://vn-test-11.slatic.net/p/accccb2295c34b945643efb96a4ba50d.jpg;https://vn-test-11.slatic.net/p/d85bb301119bca965c9dc93b77d1f65c.jpg;https://vn-test-11.slatic.net/p/275d286ebdeca70b0f3975c6157a5ddc.jpg;https://vn-test-11.slatic.net/p/33aa895b40052f9dcd20f21cdfda8a95.jpg;https://vn-test-11.slatic.net/p/0fc00654f407167b3087a4abf1a66c3d.jpg;', 63, 5);

INSERT INTO review (id, product_id, reviewer, rating, `comment`) VALUES(444220, 44422, 'Giang N.', 3, 'tốt quá😚😚 mịn mịn mềm mềm sướng thật');

INSERT INTO review (id, product_id, reviewer, rating, `comment`) VALUES(444221, 44422, 'Như T.', 3, '');

INSERT INTO review (id, product_id, reviewer, rating, `comment`) VALUES(444222, 44422, 'Nguyễn T.', 2, 'hàng không được tốt lắm');

INSERT INTO review (id, product_id, reviewer, rating, `comment`) VALUES(444223, 44422, 'Kiều T.', 4, 'Bao bì nhìn cũ, trầy, cứng....khi rửa k bọt làm đau da kinh khủng...cho 3 🌟 vì con gái mình thích.... Dự là làm đồ chơi cho nó....');

INSERT INTO review (id, product_id, reviewer, rating, `comment`) VALUES(444224, 44422, 'Lazada Customer', 4, 'tốt');

INSERT INTO product (id, name, short_desc, full_desc, category_id, brand_name, status, weight, available_item, unit_price, discount_percent, avg_rating, img_url, total_rating, supplier_id) VALUES(44423, 'Dao cạo mặt đa năng', 'Dao cạo mặt đa năng', '<pre>Dễ dàng sử dụng.
Chất liệu Inox cao cấp, không gỉ sét
Gấp thiết kế, có thể tiết kiệm không gian lưu trữ hơn.
Khum tay cầm thiết kế, thuận tiện để giữ.
Hoàn hảo cho các cửa hàng cắt tóc, tiệm làm tóc hoặc sử dụng cá nhân.
Gía cả hợp lí 
Sản phẩm chất lượng</pre>', 444, 'OEM', 'NEW', 8.71305660746544, 20, 50000, 9, 5.0, 'https://vn-test-11.slatic.net/original/8c1d0860db5d207ba4154d766b285d6c.jpg;https://vn-test-11.slatic.net/original/981397b8242aab15bddf595615e59115.jpg;https://vn-test-11.slatic.net/original/73470332169c4e614df2292c1b9c67bf.jpg;', 4, 7);

INSERT INTO review (id, product_id, reviewer, rating, `comment`) VALUES(444230, 44423, 'Lazada Customer', 1, 'tốt , giao hàng nhanh');

INSERT INTO review (id, product_id, reviewer, rating, `comment`) VALUES(444231, 44423, 'Palestin V.', 2, 'Ok');

INSERT INTO review (id, product_id, reviewer, rating, `comment`) VALUES(444232, 44423, 'Thiet N.', 0, '');

INSERT INTO product (id, name, short_desc, full_desc, category_id, brand_name, status, weight, available_item, unit_price, discount_percent, avg_rating, img_url, total_rating, supplier_id) VALUES(44424, 'Máy xông hơi da mặt hoa quả tươi', 'Máy xông hơi da mặt hoa quả tươi', '<pre>Làn da bạn khô sạm, tàn nhan và mụn do nắng nóng thời tiết khắc nghiệt và bụi bẩn tích tụ dưới lỗ chân lông. Bạn đã sử dụng qua nhiều loại mặt nạ và mỹ phẩm dưỡng da nhưng vẫn không mang lại hiệu quả. Thì đừng lo lắng, Bu Mart Shop xin giới thiệu đến bạn chiếc Máy xông hơi da mặt hoa quả tươi Maoer tích hợp xông hơi mặt mũi đánh bay bụi bẫn tích tụ dưới lỗ chân lông và cung cấp các dưỡng chất cho làn da. Giúp cho làn da của bạn trở nên sáng bóng mịn màng, căng tràn sức sống mang đến sự tự tin tuyệt đối cho bạn.Sức nóng từ máy xông hơi da mặt Maoer làm sạch mạch và trừ khử độc tố lâu ngày hình thành trong lỗ chân lông, chống làm quá trình viêm nang lông tạo mụn đầu đen và mụn bọc, loại bỏ mỡ thừa tích tụ lâu ngày dưới da và giúp quá trình trao đổi chất dưới da được lưu chuyển tốt hơn, da mau hồi phục hơn.Đặc điểm nổi bật của máy xông hơi da mặt hoa quả tươi Maoer :– Kết hợp các nguyên liệu thiên nhiên như sả, tía tô, ngải cứu,.. .tạo nên tác động kép, giúp cho việc hấp thụ tốt các sản phẩm chăm sóc da, cải thiện tốt cho làn da.
– Máy xông hơi mặt maoer giúp da mặt bạn được chuẩn bị một cách tốt để tiếp nhận các phương pháp chăm sóc da như làm sạch sâu, giữ ẩm, đắp mặt nạ… sẽ giúp bạn tiết kiệm thời gian, chi phí
– Làm sạch da mặt bằng nước lạnh chỉ tác động tới bề cạnh của da mặt. Làm sạch da bằng hơi nước nóng thì tác động tới tận gốc rễ, cấu trúc rất sâu của lỗ chân lông trên da mặt.Xông mặt đúng cách vô cùng có lợi cho da:– Làm sạch sâu lỗ chân lông do bụi bẩn – makeup
– Se khít lỗ chân lông.
– Điều tiết bã nhờn, giảm mụn ẩn.
– Mặt xinh láng mịn đơn giản thế này thì ko có nghĩa lý gì chị em ko sắm ngay 1 máy nhỉCách sử dụng :B1: Rửa sạch mặt
B2: Đổ một lượng nước vào khoang chứa của máy. Chú ý là không quá vạch Max
B3: Cắm điện và bật phím . Chờ khoảng 2 phút cho nước đun sôi
Thời gian xông : khoảng 10 phút</pre>', 444, 'OEM', 'USED', 4.63098261111707, 78, 94000, 9, 4.9, 'https://vn-test-11.slatic.net/original/f104e889301508a64ffff4e88a63cb88.jpg;https://vn-test-11.slatic.net/original/f8e6bcaceb3cc6a16d3c6eb60fbee533.jpg;https://vn-test-11.slatic.net/original/81a9e3cbfef6dffc4718777c97a48e17.jpg;https://vn-test-11.slatic.net/original/700be4c285ed84279d8f749e0e50583b.jpg;', 8, 9);

INSERT INTO review (id, product_id, reviewer, rating, `comment`) VALUES(444240, 44424, 'Lazada Customer', 1, 'Dung rất tốt va rất ung ý');

INSERT INTO review (id, product_id, reviewer, rating, `comment`) VALUES(444241, 44424, 'Loan H.', 0, 'ok');

INSERT INTO review (id, product_id, reviewer, rating, `comment`) VALUES(444242, 44424, 'Trí M.', 2, 'máy tốt');

INSERT INTO product (id, name, short_desc, full_desc, category_id, brand_name, status, weight, available_item, unit_price, discount_percent, avg_rating, img_url, total_rating, supplier_id) VALUES(44425, 'Serum Tinh Chất dưỡng trắng da 24k Goldzan', 'Serum Tinh Chất dưỡng trắng da 24k Goldzan', '<pre>Có hiệu quả cao trong việc ngăn chặn quá trình lão hóa da, cải thiện nếp nhăn, tăng cường độ đàn hồi cho da, làm trẻ hóa làn da giúp da luôn căng bóng, mịn màng.
Cung cấp độ ẩm cho da và các chất dưỡng da cần thiết cho da luôn tơi trẻ mềm mượt.
Kích thích sản sinh Collagen, thúc đẩy khả năng miễn dịch cho da làm chậm lão hóa da tái tạo làn da bị lão hóa trở nên tươi trẻ căng mịn.
Hỗ trợ điều trị mụn, viêm da, sẹo rỗ hiệu quả.
Thích hợp với mọi loại da, đặc biệt là những loại da đang có dấu hiệu lão hóa.
Đem lại hiệu quả thấy rõ rệt sau 2 tuần sử dụng</pre>', 444, 'No Brand', 'NEW', 6.879271054795699, 15, 59000, 9, 4.5, 'https://vn-test-11.slatic.net/original/a2afae0d8ab34d921c9d2d55234c8456.jpg;https://vn-test-11.slatic.net/original/b9f598f5e776f6ad708b95bf9572d4e2.jpg;https://vn-test-11.slatic.net/original/c72e022c302af728021b25f3bf4a6093.jpg;', 45, 7);

INSERT INTO review (id, product_id, reviewer, rating, `comment`) VALUES(444250, 44425, 'Lazada Customer', 1, 'còn nguyên y');

INSERT INTO review (id, product_id, reviewer, rating, `comment`) VALUES(444251, 44425, 'Lazada Customer', 1, 'giống kim tuyến chứ vàng 24k gì ? ko dám xài');

INSERT INTO review (id, product_id, reviewer, rating, `comment`) VALUES(444252, 44425, 'Phan T.', 3, 'sài gần hết 1 lọ rồi.trắng mịn da nhưng sao lại mụn ngày càng nhiều');

INSERT INTO review (id, product_id, reviewer, rating, `comment`) VALUES(444253, 44425, 'Vuong M.', 4, 'thay re ko bit nuoc j');

INSERT INTO review (id, product_id, reviewer, rating, `comment`) VALUES(444254, 44425, 'Kimphung N.', 4, 'hang giao nhanh .dung mau ma');

INSERT INTO product (id, name, short_desc, full_desc, category_id, brand_name, status, weight, available_item, unit_price, discount_percent, avg_rating, img_url, total_rating, supplier_id) VALUES(44426, 'Máy rửa mặt 6 in1', 'Máy rửa mặt 6 in1', '<pre>Tác dụng của Ion (+) đèn xanh sẽ làm sạch lớp da bên trong: làm sạch chất bẩn phía ngoài lỗ chân lông và giúp làm khít lỗ chân lông.Tác dụng của Ion (-) đèn đỏ sẽ làm đẹp và chăm sóc trắng da: bằng cách tăng cường sự hấp thụ dưỡng chất, làm sáng da và giảm những vùng da lão hóa, tàn nhan, và sự thay đổi màu da.</pre>', 444, 'ANCOM GL', 'NEW', 9.056462799675696, 40, 27000, 9, 5.0, 'https://vn-test-11.slatic.net/p/cc8b1bb9c71c1ef9f3e8fe7b985dd162.jpg;https://vn-test-11.slatic.net/p/4f6c719f806ec2a2159b738b27121b92.jpg;https://vn-test-11.slatic.net/p/0ee75fab24a16c78cd336d162701d9af.jpg;', 1, 9);

INSERT INTO product (id, name, short_desc, full_desc, category_id, brand_name, status, weight, available_item, unit_price, discount_percent, avg_rating, img_url, total_rating, supplier_id) VALUES(44427, 'Sắc Mộc Thiên Tái Tạo Da', 'Sắc Mộc Thiên Tái Tạo Da', '<pre>Tinh chất giúp tái tạo da, trị tất cả các loại mụn, kể cả mụn mủ,viêm.
Làm giảm nám & tàn nhang.
Làm mờ Sẹo Rỗ do mụn để lại.
Trong mỗi hộp có 1 thẻ cào kiểm tra hàng chính hãng.
Shop chuyên phân phối hàng chính hãng.</pre>', 444, 'Sắc Mộc Thiên thuốc đông y cao cấp', 'USED', 7.4041225400947335, 7, 160000, 9, 4.5, 'https://vn-test-11.slatic.net/p/bde15b57980ee4ed8373bc64425d6431.jpg;https://vn-test-11.slatic.net/p/f4f33ead0fc8cc3ec6e385e6302a454f.jpg;https://vn-test-11.slatic.net/p/645c473f4146401f343f4659d48c9e29.jpg;https://vn-test-11.slatic.net/p/969c922794c449324ded254fcbf955c0.jpg;https://vn-test-11.slatic.net/p/e4b839f1fbd8127651ccce2bfb937628.jpg;https://vn-test-11.slatic.net/p/6792c0f5a99b6969ad3e41f92546beb1.jpg;', 13, 2);

INSERT INTO review (id, product_id, reviewer, rating, `comment`) VALUES(444270, 44427, 'Nguyễn T.', 1, 'hàng tốt,, đóng gói cẩn thận');

INSERT INTO review (id, product_id, reviewer, rating, `comment`) VALUES(444271, 44427, 'Đinh N.', 1, 'giao  hàng nhanh ạ!!!');

INSERT INTO review (id, product_id, reviewer, rating, `comment`) VALUES(444272, 44427, 'Dung T.', 3, 'gói hàng cẩn thận giao hàng nhanh');

INSERT INTO review (id, product_id, reviewer, rating, `comment`) VALUES(444273, 44427, 'Dân H.', 4, 'Hàng chính hãng.. giao hàng nhanh. Good.!');

INSERT INTO review (id, product_id, reviewer, rating, `comment`) VALUES(444274, 44427, 'Trần P.', 4, 'Sản phẩm chính hãng, tốt, mụn đang lồi ra khỏi mặt, chuẩn bị mua các sản phẩm tiếp theo, chẳng những mua sử dụng & còn bán để kiếm lời nữa. Hj');

INSERT INTO product (id, name, short_desc, full_desc, category_id, brand_name, status, weight, available_item, unit_price, discount_percent, avg_rating, img_url, total_rating, supplier_id) VALUES(44428, 'combo Gel lột hút mụn than tre hoạt tính', 'combo Gel lột hút mụn than tre hoạt tính', '<pre>CÔNG DỤNG:
✔Lột sạch sẽ từ trong ra ngoài mụn cám, mụn đầu đen, bụi bẩn, lông tơ... LỘT SẠCH - LỘT KHÔNG LÊN HOÀN TIỀN
✔Làm sạch bã nhờn trên da, dưỡng chất than tre thanh lọc làn da
✔Làm sạch, sáng da, mịn màng, se khít lỗ chân lông
✔Bổ sung thành phần chống nắng, bảo vệ da khỏi tác động của tia UV
ĐẢM BẢO AN TOÀN với 100% thành phần thiên nhiên: Gelatin, bột nghệ trắng, nước cất, than hoạt tính…
Sản phẩm có giấy kiểm nghiệm và có tem chống hàng giả của công ty
Cách sử dụng:
B1: Xông hơi mặt hoặc đắp khăn ấm lên vùng da nhiều mụn cám, đầu đen (cực kỳ quan trọng đấy).
B2: Thoa lớp thứ 1 đợi gần khô, thoa tiếp lớp thứ 2.
B3: Đợi gel khô hoàn toàn lột từ ngoài vào trong, từ dưới lên trên. Nhanh và dứt khoát.
B4: Dùng đá lạnh lăn nhẹ nhàng lên vùng da vừa lột mụn. Tiếp theo thoa nước hoa hồng để se chân lông.</pre>', 444, 'No Brand', 'USED', 0.85886549136016, 14, 8000, 9, 3.7, 'https://vn-test-11.slatic.net/p/42e783a430fc4ce6e01599735eeea626.jpg;https://vn-test-11.slatic.net/p/dd88a0f2d2e601caaf2fbb6d6de034ba.jpg;https://vn-test-11.slatic.net/p/14e898bfc2e27c3456974103ec2632c4.jpg;https://vn-test-11.slatic.net/p/6e48950e5290ff5abc75185fac84335f.jpg;', 3, 9);

INSERT INTO review (id, product_id, reviewer, rating, `comment`) VALUES(444280, 44428, 'Nguyễn T.', 2, 'Mùi hôi , sài thử lên vùng cánh tay bị dị ứng , nói chung tệ');

INSERT INTO product (id, name, short_desc, full_desc, category_id, brand_name, status, weight, available_item, unit_price, discount_percent, avg_rating, img_url, total_rating, supplier_id) VALUES(44429, 'NƯỚC THẦN SKII FACIAL TREATMENT ESSENCE SAMPLE SIZE 30ML', 'NƯỚC THẦN SKII FACIAL TREATMENT ESSENCE SAMPLE SIZE 30ML', '<pre>Xuất xứ: Nhật
Dung tích: 30ml</pre>', 444, 'OEM', 'USED', 1.5681687944211848, 71, 450000, 9, 0.0, 'https://vn-test-11.slatic.net/original/e6c09b65f15c7cdf39863dfde13e7522.jpg;https://vn-test-11.slatic.net/original/7450f6fa4eb0874328f49b14097f1939.jpg;https://vn-test-11.slatic.net/original/87b1b2e67603269cf827a0c05ef85008.jpg;', 0, 4);

INSERT INTO product (id, name, short_desc, full_desc, category_id, brand_name, status, weight, available_item, unit_price, discount_percent, avg_rating, img_url, total_rating, supplier_id) VALUES(44430, 'Cọ rửa mặt 2 đầu thông minh', 'Cọ rửa mặt 2 đầu thông minh', '<pre>Làm sạch bụi bẩn và tế bào da chết; ngăn ngừa bã nhờn và mụn cám trên da.
Thiết kế nhỏ gọn; vừa vặn tay cầm; tay cầm có thể dựng đứng giúp đầu cọ không bị bẩn.
Mặt sợi lông tơ trước với 250.000 sợi mịn màng giúp làm sạch sâu da mặt
Mặt sau bằng silicon giúp mát xa nhẹ nhàng; tăng cường lưu thông máu dưới da.
An toàn; thích hợp với mọi loại da
NHỎ GỌN, DỄ CẦM NẮM, đế phẳng DỄ DÀNG CẤT GIỮ VÀ MANG THEO BÊN MÌNH dù là đi làm, đi học hay đi du lịch.</pre>', 444, 'No Brand', 'USED', 9.389619262256689, 94, 28000, 9, 4.6, 'https://vn-test-11.slatic.net/original/bfab1c910e41dcdf3da0508bcf70a6c0.jpg;https://vn-test-11.slatic.net/original/b1f9b539c951b70effe37c1121517054.jpg;https://vn-test-11.slatic.net/original/36708ceff9c41caee723e4062ad3a580.jpg;https://vn-test-11.slatic.net/original/7b08867cc11adad14871cfdecf9aa6f3.jpg;https://vn-test-11.slatic.net/original/a4855397c96991c5b7982f5c986cc88b.jpg;https://vn-test-11.slatic.net/original/8850deda8faf42749f7f65fd4e691999.jpg;', 100, 3);

INSERT INTO review (id, product_id, reviewer, rating, `comment`) VALUES(444300, 44430, 'Dung N.', 3, 'hàng giao nhanh hơn VN post. hợp đóng kỷ càng, lông cọ mềm mượt, dễ sử dụng.rửa mặt có tốt không thì chưa biết vẫn cho 5 sao');

INSERT INTO review (id, product_id, reviewer, rating, `comment`) VALUES(444301, 44430, 'Kha V.', 0, '');

INSERT INTO review (id, product_id, reviewer, rating, `comment`) VALUES(444302, 44430, 'Hoàng S.', 1, 'Rất tuyệt! Cọ mềm mịn, mặt cọ và cả mặt sau đều rửa rất sạch');

INSERT INTO review (id, product_id, reviewer, rating, `comment`) VALUES(444303, 44430, 'Trai T.', 1, 'shop đóng gói kĩ có rửa mặt mền, mượt ok lắm');

INSERT INTO review (id, product_id, reviewer, rating, `comment`) VALUES(444304, 44430, 'Như Q.', 2, 'chưa rửa mặt.... nhưng cọ mềm mại nhìn nhỏ nhỏ... xinh xinh rất đáng yêu');

INSERT INTO product (id, name, short_desc, full_desc, category_id, brand_name, status, weight, available_item, unit_price, discount_percent, avg_rating, img_url, total_rating, supplier_id) VALUES(44431, 'Serum gấc trị thâm môi, thâm mụn, nám, tàn nhang+ tặng 1 hũ son dưỡng', 'Serum gấc trị thâm môi, thâm mụn, nám, tàn nhang+ tặng 1 hũ son dưỡng', '<pre>SERUM DẦU GẤC 100% TỪ THIÊN NHIÊN NHÀ LÀM. 1. Công dụng: - Trị mụn ẩn, nám, tàn nhang, thâm môi. - Giúp da căng bóng hồng hào. - Làm dịu nhẹ vết côn trùng đốt. 2.Thành phần: 98% gấc tươi, 2% dầu oliu và vitamin. Sản phầm làm từ nguyên liệu hoàn toàn thiên nhiên nên rất an toàn cho da. 3. Cách sử dụng: - Đối với thâm mụn, nám, tàn nhang: dùng vào buổi tối trước khi đi ngủ, nhỏ 3 đến 5 giọt serum thoa đều khắp mặt để khoảng 10 phút rồi dùng khăn khô lau đi lớp serum trên bề mặt, để thêm 10 phút nữa rồi dùng khăn ấm lau lại thật sạch. - Đối với thâm môi: nhỏ 2 giọt vào lòng bàn tay rồi chấm nhẹ thoa đều khắp môi, dùng ngày 2 lần sáng và tối, trước khi thoa nên tẩy tế bào chết để serum phát huy tác dụng tốt hơn. 4. Lưu ý sản phẩm làm từ thiên nhiên, không phải là thuốc nên không có tác dụng ngay được vì vậy mọi người kiên trì sử dụng nha. 5. Thời gian sử dụng: trên 1 tháng cho 1 lọ 10ml.</pre>', 444, 'I''M NATURE', 'NEW', 3.5395619833534866, 2, 48500, 9, 4.8, 'https://vn-test-11.slatic.net/original/c7bba7f9a3ab58e079a359226f55b0fb.jpg;https://vn-test-11.slatic.net/original/b4cab8a5be0967ae7979074ed5a1efc5.jpg;https://vn-test-11.slatic.net/original/5f45cf883ee039c3f75791d59fed53fe.jpg;https://vn-test-11.slatic.net/original/c0fc0ff640c86cb9099e1e389d3b3978.jpg;https://vn-test-11.slatic.net/original/56ae998366a6123ad9e551d0aa863d71.jpg;https://vn-test-11.slatic.net/original/44481dea259e40d42169779b1d86fe4a.jpg;', 12, 7);

INSERT INTO review (id, product_id, reviewer, rating, `comment`) VALUES(444310, 44431, 'Hiển N.', 1, 'sản phẩm trị thâm hiệu quả, chất lượng, giảm thâm. Mình sẻ tiếp tục ủng hộ shop.');

INSERT INTO review (id, product_id, reviewer, rating, `comment`) VALUES(444311, 44431, 'Nhi U.', 2, 'sp tốt, có kèm son dưỡng');

INSERT INTO review (id, product_id, reviewer, rating, `comment`) VALUES(444312, 44431, 'Ngọc Q.', 4, 'Tốt');

INSERT INTO product (id, name, short_desc, full_desc, category_id, brand_name, status, weight, available_item, unit_price, discount_percent, avg_rating, img_url, total_rating, supplier_id) VALUES(44432, 'Máy hút mụn Beauty Skin care Hl-308', 'Máy hút mụn Beauty Skin care Hl-308', '<pre>Máy hút mụn Beauty Skin care Hl-308
Kích thước :
Máy hút mụn Beauty Skin - Bí quyết cho làn da sạch mụn. Hút mụn nhanh - không đau - không đỏ da - hút đến đâu sạch đến đấy.
Là dòng máy chuyên dùng cho y khoa thẩm mỹ. Máy hoạt động dựa trên cơ chế nén khí, giúp tạo lực hút tập trung vừa đủ mạnh để lấy sạch nhân mụn trong các lcl mà ko gây tổn thương cho da như các phương pháp nặn mụn thông thường.
Được trang bị 4 đầu hút đa chức năng giúp \"tóm gọn\" các thể loại \"nhà\" mụn tốc độ điều chỉnh phù hợp với mọi loại da
Hút sạch : mụn cám, mụn đầu đen, sợi bã nhờn. Bảo vệ da & hạn chế tối đa các tổn thương khi lấy mụn.
Không dùng cho da quá nhạy cảm, bị mụn bọc, mụn viêm sưng & vết thương hở
Thiết kế tiện dụng, thao tác đơn giản, dễ sử dụng. Đặc biệt máy chạy môtơ điện cực khỏe, cho máy vận hành êm, hạn chế tiếng ồn và rung, rất thích hợp cho việc sử dụng tại nhà riêng.</pre>', 444, 'No Brand', 'USED', 1.092481950803693, 86, 135000, 9, 5.0, 'https://vn-test-11.slatic.net/original/ce8fc48cd4a351a8ebec51d5c4f831e7.jpg;https://vn-test-11.slatic.net/original/684525da7e5721fab5958979df996c1f.jpg;https://vn-test-11.slatic.net/original/e14b355e2def8a724bc69aaaa75a49cc.jpg;https://vn-test-11.slatic.net/original/a0610221c2bfbf8619178b1515a1aa85.jpg;https://vn-test-11.slatic.net/original/c900c5d727c63a15413a254fba35a8aa.jpg;', 5, 3);

INSERT INTO review (id, product_id, reviewer, rating, `comment`) VALUES(444320, 44432, 'Trần M.', 0, 'Sản phẩm OK');

INSERT INTO product (id, name, short_desc, full_desc, category_id, brand_name, status, weight, available_item, unit_price, discount_percent, avg_rating, img_url, total_rating, supplier_id) VALUES(44433, 'Máy Rửa Mặt (Có Nút Bịt Lỗ Sạc Chống Nước) Tặng Kèm Dây Sạc', 'Máy Rửa Mặt (Có Nút Bịt Lỗ Sạc Chống Nước) Tặng Kèm Dây Sạc', '<pre>- Máy rửa mặt là một cuộc cách mạng trong lĩnh vực chăm sóc da giúp loại bỏ vết bẩn ảnh hưởng đến làn da trong khi bạn vẫn cảm nhận được sự nhẹ nhàng êm ái khi sử dụng. Chỉ cần sử dụng mỗi lần 1 phút, 2 lần một ngày để có làn da ưa nhìn, khỏe mạnh và sạch sẽ.
- Sản phẩm được sản xuất theo công nghệ T-sonic 8000 rung động mỗi phút giúp làm sạch sâu bên trong với sức mạnh gấp đôi. Nhịp rung của sóng âm T-sonic tạo ra khả năng đặc biệt giúp loại bỏ 99.5% các chất dầu và bụi bẩn, cũng như cặn trang điểm và tế chào chết còn sót lại, hay tẩy da chết mà không gây kích ứng da.
- Đầu chạm silicon cực kỳ nhẹ nhàng trên da,được làm bằng silicon mềm mại đem lại một trải nghiệm làm sạch phù hợp với mọi loại da.
- Silicon siêu sạch, không tạo xốp để chống tích tụ vi khuẩn
- Hợp vệ sinh hơn gấp 35 lần so với bàn chải tiêu chuẩn.
- Chống nước hoàn toàn khi sử dụng trong bồn tắm hay vòi hoa sen
+ HƯỚNG DẪN CÁCH SỬ DỤNG MÁY RỬA MẶT:
- Làm ướt da mặt với sữa rửa mặt yêu thích rồi bật máy lên.
- Nhẹ nhàng di chuyển máy rửa mặt vòng quanh các vị trí trên khuôn mặt trong khoảng 1 phút.
- Rửa sạch và lau khô da mặt. Có thể dùng thêm các sản phẩm chăm sóc da bổ sung mong muốn.
LƯU Ý: GIAO MÀU NGẪU NHIÊN (hồng, xanh)</pre>', 444, '', 'NEW', 9.277090480036337, 22, 130000, 9, 4.9, 'https://vn-test-11.slatic.net/p/568f5bdba12b9a832b43afc55958ac8a.jpg;https://vn-test-11.slatic.net/p/8de6a844cbb73b12714b7708ef7117e2.jpg;https://vn-test-11.slatic.net/p/efc890b994543e2d47ff26e23b1272e5.jpg;https://vn-test-11.slatic.net/p/1ea1156bf7909d9185449a4e954888ff.jpg;', 21, 3);

INSERT INTO review (id, product_id, reviewer, rating, `comment`) VALUES(444330, 44433, 'Nhim N.', 0, 'chỗ cấm sạc nằm ở đâu vậy shop');

INSERT INTO review (id, product_id, reviewer, rating, `comment`) VALUES(444331, 44433, 'Xạo K.', 0, 'hàng ok đúng màu rung rất là phê');

INSERT INTO review (id, product_id, reviewer, rating, `comment`) VALUES(444332, 44433, 'Linh C.', 0, 'Máy rung mạnh.tạo bọt  nhiều(tiết kiệm tốt sữa rửa mặt) rửa sạch mátxa tốt.thời gian sử dụng bền hay ko thì chưa biết.hàng giống quảng cáo');

INSERT INTO review (id, product_id, reviewer, rating, `comment`) VALUES(444333, 44433, 'Diệu H.', 1, 'giá rẻ nhưng xài tốt, da sạch đỡ mụn, sp dc đóng gói cẩn thận. Sẽ tiếp tục ủng hộ.');

INSERT INTO review (id, product_id, reviewer, rating, `comment`) VALUES(444334, 44433, 'Bùi A.', 1, 'Ổn');

INSERT INTO product (id, name, short_desc, full_desc, category_id, brand_name, status, weight, available_item, unit_price, discount_percent, avg_rating, img_url, total_rating, supplier_id) VALUES(44434, 'Tái Tạo Cao Cấp Trị Mụn Bà Lão', 'Tái Tạo Cao Cấp Trị Mụn Bà Lão', '<pre>DƯỢC TÍNH
Trị sạch mụn không tái phát.
Sạch nhờn, da khô thoáng.
Dưỡng da trắng hồng, mịn màng, se khít lỗ chân lông.
Đầy sẹo rỗ, tan vết thâm, sạm, nám....
Tái tạo, phục hồi da do mỹ phẩm.
Đặc biệt phù hợp mọi loại da, kể cả da mỏng yếu, dễ dị ứng...
TƯƠNG TÁC THUỐC
Giai đoạn 1 : Làm sạch da, cân bằng da nhờn trở nên khô thoáng!
Giai đoạn 2 : Đẩy mụn ẩn, khô cồi mụn và rụng ra ngoài.
Giai đoạn 3 : Bong da ( rất quan trọng ) giúp da được thanh lọc độc tố do do môi trường, mỹ phẩm, thực phẩm....sẽ được đào thải qua lớp da chết bị bong đi, làn da mới nỏn nà trắng mịn được tái tạo như làn da em bé , khỏe mạnh !</pre>', 444, 'Bà Lão', 'USED', 5.431481902554607, 83, 260000, 9, 4.8, 'https://vn-test-11.slatic.net/p/0709f67735c33d77f01dfadfd7f3acc6.jpg;https://vn-test-11.slatic.net/original/df6925072799bb7151aa96c524a093fc.jpg;https://vn-test-11.slatic.net/original/7f021b17f25fabca764e0f4e8be62b30.jpg;https://vn-test-11.slatic.net/original/2835beb336ecbf26eb45d9ab724581d7.jpg;https://vn-test-11.slatic.net/original/e3f173a5309f4d75d0b6971df84a6b32.jpg;https://vn-test-11.slatic.net/original/286fe097e2631a735653b44cbfa7bc4c.jpg;https://vn-test-11.slatic.net/original/1b916a7724fa768e171ad45aab6a4a11.jpg;https://vn-test-11.slatic.net/original/e8ea0dee75abdb0a8b364543e8aba4e6.jpg;', 38, 5);

INSERT INTO review (id, product_id, reviewer, rating, `comment`) VALUES(444340, 44434, 'Nguyễn V.', 1, 'Vỏ đổi thành màu trắng. Thuốc thì vẫn vậy. ok lắm');

INSERT INTO review (id, product_id, reviewer, rating, `comment`) VALUES(444341, 44434, 'Duy N.', 3, 'Xài khá tốt, nhưng giao hàng hơi lâu:((');

INSERT INTO review (id, product_id, reviewer, rating, `comment`) VALUES(444342, 44434, 'Lê V.', 1, 'đóng gói đẹp Giao hàng rất nhanh');

INSERT INTO review (id, product_id, reviewer, rating, `comment`) VALUES(444343, 44434, 'Sùng V.', 4, 'Đang dùng , nhìn cũng hiệu quả');

INSERT INTO review (id, product_id, reviewer, rating, `comment`) VALUES(444344, 44434, 'Lil V.', 3, 'I như giới thieu');

INSERT INTO product (id, name, short_desc, full_desc, category_id, brand_name, status, weight, available_item, unit_price, discount_percent, avg_rating, img_url, total_rating, supplier_id) VALUES(44435, 'Máy xông hơi mặt hoa quả tươi tự động 2 in 1', 'Máy xông hơi mặt hoa quả tươi tự động 2 in 1', '<pre>Màu sắc: TrắngKích thước: cao 20cm, đường kính 15cmTrọng lượng: 320gram </pre>', 444, 'OEM', 'NEW', 9.267695199152264, 79, 109000, 9, 4.1, 'https://vn-test-11.slatic.net/original/b1ed052d62236bd2ede59177b3878c31.jpg;https://vn-test-11.slatic.net/original/43b4faa10c1745a6313b5b9190607597.jpg;https://vn-test-11.slatic.net/original/64b71ae7d7686985e061b2226a78e098.jpg;https://vn-test-11.slatic.net/original/af26e843e359462668d7259aff2d1c21.jpg;https://vn-test-11.slatic.net/original/15156837954dded05923ffcec04ade98.jpg;', 18, 8);

INSERT INTO review (id, product_id, reviewer, rating, `comment`) VALUES(444350, 44435, 'Nguyễn T.', 3, 'Máy dung tốt giá hợp lý');

INSERT INTO review (id, product_id, reviewer, rating, `comment`) VALUES(444351, 44435, 'Lực', 1, 'dùng ngol mới mua nên cho chạy với nc lọc cho bớt mùi nhựa nhưng nhầm màu chọn màu trắng ship về màu hồng wtf nhưng ko cần mong shop chú ý hơn');

INSERT INTO review (id, product_id, reviewer, rating, `comment`) VALUES(444352, 44435, 'Lun M.', 3, 'hàng đúng như hình. sp dùng ok  mà  giá rẻ nữa. sẽ ủng hộ shop  dài dài');

INSERT INTO review (id, product_id, reviewer, rating, `comment`) VALUES(444353, 44435, 'Hùng N.', 1, 'hàng tôt mua cái nửa cho con');

INSERT INTO review (id, product_id, reviewer, rating, `comment`) VALUES(444354, 44435, 'Ngoc M.', 4, 'đặt may xong hoi mat.sao lai giao may xay sinh to.');

INSERT INTO product (id, name, short_desc, full_desc, category_id, brand_name, status, weight, available_item, unit_price, discount_percent, avg_rating, img_url, total_rating, supplier_id) VALUES(44436, 'Máy rửa mặt massage Halio', 'Máy rửa mặt massage Halio', '<pre>- Bã nhờn và bụi bẩn sẽ được cuốn đi hoàn toàn
- Giúp thu nhỏ lỗ chân lông, giảm mụn cám, mụn đầu đen
- Nhẹ nhàng tẩy tế bào chết
- Kết hợp Massage giúp làn da được thư giãn
- 14 chế độ rung khác nhau cùng gai mềm silicon mềm mại kháng khuẩn không gây kích ứng</pre>', 444, 'HALIO', 'NEW', 1.3877132886552894, 61, 680000, 9, 4.9, 'https://vn-test-11.slatic.net/original/3750548e550adc6f2510fec085738397.jpg;https://vn-test-11.slatic.net/original/ee3253d2eee38734eacc2c34d5887e3f.jpg;https://vn-test-11.slatic.net/original/d0865109df34c19934b18ee80174e220.jpg;https://vn-test-11.slatic.net/original/3f5fdc4091f94f56c5dba946eb41bef2.jpg;https://vn-test-11.slatic.net/original/e921ec1a718fc47da6eaf01cd0e41078.jpg;https://vn-test-11.slatic.net/original/c8b2fc489cabe6299bc509d27566ff1b.jpg;https://vn-test-11.slatic.net/original/74c795998a24ad9330697490a0ef2d00.jpg;', 26, 3);

INSERT INTO review (id, product_id, reviewer, rating, `comment`) VALUES(444360, 44436, 'Lương N.', 0, 'Máy dùng thật sự rất là tốt, rửa xong da k những sạch mà còn sáng hơn rất nhiều so vs rửa mặt bằng tay, da đc cải thiện tốt hơn 1 cách rõ rệt chỉ sau vài lần sử dụng, tương lai hứa hẹn da sẽ còn đẹp hơn nhiều í 😊😊. Máy tốt còn đc shop tặng thêm 1 hộp bông silcot của Nhật nữa, bông này thì xịn khỏi bàn rồi. Rất tuyệt phải không nào 😀😀. Đây thật sự là một sản phẩm đáng đồng tiền bát gạo mà ai cũng nên sắm cho mình 1 em nhá. Rất hài lòng😊😊');

INSERT INTO review (id, product_id, reviewer, rating, `comment`) VALUES(444361, 44436, 'Nguyễn H.', 0, 'Khi hai ta về một nhà :* :* 
Từ nay đam mê rửa mặt, #GENCOS bán e này xịn xò ghê, hộp đẹp, giao hàng nhanh, còn được tặng kèm bộ mỹ phẩm mini để đi du lịch nữa😘 Yêu quá đi mất, bé vàng của chị👸🏻👸🏻👸🏻 Sờ mặt mịn là thấy yêu đời hơn hẳn😜😜😜 Thank #lGENCOS nhé');

INSERT INTO review (id, product_id, reviewer, rating, `comment`) VALUES(444362, 44436, 'Nguyễn H.', 4, 'Máy dùng tốt. Sạch mặt lắm. Full box Lilibox. Ok');

INSERT INTO review (id, product_id, reviewer, rating, `comment`) VALUES(444363, 44436, 'Bích T.', 1, 'Tư vấn nhiệt tình, giao hàng siêu nhanh');

INSERT INTO review (id, product_id, reviewer, rating, `comment`) VALUES(444364, 44436, 'Lazada Customer', 1, 'Tin được không? Tới giờ mình cũng không tin là có shop như vậy luôn. Bất ngờ thiệt đó.

Máy dùng siêu thích, mặt nhẹ tơn sau khi dùng, cảm giác như lấy đi hàng tá nhờn, mụn trên đó vậy.
Quà tặng kèm siêu cute.
Còn phần quà may mắn thì QUÁ CHẤT NGẤT. Mùi thơm cực kì dai luôn. 
Rất thích luôn ák.');

INSERT INTO product (id, name, short_desc, full_desc, category_id, brand_name, status, weight, available_item, unit_price, discount_percent, avg_rating, img_url, total_rating, supplier_id) VALUES(44437, 'Mặt nạ màng tế bào gốc GoGo Hàn Quốc, đang hot', 'Mặt nạ màng tế bào gốc GoGo Hàn Quốc, đang hot', '<pre>Xuất xứ: Hàn Quốc
Một sản phẩm mới đang rất hot trên thị trường Hàn Quốc và Việt Nam hiện nay nhé
8 Lý do khiến bạn không thể từ chối mặt nạ màng tế bào: - Sạch vết bẩn, lỗ chân lông, mụn đầu đen, trứng cá, sáng da - Không chỉ mờ thâm nám- mà da còn mịn màng - sáng bóng !!! - Sản phẩm đông y. - Không gây đỏ rát. - Không bong tróc. - Không xâm lấn. - Thời gian hồi phục da nhanh chóng. - Hồng hào mềm mịn chỉ sau vài lần sử dụng
Cách sử dụng: Rất dễ dàng nhé - Rửa sạch mặt, bôi 1 lớp mỏng lên mặt để sau 15-20 phút lột ra bạn sẽ thấy rõ sự khác biệt</pre>', 444, 'OEM', 'USED', 1.1421713710536066, 68, 85000, 9, 4.1, 'https://vn-test-11.slatic.net/original/e960c7aa47e0ccbfe99e4b2a34e2eb0b.jpg;https://vn-test-11.slatic.net/original/d2900dcff022f6be919afa5dd60ffb6e.jpg;https://vn-test-11.slatic.net/original/87c6ec06c1adface53d1eded8ca74b91.jpg;https://vn-test-11.slatic.net/original/8981c450ade05dd1b43016950febd401.jpg;', 18, 4);

INSERT INTO review (id, product_id, reviewer, rating, `comment`) VALUES(444370, 44437, 'Trần T.', 3, 'tạm');

INSERT INTO review (id, product_id, reviewer, rating, `comment`) VALUES(444371, 44437, 'Hiền Á.', 2, 'thất vọng về sp.');

INSERT INTO review (id, product_id, reviewer, rating, `comment`) VALUES(444372, 44437, 'Lazada Customer', 2, 'không check được mã hàng, nt xem xong chẳng trả lời, tóm lại bị lừa, hàng giả....');

INSERT INTO review (id, product_id, reviewer, rating, `comment`) VALUES(444373, 44437, 'Nguyen T.', 4, 'k dung lot k ra ti mun nao dung la lua dao');

INSERT INTO review (id, product_id, reviewer, rating, `comment`) VALUES(444374, 44437, 'Bé G.', 3, 'tốt');

INSERT INTO product (id, name, short_desc, full_desc, category_id, brand_name, status, weight, available_item, unit_price, discount_percent, avg_rating, img_url, total_rating, supplier_id) VALUES(44438, 'Máy massage 6in1 đầu LY-878', 'Máy massage 6in1 đầu LY-878', '<pre>Thiết kế nhỏgọn thông minh
Chất liệu nhựa cao cấp
Có 5 đầu massage để thay đổi
Sử dụng an toàn dễ dàng</pre>', 444, 'ANCOM GL', 'USED', 1.110895328650714, 45, 24900, 9, 4.6, 'https://vn-test-11.slatic.net/p/5/may-massage-6in1-dau-ly-878-2843-5603924-4e74026151a5c059be2f3044ab854466-catalog.jpg;https://vn-test-11.slatic.net/original/4f6c719f806ec2a2159b738b27121b92.jpg;https://vn-test-11.slatic.net/original/0ee75fab24a16c78cd336d162701d9af.jpg;', 25, 2);

INSERT INTO review (id, product_id, reviewer, rating, `comment`) VALUES(444380, 44438, 'Lazada Customer', 3, 'giống hình , khó xàii đọc mấy nhận xét khác của ngmua thấy cx hay lại rẻ ms mua ...ai dè rung đúng dởm');

INSERT INTO review (id, product_id, reviewer, rating, `comment`) VALUES(444381, 44438, 'Anh N.', 4, 'Rung khá mạnh, 2 chế độ rung rõ ràng thường là dùng chế độ 1 là đủ. Máy xài tốt trong tầm giá tiền. Khuyến cáo nên dùng với pin sạc, chứ pin thường tốn khối tiền.');

INSERT INTO review (id, product_id, reviewer, rating, `comment`) VALUES(444382, 44438, 'Thư N.', 3, 'hàng đẹp');

INSERT INTO review (id, product_id, reviewer, rating, `comment`) VALUES(444383, 44438, 'De L.', 2, 'máy rất tuyệt vời phải sử dụng pin sạc là đỉnh luôn 😘😘');

INSERT INTO review (id, product_id, reviewer, rating, `comment`) VALUES(444384, 44438, 'Long G.', 3, 'thấy rẻ mua thử bên trong là 1 moto 130 có đầu rung, sản phẩm giống hình. thay cho rung đt khá ok');

INSERT INTO product (id, name, short_desc, full_desc, category_id, brand_name, status, weight, available_item, unit_price, discount_percent, avg_rating, img_url, total_rating, supplier_id) VALUES(44439, 'Máy xông hơi mặt mini cầm tay xịt khoáng Nano kiểu Hàn Quốc – Kiêm sạc dự phòng', 'Máy xông hơi mặt mini cầm tay xịt khoáng Nano kiểu Hàn Quốc – Kiêm sạc dự phòng', '<pre>Máy Xông Hơi Mini Cầm Tay Là một thiết bị xông hơi cầm tay chăm sóc da mặt thật tiện dụng cho tất cả các bạn gái mổi khi đi du lịch hay hay picnic .
Máy sử dụng công nghệ phun nano Hàn Quốc.
Giúp cho da mặt bạn luôn có độ ẩm nhất định.
Công dụng tuyệt vời dành cho người da khô.
Lưu ý: Giao mùa ngẫu nhiên.</pre>', 444, 'OEM', 'NEW', 5.3389225500641295, 68, 79000, 9, 4.6, 'https://vn-test-11.slatic.net/p/a309ed71105e61e36b8baf6bcf6abe7f.jpg;https://vn-test-11.slatic.net/p/242a109dc932a866b3d1a8134a6643f4.jpg;https://vn-test-11.slatic.net/p/c366c8d8e227ed79657b96fac02d9908.jpg;https://vn-test-11.slatic.net/p/38b61b747249c7530c5199d67cc0dd35.jpg;https://vn-test-11.slatic.net/p/8a1fbeca04747a45c1751a2767b1bc30.jpg;https://vn-test-11.slatic.net/p/d13dda4c65971fb55ba6934ed60a1358.jpg;https://vn-test-11.slatic.net/p/3ce186a7b2a3b9dec9649733704fa0db.jpg;https://vn-test-11.slatic.net/p/54f37a7ae6ef72045a9f48f52c6beb9e.jpg;', 8, 8);

INSERT INTO review (id, product_id, reviewer, rating, `comment`) VALUES(444390, 44439, 'nguyen N.', 3, 'Sao máy xài dc 1 bức vậy dở quá muốn đổi sao shop');

INSERT INTO product (id, name, short_desc, full_desc, category_id, brand_name, status, weight, available_item, unit_price, discount_percent, avg_rating, img_url, total_rating, supplier_id) VALUES(4360, 'Dầu Gội Pantene Ngăn Rụng Tóc chai 900G', 'Dầu Gội Pantene Ngăn Rụng Tóc chai 900G', '<pre>Với công thức đặc chế chuyên biệt dành cho các mái tóc yếu, dầu gội PANTENE ProV Hair Fall Control Shampoo sẽ giúp nhẹ nhàng lấy sạch bụi bẩn cũng như chất nhờn trên tóc và da đầu để các dưỡng chất dễ dàng thấm sâu vào tóc, nuôi dưỡng và bảo vệ tóc tránh gãy rụng. PANTENE ProV Hair Fall Control Shampoo - Giải pháp lý tưởng cho mái tóc chắc khỏe từ gốc đến ngọn.</pre>', 436, 'pantene', 'USED', 1.0759496005666382, 93, 108000, 28, 4.8, 'https://vn-test-11.slatic.net/p/3c7b25da5001a0572f699d616ab619ad.jpg;https://vn-test-11.slatic.net/p/6ab5f7e44bd4628d0c43c10c35e949bc.jpg;https://vn-test-11.slatic.net/original/4a4b7fc03f4e68b148050d1815da022e.jpg;https://vn-test-11.slatic.net/original/2c9c0764abc74c158025970762a03323.jpg;https://vn-test-11.slatic.net/original/1ad0c440e580dae1ac1e995c9fbdfe07.jpg;', 291, 4);

INSERT INTO review (id, product_id, reviewer, rating, `comment`) VALUES(43600, 4360, 'Hoang', 4, 'dầu gội còn 70% trong bình🤔?, dầu ko bị tràn hay dò đổ ra ngoài, đóng gói kĩ tốt, nhưng có 1 điều ko hài lòng là có 70% bình là sao, ít nhất cũng phải được 90% chứ');

INSERT INTO review (id, product_id, reviewer, rating, `comment`) VALUES(43601, 4360, 'Nguyễn M.', 1, 'Nguyễn minh vũ đã đến chuyên săn hàng giá rẻ Cảm ơn shop cảm ơn mọi người đã đọc đánh giá của mình chi tiết xin liên hệ Facebook để biết thêm chi tiết 
  Thân! Cảm ơn 
  Mãi yêu các bạn ❤❤❤❤❤❤❤❤❤❤❤❤❤❤❤❤😘😘😘😘😘😘😘😘😘😘😘😘😘😘😘😘😘😘😘😘😘😘😘😘');

INSERT INTO review (id, product_id, reviewer, rating, `comment`) VALUES(43602, 4360, 'Ha H.', 0, 'mua 2 lọ thì 1 lọ bị chảy tùm lum. dù đã bọc bong bóng xốp các kiểu.. shop cần chú ý cách đóng hàng hơn.');

INSERT INTO review (id, product_id, reviewer, rating, `comment`) VALUES(43603, 4360, 'Huongthao B.', 1, 'Hàng  tốt  giá  yêu  thương  nhất  thị  trường  Lazada đóng  gói  và  giao hàng  nhanh síp thân  thiện. 💚');

INSERT INTO review (id, product_id, reviewer, rating, `comment`) VALUES(43604, 4360, 'Lazada Customer', 3, 'Hàng đúng như mô tả. Đóng gói cẩn thận.');

INSERT INTO product (id, name, short_desc, full_desc, category_id, brand_name, status, weight, available_item, unit_price, discount_percent, avg_rating, img_url, total_rating, supplier_id) VALUES(4361, 'Dầu Gội Head&Shoulders Bạc Hà chai 850ML', 'Dầu Gội Head&Shoulders Bạc Hà chai 850ML', '<pre>Với công thức bạc hà mát rượi, dầu gội Head & Shoulders giúp gội sạch gàu và ngăn gàu quay trở lại, đồng thời làm mát lạnh tóc và da đầu mang cho bạn cảm giác mát lạnh sảng khoái. Sản phẩm có thành phần dịu nhẹ, thích hợp sử dụng mỗi ngày. Dầu gội Head & Shoulders chăm sóc tóc cho cả gia đình.</pre>', 436, 'Head & Shoulders', 'USED', 5.213815385234697, 7, 137000, 28, 4.9, 'https://vn-test-11.slatic.net/p/173454aa7b7511571be9222881377966.jpg;https://vn-test-11.slatic.net/p/1c10684bdfed67a38648877a848d0c9c.jpg;https://vn-test-11.slatic.net/original/e9106b3309f8407374b3e8146f28b8da.jpg;https://vn-test-11.slatic.net/original/18ee7cfac1d4fa370909fe061af4e3a5.jpg;https://vn-test-11.slatic.net/original/0b265142cdd22575fe8e1117c85f0cf2.jpg;https://vn-test-11.slatic.net/original/d0a31d31564cf2639b27e20587ff9212.jpg;', 139, 5);

INSERT INTO review (id, product_id, reviewer, rating, `comment`) VALUES(43610, 4361, 'Nguyễn M.', 1, 'Giao hàng nhanh. Sản phẩm tốt chất lượng, quá rẻ so với giá 8.000đ');

INSERT INTO review (id, product_id, reviewer, rating, `comment`) VALUES(43611, 4361, 'Phạm T.', 4, 'đóng gói châc chắn, giao hàng nhanh, sản phẩm xài rất ok.');

INSERT INTO review (id, product_id, reviewer, rating, `comment`) VALUES(43612, 4361, 'huy', 4, 'chất lượng tuyệt vời');

INSERT INTO review (id, product_id, reviewer, rating, `comment`) VALUES(43613, 4361, 'Thang N.', 2, 'hàng ok lắm sẻ ghé lại xóm lần sao');

INSERT INTO review (id, product_id, reviewer, rating, `comment`) VALUES(43614, 4361, 'dung', 1, 'Đóng gói sản phẩm cẩn thận và kĩ lưỡng.Sản phẩm tốt,hài lòng.');

INSERT INTO product (id, name, short_desc, full_desc, category_id, brand_name, status, weight, available_item, unit_price, discount_percent, avg_rating, img_url, total_rating, supplier_id) VALUES(4362, 'Bộ 2 dầu gội chống gàu Rohto Selsun 100ml + Tặng 1 dầu xả dưỡng tóc Selsun 100ml', 'Bộ 2 dầu gội chống gàu Rohto Selsun 100ml + Tặng 1 dầu xả dưỡng tóc Selsun 100ml', '<pre>Đánh bay nấm gây gàu, làm sạch vảy nấm và ngứa da đầu
Giữ cho da đầu không gàu; không ngứa và luôn khỏe mạnh
Tinh chất trà xanh giúp phục hồi tóc bị khô yếu và dễ gãy rụng; cho tóc luôn suôn khỏe.
Tinh dầu ô liu nguyên chất giúp dưỡng ẩm; giảm khô rối để tóc luôn mềm mượt
Có thể dùng cho cả tóc nhuộm và uốn</pre>', 436, 'Rohto', 'NEW', 7.344861249546701, 94, 180000, 28, 4.7, 'https://vn-test-11.slatic.net/p/4b1b2223383cbbcbbbcce5d9f57095f2.jpg;https://vn-test-11.slatic.net/p/5/bo-2-dau-goi-chong-gau-rohto-selsun-100ml-tang-1-dau-xa-duong-toc-selsun-100ml-7408-7492112-6dcbe9debea9104b3924138e72a02977-catalog.jpg;https://vn-test-11.slatic.net/original/1d9d92c9f80533a8b06a10f1957ded8c.jpg;https://vn-test-11.slatic.net/original/ed2a59085d4371e638d0354afea681ce.jpg;https://vn-test-11.slatic.net/original/1ae09bad233eb2847106cd19e4de85b2.jpg;', 571, 3);

INSERT INTO review (id, product_id, reviewer, rating, `comment`) VALUES(43620, 4362, 'Nguyễn V.', 3, 'Giao hàng nhanh chóng, tối đặt hàng, sáng đã tới. Đóng gói sản phẩm kĩ càng, chắc chắn. Sản phẩm như hình');

INSERT INTO review (id, product_id, reviewer, rating, `comment`) VALUES(43621, 4362, 'Lazada Customer', 4, 'selsun xài rồi nên chất lượng khỏi bàn ^^ Tiệm thuốc tây cũng bán đầy. N Lazada rẻ hơn nhìu :)) Mua đợt 12/12 sale khủng, giờ Feb.1 năm 2019 mới vô đánh giá =)))');

INSERT INTO review (id, product_id, reviewer, rating, `comment`) VALUES(43622, 4362, 'Nguyễn M.', 0, 'Đóng gói đẹp');

INSERT INTO review (id, product_id, reviewer, rating, `comment`) VALUES(43623, 4362, 'Đoàn T.', 3, 'Hàng này đã dùng nên mua thêm vì chất lượng tốt. Hàng giao đảm bảo, bao bì đẹp, gọn gàng. rẻ hơn thị trường.');

INSERT INTO review (id, product_id, reviewer, rating, `comment`) VALUES(43624, 4362, 'Cao L.', 1, 'Dầu gội gì chán ghê. Mua combo 2 chai mà chưa xài hết nửa chai đã hết gàu, hết ngứa rồi. Đành phải xài tiếp phần còn lại thôi chứ hong dám đổi dầu khác luôn :)))))
Có khi mấy ngày quên không gội đầu, do không thấy gàu mà cũng chả ngứa, chả dơ gì hết. Nản thiệt. Kiểu này có mà ở dơ miết thôi. 5 sao :D');

INSERT INTO product (id, name, short_desc, full_desc, category_id, brand_name, status, weight, available_item, unit_price, discount_percent, avg_rating, img_url, total_rating, supplier_id) VALUES(4363, 'Bộ 1 chai dầu gội và 1 chai dầu xả chống rụng và kích thích mọc tóc Thick & Full Organix Biotin & Collagen', 'Bộ 1 chai dầu gội và 1 chai dầu xả chống rụng và kích thích mọc tóc Thick & Full Organix Biotin & Collagen', '<pre>Xuất xứ : Mỹ
Quy cách: 385ml
Ogx là thương hiệu nổi tiếng của Mỹ với các sản phẩm làm đẹp đơn giản, hiệu quả từ thiên nhiên. Các sản phẩm của Ogx được chiết xuất 100% từ thảo dược thiên nhiên, không chứa hóa chất.
Collagen & Biotin được biết đến là 2 dưỡng chất có công dụng dưỡng tóc chắc khỏe, chống rụng tóc hiệu quả. Sản phẩm dầu gội- xả của Organix là sự kết hợp tuyệt vời giữa Biotin & Collagen mang đến hiệu quả cao trong trị rụng tóc, kích thích mọc tóc cho mái tóc dày mượt ấn tượng.
Công dụng
Vitamin B7 ( hay còn gọi là Biotin) mang đến hiệu quả dưỡng tóc từ sâu bên trong, tăng cường sự chắc khỏe của sợi tóc, giảm tóc gãy rụng, kích thích mọc tóc.
Collagen chứa trong sản phẩm không những giúp tóc chắc khỏe mà còn giúp tăng độ dày của tóc, cho bạn mái tóc bồng bềnh, dày mượt quyến rũ
Protein lúa mì dưới tác động của thủy phân giúp tăng khả năng hấp thụ dưỡng chất vào tóc.
Cung cấp độ ẩm và bổ sung các axit amin, khoáng chất cần thiết cho tóc, bảo vệ tóc khỏi những tác động của môi trường, cho mái tóc bóng mượt tự nhiên
Hương thơm dễ chịu, quyến rũ, bền lâu
Không chứa chất bảo quản paraben và chất tạo bọt sulfates gây ung thư như các loại dầu gội thông thường. Đạt tiêu chuẩn của cục quản lí Thực phẩm và Dược phẩm Hoa Kỳ</pre>', 436, 'OGX', 'USED', 5.570499903001864, 11, 369000, 28, 4.9, 'https://vn-test-11.slatic.net/original/d066d06c0c3f286f38738fda3dbb8281.jpg;https://vn-test-11.slatic.net/original/43e1d34dfa59b5e3f6fcfc6d4ef7ef26.jpg;https://vn-test-11.slatic.net/original/1b067718afa79c8a18d7a3610a39e126.jpg;', 32, 9);

INSERT INTO review (id, product_id, reviewer, rating, `comment`) VALUES(43630, 4363, 'Vi H.', 3, 'goi co hieu qua tot');

INSERT INTO review (id, product_id, reviewer, rating, `comment`) VALUES(43631, 4363, 'Xuan', 0, 'minh rat thich,tks shop da tu van nhiet tinh');

INSERT INTO review (id, product_id, reviewer, rating, `comment`) VALUES(43632, 4363, 'Thành Q.', 2, 'CHẤT LƯỢNG TUYỆT VỜI, SHOP LAM VIEC UY TÍN. Mình rat thich mua hang tai shop');

INSERT INTO review (id, product_id, reviewer, rating, `comment`) VALUES(43633, 4363, 'Quang D.', 0, 'OK LAM');

INSERT INTO review (id, product_id, reviewer, rating, `comment`) VALUES(43634, 4363, 'Sai S.', 4, 'dung tốt');

INSERT INTO product (id, name, short_desc, full_desc, category_id, brand_name, status, weight, available_item, unit_price, discount_percent, avg_rating, img_url, total_rating, supplier_id) VALUES(4364, 'Dầu gội TRESEMME PLATINUM STRENGTH 650G', 'Dầu gội TRESEMME PLATINUM STRENGTH 650G', '<pre>Sản phẩm chăm sóc tóc chuẩn salon đên từ Mỹ; được tin dùng bởi các nhà tạo mẫu tóc tại các kinh đô thời trang trên thế giới.
Phức hợp phục hồi Renewing Complex cùng Silicone thẩm thấu sâu; củng cố hàng rào bảo vệ tự nhiên của tóc.
Không chỉ bảo vệ từng sợi tóc khỏi hư tổn và gãy rụng; mà còn bổ sung độ ẩm cần thiết cho mái tóc dễ dàng tạo kiểu
Giúp hồi phục và bảo vệ tóc khỏi hư tổn trong tương lai; cho mái tóc khỏe đẹp rạng ngời.
Sử dụng trọn bộ sản phẩm TRESemmé Platinum Strength giúp phục hồi tóc sau 2 năm hư tổn chỉ trong 5 lần gội như được dưỡng ở salon.</pre>', 436, 'Tresemme', 'NEW', 4.511373406155416, 99, 124500, 28, 4.9, 'https://vn-test-11.slatic.net/original/c66b6b1b71c903cca2c43fffad59cb7e.jpg;https://vn-test-11.slatic.net/original/c1d47c81e7244b25db4976205d5d4fee.jpg;https://vn-test-11.slatic.net/original/9466b724da64284b7d2687cabd4dddd0.jpg;', 58, 6);

INSERT INTO review (id, product_id, reviewer, rating, `comment`) VALUES(43640, 4364, 'vu T.', 3, 'Giao hàng nhanh.chat lượg tốt,GHN phục vụ nhiệt tình');

INSERT INTO review (id, product_id, reviewer, rating, `comment`) VALUES(43641, 4364, 'Nguyễn N.', 2, 'Sản phẩm chất lượng tốt , mùi rất thơm và dễ chịu , hạn sử dụng còn dài đến năm 2021 , very good');

INSERT INTO review (id, product_id, reviewer, rating, `comment`) VALUES(43642, 4364, 'Quynh H.', 3, 'sản phẩm tốt,đóng gói cẩn thận');

INSERT INTO review (id, product_id, reviewer, rating, `comment`) VALUES(43643, 4364, 'Hải H.', 4, 'Gội đầu ít rụng tóc hơn nè, mùi thơm, nói chung là yêu :))');

INSERT INTO review (id, product_id, reviewer, rating, `comment`) VALUES(43644, 4364, 'Minh C.', 1, 'Dầu gội thơm nhẹ, mình dùng chung với kem xả cùng hãng mà dòng detox nên ko biết nhận xét chất lượng riêng biệt sao cả. Nhưng cảm thấy 2 sản phẩm dùng chung rất thích. Mua đúng lúc lazada lên deal giá tốt. Sản phẩm của lazmall nhà bán hàng lazada thì mình rất yên tâm.');

INSERT INTO product (id, name, short_desc, full_desc, category_id, brand_name, status, weight, available_item, unit_price, discount_percent, avg_rating, img_url, total_rating, supplier_id) VALUES(4365, 'Nước gội đầu bồ kết và vỏ bưởi cô đặc Mộc Nhu trị rụng tóc và trị gàu.', 'Nước gội đầu bồ kết và vỏ bưởi cô đặc Mộc Nhu trị rụng tóc và trị gàu.', '<pre>Chiết xuất 100% nguyên liệu thiên nhiên bao gồm: bồ kết, vỏ bưởi, hương nhu, sả, bạc hà và các loại lá thơm khác
Trị sạch gàu và giảm tình trạng rụng tóc
Tự động hút sạch chất cặn bã, kim loại nặng, bụi bẩn, tế bào chết,… tích tụ bên trong da đầu, nang tóc và tuyến bãn nhờn
Sau khoảng 7 – 10 lần gội đầu, tóc ngưng rụng, tình trạng tóc bết dính, ngứa ngáy và nhiều gàu giảm khoảng70%
Sản phẩm đạt chuẩn về chất lượng, được sản xuất theo quy trình chuẩn, luôn đảm an toàn và vệ sinh trong khâu bào chế
Phù hợp cho cả nam nữ trẻ trên 6 tuổi</pre>', 436, 'OEM', 'USED', 1.5934311387081594, 69, 170000, 28, 4.8, 'https://vn-test-11.slatic.net/p/a66686f3bf926b834926c3de39f41f73.jpg;https://vn-test-11.slatic.net/p/43fe5f821efd890f593ee5bd72ce7727.jpg;https://vn-test-11.slatic.net/p/7004b3b73726576834d5373e0d4bb632.jpg;https://vn-test-11.slatic.net/p/626ba2ad741c199d25ee77b012c6645f.jpg;https://vn-test-11.slatic.net/p/879cc3173b7348c4e1446c335e365bb7.jpg;', 53, 1);

INSERT INTO review (id, product_id, reviewer, rating, `comment`) VALUES(43650, 4365, 'Lê A.', 2, 'dầu gội thơm, ko có bọt và chất tẩy, mình dùng 1 tuần mà tóc giảm rụng hẳn luôn. Giờ thì cả nhà dùng dầu này luôn');

INSERT INTO review (id, product_id, reviewer, rating, `comment`) VALUES(43651, 4365, 'lê D.', 1, 'đúng hình, mẫu mã đẹp, gói kỹ, sử dụng được vài hôm thấy hiệu quả rõ rệt, đang vẫn sử dụng để theo dõi kết quả tiếp, tạm đánh giá 5 sao cho shop vì phục vụ tốt');

INSERT INTO review (id, product_id, reviewer, rating, `comment`) VALUES(43652, 4365, 'Linh T.', 2, 'dag dung thu');

INSERT INTO review (id, product_id, reviewer, rating, `comment`) VALUES(43653, 4365, 'Phan T.', 1, 'dầu gội tốt. cho 5 sao');

INSERT INTO review (id, product_id, reviewer, rating, `comment`) VALUES(43654, 4365, 'lê V.', 2, 'mới nhận dc sản phẩm , chờ sử dụng xem hiệu quả không đánh giá tiếp');

INSERT INTO product (id, name, short_desc, full_desc, category_id, brand_name, status, weight, available_item, unit_price, discount_percent, avg_rating, img_url, total_rating, supplier_id) VALUES(4366, 'Bộ dầu gội và dầu xả chăm sóc tóc Tresemme Nhập khẩu Thái Lan', 'Bộ dầu gội và dầu xả chăm sóc tóc Tresemme Nhập khẩu Thái Lan', '<pre>Bổ sung dưỡng chất Vitamin E.
Chiết xuất từ hướng dương, hạt phỉ và hạnh nhân.
Lý tưởng cho tóc khô, hư tổn do xử lý hóa chất hay nhiệt.
Công thức dịu nhẹ làm cho tóc bóng khỏe và mềm mượt.</pre>', 436, 'Tresemme', 'USED', 1.2947914580569817, 2, 140000, 28, 4.4, 'https://vn-test-11.slatic.net/original/7700a5fe7bcf91af5d57e2b00ffb3ad4.jpg;https://vn-test-11.slatic.net/original/fc19182d78ba4a0bd40530ba95d35b47.jpg;https://vn-test-11.slatic.net/original/afe9c539fe822135d783cd8cc96b4e47.jpg;', 80, 2);

INSERT INTO review (id, product_id, reviewer, rating, `comment`) VALUES(43660, 4366, 'Sandra D.', 3, 'shop làm ăn kg trung thực. đưa hàng giả..dầu gội thì thật mà dầu xả thì hàng giả..mua lần đầu đưa đúng đồ lần sau thì vậy đó..nghĩ lần đầu mua hàng thật. nên lần sau sơ ý kg kiểm tra hàng..vì tin tưởng..làm ăn phải trọng uy tín chứ..nè nhìn đi cặp đầu tiên là hàng thật check là ra còn cặp thứ 2 dầu gội thì ra dầu xả kg ra..');

INSERT INTO review (id, product_id, reviewer, rating, `comment`) VALUES(43661, 4366, 'Nguyen B.', 2, 'hàng tốt, giá rẻ');

INSERT INTO review (id, product_id, reviewer, rating, `comment`) VALUES(43662, 4366, 'Nguyen K.', 0, 'lm viec k chuyen nghiep.đặt hàng 1 noi giao hàng 1 neo,đổi hàng fai di bưu điẹn mat time');

INSERT INTO review (id, product_id, reviewer, rating, `comment`) VALUES(43663, 4366, 'Nguyen V.', 2, 'shop oi chai dau xa nắp bị hư k mở đươc');

INSERT INTO review (id, product_id, reviewer, rating, `comment`) VALUES(43664, 4366, 'Viet', 0, 'Xai rat tot nhung ko thay han su dung o dau het');

INSERT INTO product (id, name, short_desc, full_desc, category_id, brand_name, status, weight, available_item, unit_price, discount_percent, avg_rating, img_url, total_rating, supplier_id) VALUES(4367, 'Keratin Complex Nano-Giải Pháp Phục Hồi Tóc Hư Tổn Công Nghệ Nano', 'Keratin Complex Nano-Giải Pháp Phục Hồi Tóc Hư Tổn Công Nghệ Nano', '<pre>Siêu Phẩm Phục Hồi Tóc Keratin Complex Nano (combo 2bước Gội+Xả)
#Các_loại_tóc_khô_xơ , #Tóc_rụng, #Tóc_chẻ_ngọn , #Tóc_nát , #Tóc_cháy..- Phục hồi từng sợi tóc từ ngọn đến chân tóc
- Hết khô xơ ngay 1-2 lần đầu dùng
- Tóc không còn chẻ ngọn
- Giúp chân tóc khỏe hơn và giảm rụng
- Giúp tóc mềm mượt, giữ ẩm tốt- Cặp Gội+Xả 500ml, dùng được từ 6-8 tháng, trị gàu, khống chế dầu mà tóc lại mềm mượt và óng ả.
Keratin Complex Nano siêu phục hồi cam tóc kết tóc bạn sẽphục hồi đến 90% ngay từ lần gội đầu tiên. Sau 1-2 tuần sử dụng, tóc chắc chân, khỏe thân và mướt đến bất ngờ,giúp mái tóc bạn quyến rủ,cuốn hút như vừa làm tại salon.</pre>', 436, 'Keratin', 'USED', 9.340164929100489, 78, 550000, 28, 5.0, 'https://vn-test-11.slatic.net/original/53b9aa46b4990c0c4ee266f1b6aeff3c.jpg;https://vn-test-11.slatic.net/original/d40ce2d6c11afbe92205f2deae50aeb2.jpg;https://vn-test-11.slatic.net/original/ec90e23c3e855ce7c05e2a7074fcf81f.jpg;', 1, 3);

INSERT INTO product (id, name, short_desc, full_desc, category_id, brand_name, status, weight, available_item, unit_price, discount_percent, avg_rating, img_url, total_rating, supplier_id) VALUES(4368, 'Set 40 gói dầu gội, dầu xả Sunsilk mềm mượt diệu kỳ 6g + tặng 1 túi đựng mỹ phẩm', 'Set 40 gói dầu gội, dầu xả Sunsilk mềm mượt diệu kỳ 6g + tặng 1 túi đựng mỹ phẩm', '<pre>Set gồm: 40 gói dầu gội hoặc 40 gói dầu xả hoặc 20 gói dầu gội+ 20 gói dầu xảChọn set nào thì khách vui lòng note với shop bằng mục chát với shop để shop soạn đúng sp theo yêu cầu của khách yêu nhé.
- Dầu gội Sunsilk - HSD : 05/05/02021
- Dầu xã Sunsilk- HSD : 03/05/02021
Giá lẻ: 25k</pre>', 436, 'Sunsilk', 'NEW', 6.532021004216297, 30, 25000, 28, 4.4, 'https://vn-test-11.slatic.net/original/64545eab94e007c37bad4e76dcfea6a3.jpg;https://vn-test-11.slatic.net/original/756418fb649f4830e1cede5f467b7c26.jpg;https://vn-test-11.slatic.net/original/e01c441bb56fc11c299087d5fb78db23.jpg;https://vn-test-11.slatic.net/original/4d8408d10214dd046e18e824e2aa3e62.jpg;', 18, 4);

INSERT INTO review (id, product_id, reviewer, rating, `comment`) VALUES(43680, 4368, 'Diễm P.', 3, 'mình đặt sunsilk vàng nhưng shop lại giao sunsilk đen. Thất vọng. à. mình ktra lại thấy 2 cùng là dầu xả, ngày sx gần nhau nhưng lại in 2 mẫu mã khác nhau. ko biết có phải hàng nhái ko. 😣😣');

INSERT INTO review (id, product_id, reviewer, rating, `comment`) VALUES(43681, 4368, 'huynh T.', 4, 'ok lắm. giao đủ và hông thủng gói nào luôn');

INSERT INTO review (id, product_id, reviewer, rating, `comment`) VALUES(43682, 4368, 'Hoa C.', 4, 'tot');

INSERT INTO review (id, product_id, reviewer, rating, `comment`) VALUES(43683, 4368, 'Lazada Customer', 4, 'Tốt');

INSERT INTO product (id, name, short_desc, full_desc, category_id, brand_name, status, weight, available_item, unit_price, discount_percent, avg_rating, img_url, total_rating, supplier_id) VALUES(4369, 'Bộ sản phẩm chăm sóc ngăn rụng tóc L''Oreal Paris Elseve Fall Resist 3X (Gội 650ml + Xả 325ml)', 'Bộ sản phẩm chăm sóc ngăn rụng tóc L''Oreal Paris Elseve Fall Resist 3X (Gội 650ml + Xả 325ml)', '<pre>Cung cấp cho tóc các dưỡng chất thiết yếu giúp ngăn tóc gãy rụng
Tinh chất Argine nuôi tóc từ gốc rễ, phục hồi cấu trúc tóc, giúp tóc mọc khỏe hơn</pre>', 436, 'L''Oreal Paris', 'NEW', 7.2352526377931525, 58, 139000, 28, 5.0, 'https://vn-test-11.slatic.net/p/18256e8a9c9a01248d8fc17009fd89d0.jpg;https://vn-test-11.slatic.net/p/7dada1c072a85de774613988630050ac.jpg;https://vn-test-11.slatic.net/p/713682f5f74ab5216560fe58d3449887.jpg;https://vn-test-11.slatic.net/p/c10a95a483f42a75577edf3e794db342.jpg;https://vn-test-11.slatic.net/p/e6d86254772136d18444fb7c835f0d4d.jpg;', 2, 1);

INSERT INTO review (id, product_id, reviewer, rating, `comment`) VALUES(43690, 4369, 'Huỳnh N.', 1, 'Đã nhận được, sản phẩm tốt giá rẻ');

INSERT INTO product (id, name, short_desc, full_desc, category_id, brand_name, status, weight, available_item, unit_price, discount_percent, avg_rating, img_url, total_rating, supplier_id) VALUES(43610, 'Set quà tặng du lịch thương hiệu Dove gồm 4 món', 'Set quà tặng du lịch thương hiệu Dove gồm 4 món', '<pre>- Bộ du lịch Dove gồm: nhỏ gọn, tiện mang theo bên mình đi công tác, du lịch
+ 01 ví dove da mềm, xinh xắn ( mẫu ví simili giao hình ngẫu nhiên, màu trắng - Xanh)
+ 01 chai Dầu gội phục hồi hư tổn 50g (48.5ml) 
+ 01 chai Dầu xả dưỡng tóc bồng bềnh 50g (51ml) 
+ 01 sữa tắm dưỡng thể dove 45ml</pre>', 436, 'Dove', 'NEW', 7.692545135341164, 32, 32000, 28, 3.6, 'https://vn-test-11.slatic.net/p/3401139608f1bb669aca2d7c69e81f1a.jpg;https://vn-test-11.slatic.net/p/171699ad6624496a461648a2fcc176bb.jpg;https://vn-test-11.slatic.net/p/5eac4a2d81d1d2244471d9c2f933695e.jpg;', 5, 5);

INSERT INTO review (id, product_id, reviewer, rating, `comment`) VALUES(436100, 43610, 'Trần T.', 4, 'tốt');

INSERT INTO product (id, name, short_desc, full_desc, category_id, brand_name, status, weight, available_item, unit_price, discount_percent, avg_rating, img_url, total_rating, supplier_id) VALUES(43611, 'DẦU GỘI CHỐNG GÀU SELSUN 50ML', 'DẦU GỘI CHỐNG GÀU SELSUN 50ML', '<pre>DẦU GỘI SELSUN✓ Dầu gội chống gàu Selsun với Selenium Sulfide 1% hiệu quả vượt trội trong việc tìm và đánh bay nấm gây gàu, làm sạch vảy nấm và ngứa da đầu. Nhờ vậy, Selsun giữ cho da đầu không gàu, không ngứa và luôn khỏe mạnh.✓ Với sự kết hợp hoàn hảo giữa thành phần dưỡng tóc Dimethicone và Tab 2, Selsun giúp duy trì mái tóc khỏe đẹp, mềm mại và dễ chải.✓ Có thể dùng Selsun cho cả tóc nhuộm và uốn.
--------------------------
Nhà thuốc iCare
✍️ Mã số thuế: 0107900571
✍️ Giấy CN đủ ĐKKD dược số: 03--4277/ĐKKĐ-HNO</pre>', 436, 'Selsun', 'NEW', 7.758384870806041, 64, 51000, 28, 0.0, 'https://vn-test-11.slatic.net/original/901e2469e232fc6e2cb1fc2c7f44d2e1.jpg;https://vn-test-11.slatic.net/original/316f9fc31a65192a847c9d5adc1b8efe.jpg;https://vn-test-11.slatic.net/original/78600a08408ebb2bcfb3fec523531bfc.jpg;https://vn-test-11.slatic.net/original/79d4f74ed915984c1b82aedefb698e63.jpg;', 0, 9);

INSERT INTO product (id, name, short_desc, full_desc, category_id, brand_name, status, weight, available_item, unit_price, discount_percent, avg_rating, img_url, total_rating, supplier_id) VALUES(43612, 'Dầu gội trị gầu Selsun 100ml', 'Dầu gội trị gầu Selsun 100ml', '<pre>CÔNG DỤNG
Tìm và đánh bay nấm gây gàu, làm sạch vảy nấm và ngứa da đầu
Dùng cho cả người bị gàu nặng
Duy trì mái tóc khỏe đẹp, mềm mại và dễ chải
CÁCH DÙNG
Thoa đều dầu gội lên tóc và da đầu ướt, để 2-3 phút cho kết quả tốt nhất
Xả sạch lại với nước
Dùng đều đặn 2 lần/ 1 tuần cho đến khi gàu hết hẳn
Dùng mỗi tuần/ 1 lần để ngăn ngừa quay trở lại
Dùng cho tóc nhuộm và uốn
QUY CÁCH
Tránh tiếp xúc trực tiếp với mắt. Nếu dính vào mắt, rửa kĩ bằng nước sạch
Bảo quản nơi mát, dưới 30°C
Tránh ánh nắng trực tiếp
Luôn đọc kỹ thông tin in trên bao bì. Sử dụng theo hướng dẫn.</pre>', 436, 'Selsun.vn', 'NEW', 8.535520755262393, 85, 73000, 28, 4.5, 'https://vn-test-11.slatic.net/p/5/dau-goi-tri-gau-selsun-100ml-3088-26804434-a24a9fd140a28cd9354e97c67b3ad20d-catalog.jpg;', 18, 8);

INSERT INTO review (id, product_id, reviewer, rating, `comment`) VALUES(436120, 43612, 'lương V.', 1, 'giao hàng nhanh, đúng sản phẩm');

INSERT INTO review (id, product_id, reviewer, rating, `comment`) VALUES(436121, 43612, 'Hoàng T.', 1, 'từ từ cmt sau');

INSERT INTO review (id, product_id, reviewer, rating, `comment`) VALUES(436122, 43612, 'lê T.', 1, 'sản phẩm giống hình nhưng dầu gội thì rất loãng');

INSERT INTO review (id, product_id, reviewer, rating, `comment`) VALUES(436123, 43612, 'Lazada Customer', 2, 'Mình mua dầu gội trị gàu ,mà giao thành chống gàu .Bó tay');

INSERT INTO review (id, product_id, reviewer, rating, `comment`) VALUES(436124, 43612, 'Minh H.', 1, 'Ok');

INSERT INTO product (id, name, short_desc, full_desc, category_id, brand_name, status, weight, available_item, unit_price, discount_percent, avg_rating, img_url, total_rating, supplier_id) VALUES(43613, '50 gói dầu gội clear thảo dược 6g (tặng kèm 1 túi đựng mỹ phẩm)', '50 gói dầu gội clear thảo dược 6g (tặng kèm 1 túi đựng mỹ phẩm)', '<pre>✨ Set 50 gói dầu gội Clear thảo dược 6g. Gội này siêu thích luôn. Êm lắm..Kèm ví da cầm tay luôn. Ví đa năng tiện ích✨
Giá 45k (50 gói kèm ví) (giá thị trường 1.5k/gói)
✔ Dầu gội trị gàu, mát lạnh da đầu.
✔ Nuôi dưỡng da đầu với 9 loại thảo dược.
✔ Tóc mềm, mịn. Thích hợp với tóc nhuộm.</pre>', 436, 'No Brand', 'USED', 2.618414646314764, 17, 45000, 28, 4.4, 'https://vn-test-11.slatic.net/p/f2920f401312e3e2e822e71f60bd6a6c.jpg;https://vn-test-11.slatic.net/p/edfa0ce2007e7206c929b4ece214bc5b.jpg;https://vn-test-11.slatic.net/p/4e488c5774af0a05110b5a4f975fc8e4.jpg;', 17, 4);

INSERT INTO review (id, product_id, reviewer, rating, `comment`) VALUES(436130, 43613, 'Mai P.', 1, 'sản phẩm tốt');

INSERT INTO review (id, product_id, reviewer, rating, `comment`) VALUES(436131, 43613, 'Đào T.', 4, 'đúng như quảng cáo.');

INSERT INTO review (id, product_id, reviewer, rating, `comment`) VALUES(436132, 43613, 'Kim D.', 3, 'kem ít quá');

INSERT INTO review (id, product_id, reviewer, rating, `comment`) VALUES(436133, 43613, 'nguyen T.', 2, 'dầu gội mát lạnh , mình rất thích .');

INSERT INTO review (id, product_id, reviewer, rating, `comment`) VALUES(436134, 43613, 'lan L.', 4, 'ok');

INSERT INTO product (id, name, short_desc, full_desc, category_id, brand_name, status, weight, available_item, unit_price, discount_percent, avg_rating, img_url, total_rating, supplier_id) VALUES(43614, 'Dầu gội trị gàu Selsun 1.8% - Dành cho người bị gàu nặng đến rất nặng (chai 100ml)', 'Dầu gội trị gàu Selsun 1.8% - Dành cho người bị gàu nặng đến rất nặng (chai 100ml)', '<pre>Mã hiệu Dầu gội trị gàu Selsun 1.8% - Dành cho người bị gàu nặng đến rất nặng
Thành phần Selenium Sulfide 1.8%, Acacia, Citric Acid, 1,3-Dimethylol-5,5-Dimethylhydantoin, Sodium Lauryl Ether Sulfate, Ethylene ,...
Công dụng Dùng cho điều trị và dự phòng gàu, ngứa da đầu và viêm da tiết bã do nhiễm vi nấm Malassezia.
Cách dùng Lắc kỹ trước khi dùng. Thoa 5-10ml dầu gội vào da đầu ướt, để 2-3 phút cho thuốc tiếp xúc với da đầu. Xả sạch lại với nước. Dùng 2 lần/tuần trong 2 tuần. Sau đó dùng 1 lần/tuần hoặc 1 lần/2 tuần.
Trọng lượng chai 100ml
Đơn vị sản xuất Công ty Rohto Mentholatum Việt Nam</pre>', 436, 'Pharma', 'USED', 1.1107970988689813, 67, 99000, 28, 5.0, 'https://vn-test-11.slatic.net/original/2effdc04ac66045c6851f0f4606e9615.jpg;https://vn-test-11.slatic.net/original/330e7ecad1bb4b6504104a2b68507881.jpg;https://vn-test-11.slatic.net/original/909f6d66aa7fb5649f8c0e19a729a748.jpg;', 1, 9);

INSERT INTO review (id, product_id, reviewer, rating, `comment`) VALUES(436140, 43614, 'Đoàn C.', 2, 'giao hàng nhanh đóng gói chắc chắn');

INSERT INTO product (id, name, short_desc, full_desc, category_id, brand_name, status, weight, available_item, unit_price, discount_percent, avg_rating, img_url, total_rating, supplier_id) VALUES(43615, 'Dầu Gội Pantene Chăm Sóc Hư Tổn chai 950G', 'Dầu Gội Pantene Chăm Sóc Hư Tổn chai 950G', '<pre>Dầu gội Pantene chăm sóc tóc hư tổn ứng dụng công thức Pro-Vitamin B5 hay còn được biết đến với tên gọi là Panthenol với hai thành phần quan trọng làPanthenol và Panthenyl Ethyl Etherthấm sâu vào từng sợi tóc. Sử dụng hằng ngày để giúp ngăn ngừa 10 dấu hiệu tóc hư tổn: tóc rối, tóc xỉn màu, dễ gãy, tóc chẻ ngọn, tóc gãy rụng, tóc khô, nhám, yếu, xù, không vào nếp. Tăng cường thêm công nghệ Ngăn ngừa hư tổn lớp Keratin, giúp tóc chắc khỏe, bảo vệ hư tổn đến 99%, cho tóc mềm mượt suôn thẳng.</pre>', 436, 'pantene', 'NEW', 8.344592584088318, 58, 113000, 28, 4.8, 'https://vn-test-11.slatic.net/p/51b06136fdd74b8a9b199d097a88e145.jpg;https://vn-test-11.slatic.net/p/c3ac3e6f2fb7d93f43acb16d47536d41.jpg;https://vn-test-11.slatic.net/original/9ce9687819e4377a67411c9fa9d2a6d7.jpg;https://vn-test-11.slatic.net/original/8b77600c6c787e6a84d4424a0bb8f667.jpg;https://vn-test-11.slatic.net/original/97402924ab1bd81298acbe412fa66791.jpg;https://vn-test-11.slatic.net/original/432402e810400082ebb7a15f73fdb4b6.jpg;https://vn-test-11.slatic.net/original/8e1deb1b71c2781029ec8e6757120899.jpg;', 196, 7);

INSERT INTO review (id, product_id, reviewer, rating, `comment`) VALUES(436150, 43615, 'Nguyễn Đ.', 1, 'Giao hàng nhanh, giá tốt');

INSERT INTO review (id, product_id, reviewer, rating, `comment`) VALUES(436151, 43615, 'Taxi T.', 4, 'hàng không rỏ nguồn gốc xuất sứ treo đầu dê bán thịt chó đặt chai 950 thì dao cho khách hàng chai 900g chếch mã vạch ko có thông tin sản phẩm ko phải hàng chính hảng');

INSERT INTO review (id, product_id, reviewer, rating, `comment`) VALUES(436152, 43615, 'sử T.', 3, 'Hàng tốt chất lượng cao lần sau mình sẽ ủng hộ shop');

INSERT INTO review (id, product_id, reviewer, rating, `comment`) VALUES(436153, 43615, 'Lazada Customer', 3, 'Đóng gói kỹ,có điều mua cùng 1 hoả đơn,cùng 1 nhà bán hàng mà cái thì giao cho khách cái thì tự hủy hóa đơn của khách k 1 lý do,sale giảm giá rồi k giao đủ hàng cho khách.lazada cần phải xem lại nếu k sẽ mất uy tín với khách hàng');

INSERT INTO review (id, product_id, reviewer, rating, `comment`) VALUES(436154, 43615, 'Trần N.', 2, 'hộp quà dẹp nhưng không có Quà tặng kèm theo giờ hỏi Ai dây');

INSERT INTO product (id, name, short_desc, full_desc, category_id, brand_name, status, weight, available_item, unit_price, discount_percent, avg_rating, img_url, total_rating, supplier_id) VALUES(43616, '1 chai Dầu gội chống rụng và kích thích mọc tóc Thick & Full Organix Biotin & Collagen Thể tích 750ml', '1 chai Dầu gội chống rụng và kích thích mọc tóc Thick & Full Organix Biotin & Collagen Thể tích 750ml', '<pre>Dầu gội OGX Biotin & Collagen 750ml
Bạn này nổi tiếng quá rồi nên không giới thiệu nhiều nữa
Nói chung là phục hồi tóc, kích thích mọc tóc, giúp tóc dày, bồng bềnh, chắc khoẻ, óng mượt 750ml rất nhiều, xài được 3 tháng hơn
Kiểu chai này mình thấy đẹp hơn hẳn kiểu có vòi đó ạ
Ogx là thương hiệu nổi tiếng của Mỹ với các sản phẩm làm đẹp đơn giản, hiệu quả từ thiên nhiên. Các sản phẩm của Ogx được chiết xuất 100% từ thảo dược thiên nhiên, không chứa hóa chất.
Collagen & Biotin được biết đến là 2 dưỡng chất có công dụng dưỡng tóc chắc khỏe, chống rụng tóc hiệu quả. Sản phẩm dầu gội- xả của Organix là sự kết hợp tuyệt vời giữa Biotin & Collagen mang đến hiệu quả cao trong trị rụng tóc, kích thích mọc tóc cho mái tóc dày mượt ấn tượng.
Công dụng
Vitamin B7 ( hay còn gọi là Biotin) mang đến hiệu quả dưỡng tóc từ sâu bên trong, tăng cường sự chắc khỏe của sợi tóc, giảm tóc gãy rụng, kích thích mọc tóc.
Collagen chứa trong sản phẩm không những giúp tóc chắc khỏe mà còn giúp tăng độ dày của tóc, cho bạn mái tóc bồng bềnh, dày mượt quyến rũ
Protein lúa mì dưới tác động của thủy phân giúp tăng khả năng hấp thụ dưỡng chất vào tóc.
Cung cấp độ ẩm và bổ sung các axit amin, khoáng chất cần thiết cho tóc, bảo vệ tóc khỏi những tác động của môi trường, cho mái tóc bóng mượt tự nhiên
Hương thơm dễ chịu, quyến rũ, bền lâu
Không chứa chất bảo quản paraben và chất tạo bọt sulfates gây ung thư như các loại dầu gội thông thường. Đạt tiêu chuẩn của cục quản lí Thực phẩm và Dược phẩm Hoa Kỳ</pre>', 436, 'OGX', 'NEW', 2.737519741570698, 1, 359999, 28, 5.0, 'https://vn-test-11.slatic.net/p/98344f82fab8b6d00b85ca4b3038a11c.jpg;https://vn-test-11.slatic.net/p/8a8cb6fb3a2fb0f79f0b87560ec09622.jpg;https://vn-test-11.slatic.net/p/10c78c71174dd1cc3b2a525789711acb.jpg;', 14, 5);

INSERT INTO review (id, product_id, reviewer, rating, `comment`) VALUES(436160, 43616, 'Vi H.', 0, 'goi co hieu qua tot');

INSERT INTO review (id, product_id, reviewer, rating, `comment`) VALUES(436161, 43616, 'Xuan', 1, 'tks shop da tu van nhiet tinh');

INSERT INTO review (id, product_id, reviewer, rating, `comment`) VALUES(436162, 43616, 'Thành Q.', 1, 'CHẤT LƯỢNG TUYỆT VỜI, SHOP LAM VIEC UY TÍN. Mình rat thich mua hang tai shop');

INSERT INTO review (id, product_id, reviewer, rating, `comment`) VALUES(436163, 43616, 'Chieng L.', 3, 'good');

INSERT INTO review (id, product_id, reviewer, rating, `comment`) VALUES(436164, 43616, 'Quang D.', 3, 'OK LAM');

INSERT INTO product (id, name, short_desc, full_desc, category_id, brand_name, status, weight, available_item, unit_price, discount_percent, avg_rating, img_url, total_rating, supplier_id) VALUES(43617, 'Dầu gội Tresemme Salon Detox Tóc Chắc khỏe chuẩn Salon 450ml Thái Lan', 'Dầu gội Tresemme Salon Detox Tóc Chắc khỏe chuẩn Salon 450ml Thái Lan', '<pre>TRESemmé là Nhãn hàng chăm sóc tóc chuẩn Salon đến từ Mỹ, được tin dùng bởi các nhà tạo mẫu tóc chuyên nghiệp tại Tuần lễ Thời trang New York suốt 10 năm qua.
Dầu gội TRESemmé Salon Detox với công thức chứa thành phần thiên nhiên gồm gừng và trà xanh, giúp tóc detox "thải độc" và khôi phục lại mái tóc chắc khỏe.
Sản phẩm KHÔNG chứa Parabens và Chất tạo màu, nồng độ Sulfate thấp, thích hợp ngay cả với tóc nhuộm.
Sử dụng trọn bộ sản phẩm TRESemmé Salon Detox cho mái tóc chắc khỏe chuẩn SALON ngay tại nhà, mỗi ngày.</pre>', 436, 'Tresemme', 'USED', 3.694175521149618, 75, 75000, 28, 4.0, 'https://vn-test-11.slatic.net/original/4616f4519d3ab0ef11276b52029027bb.jpg;https://vn-test-11.slatic.net/original/283b08ea456a03070db92bdadb9434d6.jpg;', 4, 8);

INSERT INTO review (id, product_id, reviewer, rating, `comment`) VALUES(436170, 43617, 'Hứa P.', 3, 'Cả 4 người trong gia đình đều dùng thử sản phẩm này thì kết quả đều là rất ngứa,nghi ngờ rất cao đây là hàng giả.Cảm giác quá thật vọng và bực mình,tôi muốn trả hàng.');

INSERT INTO review (id, product_id, reviewer, rating, `comment`) VALUES(436171, 43617, 'Ngoc C.', 4, 'xài ok');

INSERT INTO product (id, name, short_desc, full_desc, category_id, brand_name, status, weight, available_item, unit_price, discount_percent, avg_rating, img_url, total_rating, supplier_id) VALUES(43618, 'Bộ dầu gội herbario + Dầu xả tóc vỏ bưởi & bồ kết chuyên tóc', 'Bộ dầu gội herbario + Dầu xả tóc vỏ bưởi & bồ kết chuyên tóc', '<pre>Dầu xả herbario 270ml
Dầu gội herbarip 270ml
Chiết xuất từ tinh chất vỏ bưởi và bồ kết thiên nhiên
Dùng hơn 1 tháng
Kết hợp dầu gội herbario + dầu xả để đặt hiệu quả cao.
Giảm rụng tóc, kích mọc tóc, giảmkhô tóc giúp tóc xuôn mượt</pre>', 436, 'No Brand', 'USED', 8.556024741581892, 56, 220000, 28, 4.9, 'https://vn-test-11.slatic.net/original/2da1bd869b9f163ccd65eee0d27d66ae.jpg;https://vn-test-11.slatic.net/original/c64e306db9b00a15a9d5780873ade5ce.jpg;https://vn-test-11.slatic.net/original/faef31f79492220e74691504aee5bcd9.jpg;https://vn-test-11.slatic.net/original/24ba34a6567596af100c87bd7c41337c.jpg;', 34, 5);

INSERT INTO review (id, product_id, reviewer, rating, `comment`) VALUES(436180, 43618, 'Lan', 4, 'Đã sử dụng nhiều loại nhưng tháy loại này ok nhất, vừa mượt tóc vừa mọc tóc mùi lại nhẹ nhàng rât dễ chịu');

INSERT INTO review (id, product_id, reviewer, rating, `comment`) VALUES(436181, 43618, 'Hường', 3, 'rất hài lòng. lần đầu gội cảm thấy mát mẻ, sảng khoái tóc có mùi thơm nhẹ của vỏ bưởi. sử dụng lâu dài xem hiệu quả ra sau. cảm ơn shop');

INSERT INTO review (id, product_id, reviewer, rating, `comment`) VALUES(436182, 43618, 'nguyễn T.', 1, 'sản phẩm đúng mô tả mùi rất thơm tóc rất mềm mượt sd hết sẽ mua ủng hộ shop tiếp');

INSERT INTO review (id, product_id, reviewer, rating, `comment`) VALUES(436183, 43618, 'Oanh', 2, 'Mùi dầu gội rất thơm, dầu xả kèm thêm dùng mượt tóc lắm ah');

INSERT INTO review (id, product_id, reviewer, rating, `comment`) VALUES(436184, 43618, 'Văn Đ.', 1, 'sp dùng rất thích');

INSERT INTO product (id, name, short_desc, full_desc, category_id, brand_name, status, weight, available_item, unit_price, discount_percent, avg_rating, img_url, total_rating, supplier_id) VALUES(43619, 'DẦU GỘI Head & Shoulders THÁI LAN NGĂN RỤNG TÓC - 850ML', 'DẦU GỘI Head & Shoulders THÁI LAN NGĂN RỤNG TÓC - 850ML', '<pre>Làm sạch triệt để lớp gàu bám trên da đầu.
Ngăn ngừa rụng tóc triệt để.
Nuôi dưỡng cho mái tóc ngày càng mềm mại.
Giúp tóc suôn mượt hơn.
Bạn sẽ luôn tự tin khởi động ngày mới đầy năng động với mái tóc sạch gàu và suôn mượt tự nhiên.</pre>', 436, 'Head & Shoulders', 'NEW', 1.7282402407706847, 85, 174000, 28, 4.0, 'https://vn-test-11.slatic.net/p/5/dau-goi-head-amp-shoulders-thai-lan-ngan-rung-toc-850ml-4915-6486217-e38f5cc811543f610b86df7a53e382be-catalog.jpg;', 3, 9);

INSERT INTO review (id, product_id, reviewer, rating, `comment`) VALUES(436190, 43619, 'Nguyễn V.', 2, 'Không biết hàng có thật không, để 1 thời gian nữa xem sao');

INSERT INTO product (id, name, short_desc, full_desc, category_id, brand_name, status, weight, available_item, unit_price, discount_percent, avg_rating, img_url, total_rating, supplier_id) VALUES(43620, 'Dầu Gội Pantene Ngăn Rụng Tóc 1200g tặng túi du lịch thể thao (màu ngẫu nhiên)', 'Dầu Gội Pantene Ngăn Rụng Tóc 1200g tặng túi du lịch thể thao (màu ngẫu nhiên)', '<pre>Ngăn rụng và đứt gãy tóc
Hương thơm cuốn hút
Phù hợp với tóc yếu, dễ rụng
Chứa Pro-Vitamin, Keratin dưỡng ẩm
Bảo vệ và ngăn ngừa hư tổn</pre>', 436, 'pantene', 'USED', 6.549747974514439, 67, 169000, 28, 4.8, 'https://vn-test-11.slatic.net/original/c0e23c26cec4d04ffe22f5ae67a2445f.jpg;https://vn-test-11.slatic.net/original/389f5721e01eee077540349b1d764abe.jpg;https://vn-test-11.slatic.net/original/38c895e0921d8f5344c7f3829041a5d7.jpg;https://vn-test-11.slatic.net/p/3898f677246c6454aa27e0c4b907650f.jpg;https://vn-test-11.slatic.net/p/323ddde5888c278364a42c38f3f9bcc1.jpg;https://vn-test-11.slatic.net/p/ca0fbd6596f07f5dd147ddfcec4e0c39.jpg;https://vn-test-11.slatic.net/p/055be946d365b5266ecd9121605edfa5.jpg;https://vn-test-11.slatic.net/p/dcf457edb6d69fa7317f03e75533ba1f.jpg;', 16, 7);

INSERT INTO review (id, product_id, reviewer, rating, `comment`) VALUES(436200, 43620, 'lương T.', 2, 'Dùng được nhưng mùi hơi hắc');

INSERT INTO review (id, product_id, reviewer, rating, `comment`) VALUES(436201, 43620, 'Cang M.', 2, 'Rất tốt.');

INSERT INTO product (id, name, short_desc, full_desc, category_id, brand_name, status, weight, available_item, unit_price, discount_percent, avg_rating, img_url, total_rating, supplier_id) VALUES(43621, 'Cặp Dầu Gội + Dầu xả Thick & Full - Biotin & Collagen 385ml (Hàng Xách tay Mỹ)', 'Cặp Dầu Gội + Dầu xả Thick & Full - Biotin & Collagen 385ml (Hàng Xách tay Mỹ)', '<pre>Ngăn rụng tóc
Giúp tóc ngày càng khoẻ mạnh
Đầy hơn và tràn đầy sức sống
kích thích tóc mọc nhiều và nhanh hơn
Làm tóc mượt và bồng bềnh suốt cả ngày
Ngăn ngừa lão hoá của tóc
Chống gãy rụng
Bổ sung ẩm cho tóc</pre>', 436, 'BIOTIN', 'USED', 9.985718079126, 93, 300000, 28, 4.5, 'https://vn-test-11.slatic.net/p/013fe2dc8cafd535bcd3082eb2ac2e06.jpg;https://vn-test-11.slatic.net/p/29afa3f6ef30276e80ae00360fcd24d5.jpg;https://vn-test-11.slatic.net/p/ff654e0de2882b23a5fa481ecd818f6f.jpg;', 10, 7);

INSERT INTO review (id, product_id, reviewer, rating, `comment`) VALUES(436210, 43621, 'Phuong L.', 1, 'Dầu gội tạm tạm, dầu xả thì quá tệ không chấp nhận được');

INSERT INTO review (id, product_id, reviewer, rating, `comment`) VALUES(436211, 43621, 'Lazada Customer', 0, 'dùng rất thích, lần thứ 3 mua hàng của shop');

INSERT INTO review (id, product_id, reviewer, rating, `comment`) VALUES(436212, 43621, 'Lazada Customer', 4, 'hàng chính hãng ,Dùng rất thích ạ');

INSERT INTO review (id, product_id, reviewer, rating, `comment`) VALUES(436213, 43621, 'Lazada Customer', 1, 'thơm,hàng tốt dùng rất thích');

INSERT INTO review (id, product_id, reviewer, rating, `comment`) VALUES(436214, 43621, 'Lazada Customer', 4, 'rất ưng ý');

INSERT INTO product (id, name, short_desc, full_desc, category_id, brand_name, status, weight, available_item, unit_price, discount_percent, avg_rating, img_url, total_rating, supplier_id) VALUES(43622, 'Dầu gội giữ màu cho tóc nhuộm TRESEMME Protection 1.15 Lít', 'Dầu gội giữ màu cho tóc nhuộm TRESEMME Protection 1.15 Lít', '<pre>TRESemmé là nhãn hiệu chăm sóc tóc chuyên nghiệp được tin dùng bởi các nhà tạo mẫu tóc trên thế giới.
Hãy cùng trải nghiệm dầu gội, xả TRESemmé cho mái tóc đẹp chuẩn Salon mỗi ngày, sẽ giúp mái tóc của bạn phục hồi sau 2 năm hư tổn chỉ sau 5 lần gội.</pre>', 436, 'No Brand', 'NEW', 9.980490956244456, 56, 147537, 28, 5.0, 'https://vn-test-11.slatic.net/original/6536c9486d74eb2172829201ebd3c86f.jpg;https://vn-test-11.slatic.net/original/746e3efff6b209ba46cc7931df2beed0.jpg;https://vn-test-11.slatic.net/original/7ecd11870ad6cbc4af8799b544d2914e.jpg;https://vn-test-11.slatic.net/original/049aaf1179db4831666bf20f6ec879d1.jpg;', 10, 9);

INSERT INTO review (id, product_id, reviewer, rating, `comment`) VALUES(436220, 43622, 'Nguyen T.', 1, 'gội lần đầu rất thích tóc bồng bềnh mêm mượt cho shop 5sao');

INSERT INTO review (id, product_id, reviewer, rating, `comment`) VALUES(436221, 43622, 'Như T.', 4, 'rất tốt');

INSERT INTO product (id, name, short_desc, full_desc, category_id, brand_name, status, weight, available_item, unit_price, discount_percent, avg_rating, img_url, total_rating, supplier_id) VALUES(43623, 'Combo 2 Chai Dầu Gội Bưởi Kích Thích Mọc Tóc, Chống Rụng Tóc', 'Combo 2 Chai Dầu Gội Bưởi Kích Thích Mọc Tóc, Chống Rụng Tóc', '<pre>Kích thích mọc tóc, làm dài tóc
Ngăn rụng tóc, Giảm tóc xơ rối
Phục hồi tóc hư tổn và chẻ ngọn
Làm sạch gàu và làm mềm mịn da đầu</pre>', 436, 'OEM', 'NEW', 0.9092180132747021, 6, 69000, 28, 5.0, 'https://vn-test-11.slatic.net/original/56abb2964c9635fca0508e97fc472abe.jpg;https://vn-test-11.slatic.net/original/cedc0fbedd316c272de1fc3254bd3e2c.jpg;https://vn-test-11.slatic.net/original/1c39199b3b66c4b8da13da91c10367e0.jpg;', 3, 7);

INSERT INTO review (id, product_id, reviewer, rating, `comment`) VALUES(436230, 43623, 'MinhChâu1971 L.', 4, 'tốt cho 5 sao');

INSERT INTO review (id, product_id, reviewer, rating, `comment`) VALUES(436231, 43623, 'Nhung Đ.', 2, '👍');

INSERT INTO product (id, name, short_desc, full_desc, category_id, brand_name, status, weight, available_item, unit_price, discount_percent, avg_rating, img_url, total_rating, supplier_id) VALUES(43624, 'Bộ đôi dầu gội và dầu xả TRESemme LUXURIOUS MOISTURE 1.15L Mỹ - VÀNG MỀM TÓC', 'Bộ đôi dầu gội và dầu xả TRESemme LUXURIOUS MOISTURE 1.15L Mỹ - VÀNG MỀM TÓC', '<pre>Dầu xả Tresemme Moisture Rich được bổ sung dưỡng chất, Vitamin E và chiết xuất từ hướng dương, hạt phỉ và hạnh nhân, đặc biệt lý tưởng cho tóc khô, tóc hư tổn do xử lý hóa chất hay nhiệt. Công thức dịu nhẹ nhưng đủ để thỏa mãn cơn khát cho mái tóc, đồng thời làm cho tóc bóng khỏe và mềm mượt.Đem lại cho bạn một màu tóc lâu bền ( tóc nhuộm ) gấp 5 lần. Sản phẩm làm thẳng, ngăn chặn sự bay màu và rối tóc, để tóc vào nếp với các hỗn hợp giữ ẩm. Với hệ thống bảo vệ màu tóc sẽ loại bỏ đi vẻ phai màu, mờ nhạt của tóc bằng cách tráp thêm lớp bảo vệ không có trong thuốc nhuộm và giữ lại các chất khoáng cho tóc.</pre>', 436, 'Tresemme', 'NEW', 7.933119697465696, 36, 330000, 28, 5.0, 'https://vn-test-11.slatic.net/original/650ac7eb0301bc9dfd53fec185a8b1fb.jpg;', 1, 6);

INSERT INTO review (id, product_id, reviewer, rating, `comment`) VALUES(436240, 43624, 'hon C.', 3, 'Loai nay giong giả');

INSERT INTO product (id, name, short_desc, full_desc, category_id, brand_name, status, weight, available_item, unit_price, discount_percent, avg_rating, img_url, total_rating, supplier_id) VALUES(43625, 'Combo dầu gội + dầu xả Kella phục hồi tóc hư hại (500ml/chai) Vàng', 'Combo dầu gội + dầu xả Kella phục hồi tóc hư hại (500ml/chai) Vàng', '<pre>Combo dầu gội và dầu xả Kella phục hồi tóc hư hạigiúp cung cấp dưỡng chất cần thiết giúp nuôi dưỡng và phục hồi tóc hư tổn.
Bên cạnh đó, bộ sản phẩm dầu gội – xả Kella còn làm sạch dịu nhẹ, giúp tóc bóng mượt, mềm mại.
Phù hợp với nhiều loại tóc, không gây tổn hại da đầu.
Hương thơm dễ chịu, mang lại cho bạn cảm giác thoải mái, sảng khoái sau khi sử dụng.
Sản phẩm không có hóa chất độc hại ảnh hưởng đến sức khỏe người dùng.</pre>', 436, 'Kella', 'USED', 9.32003385454395, 13, 155000, 28, 4.8, 'https://vn-test-11.slatic.net/original/d14ea21b3df825a76abbc3590f47824e.jpg;https://vn-test-11.slatic.net/original/6809b4d6157e6c3842164c5a84fff954.jpg;https://vn-test-11.slatic.net/original/b7256b1bf149c114536c6d4ab6881a97.jpg;https://vn-test-11.slatic.net/original/b8ec5c92dc4534b15c5ca078361ff657.jpg;', 24, 7);

INSERT INTO review (id, product_id, reviewer, rating, `comment`) VALUES(436250, 43625, 'Anna Ú.', 0, 'rất thơm mềm');

INSERT INTO review (id, product_id, reviewer, rating, `comment`) VALUES(436251, 43625, 'Anna Ú.', 2, 'sp goog');

INSERT INTO review (id, product_id, reviewer, rating, `comment`) VALUES(436252, 43625, 'Sammy A.', 1, 'Dầu gội hơi đặc ! Combo này thơm và cũng mềm tóc sau gội xả!');

INSERT INTO review (id, product_id, reviewer, rating, `comment`) VALUES(436253, 43625, 'Nguyen T.', 1, 'Mùi rất thơm');

INSERT INTO review (id, product_id, reviewer, rating, `comment`) VALUES(436254, 43625, 'trần H.', 1, 'Ko biết thế nào? Nhưng lần đầu sử dụng thấy ok . Mùi thơm dễ chiu, mượt tóc . Sẽ ủng hộ tiếp');

INSERT INTO product (id, name, short_desc, full_desc, category_id, brand_name, status, weight, available_item, unit_price, discount_percent, avg_rating, img_url, total_rating, supplier_id) VALUES(43626, 'DẦU GỘI KÍCH THÍCH MỌC TÓC THICK & FULL BIOTIN', 'DẦU GỘI KÍCH THÍCH MỌC TÓC THICK & FULL BIOTIN', '<pre>Thương hiệu:OGX
Quy cách :385ml
Loại da:tóc thưa, gãy rụng nhiều.
Dầu gội Biotin & Collagenlà sản phẩm nổi tiếng mang thương hiệu OGX Beauty xuất xứ Mỹ.Dầu gội Biotin OGXđược biết đến với công dụng “thick and Full” cực kỳ hiệu quả nhờ sự kết hợp của biotin và collagen. Chắc chắn nếu bạn đang gặp ấn đề về tóc như rụng tóc, tóc mỏng, yếu… sẽ rất ngạc nhiên với kết quả mà chúng mang lại.
Công dụng :
– Bổ sung biotin và collagen giúp làm dày và ngăn rụng tóc, hỗ trợ mọc tóc
– Cung cấp các dưỡng chất thất sâu, phục hồi từ sâu bên trong sợi tóc
– Ngăn ngừa lão hóa của tóc, giúp sợi tóc khỏe, sáng bóng mượt hơn nhiều lần
– Bổ sung độ ẩm, tăng sự đàn hồi, dẻo dai của sợi tóc
– Sản phẩm tự nhiên an toàn cho sức khỏe, đạt tiêu chuẩn của cục quản lí Thực phẩm và Dược phẩm Hoa Kỳ
– Hương thơm nhẹ nhàng, phù hợp với mọi loại tóc.</pre>', 436, 'BIOTIN', 'USED', 2.089360392984962, 96, 164000, 28, 4.7, 'https://vn-test-11.slatic.net/original/3cfa39195f5f953e9b0dde2bea98cb86.jpg;https://vn-test-11.slatic.net/original/17def506b1bd2a091016b06970b57d9c.jpg;https://vn-test-11.slatic.net/original/e3f9de83a1ad461c39bd0befdea014f8.jpg;', 11, 3);

INSERT INTO review (id, product_id, reviewer, rating, `comment`) VALUES(436260, 43626, 'huynh V.', 4, 'giao hàng khá lâu, hàng oke');

INSERT INTO review (id, product_id, reviewer, rating, `comment`) VALUES(436261, 43626, 'thang T.', 2, 'Tóc vẫn rụng');

INSERT INTO review (id, product_id, reviewer, rating, `comment`) VALUES(436262, 43626, 'Thuyhang H.', 3, 'Hàng ok');

INSERT INTO review (id, product_id, reviewer, rating, `comment`) VALUES(436263, 43626, 'Lazada Customer', 2, 'Rất tốt!');

INSERT INTO product (id, name, short_desc, full_desc, category_id, brand_name, status, weight, available_item, unit_price, discount_percent, avg_rating, img_url, total_rating, supplier_id) VALUES(43627, 'Bộ 2 Chai Dầu Gội Clear Bạc Hà & Clear Men 480 ml Thái Lan', 'Bộ 2 Chai Dầu Gội Clear Bạc Hà & Clear Men 480 ml Thái Lan', '<pre>Sạch gàu
Mát lạnh da đầu, thư giản
Giàu vitamin, khoáng chất nuôi dưỡng da đầu và tóc hoàn hảo nhất</pre>', 436, 'EOM', 'NEW', 9.898676000733222, 76, 185000, 28, 4.8, 'https://vn-test-11.slatic.net/original/edca678d2e420de15665ab176795205a.jpg;https://vn-test-11.slatic.net/p/24a47df2705b74f9c0ceb7dc4aafeb45.jpg;https://vn-test-11.slatic.net/p/648afb750ca4c498ade8d3e33e72adc0.jpg;', 11, 8);

INSERT INTO review (id, product_id, reviewer, rating, `comment`) VALUES(436270, 43627, 'Anh B.', 2, 'đúng sản phẩm');

INSERT INTO review (id, product_id, reviewer, rating, `comment`) VALUES(436271, 43627, 'trần T.', 0, '5 sao');

INSERT INTO review (id, product_id, reviewer, rating, `comment`) VALUES(436272, 43627, 'Lý M.', 3, 'hàng thật');

INSERT INTO review (id, product_id, reviewer, rating, `comment`) VALUES(436273, 43627, 'Tươi D.', 4, 'Tot');

INSERT INTO review (id, product_id, reviewer, rating, `comment`) VALUES(436274, 43627, 'Lê H.', 4, '👍');

INSERT INTO product (id, name, short_desc, full_desc, category_id, brand_name, status, weight, available_item, unit_price, discount_percent, avg_rating, img_url, total_rating, supplier_id) VALUES(43628, 'Dầu gội kích thích mọc tóc , chống rụng tóc HERBARIO . giúp tóc khỏe mạnh 270ml', 'Dầu gội kích thích mọc tóc , chống rụng tóc HERBARIO . giúp tóc khỏe mạnh 270ml', '<pre>Hàng Việt Nam chất lượng cao
Thể tích lớn: 270ml
Thành phần từ vỏ bưởi và bồ kết tinh chế chọn lọc
Cải tiến từ công thức chăm sóc tóc bí truyền
Công dụng: ngăn ngừa rụng tóc, kích thích mọc tóc, phục hồi tóc chuyên dụng
Cách dùng: Dùng thay dầu gội bình thường</pre>', 436, 'COCOON', 'USED', 3.4034397791820976, 53, 152000, 28, 4.8, 'https://vn-test-11.slatic.net/original/919df2bc713796453d8b9f140d812338.jpg;https://vn-test-11.slatic.net/original/79f382ba96793b8ccadb31ae2874b891.jpg;https://vn-test-11.slatic.net/original/ba60b6145d62e0cedeb63a92486ecc26.jpg;', 54, 7);

INSERT INTO review (id, product_id, reviewer, rating, `comment`) VALUES(436280, 43628, 'Xương R.', 2, '');

INSERT INTO review (id, product_id, reviewer, rating, `comment`) VALUES(436281, 43628, 'Hứa H.', 1, '');

INSERT INTO review (id, product_id, reviewer, rating, `comment`) VALUES(436282, 43628, 'Lý L.', 4, 'gói hàng cẩn thận, chưa dùng nên chưa đánh giá chất lượng');

INSERT INTO review (id, product_id, reviewer, rating, `comment`) VALUES(436283, 43628, 'Tăng T.', 0, 'Mùi thơm dễ chịu . Bọt nhiều .');

INSERT INTO review (id, product_id, reviewer, rating, `comment`) VALUES(436284, 43628, 'Cao P.', 4, 'Tháng trước mình bị rụng tóc nhiều, gội cái này 2 tuần tóc rụng giảm hẳn. giá bán cao hơn các dầu gội khác mình đã dùng nhưng bù lại chất lượng quá oke. đặc biệt có tóc con mọc lên sau 3 tuần dùng');

INSERT INTO product (id, name, short_desc, full_desc, category_id, brand_name, status, weight, available_item, unit_price, discount_percent, avg_rating, img_url, total_rating, supplier_id) VALUES(43629, 'Dầu gội Tresemme 5in1 Thái Lan 450ml', 'Dầu gội Tresemme 5in1 Thái Lan 450ml', '<pre>Dung tích 450mlXuất sứ Thái LanPhù hợp mọi loại tóc</pre>', 436, 'Tresemme', 'USED', 9.520750281284197, 44, 68000, 28, 4.8, 'https://vn-test-11.slatic.net/original/36de72ffc32f97706499eaa3703f7011.jpg;https://vn-test-11.slatic.net/original/afe9c539fe822135d783cd8cc96b4e47.jpg;https://vn-test-11.slatic.net/original/a92a9108eaf53ac194ed9b701338e7a1.jpg;', 15, 2);

INSERT INTO review (id, product_id, reviewer, rating, `comment`) VALUES(436290, 43629, 'Vũ M.', 1, 'đáng mua nhé m.n, mình nua 2 lần ở đây, lần nào cũng mua 2 chai liền');

INSERT INTO review (id, product_id, reviewer, rating, `comment`) VALUES(436291, 43629, 'Vũ M.', 4, 'dầu thơm như kẹo, gội xong mượt.tôi rất hài lòng.dùng hết sẽ lại ủng hộ shop');

INSERT INTO review (id, product_id, reviewer, rating, `comment`) VALUES(436292, 43629, 'Hương N.', 4, 'dầu gội tốt, ko gàu, thơm.');

INSERT INTO review (id, product_id, reviewer, rating, `comment`) VALUES(436293, 43629, 'que', 0, 'hàng gội rất thơm như kẹo ý');

INSERT INTO review (id, product_id, reviewer, rating, `comment`) VALUES(436294, 43629, 'Lazada Customer', 3, 'giao nhanh');

INSERT INTO product (id, name, short_desc, full_desc, category_id, brand_name, status, weight, available_item, unit_price, discount_percent, avg_rating, img_url, total_rating, supplier_id) VALUES(43630, 'Dầu gội đầu Clear Men 480ml Thái Lan cao cấp dành cho nam', 'Dầu gội đầu Clear Men 480ml Thái Lan cao cấp dành cho nam', '<pre>Mát lạnh tột đỉnh.
Nuôi dưỡng tóc và da đầu, đặc biệt dành cho nam giới vì nghiên cứu cho thấy da đầu Nam giới rất dễ sinh ra gàu.
Công thức đặc biệt dành riêng cho nam giới với BIO NUTRIUM 10 - sự kết hợp từ các dưỡng chất, vitamin và khoáng chất, giúp dưỡng sâu da đầu.
Ngăn gàu trở lại.</pre>', 436, 'Clear', 'USED', 5.373425353729759, 30, 67000, 28, 4.6, 'https://vn-test-11.slatic.net/original/7c614e56ee3fc6f59341fbc8609d9d80.jpg;https://vn-test-11.slatic.net/original/624a903a150d5a34d5207a43dc13ae95.jpg;https://vn-test-11.slatic.net/original/c0b6233783daad0f543b662186b55dec.jpg;', 5, 8);

INSERT INTO review (id, product_id, reviewer, rating, `comment`) VALUES(436300, 43630, 'Loan N.', 2, 'ok luôn, tốt hơn mong đợi, sẽ ủng hộ hết mình, cho 5 sao');

INSERT INTO review (id, product_id, reviewer, rating, `comment`) VALUES(436301, 43630, 'Phạm Đ.', 0, 'Ok');

INSERT INTO product (id, name, short_desc, full_desc, category_id, brand_name, status, weight, available_item, unit_price, discount_percent, avg_rating, img_url, total_rating, supplier_id) VALUES(43631, 'Bộ dầu gội, xả Collagen Mefaso phục hồi tóc hư tổn', 'Bộ dầu gội, xả Collagen Mefaso phục hồi tóc hư tổn', '<pre>Bạn sẽ làm gì với một mái tóc đã bị hư tổn do chịu quá nhiều sự tác động của ngoại cảnh và các chất hoá học?Hãy để chúng tôi giúp bạn lấy lại mái tóc khỏe mạnh và đầy sức sống mà không mất nhiều thời gian,công sức,tiền bạc với bộ sản phẩm Gội Xả – Hấp -Tinh Dầu _Khử Độc ARGAN COLLAGEN – phục hồi tóc hư tổn của ITALIA đang rất được ưu chuộng tại các salon tóc và thị trường hiện nay.- Thông tin sản phẩm:+ Dầu gội Mefaso Collagen chuyên sử dụng trong các salon. + Phục hồi tóc hư tổn đến 99%. + Mẫu cũ suôn mượt luôn ạ.- Công dụng:+ Collagen có tác dụng làm kích thích mọc tóc, các protein được thuỷ phân từ lúa mì giúp tóc ngày càng khỏe mạnh, dầy và căng tràn sức sống. + Bổ sung độ ẩm, tăng sự đàn hồi, dẻo dai của sợi tóc. + Ngăn ngừa lão hóa của tóc. + Giúp sợi tóc khỏe, sáng bóng mượt</pre>', 436, 'No Brand', 'NEW', 1.0053755369742232, 78, 199000, 28, 5.0, 'https://vn-test-11.slatic.net/p/09a4d899ed53c86daec590d969620c50.jpg;https://vn-test-11.slatic.net/original/f4e2a9a7c907bf2ffaad4da05c9e0df1.jpg;https://vn-test-11.slatic.net/original/53c1b9bf1b184877823aebcb6accfb0f.jpg;https://vn-test-11.slatic.net/original/9a9729cf87fba1fc5b5967f9a68cf8e8.jpg;https://vn-test-11.slatic.net/original/37443ae0ae1b5f7d4a23ec18687ce4c5.jpg;', 1, 3);

INSERT INTO product (id, name, short_desc, full_desc, category_id, brand_name, status, weight, available_item, unit_price, discount_percent, avg_rating, img_url, total_rating, supplier_id) VALUES(43632, 'CẶP GỘI XẢ DIVA', 'CẶP GỘI XẢ DIVA', '<pre>TÓC MỀM MƯỢTTÓC ĐẸPTÓC DÀI</pre>', 436, 'Diva', 'USED', 8.083851335226388, 17, 135000, 28, 3.0, 'https://vn-test-11.slatic.net/original/dbe82e906cd37d16fd679bc87b78a7e9.jpg;https://vn-test-11.slatic.net/original/9a9dc7dfb94b584e29c42c950e371d16.jpg;https://vn-test-11.slatic.net/original/e0dce1213972309ebcf9b2a259ff43ec.jpg;https://vn-test-11.slatic.net/original/506751913d7767bb171d2889642d3176.jpg;', 1, 9);

INSERT INTO product (id, name, short_desc, full_desc, category_id, brand_name, status, weight, available_item, unit_price, discount_percent, avg_rating, img_url, total_rating, supplier_id) VALUES(43633, 'Dầu gội và Xả Tinh Dầu Sả Chanh Thái Lan', 'Dầu gội và Xả Tinh Dầu Sả Chanh Thái Lan', '<pre>Tinh dầu sả là thần dược trị rụng tóc. Với loại tóc nhiều dầu, da đầu hay có vảy bong tróc, tinh dầu cung cấp dinh dưỡng giúp các nang tóc khỏe hơn. Gội như dầu gội thường sau đó gội lại với nước sạch. Đặc Biệt chị nào tóc thưa mỏng rụng nhiều, yếu tóc nuôi mãi ko dài thì làm ngay một bộ này ngay và luôn nhéTinh dầu sả là thần dược trị rụng tóc. ➖Với loại tóc nhiều dầu, da đầu hay có vảy bong tróc, tinh dầu gấc cung cấp dinh dưỡng giúp các nang tóc khỏe hơn. ➖Thích hợp nhất cho da nhạy cảm, bà bầu đang trong thời gian mang thai, hoặc sinh xong tóc rụng nhiều. ➖Dầu gội thảo mộc siêu kích thích móc tóc dày dài, trị gãy rụng, gàu, các vấn đề tóc..phục hồi tóc hư tổn, dưỡng lại cho tóc khoẻ mạnh tư gốc đến ngọn</pre>', 436, 'LEMONGRASS', 'NEW', 8.476979638454644, 14, 89000, 28, 5.0, 'https://vn-test-11.slatic.net/original/5099b274bc8d7b3dc8744de57b63daf0.jpg;', 1, 6);

INSERT INTO product (id, name, short_desc, full_desc, category_id, brand_name, status, weight, available_item, unit_price, discount_percent, avg_rating, img_url, total_rating, supplier_id) VALUES(43634, 'Dầu gội Thái Lan Clear Men cool sport method bạc hà 480ml', 'Dầu gội Thái Lan Clear Men cool sport method bạc hà 480ml', '<pre>Mát lạnh tột đỉnh.
Nuôi dưỡng tóc và da đầu, đặc biệt dành cho nam giới vì nghiên cứu cho thấy da đầu Nam giới rất dễ sinh ra gàu.
Công thức đặc biệt dành riêng cho nam giới với BIO NUTRIUM 10 - sự kết hợp từ các dưỡng chất, vitamin và khoáng chất, giúp dưỡng sâu da đầu.
Ngăn gàu trở lại.</pre>', 436, 'Clear', 'USED', 6.556827138731716, 38, 67000, 28, 4.5, 'https://vn-test-11.slatic.net/original/2a3040d4fd9200c73a8597c69c3afa78.jpg;https://vn-test-11.slatic.net/p/5/dau-goi-thai-lan-clear-men-cool-sport-method-bac-ha-480ml-5684-0014895-ea411c6de3e4dfe3c48f770b0128f09f-catalog.jpg;https://vn-test-11.slatic.net/p/5/dau-goi-thai-lan-clear-men-cool-sport-method-bac-ha-480ml-5684-0014895-9e3db82130b99983338b5a44a8bb649b-catalog.jpg;', 133, 2);

INSERT INTO review (id, product_id, reviewer, rating, `comment`) VALUES(436340, 43634, 'Lazada Customer', 2, 'Giao hàng nhanh. Đóng gói chưa tốt lắm. Chất lượng ok');

INSERT INTO review (id, product_id, reviewer, rating, `comment`) VALUES(436341, 43634, 'Hoàng N.', 3, 'Thái độ nhân viên giao hàng không tốt khi nói chuyện với khách hàng, giao hàng không báo trước, tới cổng thì mới gọi điện làm sao mà nhận? Rồi đòi báo lên trên hủy địa chỉ giao hàng. Xem lại lịch sử tôi luôn nhận hàng và còn mua rất nhiều trên web. Lazada làm tôi thật thất vọng!');

INSERT INTO review (id, product_id, reviewer, rating, `comment`) VALUES(436342, 43634, 'Luan T.', 0, 'Mọi người nên mua .
Sp mùi rất thơm . Giá rẽ hơn trong siêu thị nhiều . Tuy hơi lõng hơn hàng của VN . Nhưng bù lại giá quá tốt . Chấp nhận được .');

INSERT INTO review (id, product_id, reviewer, rating, `comment`) VALUES(436343, 43634, 'Trần T.', 1, 'Sp giao như trong hình là ok rồi,  còn lại sử dụng sp có được tốt như ý hay ko thì còn kiểm chứng vài ngày nữa,  nhưng sp ko ghi hạn sử dụng,  chỉ ghi ngày gì ko rõ ràng 100518 , ko biết có phải hết date ko biết nữa...');

INSERT INTO review (id, product_id, reviewer, rating, `comment`) VALUES(436344, 43634, 'An H.', 4, 'đóng gói hàng rất chắc chắn , tốt');

INSERT INTO product (id, name, short_desc, full_desc, category_id, brand_name, status, weight, available_item, unit_price, discount_percent, avg_rating, img_url, total_rating, supplier_id) VALUES(43635, 'KEM Ủ TÓC HẤP DẦU COLLAGEN - Ủ PHỤC HỒI TÓC KARSEELL 500ml', 'KEM Ủ TÓC HẤP DẦU COLLAGEN - Ủ PHỤC HỒI TÓC KARSEELL 500ml', '<pre>Www.nhathuocphuonghanh.com
ĐT:0989.575.184 - 0834.15.05.85</pre>', 436, 'No Brand', 'NEW', 8.244102358422637, 83, 40000, 28, 0.0, 'https://vn-test-11.slatic.net/p/50507f74fbcbdda042f783b3e5ef61ae.jpg;https://vn-test-11.slatic.net/p/9785d9ca901d9e9ab8ef88a52d1b7ab4.jpg;https://vn-test-11.slatic.net/p/e943cafa3ca67ba24eb1d1c66ad7e69e.jpg;', 0, 6);

INSERT INTO product (id, name, short_desc, full_desc, category_id, brand_name, status, weight, available_item, unit_price, discount_percent, avg_rating, img_url, total_rating, supplier_id) VALUES(43636, 'VIÊN UỐNG TĂNG KÍCH THƯỚC VÒNG 1 - Đào Hồng Đơn VENUS 60 viên', 'VIÊN UỐNG TĂNG KÍCH THƯỚC VÒNG 1 - Đào Hồng Đơn VENUS 60 viên', '<pre>An toàn khi sử dụng
Sản phẩm chất lượng
Giá cả hợp lý
Www.nhathuocphuonghanh.com
ĐT:0989.575.184 - 0834.15.05.85</pre>', 436, 'No Brand', 'USED', 6.334869684665163, 13, 599000, 28, 0.0, 'https://vn-test-11.slatic.net/p/1bc44ce88afd328a09fd6b52eb6589e9.jpg;https://vn-test-11.slatic.net/p/348a78a81ab875e53f3f7f141b761945.jpg;https://vn-test-11.slatic.net/p/33a51f78f3497a6b52cd92fcd6155ed4.jpg;', 0, 4);

INSERT INTO product (id, name, short_desc, full_desc, category_id, brand_name, status, weight, available_item, unit_price, discount_percent, avg_rating, img_url, total_rating, supplier_id) VALUES(43637, '[ Mẫu mới ] Dầu gội TRESemmé Keratin Smooth 450ml - Thái Lan', '[ Mẫu mới ] Dầu gội TRESemmé Keratin Smooth 450ml - Thái Lan', '<pre>[ Mẫu mới ] Dầu gội TRESemmé Keratin Smooth
Xuất xứ: Thái Lan
Quy cách: 450ml/ chai
Đặc biệt, sản phẩm còn thích hợp với cả tóc nhuộm.
Có ngay mái tóc suôn mượt tuyệt vời chuẩn salon ngay tại nhà với dòng sản phẩm TRESemmé Keratin Smooth, với công thức đặc chế cho bạn mái tóc bóng, dễ tạo kiểu, và mượt mà.</pre>', 436, 'Tresemme', 'NEW', 4.4239774310452145, 67, 95000, 28, 5.0, 'https://vn-test-11.slatic.net/original/d289f59c90f7389ef46b39a97de15b3a.jpg;https://vn-test-11.slatic.net/original/eb46d16aa929f374a9dae178cfec8b1c.jpg;https://vn-test-11.slatic.net/original/ec8f08489bed7392d0c4f515c3a86517.jpg;https://vn-test-11.slatic.net/original/20c569023190ecfbd8515d21d09e6c24.jpg;', 7, 2);

INSERT INTO review (id, product_id, reviewer, rating, `comment`) VALUES(436370, 43637, 'Nguyen T.', 3, 'Good!');

INSERT INTO review (id, product_id, reviewer, rating, `comment`) VALUES(436371, 43637, 'Toẹt N.', 1, 'dau goi thơm');

INSERT INTO review (id, product_id, reviewer, rating, `comment`) VALUES(436372, 43637, 'Hân T.', 0, 'tốt');

INSERT INTO product (id, name, short_desc, full_desc, category_id, brand_name, status, weight, available_item, unit_price, discount_percent, avg_rating, img_url, total_rating, supplier_id) VALUES(43638, 'BỘ Dầu Gội Xả Collagen Mefaso', 'BỘ Dầu Gội Xả Collagen Mefaso', '<pre>shop chuyên đổ buôn mĩ phẩm slllh 0395233994</pre>', 436, 'Mefaso', 'USED', 3.6401264170171497, 89, 195000, 28, 5.0, 'https://vn-test-11.slatic.net/original/246ffea6de9da5a42e372d2af66aed7b.jpg;https://vn-test-11.slatic.net/original/c366158dbc0d8b46f67dfbeff9447ee4.jpg;https://vn-test-11.slatic.net/original/5a4a1feaee9186a1b5ceeac83214eccc.jpg;', 1, 6);

INSERT INTO product (id, name, short_desc, full_desc, category_id, brand_name, status, weight, available_item, unit_price, discount_percent, avg_rating, img_url, total_rating, supplier_id) VALUES(43639, 'Bộ Dầu Gội Dưỡng Tóc Tinh Dầu Bưởi Fresh 180g + TẶNG KÈM Dầu Xả Dưỡng Tóc Tinh Dầu Bưởi Fresh 65g', 'Bộ Dầu Gội Dưỡng Tóc Tinh Dầu Bưởi Fresh 180g + TẶNG KÈM Dầu Xả Dưỡng Tóc Tinh Dầu Bưởi Fresh 65g', '<pre>Thương hiệu: Fresh Việt Nam
Công dụng: Dưỡng tóc. Bổ sung tinh chất Collagen.
HSD: 2 năm kể từ ngày sản xuất
Sản phẩm do Saigon Cosmetics sản xuất và phân phối.</pre>', 436, 'Fresh', 'NEW', 1.0967642411105554, 35, 49000, 28, 5.0, 'https://vn-test-11.slatic.net/p/d411d4d1822ad075efa3f034d11b2916.jpg;https://vn-test-11.slatic.net/p/0468d33c7ec9eee5acc654e0dc613c07.jpg;https://vn-test-11.slatic.net/p/bf8bdd89c7d6806071be176d1ae71a02.jpg;https://vn-test-11.slatic.net/p/3e5ea4069ef6ca800e60626542b52d7d.jpg;https://vn-test-11.slatic.net/p/afbd47449250f085c022003f505a8343.jpg;https://vn-test-11.slatic.net/p/8b80b25cc4485dab1107067e27c82530.jpg;', 1, 1);

INSERT INTO review (id, product_id, reviewer, rating, `comment`) VALUES(436390, 43639, 'Luu L.', 1, 'dầu gội thơm. không biết có bớt rụng tóc không. mới gội nên không bt sao');

INSERT INTO product (id, name, short_desc, full_desc, category_id, brand_name, status, weight, available_item, unit_price, discount_percent, avg_rating, img_url, total_rating, supplier_id) VALUES(470, 'kem body vip', 'kem body vip', '<pre>Đặc biệt của Body Víp Chất kem sáng mịn như yaourt
Thấm nhanh không bị bết rít hay dính trên quần áo
Thoa là Thấm Thấm là trắng. Độ chống nắng cao nên mọi người cứ yên tâm sử dụng
Mấy chị nào muốn da trắng mịn hồng hào thì hãy đến với kem body cream No 1
Muốn trắng muốn đẹp thì phải kiên trì sử dụng kem
Bạn sẽ đạt được hiệu quả sau 7 đến 10 ngày sử dụng</pre>', 47, 'No Brand', 'USED', 5.64794231446031, 87, 18000, 10, 4.6, 'https://vn-test-11.slatic.net/original/21d9fcb90c670db256ffbd28f06cb566.jpg;https://vn-test-11.slatic.net/original/d825d9fa35dfd0690ee85024ca64bfe6.jpg;https://vn-test-11.slatic.net/original/b33d67eb733c2a317d007593a3de68eb.jpg;', 219, 8);

INSERT INTO review (id, product_id, reviewer, rating, `comment`) VALUES(4700, 470, 'Thế L.', 0, 'đóng gói nhìn rất đảm bảo lót giấy vừa khít cái thùng nên khi nhận hàng tháo ra nhìn khá hài lòng về cách đóg gói rất có trách nhiệm..');

INSERT INTO review (id, product_id, reviewer, rating, `comment`) VALUES(4701, 470, 'Suri B.', 0, 'hàng tốt,ko di ứng,kem rất nhiều, chị em lưu ý là, kem nay thoa lên ko trắng liền như những kem khác, nó sẽ thấm vào da mình y như là chưa có thoa vậy đó, mới lúc đầu mình cũng nghĩ ko tốt, nhưng cũng cố gắng Sài thêm 3ngay nữa và kết quả là da đã bật tông rõ rệt, rất hài lòng 5sao');

INSERT INTO review (id, product_id, reviewer, rating, `comment`) VALUES(4702, 470, 'Ánh Đ.', 0, 'kem thơm, nhanh thấm lắm chị ạ. xài OK lắm luôn, trắng tự nhiên chứ k như mấy loại khác trắng bạch Hihii.... thích lắm luôn, e xài gần hết 1 hũ đã thấy trắng rõ rệt Ra rồi, chắc đặt thêm hũ nữa để dưỡng chơi tết ấy c hihi... 💗 khen kem rồi thì h khen shop 1 điều đó là giao hàng rất chi là nhanh luôn cơ, đóng gói thì gọn gàng, cẩn thận lắm luôn ấy.. em sẽ tiếp tục đồng hành với c hihi');

INSERT INTO review (id, product_id, reviewer, rating, `comment`) VALUES(4703, 470, 'Nở H.', 3, '');

INSERT INTO review (id, product_id, reviewer, rating, `comment`) VALUES(4704, 470, 'Lazada Customer', 4, 'hủ chỉ được 1/3');

INSERT INTO product (id, name, short_desc, full_desc, category_id, brand_name, status, weight, available_item, unit_price, discount_percent, avg_rating, img_url, total_rating, supplier_id) VALUES(471, 'Tắm trắng Beauty spa', 'Tắm trắng Beauty spa', '<pre>Sản phẩm cao cấp
Giá cả hợp lý
An toàn khi sử dụng</pre>', 47, 'OEM', 'USED', 6.572616163285106, 41, 15000, 10, 4.3, 'https://vn-test-11.slatic.net/original/dc29d747eb0e57077118e6aec791d8be.jpg;https://vn-test-11.slatic.net/original/11fb3885dd889bb67eac3fec0a80898c.jpg;https://vn-test-11.slatic.net/original/dec488bf33d5a7d2a13448ee601ba2ad.jpg;', 127, 4);

INSERT INTO review (id, product_id, reviewer, rating, `comment`) VALUES(4710, 471, 'Tuyet H.', 3, 'Tắm trắng bất tông lên hẳn rt thom');

INSERT INTO review (id, product_id, reviewer, rating, `comment`) VALUES(4711, 471, 'Nguyen T.', 4, 'có cái hài lòng nhưng có cái ko hài lòng giao hàng ko giống hoản cáo trả hàng mấy ng rồi mà chưa giải quết');

INSERT INTO review (id, product_id, reviewer, rating, `comment`) VALUES(4712, 471, 'Nhu Q.', 2, 'tam len ton lam ak em lm da sang han len');

INSERT INTO review (id, product_id, reviewer, rating, `comment`) VALUES(4713, 471, 'Nguyên N.', 4, 'hàng chưa xài, nhưng tin rất tốt, xin cho 5 sao ak');

INSERT INTO review (id, product_id, reviewer, rating, `comment`) VALUES(4714, 471, 'Như H.', 4, 'tắm ko trắng gì cả mất uy tín🙏🙏🙏');

INSERT INTO product (id, name, short_desc, full_desc, category_id, brand_name, status, weight, available_item, unit_price, discount_percent, avg_rating, img_url, total_rating, supplier_id) VALUES(472, 'hấp trắng colagen ngọc trai', 'hấp trắng colagen ngọc trai', '<pre>Với công thức gel phủ hấp trắng da độc đáo
✔Lên tone sau lần đầu sử dụng ! Thoa tới đâu trắng tới đó
✔ An toàn tuyệt đối
✔Không trắng ảo – ra nắng k bị mốc da như huyết thanh.
✔Không đàn hồi da.
✔Đẩy lùi hắc tố melamin ,́ làm da trắng sáng rạng rỡ.
✔Cung cấp tinh chất Collagen ,́ Ngọc trai ,́ Vitamin E ,́C làm trắng và mịn da.
✔Hỗ trợ cực kì tốt cho quá trình hấp thụ dưỡng chất</pre>', 47, 'OEM', 'USED', 7.353839201861756, 30, 20000, 10, 4.3, 'https://vn-test-11.slatic.net/original/656649d6c761ab760a3ef4528828d548.jpg;https://vn-test-11.slatic.net/original/a44553ef1f62a21b6e28b5c0e02f9f3a.jpg;https://vn-test-11.slatic.net/original/601a8fc7e8c90e324a4a90c5251796fb.jpg;', 60, 9);

INSERT INTO review (id, product_id, reviewer, rating, `comment`) VALUES(4720, 472, 'Nguyên N.', 3, 'mới nhận đc hàng xài liền, thấy rất ok , ko bjk có lên ton liền ko , tại Nguyên cũng trắng sẵn , nhưng thấy mềm da là ok rồi, xin cho sop 5 sao ak');

INSERT INTO review (id, product_id, reviewer, rating, `comment`) VALUES(4721, 472, 'Nguyễn T.', 2, 'dùng 3 lần k thấy bật tone, chả hiểu sao nhiều ng lại đánh giá bảo bật tone ???');

INSERT INTO review (id, product_id, reviewer, rating, `comment`) VALUES(4722, 472, 'kimtuyen', 1, 'dùng trắng lắm ạk...chỗ ngón tay đầu gối nên bôi nhiều sẽ cho kết quả tốt  ...đen nhiều thì ngồi lâu hơn...còn da mình thì ngồi nữa tiếng khi bôi lên.....khi tắm xong trắng như mong muốn rất ưng sp ..sẽ ủng hộ shop dài dài...');

INSERT INTO review (id, product_id, reviewer, rating, `comment`) VALUES(4723, 472, 'Nhu Q.', 4, 'rat hai long');

INSERT INTO review (id, product_id, reviewer, rating, `comment`) VALUES(4724, 472, 'Lazada Customer', 0, '.dạ sài tốt');

INSERT INTO product (id, name, short_desc, full_desc, category_id, brand_name, status, weight, available_item, unit_price, discount_percent, avg_rating, img_url, total_rating, supplier_id) VALUES(473, 'Kem dưỡng trắng da Body Collagen X3, hũ 300g', 'Kem dưỡng trắng da Body Collagen X3, hũ 300g', '<pre>Chất KEM NHƯ SỮA CHUA THẦN THÁNH ↪ VỚI CÔNG DỤNG THẦN KỲ CHO BODY CỦA BẠN.
Thấm cực nhanh
Mùi thơm cực dễ chịu
Mát lạnh, không bết rít
Không bắt nắng
Không trắng ảo
Không làm mỏngkhông bào mòn dakhông chứa chất corticoid gây hại cho da
CÔNG DỤNG :✌Dưỡng ẩm cho da.✌Body có độ chống nắng cao✌Dưỡng da trắng hồng tự nhiên.</pre>', 47, 'OEM', 'NEW', 5.135554368428862, 59, 67000, 10, 5.0, 'https://vn-test-11.slatic.net/p/ec1f113faa0a8893c8cc6fecf799ab9d.jpg;https://vn-test-11.slatic.net/p/c19a289c55fd349b52a3299658ccca81.jpg;https://vn-test-11.slatic.net/p/b20b67e63412a5e1f31d0b3ea7c7af14.jpg;https://vn-test-11.slatic.net/p/90ee4cfd9046b2707180f18f4492b995.jpg;', 4, 9);

INSERT INTO review (id, product_id, reviewer, rating, `comment`) VALUES(4730, 473, 'Lazada Customer', 1, 'sp ok');

INSERT INTO product (id, name, short_desc, full_desc, category_id, brand_name, status, weight, available_item, unit_price, discount_percent, avg_rating, img_url, total_rating, supplier_id) VALUES(474, 'Kem trị thâm nách vĩnh viễn SEREN 3 DAY, hàng chuẩn Thái Lan', 'Kem trị thâm nách vĩnh viễn SEREN 3 DAY, hàng chuẩn Thái Lan', '<pre>Xuất xứ: Thái Lan
Bạn đã sử dụng qua nhiều sản phẩm nhưng không đạt hiệu quả như mong muốn. Vùng da dưới nách và bikini vẫn có màu da thâm đen ảnh hưởng tới việc mặc đồ của bạn.. khiến bạn mất tự tin khi mặc đồ hở cánh thì nay kem trắng nách và bikini vĩnh viễn SEREN sẽ giúp bạn!
Kem trị thâm nách vĩnh viễn SEREN 3 DAY chuyên chữa trị các loại thâm nách và bikini lâu năm,làm trắng vượt trội với dưỡng chất Aha từ trái cây và vitamin e mịn màng giúp duy trì việc trắng sáng trong thời gian dài sau khi ngừng sử dụng.
Kem trị thâm nách vĩnh viễn SEREN 3 DAY có tốc độ làm trắng nhanh cảm nhận sau 3 day. Và hiệu quả vượt trội sau 2. 3 tuần sử dụng
Kem trị thâm nách vĩnh viễn SEREN 3 DAY là sản phẩm rất được yêu thích tại Thái Lan và đang rất hot trên thị trường hiện nay
Hướng dẫn sử dụng:1 ngày thoa 2 . 3 lần vào vùng da cần điệu trị chỉ sau 1 tuần bạn đã có vùng nách trắng hồng lên trông thấy.</pre>', 47, 'OEM', 'NEW', 6.690482219715809, 100, 110000, 10, 5.0, 'https://vn-test-11.slatic.net/original/901e5f0b432d114ce375efc14b3c5f08.jpg;https://vn-test-11.slatic.net/original/f37e4ae8b4c10c38faf7e54d65053faf.jpg;https://vn-test-11.slatic.net/original/acd3a93de0fd357cabb93d6dc66b39e7.jpg;https://vn-test-11.slatic.net/original/5c3a33acb0acafecb6aaa9c5b157ff76.jpg;https://vn-test-11.slatic.net/original/8a94614e5d1496e17edeac02f0a3e2b0.jpg;', 10, 1);

INSERT INTO review (id, product_id, reviewer, rating, `comment`) VALUES(4740, 474, 'Hà C.', 3, 'đang sử dụng, có vẻ ổn');

INSERT INTO review (id, product_id, reviewer, rating, `comment`) VALUES(4741, 474, 'Nguyễn T.', 4, 'đóng gói đẹp. bao bì đẹp. vì mình đã mua sản phẩm này 1 lần trực tiếp tại store Thái lan nên lần mua này nhìn là biết đã mua đúng :)');

INSERT INTO review (id, product_id, reviewer, rating, `comment`) VALUES(4742, 474, 'Đinh T.', 2, 'Moi xài . Khong biet nhu the nao . Nhubg van cho 5 sao');

INSERT INTO review (id, product_id, reviewer, rating, `comment`) VALUES(4743, 474, 'Lazada Customer', 2, 'sản phẩm rất ok. hiện đã mua sang hộp thứ 2. sẽ ủng hộ shop dài dài');

INSERT INTO review (id, product_id, reviewer, rating, `comment`) VALUES(4744, 474, 'ThinhMan', 2, 'Giao hàng nhanh, tư vấn nhiệt tình, đóng gói kỹ nói chung là rất hài lòng ❤️');

INSERT INTO product (id, name, short_desc, full_desc, category_id, brand_name, status, weight, available_item, unit_price, discount_percent, avg_rating, img_url, total_rating, supplier_id) VALUES(475, 'Trị mụn cóc, mụn cơm do Viện Da Liễu TPHCM bào chế', 'Trị mụn cóc, mụn cơm do Viện Da Liễu TPHCM bào chế', '<pre>Trị mụn cóc Acid Trichloracetic
Điềutrị mụncơm, mục cóc, mắt cá, nốt ruồi, sùi mào gà.
Chi phí thấp . An toàn. Hiệu quả.
Thời gian hiệu quả: trị hết mụn cóc chỉ sau 7 ngày dùng.
Mua 1 lọ tại đây:https://www.lazada.vn/-i246555697-s317037296.html
Mua combo 2 lọ tiết kiệm tại đây:https://www.lazada.vn/-i248586670-s325709815.html</pre>', 47, 'OEM', 'NEW', 6.891838629479858, 56, 85000, 10, 3.4, 'https://vn-test-11.slatic.net/original/3976506f219c7f451f97d18f5be9a260.jpg;https://vn-test-11.slatic.net/original/7e4ec74c881ac192223a893051ce41ae.jpg;https://vn-test-11.slatic.net/original/a4ecd5e0f6105fd91f304c23ead3c084.jpg;https://vn-test-11.slatic.net/original/8060a35a4c974e6b3b5a86b8b49bb03c.jpg;', 8, 9);

INSERT INTO review (id, product_id, reviewer, rating, `comment`) VALUES(4750, 475, 'Bee M.', 0, 'Mình mới nhận được hàng. Rất thất vọng vì chai thuốc bị rỉ nước thuốc ra ngoài, lem ố hết hộp. Chưa biết có hiệu quả hay không nhưng nhìn hộp thuốc bị vậy nên cũng hơi mất thiện cảm.');

INSERT INTO review (id, product_id, reviewer, rating, `comment`) VALUES(4751, 475, 'Lazada Customer', 2, 'tốt');

INSERT INTO review (id, product_id, reviewer, rating, `comment`) VALUES(4752, 475, 'Lazada Customer', 3, 'quá tồi, bảo bôi 1 tuần là dc, t bôi 20 ngày cũng k dc, bôi vào lại quá tội');

INSERT INTO review (id, product_id, reviewer, rating, `comment`) VALUES(4753, 475, 'Nguyễn Đ.', 4, '');

INSERT INTO review (id, product_id, reviewer, rating, `comment`) VALUES(4754, 475, 'Nguyễn H.', 2, 'tốt');

INSERT INTO product (id, name, short_desc, full_desc, category_id, brand_name, status, weight, available_item, unit_price, discount_percent, avg_rating, img_url, total_rating, supplier_id) VALUES(476, 'Kem kích trắng da Body Collagen X3', 'Kem kích trắng da Body Collagen X3', '<pre>Kem thơm, thấm nhanh vào da, thoải mái, không gây cảm giác nhờn và bết dính.
Siêu hiệu quả trong vòng 7 ngày giúp da bạn trắng hồng mịn màng một cách tự nhiên
Đặc biệt trong kem có chứa nhiều tinh chất phục hồi da, có độ chống nắng SPF 45+
Ngăn ngừa các vết thâm toàn thân, chống lão hóa da
Loại bỏ các sắc tố đen nám, tàn ngang
Công dụng Làm trắng,Chống lão hóa,Bảo vệ dưới nắng,Dưỡng ẩm</pre>', 47, 'OEM', 'NEW', 4.759507616586469, 73, 62000, 10, 4.5, 'https://vn-test-11.slatic.net/p/ec1f113faa0a8893c8cc6fecf799ab9d.jpg;https://vn-test-11.slatic.net/p/2d8a68f8c4e6c58804e68e9dd92d3f97.jpg;https://vn-test-11.slatic.net/p/dee94368dabed0705a3e434fb62c617e.jpg;https://vn-test-11.slatic.net/p/6706a37b233cf8312b49ad8d278f9c1c.jpg;https://vn-test-11.slatic.net/p/b20b67e63412a5e1f31d0b3ea7c7af14.jpg;', 6, 4);

INSERT INTO review (id, product_id, reviewer, rating, `comment`) VALUES(4760, 476, 'Tien N.', 3, 'chất kem mịn tham nhanh ko bêt dính rất ok mình vừa sai vừa bán luôn');

INSERT INTO review (id, product_id, reviewer, rating, `comment`) VALUES(4761, 476, 'Tien N.', 0, 'chuân cty chất kem thâm thấu nhanh ko bết dính');

INSERT INTO review (id, product_id, reviewer, rating, `comment`) VALUES(4762, 476, 'Thuy', 2, 'Da thơm mềm thích ah. Giá rất rẻ so với nhiều nơi');

INSERT INTO product (id, name, short_desc, full_desc, category_id, brand_name, status, weight, available_item, unit_price, discount_percent, avg_rating, img_url, total_rating, supplier_id) VALUES(477, 'tắm trắng mềm', 'tắm trắng mềm', '<pre>Bạn muốn có làn da trắng trẻo, hồng hào như bông hoa bưởi nở ban ngày.THÌ NAY ĐÃ CÓ KEM MỀM - TRẮNG DA, DƯỠNG ẨM, PHỤC HỒi DA.❌NHÌN_LÀ_MUỐN_ĂN_LIỀN⚠️Chất kem_body sánh mịn như sữa chua vừa bỏ từ tủ ra mát_lạnh thích mê❤️Đã Xinh nay còn Xinh gắp bộiNhờ vào làn da trắng mịn vạn người mê</pre>', 47, 'EOM', 'USED', 6.3675809242500865, 38, 45000, 10, 4.6, 'https://vn-test-11.slatic.net/original/1797d7795be3cd879ac95c99fd504b69.jpg;https://vn-test-11.slatic.net/original/637379dad5e73ab27b2d5b701f5c6147.jpg;https://vn-test-11.slatic.net/original/0f160739a0b654b1d159f5b16e73c46d.jpg;https://vn-test-11.slatic.net/original/ceed8088eed7b4bedafa63a7faf9952c.jpg;https://vn-test-11.slatic.net/original/5dfbe82c8967354f90959accc211c99b.jpg;', 24, 2);

INSERT INTO review (id, product_id, reviewer, rating, `comment`) VALUES(4770, 477, 'Như Q.', 2, 'kem mềm bôi lên người dễ chịu... nhưng mới xài thử nên hok biết trắng hok nữa nếu ok mình sẽ ủng hộ shop dài dài');

INSERT INTO review (id, product_id, reviewer, rating, `comment`) VALUES(4771, 477, 'camtuyet', 3, 'xài ok lam');

INSERT INTO review (id, product_id, reviewer, rating, `comment`) VALUES(4772, 477, 'Hồ T.', 1, '1 chai da bat tone .hang tot .mua lan 2 r .xai het mua tiep .moi mua 2 chai cho em gai xai');

INSERT INTO review (id, product_id, reviewer, rating, `comment`) VALUES(4773, 477, 'Hồ T.', 4, 'Qua tuyet voi .moi xai 4 lan ma bat tone ro rang luon');

INSERT INTO review (id, product_id, reviewer, rating, `comment`) VALUES(4774, 477, 'My M.', 3, 'sao t đặt hai cái tắm trắng kèm theo hủ kem body luôn mà sao giao có thứ sao k giống trong hình z');

INSERT INTO product (id, name, short_desc, full_desc, category_id, brand_name, status, weight, available_item, unit_price, discount_percent, avg_rating, img_url, total_rating, supplier_id) VALUES(478, 'Phấn lạnh Icy Cool Protex Hoa Anh đào 300g', 'Phấn lạnh Icy Cool Protex Hoa Anh đào 300g', '<pre>Phấn lạnh Protex Icy Coolcó tác dụng kháng khuẩn, dưỡng da, giúp loại bỏ vi khuẩn gây mùi khó chịu từ da của bạn, tiết chế mồ hôi mang đến cảm giác khô thoáng, thoải mái cho bạn.Phấn Protex Thái Lanđược làm hoàn toàn từ thành phần thiên nhiên nên thoải mái khi sử dụng, không gây kích ứng dù da bạn có nhạy cảm đến đâu, làdòng sản phẩm với tinh chất từ bạc hà cho cảm giác mát lạnh khi thoa, cho da dẻ luôn mát mịn,giúp loại bỏ vi khuẩn gây mùi khó chịu.Phấn protexthích hợp cho sau khi bôi kem dưỡng da, phấn lạnh có thể giữ lớp kem dưỡng lâu hơn. Dùng được cho cả mặt và body. Tác dụng kiềm dầu rất hiệu quả.Sử dụngphấn lạnh protexhàng ngày để da dẻ luôn được khô thoáng, chống khuẩn rất tốt. Sử dụng được cho cả người lớn và trẻ em trên 3 tuổi.- Ngoài tác dụng làm mát cơ thể thì Bác sĩ da liễu đã thư nghiệm Protex Icy Cool Extreme Body Cooling Powder có tác dụng kháng khuẩn , giúp loại bỏ vi khuẩn gây mùi khó chịu từ da bạn. Rất phù hợp cho thời tiết hiện nay .+ Trong dưỡng da: Thích hợp cho sau khi bôi kem dưỡng da, phấn lạnh có thể giữ lớp kem dưỡng trên da bạn mịn màng mà không trây nhớt trên da bạn.+ Trong khi trang điểm: Sau lớp base(bbcream) hoặc foundation và phấn phủ thì thoa nhẹ một lớn phấn lạnh lên mặt, dùng tay thoa phấn đều nhẹ nhàng và để phấn thấm tự nhiên. Da khô thoáng, mát lạnh, không sinh mụn trứng cá hay mụn đầu đen, ngược lại phấn thơm mịn hút ẩm giúp giảm thiểu mụn li ti trên gương mặt.- Dùng hằng ngày trang điểm đều được. Phấn không kích ứng da mỏng, dày, khô..da nhờn càng nên dùng để tránh nhờn trên giương mặt.</pre>', 47, 'Protex', 'NEW', 2.9955368063962786, 88, 105000, 10, 5.0, 'https://vn-test-11.slatic.net/original/caa3b7a6d6c75cff330d0d466c6f1914.jpg;https://vn-test-11.slatic.net/original/04723659eb4bf9b871338f3bcee7c712.jpg;https://vn-test-11.slatic.net/original/64a4dae70419e4708f5689ec33228659.jpg;', 1, 2);

INSERT INTO product (id, name, short_desc, full_desc, category_id, brand_name, status, weight, available_item, unit_price, discount_percent, avg_rating, img_url, total_rating, supplier_id) VALUES(479, 'Huyết thanh trắng da 7day Whitening Program Glutathione 700 V-ample', 'Huyết thanh trắng da 7day Whitening Program Glutathione 700 V-ample', '<pre>7 Day Whitening Program Glutathione 700 V-Ample là huyết thanh kích trắng da, bật tông sau 7 ngày sử dụng giúp làn da trắng hồng rạng rỡ, không tì vết.
Huyết thanh giúp làm mờ thâm nám, đồi mồi, tàn nhang chỉ trong thời gian ngắn nhất.
7 Day Whitening cung cấp chất chống oxy hóa cao cùng các dưỡng chất thiết yếu giúp nuôi dưỡng và bảo vệ tế bào da hoàn hảo.
Cải thiện dấu hiệu lão hóa, dưỡng ẩm tối đa duy trì sự mềm mại cho da.
Huyết thanh 7 Day giúp phục hồi làn da bị sần sùi, khô ráp, mất nước.
Se khít và làm sạch lỗ chân lông từ đó làm giảm tình trạng mụn trứng cá.
Bảo vệ các dưỡng chất dưới da, tăng sản sinh collagen giúp da đàn hồi, săn chắc, khỏe mạnh, trẻ trung.</pre>', 47, '7DAYS COSMETICS', 'USED', 8.841713035321321, 34, 375000, 10, 5.0, 'https://vn-test-11.slatic.net/original/5d7c1ae0d5888359b5ea6f7bf1bb8a94.jpg;https://vn-test-11.slatic.net/original/14ba51416e229fa385dbf1fe9e03a71a.jpg;https://vn-test-11.slatic.net/original/df464d09ac3c3552dbb33aa660f32bc5.jpg;', 2, 9);

INSERT INTO review (id, product_id, reviewer, rating, `comment`) VALUES(4790, 479, 'Lazada Customer', 3, 'giao hàng rất nhanh');

INSERT INTO product (id, name, short_desc, full_desc, category_id, brand_name, status, weight, available_item, unit_price, discount_percent, avg_rating, img_url, total_rating, supplier_id) VALUES(4710, 'YTRI-Tự khóa Hình Xăm Tay Cầm Chuyên Nghiệp Tự Khóa Tay Nắm Cho Máy Xăm Cung Cấp Nghệ Thuật Thân Thể Dụng Cụ (Đen)', 'YTRI-Tự khóa Hình Xăm Tay Cầm Chuyên Nghiệp Tự Khóa Tay Nắm Cho Máy Xăm Cung Cấp Nghệ Thuật Thân Thể Dụng Cụ (Đen)', '<pre>Nó là an toàn và thuận tiện để sử dụng.
Nó là chống sốc khi điều khiển hình xăm.
Một bổ sung thiết yếu của bạn hình xăm phòng thu.
Thoải mái, sử dụng an toàn và chuyên nghiệp.
Với mỹ thủ công và thiết kế, nó là tuyệt vời để sử dụng.</pre>', 47, 'OEM', 'NEW', 8.775500457241973, 35, 165921, 10, 0.0, 'https://my-test-11.slatic.net/original/75b59a657a0197b9816dc60209511d35.jpg;https://my-test-11.slatic.net/original/86c5c7c70beb40ccdbf28218f89a5ab6.jpg;https://my-test-11.slatic.net/original/9b5c0b87b4056fcd40c5e51cee7b691a.jpg;https://my-test-11.slatic.net/original/fa0f3508bc3a21267c455ab4b3def480.jpg;https://my-test-11.slatic.net/original/08351e603142c242ee3a2fc529931166.jpg;https://my-test-11.slatic.net/original/17d141bcd88c654fd38c080c714c3dd7.jpg;https://my-test-11.slatic.net/original/b9de9b0293166f062c440f9baade2571.jpg;https://my-test-11.slatic.net/original/acfe332adce43f2331c72cae171117e6.jpg;', 0, 4);

INSERT INTO product (id, name, short_desc, full_desc, category_id, brand_name, status, weight, available_item, unit_price, discount_percent, avg_rating, img_url, total_rating, supplier_id) VALUES(4711, 'Xịt Chống Nắng Trắng Da Maycreate 150ml Spf35', 'Xịt Chống Nắng Trắng Da Maycreate 150ml Spf35', '<pre>Xịt Chống Nắng Trắng Da Maycreate 150ml Spf35
Chai xịt chống nắng Maycreate là loại chống nắng hóa học bảo vệ da bạn khỏi tia UVA / UVB tác nhân gây tổn hại da với dạng màn sương nhẹ, thoáng khí. Chống nắng dạng xịt phun sương (mist), khi xịt ra sẽ thấy dung dịch rất lỏng màu trong suốt, không bết dính, dễ dàng thẩm thấu trên bề mặt da. Sản phẩm có chỉ số SPF là 30  và Broad Spectrum (phổ rộng, chống được cả UVA và UVB). Có thể dùng cho mặt nhưng không được xịt trực tiếp lên mặt mà phải xịt lên tay sau đó bôi lên. Sản phẩm không chưa dầu, phù hợp với mọi loại da. Ưu điểm của dạng xịt phun sương so với dạng kem truyền thống đó là nhanh gọn, không bít lỗ chân lông, không bết dính. Đối với những ngày hè oi ả đổ nhiều mồ hôi hay đi bơi thì đây là một sự lựa chọn hoàn hảo bởi loại chống nắng này là không thấm nước (water resistant). Điểm nổi bật của sản phẩm : Cảm giác nhẹ nhàng cho da • Không gây nhờn • Chống nước • Khả năng chịu nước, chống mồ hôi • Non-comedogenic (không làm tắc nghẽn lỗ chân lông) • Dạng phun sương • Không dầu – Oil free, PABA-free • Chai nhỏ gọn, tiện di chuyển. Dung tích : 150ml Xuất xứ: Trung Quốc
#xitchongnang #xittrangda</pre>', 47, 'MayCreate', 'NEW', 7.093495229302115, 1, 65000, 10, 5.0, 'https://vn-test-11.slatic.net/p/48de3a3f756b9e7ec6665f0bd75d35ab.jpg;https://vn-test-11.slatic.net/p/08db30f71bbb32754993685fe6b677d8.jpg;https://vn-test-11.slatic.net/p/f74d2181d162fefec796a9f133f334f3.jpg;https://vn-test-11.slatic.net/p/38d9c1b8536f3b5eeed4adce518ca74b.jpg;https://vn-test-11.slatic.net/p/2e8e84ff119c56d2506a04b9768d4bfe.jpg;', 1, 7);

INSERT INTO product (id, name, short_desc, full_desc, category_id, brand_name, status, weight, available_item, unit_price, discount_percent, avg_rating, img_url, total_rating, supplier_id) VALUES(4712, 'Combo 02 chai Ủ trắng lúa mạch loại lớn, đang siêu hot', 'Combo 02 chai Ủ trắng lúa mạch loại lớn, đang siêu hot', '<pre>Xuất xứ: Việt Nam
Hạn dùng: 3 năm
Ủ trắng lúa mạch đang siêu hot nè
1 sản phẩm ủ trắng vô cùng tiện lợi nhà nhà đều dùng.
Với thành phần chủ yếu từ nhân sâm Hàn quốc sẽ cho bạn làn da
Căng bóng
Trắng sáng
Đều màu
Mềm da
Se khít lỗ chân lông
Thích hợp với mọi loại da
Đặc biệt không gây dị ứng nhờn rít khi sử dụng</pre>', 47, 'OEM', 'USED', 1.1884521845888436, 48, 58000, 10, 4.7, 'https://vn-test-11.slatic.net/original/9e59347149d341d0ae6c97721a54446a.jpg;https://vn-test-11.slatic.net/original/6b2716d7c56a0f15f572df071c31ad59.jpg;https://vn-test-11.slatic.net/original/be8731a25557fbe9d2027b136fef1986.jpg;https://vn-test-11.slatic.net/original/1c1dda02a7745f10a1dcc27f22cf5925.jpg;https://vn-test-11.slatic.net/original/ac2160ef6bd7b7bb17f0e07a7265c061.jpg;https://vn-test-11.slatic.net/original/90ee4cfd9046b2707180f18f4492b995.jpg;', 3, 8);

INSERT INTO review (id, product_id, reviewer, rating, `comment`) VALUES(47120, 4712, 'linh', 1, 'sài ko lên tone j ht trơn');

INSERT INTO product (id, name, short_desc, full_desc, category_id, brand_name, status, weight, available_item, unit_price, discount_percent, avg_rating, img_url, total_rating, supplier_id) VALUES(4713, 'Tinh Dầu Gấc Nguyên Chất Mộc Sắc (Pha uống với sữa tươi không đường - giúp dạ mịn màng)', 'Tinh Dầu Gấc Nguyên Chất Mộc Sắc (Pha uống với sữa tươi không đường - giúp dạ mịn màng)', '<pre>Thành phần chính:100% tinh dầu gấc nguyên chất, không phẩm màu
Đặc điểm:Dạng tinh dầu lỏng, có màu cam đỏ đặc trưng của gấc chín.
Công dụng:GiảmCholesterol trong máu,hạn chế việc xơ vỡ động mạch, hạn chế và loại bỏ tận gốc các tác nhân tiềm tàng gây ung thư,điều trị nám và chăm sóc da.
Đóng túi dạng túi zip:500gram
Bảo quản:Nơi khô ráo thoáng mát
Hạn sử dụng:Xem trên bao bì
Bạn chỉ cần lấy một lượng dầu gấc vừa đủ thoa đều lên da mặt hoặc những vùng bị nám.
Sau 20 phút rửa lại với nước.
Chỉ sau 2 tháng là bạn sẽ thấy kết quả rõ rệt. Chúc bạn thành công!</pre>', 47, 'Mộc Sắc', 'NEW', 3.6043297836628247, 22, 120000, 10, 0.0, 'https://vn-test-11.slatic.net/p/7b6b160a4b586bb6e0b18ae066d87e58.jpg;https://vn-test-11.slatic.net/p/33e98a7906606453b0af4d94848347c2.jpg;https://vn-test-11.slatic.net/p/c632fca901d31f7edb5aa322ca0546bb.jpg;https://vn-test-11.slatic.net/p/1dc76e2bd022f72fb223042fbff635e4.jpg;https://vn-test-11.slatic.net/p/39d6f65dfd08c930012f65c9922c6c5c.jpg;', 0, 7);

INSERT INTO product (id, name, short_desc, full_desc, category_id, brand_name, status, weight, available_item, unit_price, discount_percent, avg_rating, img_url, total_rating, supplier_id) VALUES(4714, 'Kem kích trắng White Body Hàn Quốc', 'Kem kích trắng White Body Hàn Quốc', '<pre>Xuất xứ: Hàn Quốc
Trọng lượng : 150ml
Chỉ số chống nắng: SPF 35/PA+++
Là loại kem dưỡng thể được tạo ra từ công nghệ Nano hiện đại với thành phần chính là vàng, bạc nguyên chất và 18 loại đá quý Nano với phân tử cực nhỏ so với kích thước của tế bào da.
Bằng các phân tử Nano siêu nhỏ, sản phẩm mang lại hiệu quả kinh ngạc về sự trẻ hoá, tái tạo và phục hồi da trong thời gian ngắn
Là thần dược của mọi làn da với công thức trị tái sinh, tái tạo da xấu. Liên kết lại lớp collagen đã bị phá huỷ.
Hiệu quả cao kể cả đối với những làn da mụn nhọt, thâm, sạm, nám mảng, chùng nhão, chảy xệ, các nếp nhăn,lỗ chân lông to, da nhờn, thô ráp.</pre>', 47, 'OEM', 'NEW', 9.463849692362764, 70, 65000, 10, 5.0, 'https://vn-test-11.slatic.net/original/837b4e1ee8b3c5feba5b7ccf471a14ef.jpg;https://vn-test-11.slatic.net/original/cd3b09bb27c01270e42ed8120387f8ea.jpg;https://vn-test-11.slatic.net/original/5d19fb9f96325f1d484404f82675779e.jpg;https://vn-test-11.slatic.net/original/8b3721ca38bdcedb8aa61dd694441617.jpg;https://vn-test-11.slatic.net/original/edf1b02aa5ca7bbec7b8fdfa90123082.jpg;https://vn-test-11.slatic.net/original/90ee4cfd9046b2707180f18f4492b995.jpg;', 1, 1);

INSERT INTO review (id, product_id, reviewer, rating, `comment`) VALUES(47140, 4714, 'Ánh T.', 2, 'kem nầy ok lắm câm ơn sop');

INSERT INTO product (id, name, short_desc, full_desc, category_id, brand_name, status, weight, available_item, unit_price, discount_percent, avg_rating, img_url, total_rating, supplier_id) VALUES(4715, 'Kem Body Super Whitening Mochi For All Skin Types MyAone Beauty', 'Kem Body Super Whitening Mochi For All Skin Types MyAone Beauty', '<pre>Dưỡng trắng da
Chống nắng UV SPF 45
Mịn da,phục hồi da khô ráp,bổ sung dưỡng chất.
Kem body ngày có chất chống nắng nên chúng ta dùng vừa dưỡng trắng mà không sợ ra ngoài khi trời nắng
THÀNH PHẦN CHÍNH: Aqua, Propylene Glycol, C15 19 Alkane, Hydroxyethyl Acrylate/Sodium Acryloyldỉmethyl Taurte Copolymer, Nỉacỉnamide, Titanium Dioxỉde, Dipotassium Glycyerrhỉzate, Hammelis Virginỉana ( Witch Hazel) Leaf Water, Glycyrrhỉza Glabra (Lỉcorỉce) extract,
Hydrogenated Polydecene, Sodium Hyaluronate, DMDM Hydantoỉn, Phenoxyethanol, Ethylhexylglycerỉn, Fragrance, Polysorbate 80 CÔNG D NG: Thành phần chính là ngọc trai, tơ tằm thỉên nhiên khà nảng làm trắng gấp 2 fân, cho làn da sáng trắng vượt trội chỉ sau 5-7 Ngày sử dụng!
Công thức dưỡng trắng đột phá gỉàu vitamin và dưỡng chẩt hỗ trợ đẩy lùi các dấu hỉệu lão hóa, phục hồi sự tươi trẻ và mang đển cho bạn làn da trẻ trung, khỏe mạnh và trắng hồng thuần khỉết. Glutahỉone trong kem dưỡng trắng da MYA ONE gỉúp nuôi dưỡng làn da từ sâu bên trong và
chống lại các dẩu hiệu lão hoá trong tương lai. Dùng kem thường xuyên sẽ mang đến làn da trắng hồng không tì vết. Tạo lớp rào chắn bảo vệ da trước tác động của môi trường. Chống nắng cao SPF 45++. Hảy để cơ thể được giải khát trong những ngày nắng nóng cùng dòng KEM BODY TUYẾT MOCHI MYA ONE đột phá tan chảy vào da ngay tức thì, cho cảm gỉác mát lạnh bùng nổ. Kem nhẹ nhàng và thẩm thẩn nhanh, cung cẩp cho cơ thể độ ẩm tức thì, gỉúp thủy hóa làn da lên đến 24h.</pre>', 47, 'MYAONE', 'NEW', 8.291562488861562, 92, 150000, 10, 0.0, 'https://vn-test-11.slatic.net/original/e47d8c2c3c5673f0d9c41b0f62c3ec28.jpg;https://vn-test-11.slatic.net/original/9db573ee81ac97ea6918b4e5ccb4fe63.jpg;https://vn-test-11.slatic.net/original/fded3242f1191393beccffa93785a46a.jpg;https://vn-test-11.slatic.net/original/afc9ec4a526885ec236403d33d7d9a0b.jpg;https://vn-test-11.slatic.net/original/887a47e59be20bba6529496955374349.jpg;https://vn-test-11.slatic.net/original/02885c94a60e929adfa301d4aa34b970.jpg;', 0, 3);

INSERT INTO product (id, name, short_desc, full_desc, category_id, brand_name, status, weight, available_item, unit_price, discount_percent, avg_rating, img_url, total_rating, supplier_id) VALUES(4716, 'MÁY PHUN XĂM THẨM MỸ - MAY PHUN XAM THAM MY PHO THONG - tặng 10 kim', 'MÁY PHUN XĂM THẨM MỸ - MAY PHUN XAM THAM MY PHO THONG - tặng 10 kim', '<pre>MÁY PHUN XĂM PHỔ THÔNG
- Dùng phun môi, mí, mày trong phun xăm
- Cắm sạc dùng trực tiếp
- Có vòng điều chỉnh tốc độ
- Máy êm, độ rung ít, bền máy</pre>', 47, 'BeautyShop87', 'NEW', 7.114170404984488, 80, 360000, 10, 5.0, 'https://vn-test-11.slatic.net/original/33f5d58e8b2d34b47ee11bdd42cb11d3.jpg;https://vn-test-11.slatic.net/original/df0d6fe454aec74e70a260f67c0b0db8.jpg;https://vn-test-11.slatic.net/original/70dbf1019d9b3293d90e264239cc7377.jpg;https://vn-test-11.slatic.net/original/af4de74a6b89c929c486a5957ee057b5.jpg;', 9, 5);

INSERT INTO review (id, product_id, reviewer, rating, `comment`) VALUES(47160, 4716, 'Tâm', 1, 'máy mới thử thấy êm ok');

INSERT INTO review (id, product_id, reviewer, rating, `comment`) VALUES(47161, 4716, 'Hoàng N.', 4, 'Rất tốt !');

INSERT INTO review (id, product_id, reviewer, rating, `comment`) VALUES(47162, 4716, 'Nam H.', 2, 'ok');

INSERT INTO review (id, product_id, reviewer, rating, `comment`) VALUES(47163, 4716, 'Lazada Customer', 0, '');

INSERT INTO product (id, name, short_desc, full_desc, category_id, brand_name, status, weight, available_item, unit_price, discount_percent, avg_rating, img_url, total_rating, supplier_id) VALUES(4717, 'XJING Hợp Kim Nhôm Máy Xăm Tay Cầm Thép không gỉ Retro Không Trượt Tự Khóa Hình Xăm Tay Cầm Ống Hình Xăm Accesory', 'XJING Hợp Kim Nhôm Máy Xăm Tay Cầm Thép không gỉ Retro Không Trượt Tự Khóa Hình Xăm Tay Cầm Ống Hình Xăm Accesory', '<pre>Phong cách Retro thiết kế, đặc biệt chống chủ đề trên bề mặt, trọng lượng nhẹ.
Đồng chất lượng cao độ bám, tuyệt vời cho sử dụng chuyên nghiệp.
Nó là an toàn và thuận tiện để sử dụng.
Nó là chống sốc khi điều khiển hình xăm.
Với mỹ thủ công và thiết kế, nó là tuyệt vời để sử dụng.</pre>', 47, 'OEM', 'NEW', 5.736750864018064, 87, 202818, 10, 0.0, 'https://my-test-11.slatic.net/p/2571876aa2ff0d547078e02ebb454aef.jpg;https://my-test-11.slatic.net/p/568cd1c231cb779e633b7deabf640094.jpg;https://my-test-11.slatic.net/p/87159cfbac3e676ce822f42a36031737.jpg;https://my-test-11.slatic.net/p/6159409fc5fdd915dd26e1f66146151d.jpg;https://my-test-11.slatic.net/p/41533c24b20092dbd8b817bcbe46c75a.jpg;https://my-test-11.slatic.net/p/8ea6f6b5ce75f26c401c7e36ebc34971.jpg;https://my-test-11.slatic.net/p/f70af4ddadc0268dcd8c9d48ea148eb3.jpg;https://my-test-11.slatic.net/p/10963074824ab613e89b6fd3b7cc3239.jpg;', 0, 4);

INSERT INTO product (id, name, short_desc, full_desc, category_id, brand_name, status, weight, available_item, unit_price, discount_percent, avg_rating, img_url, total_rating, supplier_id) VALUES(4718, 'KEM TRỊ THÂM 3 IN 1 I-doll', 'KEM TRỊ THÂM 3 IN 1 I-doll', '<pre>Trị thâm náchI-doll, có tác dụng trắng ngay sau khi thoa- Làm trắngI-dollvà mịn da vùng nách- Loại bỏ các tế bào chết một cách nhẹ nhàng- Ko gây kích ứg da, ko nhạy cảm với mọi loại da- Khử mùi cơ thể với hương thơm tươi mát- Có thể sử dụng cho da ở khủy tay hay da đầu gối giúp sáng tông màu da và mịn daCách sử dụng: dùng cho vùng da dưới cánh tay, đầu gối, khuỷu tay hay nhũ hoa sau khi tắm - buổi sáng hoặc buổi tối</pre>', 47, 'Flik', 'NEW', 8.929823455632574, 4, 35000, 10, 4.0, 'https://vn-test-11.slatic.net/original/37e0754314e4ccdf39e9087dbc298249.jpg;https://vn-test-11.slatic.net/original/7b4f67bf8d4fab76115247ed0a7c4c01.jpg;https://vn-test-11.slatic.net/original/010029af92f634a8bbd198ed6b27c068.jpg;', 3, 5);

INSERT INTO review (id, product_id, reviewer, rating, `comment`) VALUES(47180, 4718, 'Lazada Customer', 2, 'kem ít hơn nhg j mk nghĩ, rồi đâu ra cái khổ trang của Got7 mà tui là A.R.M.Y, chắc cái khổ trang đó bù vô cho kem ít.');

INSERT INTO review (id, product_id, reviewer, rating, `comment`) VALUES(47181, 4718, 'Lazada Customer', 4, 'hang ok');

INSERT INTO product (id, name, short_desc, full_desc, category_id, brand_name, status, weight, available_item, unit_price, discount_percent, avg_rating, img_url, total_rating, supplier_id) VALUES(4719, 'Siêu Kích Trắng X6 nhân sâm thuốc bắc', 'Siêu Kích Trắng X6 nhân sâm thuốc bắc', '<pre>KEM KÍCH TRẮNG X6 CÔNG DỤNG : – Bằng các phân tử Nano siêu nhỏ, sản phẩm mang lại hiệu quả kinh ngạc về sự trẻ hoá, tái tạo và phục hồi da trong thời gian ngắn.– Là thần dược của mọi làn da với công thức đặc trị tái sinh, tái tạo da xấu. Liên kết lại lớp collagen đã bị phá huỷ.– Hiệu quả cao kể cả đối với những làn da mụn nhọt, thâm, sạm, nám mảng, chùng nhão, chảy xệ, các nếp nhăn,lỗ chân lông to, da nhờn, thô ráp.– Kem kích trắng X6 - Giúp da trắng hồng căng bóng, không cần phải trang điểm. Tái tạo làn da mới khôi phục độ săn chắc, tạo một bề mặt da phẳng mịn & căng tràn sức sống. Trị & ngừa mụn tối đa– Tập trung vào các vùng da có dấu hiệu lão hoá, thâm đen, nám tàn nhang, các vùng da bị mụn nhọt, mẩn sần trên da. Phá huỷ và bẻ gãy liên kết của sắc tố melanin trả lại làn da trắng sáng hoàn hảo.HDSD : - KÍCH TRẶNG TRỘN VÀO KEM BODY -KEM CÔNG TY . KEM GIA CÔNG . HAY SỮA DƯỠNG THỂ-SẼ TĂNG ĐỘ SÁNG GẤP 6 LẦN TRỌNG LƯỢNG 30GCÓ THỂ TRỘN 150G ĐẾN 200G KEM </pre>', 47, 'OEM', 'NEW', 1.010215674939157, 18, 17000, 10, 5.0, 'https://vn-test-11.slatic.net/p/734aa5e4108ccc68b184d55c405c4eb6.jpg;https://vn-test-11.slatic.net/p/ff032c11cd905d612185d8379c112e17.jpg;https://vn-test-11.slatic.net/p/8bd2dfeb807f06a4cf19d0c6616b1163.jpg;https://vn-test-11.slatic.net/p/8a8b3da9b80ee0867c8398010e845dab.jpg;https://vn-test-11.slatic.net/p/3a16b9e40ed23fcd5265ffdd8b2bdc2d.jpg;https://vn-test-11.slatic.net/p/6b9083cfc7bc63b53d727491e52a59a2.jpg;', 2, 3);

INSERT INTO review (id, product_id, reviewer, rating, `comment`) VALUES(47190, 4719, 'Hằng H.', 3, 'tốt');

INSERT INTO product (id, name, short_desc, full_desc, category_id, brand_name, status, weight, available_item, unit_price, discount_percent, avg_rating, img_url, total_rating, supplier_id) VALUES(4720, 'Kem dưỡng da siêu trắng Body Mềm 250gr', 'Kem dưỡng da siêu trắng Body Mềm 250gr', '<pre>Siêu tốt cho da, mùa này chỉ cần bôi kem 10 ngày thôi đủ để tự tin ra đường
An Toàn Tuyệt Đối, Nói Ko Với Kem Trộn
Như 1 lớp make up nhẹ, ko trôi trong nước - Chống nắng cao, chống dị ứng
Khi tiếp xúc lên bề mặt da nó lại tan chảy ra như các loại lotion - Độ dưỡng cực kì cao, thoa đâu thấm đó - Ko bết dính, ko lộ kem
Thấm nhanh, thoáng mát, dễ chịu
Khôngbết dính, khônglộ kem</pre>', 47, 'OEM', 'NEW', 7.122002595283272, 14, 58000, 10, 5.0, 'https://vn-test-11.slatic.net/p/7ff4ebd3685a226a914f6dc21ea423da.jpg;https://vn-test-11.slatic.net/p/b69423103290c6ba1842feb7c3fbf172.jpg;https://vn-test-11.slatic.net/p/4a4ae67b5a2c833fce9ee7f98530ddec.jpg;https://vn-test-11.slatic.net/p/90ee4cfd9046b2707180f18f4492b995.jpg;', 5, 8);

INSERT INTO review (id, product_id, reviewer, rating, `comment`) VALUES(47200, 4720, 'thanh T.', 1, 'mua mỗi shop một chất kem khác nhau cũng hk bt đâu là thật giả..nhưng nói thật thoa vô so sánh với kh thoa như nhau .. kh thay đổi gì cả');

INSERT INTO product (id, name, short_desc, full_desc, category_id, brand_name, status, weight, available_item, unit_price, discount_percent, avg_rating, img_url, total_rating, supplier_id) VALUES(4721, '[MUA 5 TẶNG 1] Kem kích trắng X6 giúp da trắng sáng cấp tốc không khô da không ăn nắng an toàn phù hợp với nhiều loại da', '[MUA 5 TẶNG 1] Kem kích trắng X6 giúp da trắng sáng cấp tốc không khô da không ăn nắng an toàn phù hợp với nhiều loại da', '<pre>Kích trắng X6 với thành phẩn tự nhiên : nhân sâm , sữa non , collagen , vitamin ABCDK giúp da trắng sáng cấp tốc, không khô da, không ăn nắng , an toàn phù hợp với nhiều loại da.
Sử dụng đơn giản, có thể dùng trực tiếp hoặc trộn chung với kem body đang sử dụng để đạt hiệu quả mong muốn. Sản phẩm vừa ra mắt đã tạo nên cơn sốt trên thị trường vì hiệu quả trắng da mà sản phẩm đã mang lại.
KÍCH BODY KÍCH TRẮNG SIÊU TỐC LOẠI CỰC MẠNH , TRẮNG TRONG 10 NGÀY SAU KHI SỬ DỤNG.
CAM ĐOAN TUYỆT ĐỐI KHÔNG LÀM KHÔ DA , SÀI MỀM MỊN DA , GIÚP DƯỠNG TRẮNG NHANH NHƯNG AN TOÀN
Hàng gia công tại Việt Nam</pre>', 47, 'No Brand', 'USED', 4.555800944011251, 82, 15000, 10, 5.0, 'https://vn-test-11.slatic.net/p/ca15aac3ad01392406fa4ca66467b90b.jpg;https://vn-test-11.slatic.net/p/008339e468f5fee644b3713c5ad1d9d3.jpg;https://vn-test-11.slatic.net/p/8b558fd39bbaedd1d73e0b9ce9af0a72.jpg;https://vn-test-11.slatic.net/p/3c49214dcae0d2411929479ee57290f8.jpg;https://vn-test-11.slatic.net/p/19cf77f52227d49e1fd3cc9465b3a69d.jpg;https://vn-test-11.slatic.net/p/222cd47be6239a4c36f4c1d5c3832bd3.jpg;https://vn-test-11.slatic.net/p/c185552cca88dbf7937c09d0a48e833f.jpg;https://vn-test-11.slatic.net/p/29e60ffed403a4b449b795fd364a94d0.jpg;', 2, 6);

INSERT INTO review (id, product_id, reviewer, rating, `comment`) VALUES(47210, 4721, 'nguyen T.', 2, 'giao hàng nhanh,giống hinh..sai nhu the nao thi chua bt');

INSERT INTO product (id, name, short_desc, full_desc, category_id, brand_name, status, weight, available_item, unit_price, discount_percent, avg_rating, img_url, total_rating, supplier_id) VALUES(4722, 'AIRFORCE 1 bộ Hoàn Thành Tinh Tế Tay Nghề Xăm Bộ Thiết Bị Máy Xăm DIY Hình Xăm Nghệ Thuật Thân Thể Công Cụ (XANH)', 'AIRFORCE 1 bộ Hoàn Thành Tinh Tế Tay Nghề Xăm Bộ Thiết Bị Máy Xăm DIY Hình Xăm Nghệ Thuật Thân Thể Công Cụ (XANH)', '<pre>Tay nghề tinh tế, mịn và nhỏ gọn bề mặt, hiệu năng mạnh mẽ.
Dễ dàng áp dụng và bạn có thể có DIY hình xăm với máy này.
5 hình xăm kim và hình xăm kim giữ được cung cấp
Hình Xăm máy dễ dàng để làm việc với, dễ giai điệu và chạy tốt
Chúng ta hình xăm máy đa năng và dễ sửa đổi và phát triển với bạn như bạn tiến bộ
Có là một đại lượng tài năng hình xăm nghệ sĩ ra có sử dụng hình xăm máy và bộ dụng cụ</pre>', 47, 'OEM', 'NEW', 2.3295046518879747, 78, 311790, 10, 0.0, 'https://my-test-11.slatic.net/original/67975917f42e16d2eb3fe8550552a29a.jpg;https://my-test-11.slatic.net/original/ebaa60ad33d88647b35bca92659c4f34.jpg;https://my-test-11.slatic.net/original/6de923a85fc890fa5c9203f828da1ce8.jpg;https://my-test-11.slatic.net/original/2c2785d85cb5d724e908be2398ef969c.jpg;https://my-test-11.slatic.net/original/e2cbc53d014d9fa6523d5e09359b6884.jpg;https://my-test-11.slatic.net/original/dcffca20f90fee72a37d660696b61c4f.jpg;https://my-test-11.slatic.net/original/2cdcb8a34179900b8271172a74012973.jpg;', 0, 4);

INSERT INTO product (id, name, short_desc, full_desc, category_id, brand_name, status, weight, available_item, unit_price, discount_percent, avg_rating, img_url, total_rating, supplier_id) VALUES(4723, 'Máy xăm phổ thông KÈM SẠC TẶNG KIM ĐỦ LOẠI', 'Máy xăm phổ thông KÈM SẠC TẶNG KIM ĐỦ LOẠI', '<pre>Chất liệu cao cấp
Độ bền cao
An toàn khi sử dụng</pre>', 47, 'OEM', 'USED', 9.130724585362872, 41, 390000, 10, 5.0, 'https://vn-test-11.slatic.net/original/c0e64c64d2496098fbc2599fc346bc80.jpg;https://vn-test-11.slatic.net/original/c9c1631f6f4ff1a97e8287642d13de72.jpg;https://vn-test-11.slatic.net/original/4f1b9c114dc7a357dbc6f946eb67f310.jpg;', 1, 1);

INSERT INTO review (id, product_id, reviewer, rating, `comment`) VALUES(47230, 4723, 'pham V.', 2, 'công tắc làm 1 làn đã có vấn đề.Có1 kim 1 và 1 kim 5.');

INSERT INTO product (id, name, short_desc, full_desc, category_id, brand_name, status, weight, available_item, unit_price, discount_percent, avg_rating, img_url, total_rating, supplier_id) VALUES(4724, 'Chuyên nghiệp Cuộn Dây Hình Xăm Kim Máy Cầm Dụng Cụ Hoàn Chỉnh Hình Xăm Bộ', 'Chuyên nghiệp Cuộn Dây Hình Xăm Kim Máy Cầm Dụng Cụ Hoàn Chỉnh Hình Xăm Bộ', '<pre>Nó có tay nghề tinh tế, mịn và nhỏ gọn bề mặt.
Tiếng ồn thấp, cung cấp một môi trường yên tĩnh cho khách hàng.
Với động cơ khỏe, nhanh tốc độ chạy và mạnh mẽ sức mạnh.
Thích hợp cho chuyên nghiệp và người mới bắt đầu sử dụng.</pre>', 47, 'OEM', 'NEW', 2.72282863806809, 38, 257000, 10, 0.0, 'https://my-test-11.slatic.net/original/5a68c88882cffa3a8d2336cae1d129f4.jpg;https://my-test-11.slatic.net/original/9f52d506db67708033b6fb08711cb3c3.jpg;https://my-test-11.slatic.net/p/5d882602c5874c78ed17c3108696c581.jpg;https://my-test-11.slatic.net/original/6aa8978b9cbbdddee3cdc50e52b69c8c.jpg;https://my-test-11.slatic.net/p/3891908382fdc7160a2724e15be4e3a0.jpg;https://my-test-11.slatic.net/p/3c178b679839c0802c8671717a16e135.jpg;https://my-test-11.slatic.net/original/f97bccd85f4d3c25fe64d0e1cf6e21fe.jpg;https://my-test-11.slatic.net/original/2d4959aaa20fdb7b0140384e70c25869.jpg;', 0, 4);

INSERT INTO product (id, name, short_desc, full_desc, category_id, brand_name, status, weight, available_item, unit_price, discount_percent, avg_rating, img_url, total_rating, supplier_id) VALUES(4725, 'Cafe Giảm Cân - IDOL SLIM COFFEE - Thái Lan', 'Cafe Giảm Cân - IDOL SLIM COFFEE - Thái Lan', '<pre>Cafe Giảm Cân - IDOL SLIM COFFEE - Thái Lan với hương vị cực kì thơm ngon được chiết xuất từ các sản phẩm từ thiên nhiên kết hợp với L - collagen carnitine chiết xuất từ đậu và cây xương rồng giúp giảm cân hiệu quả bằng cơ chế tăng tốc độ tiêu hóa các chất béo. Sản phẩm không có tác dụng phụ, không ảnh hưởng đến não bộ và hoàn toàn không có thuốc.
Siêu phẩm đang làm mưa làm gió tại Thái, nay em giới thiệu để chị em nào muốn giảm cân cứ tự tin sử dụng để có vóc dáng hoàn hảo, xinh đẹp (Giảm ngay 3-5kg sau 1 hộp)
Giảm cân bằng cách dùng cà phê, mọi người đều biết dùng thuốc giảm cân là bắt buộc phải kiêng cafe, nhưng với sản phẩm cafe giảm cân mới tại Thái, những ai nghiện cafe vẫn có thể giảm vân tốt được nhé, 1 lần uống 2 công dụng vừa được uống cafe thơm ngon vừa giảm cân nha.
Giảm cân siêu tốt, không gây mệt mỏi, xấu da, nhức đầu, da xanh xao như nhiều loại giảm cân khác. Lờn thuốc cơ địa khó dùng tốt luôn hen mấy chế, chuyên dùng cho ai cơ địa khó giảm, dùng qua nhiều thuốc giảm cân rồi.
Được bộ y tế Thái cấp phép và được bán tại hầu hết các nhà thuốc tại Thái mọi người nhé.</pre>', 47, 'OEM', 'NEW', 2.824754300129131, 58, 108000, 10, 4.5, 'https://vn-test-11.slatic.net/p/debbb6c9751351ff72db9a5d51d62e7e.jpg;https://vn-test-11.slatic.net/p/090a4eb7427b58714613bb892d004d9e.jpg;https://vn-test-11.slatic.net/p/2484e56fe5ea627ac259602b1374a013.jpg;https://vn-test-11.slatic.net/p/ca38235bdac23c361a47f0804a231dbf.jpg;', 4, 6);

INSERT INTO review (id, product_id, reviewer, rating, `comment`) VALUES(47250, 4725, 'Ngọc P.', 1, 'đang chờ kết quả');

INSERT INTO review (id, product_id, reviewer, rating, `comment`) VALUES(47251, 4725, 'Ngọc P.', 2, 'uống rồi nhưng chưa thấy gì lạ');

INSERT INTO product (id, name, short_desc, full_desc, category_id, brand_name, status, weight, available_item, unit_price, discount_percent, avg_rating, img_url, total_rating, supplier_id) VALUES(4726, 'BLY Chấm Bột Móng Tay Nhúng Bột Gel Bộ Sơn Móng Cói Phối Nhúng Bột Móng Tay Nghệ Thuật SuppliesDipping Bột móng tay Nhúng Bột Gel', 'BLY Chấm Bột Móng Tay Nhúng Bột Gel Bộ Sơn Móng Cói Phối Nhúng Bột Móng Tay Nghệ Thuật SuppliesDipping Bột móng tay Nhúng Bột Gel', '<pre>Thông số kỹ thuật: 3 lọ keo dán, 3 bình sữa bột</pre>', 47, 'Rondaful', 'USED', 3.083556289336081, 49, 252000, 10, 0.0, 'https://my-test-11.slatic.net/p/a496979c7b205ce9361ea0c413c14e05.jpg;https://my-test-11.slatic.net/p/f1ac29ca6989695e8f41bc64fc326524.jpg;https://my-test-11.slatic.net/p/ee4553b6b9d89d07f0cd0888f46b6ce9.jpg;https://my-test-11.slatic.net/p/e9be60a9ca6ea63e0a83d996b527ba64.jpg;https://my-test-11.slatic.net/p/470c256578889d5a1d004c5826fa96c2.jpg;https://my-test-11.slatic.net/p/d4ce6a35735be98df8a2e17b4199eaf2.jpg;', 0, 8);

INSERT INTO product (id, name, short_desc, full_desc, category_id, brand_name, status, weight, available_item, unit_price, discount_percent, avg_rating, img_url, total_rating, supplier_id) VALUES(4727, 'kem kích trắng x6', 'kem kích trắng x6', '<pre>KEM KÍCH TRẮNG X6CÔNG DỤNG :– Bằng các phân tử Nano siêu nhỏ, sản phẩm mang lại hiệu quả kinh ngạc về sự trẻ hoá, tái tạo và phục hồi da trong thời gian ngắn.– Là thần dược của mọi làn da với công thức đặc trị tái sinh, tái tạo da xấu. Liên kết lại lớp collagen đã bị phá huỷ.– Hiệu quả cao kể cả đối với những làn da mụn nhọt, thâm, sạm, nám mảng, chùng nhão, chảy xệ, các nếp nhăn,lỗ chân lông to, da nhờn, thô ráp.–Kem kích trắng X6 -Giúp da trắng hồng căng bóng, không cần phải trang điểm. Tái tạo làn da mới khôi phục độ săn chắc, tạo một bề mặt da phẳng mịn & căng tràn sức sống. Trị & ngừa mụn tối đa– Tập trung vào các vùng da có dấu hiệu lão hoá, thâm đen, nám tàn nhang, các vùng da bị mụn nhọt, mẩn sần trên da. Phá huỷ và bẻ gãy liên kết của sắc tố melanin trả lại làn da trắng sáng hoàn hảo.HDSD :- KÍCH TRẶNG TRỘN VÀO KEM BODY-KEM CÔNG TY . KEM GIA CÔNG . HAY SỮA DƯỠNG THỂ-SẼ TĂNG ĐỘ SÁNG GẤP 6 LẦNTRỌNG LƯỢNG 30GCÓ THỂ TRỘN 150G ĐẾN 200G KEM</pre>', 47, 'OEM', 'NEW', 8.137200468941202, 91, 19000, 10, 4.4, 'https://vn-test-11.slatic.net/original/25c1a7bb749330116a87081699c22b4a.jpg;https://vn-test-11.slatic.net/original/0afa1d1ddc8bc4e7708c7afe940d7c73.jpg;https://vn-test-11.slatic.net/original/a89294c4ef7d1c1d9a9ca1fb6b0cdc2f.jpg;', 62, 9);

INSERT INTO review (id, product_id, reviewer, rating, `comment`) VALUES(47270, 4727, 'Lazada Customer', 1, 'chai tam ko bật tone, ko trắng. kem trộn với x6 sài lên da thấy lòng bàn tay vàng khè ko biết có nên sử dụng tiếp ko??');

INSERT INTO review (id, product_id, reviewer, rating, `comment`) VALUES(47271, 4727, 'Pham R.', 0, 'ngươi gửi không tốt còn lấy thêm tiền ship còn nói nợ thất vọng cho một sao');

INSERT INTO review (id, product_id, reviewer, rating, `comment`) VALUES(47272, 4727, 'Nhu Y.', 3, 'Kem xai rat ok.bac ton len rỏ.nhug xai lau dai kg biet se nhu the nao.se ug ho tiep');

INSERT INTO review (id, product_id, reviewer, rating, `comment`) VALUES(47273, 4727, 'Hà C.', 2, 'sp đúg mô tả . kem thơm và thấm vào da. rất thích');

INSERT INTO review (id, product_id, reviewer, rating, `comment`) VALUES(47274, 4727, 'Út M.', 3, 'mùi hơi hắc .k giống như x6 mình từng mua');

INSERT INTO product (id, name, short_desc, full_desc, category_id, brand_name, status, weight, available_item, unit_price, discount_percent, avg_rating, img_url, total_rating, supplier_id) VALUES(4728, 'Combo 10 Mặt Nạ V7 Hương kiwi', 'Combo 10 Mặt Nạ V7 Hương kiwi', '<pre>Combo 10 Mặt Nạ V7 Hương kiwi
* CUNG CẤP 7 LOẠI VITAMIN KHÁC NHAU, CÁCH NHANH NHẤT NẠP DƯỠNG CHẤT CHO DA♥️♥️♥️ Các nàng có biết những tác dụng của mặt nạ tinh chất quả không ?
Táo: Dưỡng ẩm, làm dịu da, giúp loại bỏ tế bào chết, mịn da và ngăn ngừa mụn
Kiwi: Giúp da tươi mát, làm sáng da, giảm tấy đỏ và sẹo mụn
Cam: Dưỡng ẩm và làm sáng da, tăng cường khả nặng đàn hồi của da
Dâu: Duy trì làn da sẵn chắc, dưỡng ẩm và làm sáng da, giúp làm chậm quá trình lão hóa✔️ Cách Dùng:
1. Rửa sạch mặt bằng SRM để đảm bảo lỗ chân lông sạch sẽ sẽ thẩm thấu tốt
2. Đắp lớp mặt nạ lên da và thư giãn trong vòng 15 phút da thường và 10 phút da nhậy cảm
3. Rửa sạch mặt bằng nước lạnh✔️ Nên đắp mặt nạ 2 tuần 3 lần để làn da trắng sáng và giảm độ nám nhé các nàng.</pre>', 47, 'Bioaqua', 'NEW', 8.036536983790885, 7, 34999, 10, 0.0, 'https://vn-test-11.slatic.net/original/71dd8925b06375af6db52cbc8f7bad8f.jpg;https://vn-test-11.slatic.net/original/c92716459d23724aa88d62eedfd2e852.jpg;https://vn-test-11.slatic.net/original/e838e86b9ec0aec6c79f832c89ffc489.jpg;https://vn-test-11.slatic.net/original/a25b5b067c54773ae51295a90e406b35.jpg;https://vn-test-11.slatic.net/original/48a34fdcd88734d6fe885ea1ce4368bf.jpg;', 0, 9);

INSERT INTO product (id, name, short_desc, full_desc, category_id, brand_name, status, weight, available_item, unit_price, discount_percent, avg_rating, img_url, total_rating, supplier_id) VALUES(4729, 'Nồi xông hơi - Nồi tạo hơi 2l có BH và Mã Giảm Giá', 'Nồi xông hơi - Nồi tạo hơi 2l có BH và Mã Giảm Giá', '<pre>Điện áp nồi tạo hơi
220Công suất nồi tạo hơi 1000w
Dung tích nồi tạo hơi 2,5l
Đồng hồ hẹn giờ 0-30ph-60ph
có thể điều chỉnh thời gian trực tiếptrênnồi hoặc bằng điều khiển từ xa
Thời gian làm sôi 5-10ph
Cân nặng 2,2kg</pre>', 47, 'No Brand', 'USED', 3.8939574408518194, 13, 650000, 10, 0.0, 'https://vn-test-11.slatic.net/original/50eb12fd576ddb3a2f2424a94bb1164e.jpg;https://vn-test-11.slatic.net/original/ca59a9d045c3b6d5e87590397fbf8bbe.jpg;https://vn-test-11.slatic.net/original/c1c3327f9cb57235e570b06c588f0cb2.jpg;https://vn-test-11.slatic.net/original/17eecfd8ea8f39020471b314bed63d1b.jpg;', 0, 5);

INSERT INTO product (id, name, short_desc, full_desc, category_id, brand_name, status, weight, available_item, unit_price, discount_percent, avg_rating, img_url, total_rating, supplier_id) VALUES(4730, 'Dụng cụ điện chẩn - Lăn Cầu và Cào', 'Dụng cụ điện chẩn - Lăn Cầu và Cào', '<pre>Điều trị mệt mỏi và massage mặt loại bỏ các nếp nhăn làm cho da mịn Lăn trên vùng mặt, cổ gáy, bàn tay, bàn chân
giải tỏa các chứng ê mỏi, đau nhức, viêm tắc tĩnh mạch
thích hợp với những người hư hàn, suy nhược, da lạnh</pre>', 47, 'OEM', 'NEW', 1.7934525155358891, 81, 70000, 10, 0.0, 'https://vn-test-11.slatic.net/original/d255e498676b47d0357624583ef6cd77.jpg;https://vn-test-11.slatic.net/original/11fe614603c725b3b70eb3f07d4db98d.jpg;https://vn-test-11.slatic.net/original/278bea14d27c53efda8ac2c11dac60d4.jpg;', 0, 5);

INSERT INTO product (id, name, short_desc, full_desc, category_id, brand_name, status, weight, available_item, unit_price, discount_percent, avg_rating, img_url, total_rating, supplier_id) VALUES(4731, 'Combo Xà Phòng & Serum Trị Mụn Lưng, Ngực, Cổ Và Toàn Thân Elizavenca Acne Body Bar Cho Cả Nam Và Nữ', 'Combo Xà Phòng & Serum Trị Mụn Lưng, Ngực, Cổ Và Toàn Thân Elizavenca Acne Body Bar Cho Cả Nam Và Nữ', '<pre>Chiết xuất tinh chất tràm trà giúp đánh bay khuẩn mụn và giữ độ ẩm giúp da luôn sạch sẽ.
Tạo bọt giải phóng oxygen vào trong da.
Thành phần thiên nhiên – Hết mụn
Loại bỏ mụn ở lưng và cơ thể siêu hiệu quả.
Làm da sáng, mịn hơn.
Làm sạch sâu bụi bẩn, giúp se khít chân lông.
Trị viêm chân lông.
Lấy đi tế bào chết trên da</pre>', 47, 'No Brand', 'USED', 3.8667221336318445, 14, 270000, 10, 4.8, 'https://vn-test-11.slatic.net/original/5a8ff0f9fd74e54bfe148f0a436c4dd1.jpg;https://vn-test-11.slatic.net/original/8c55bd23a820a21e86f4234081080f1c.jpg;https://vn-test-11.slatic.net/original/50d478dcb2c50a3ed36b57f245088240.jpg;https://vn-test-11.slatic.net/original/5b44ebd9e971311470bbed7a9f3bdc82.jpg;https://vn-test-11.slatic.net/original/d30baa3e5a90bf76c6fb7f14548564f2.jpg;https://vn-test-11.slatic.net/original/41f2c8fe75dd0c7e532e4655714066ba.jpg;', 18, 1);

INSERT INTO review (id, product_id, reviewer, rating, `comment`) VALUES(47310, 4731, 'Quỳnh', 3, 'mới dùng thấy sạch hy vọng ổn');

INSERT INTO review (id, product_id, reviewer, rating, `comment`) VALUES(47311, 4731, 'Minh H.', 1, 'xài em thiệt, mụn đã sạch bong');

INSERT INTO review (id, product_id, reviewer, rating, `comment`) VALUES(47312, 4731, 'Minh H.', 1, '5 sao cho chất lượng');

INSERT INTO review (id, product_id, reviewer, rating, `comment`) VALUES(47313, 4731, 'Thúy', 1, 'sản phẩm rất tốt. tôi tin dùng');

INSERT INTO review (id, product_id, reviewer, rating, `comment`) VALUES(47314, 4731, 'nguyên H.', 0, 'Lưng với tay mình giảm mụn rồi. Giờ ráng dưỡng hết thâm thôi');

INSERT INTO product (id, name, short_desc, full_desc, category_id, brand_name, status, weight, available_item, unit_price, discount_percent, avg_rating, img_url, total_rating, supplier_id) VALUES(4732, 'kem body mềm commectic', 'kem body mềm commectic', '<pre>Cùng thoa Kem Body Mềm - Siêu Trắng Da mỗi tối để có làn da Tuyệt Đẹp ✅ Thoa vào như 1 lớp nền makeup. ✅ Thấm cực nhanh. ✅ Thoa cực sướng . ✅ Thơm phưng phức mùi nước hoa. ✅ Kem sền sệt - Thoa cực dễ. ✅ Cực sang chảnh - Nhìn thích ngay. Đặc Biệt: Không khó chịu - Không bết rít - Không lộ vân kem Dưỡng ẩm cho da, thấm thấu tối đa 90% vào da Dưỡng trắng mịn da, da chai lì ngăm đen Cải thiện sự đàn hồi tốt cho da Chống lão hoá, nhăn da Các dưỡng chất thấm sâu và nuôi dưỡng da từ bên trong, trắng mịn sau 2-3 tuần. Trẻ hoá làn da, mềm da. Cam Kết An Toàn Cho Da</pre>', 47, 'OEM', 'USED', 3.987319224053853, 52, 45000, 10, 4.2, 'https://vn-test-11.slatic.net/original/fb3e517b18a67915b2d3f10dc3fd8e20.jpg;https://vn-test-11.slatic.net/original/d4bafccf9d3e4c24dfe4aeaae77ee135.jpg;https://vn-test-11.slatic.net/original/11247f31f0629a27b7d7f42a1249c5fc.jpg;', 30, 9);

INSERT INTO review (id, product_id, reviewer, rating, `comment`) VALUES(47320, 4732, 'Thuydung H.', 0, 'kem xai dug nc k troi');

INSERT INTO review (id, product_id, reviewer, rating, `comment`) VALUES(47321, 4732, 'Luong T.', 2, 'Kem có đọt sài ok Có đợt thì bết rính rất nhiều, nổi vân kem');

INSERT INTO review (id, product_id, reviewer, rating, `comment`) VALUES(47322, 4732, 'Nguyen N.', 2, 'kem k chat luong, loai nay m sd roi k bi bet dinh nhu gì, lộ màu kem rat ghê. sản phẩm giả');

INSERT INTO review (id, product_id, reviewer, rating, `comment`) VALUES(47323, 4732, 'Kim H.', 4, 'Kem thơm mịn màng nhưng chất kem hơi lỏng màu kem hơi vàng nên cho 4 sao');

INSERT INTO review (id, product_id, reviewer, rating, `comment`) VALUES(47324, 4732, 'Vy T.', 2, 'rẻ mùi thơm trắng ra da bật toan lên 80%');

INSERT INTO product (id, name, short_desc, full_desc, category_id, brand_name, status, weight, available_item, unit_price, discount_percent, avg_rating, img_url, total_rating, supplier_id) VALUES(4733, 'Hộp đựng bông tẩy trang Tashuan TS-3186', 'Hộp đựng bông tẩy trang Tashuan TS-3186', '<pre>Hàng Việt Nam
Chật liệu nhựa ABS cao cấp
Tiện lợi; dễ sử dụng
Màu sắc giao ngẫu nhiên trắng sữa hoặc trắng bạc
Ống đựng trong suốt</pre>', 47, 'Tashuan', 'USED', 0.9603185788903414, 67, 59000, 10, 4.7, 'https://vn-test-11.slatic.net/p/hop-dung-bong-tay-trang-tashuan-ts-3186-6461-287173-94e3cf53815e25f73e03552ab3d95d2e-catalog.jpg;https://vn-test-11.slatic.net/p/hop-dung-bong-tay-trang-tashuan-ts-3186-6461-287173-c6abb735ea40530b2ecf41d311d0194b-catalog.jpg;https://vn-test-11.slatic.net/p/hop-dung-bong-tay-trang-tashuan-ts-3186-6461-287173-cee6b4644be2872bb5081fc1c51bb3c0-catalog.jpg;https://vn-test-11.slatic.net/p/hop-dung-bong-tay-trang-tashuan-ts-3186-6461-287173-8c5922dc7ced61b3f338d2a3953e4e64-catalog.jpg;', 62, 4);

INSERT INTO review (id, product_id, reviewer, rating, `comment`) VALUES(47330, 4733, 'ĐỖ T.', 2, 'Ko tiện dụng, vẫn hở, bụi vẫn vào');

INSERT INTO review (id, product_id, reviewer, rating, `comment`) VALUES(47331, 4733, 'Lê T.', 0, 'Xài rất tốt và tiện lợi nhé, giá lại mềm nữa');

INSERT INTO review (id, product_id, reviewer, rating, `comment`) VALUES(47332, 4733, 'Lazada Customer', 3, 'Sản phẩm đẹp, ok. Chỉ có điều mọi thứ sao mỏng nhẹ hơi giống đồ chơi. Phải để sát vào trong sợ gió mạnh sẽ dễ ngã gây bể vỡ.');

INSERT INTO review (id, product_id, reviewer, rating, `comment`) VALUES(47333, 4733, 'Amanda N.', 2, 'Rất thích');

INSERT INTO review (id, product_id, reviewer, rating, `comment`) VALUES(47334, 4733, 'Đỗ T.', 3, 'Giao hộp bị bể');

INSERT INTO product (id, name, short_desc, full_desc, category_id, brand_name, status, weight, available_item, unit_price, discount_percent, avg_rating, img_url, total_rating, supplier_id) VALUES(4734, 'Sáp dưỡng ẩm Vaseline 100% Pure Petroleum jelly Original 368g', 'Sáp dưỡng ẩm Vaseline 100% Pure Petroleum jelly Original 368g', '<pre>Sáp Dưỡng Ẩm Vaseline 100% Pure Petroleum Jelly Original 368g
Giá: 125.000
Xuất xứ: Mỹ
Trọng lượng: 368g</pre>', 47, 'Vaseline', 'USED', 2.778404225312513, 26, 117810, 10, 4.7, 'https://vn-test-11.slatic.net/original/3177fc8251b870c7958247e01b6d3ecc.jpg;https://vn-test-11.slatic.net/original/04fb205395870da21f1aa36a66df62d9.jpg;https://vn-test-11.slatic.net/original/9038ad2eac25cb278fcc9154d17cfebd.jpg;', 18, 8);

INSERT INTO review (id, product_id, reviewer, rating, `comment`) VALUES(47340, 4734, 'Data G.', 0, 'Giao hàng nhanh, sản phẩm chất lượng');

INSERT INTO review (id, product_id, reviewer, rating, `comment`) VALUES(47341, 4734, 'Nguyễn H.', 0, 'Giao hàng nhanh');

INSERT INTO review (id, product_id, reviewer, rating, `comment`) VALUES(47342, 4734, 'Trâm M.', 4, 'giao hàng nhanh');

INSERT INTO review (id, product_id, reviewer, rating, `comment`) VALUES(47343, 4734, 'Data G.', 3, 'Sản phẩm tốt, đóng gói cẩn thận, vận chuyển nhanh.');

INSERT INTO review (id, product_id, reviewer, rating, `comment`) VALUES(47344, 4734, 'Lazada Customer', 0, 'very good');

INSERT INTO product (id, name, short_desc, full_desc, category_id, brand_name, status, weight, available_item, unit_price, discount_percent, avg_rating, img_url, total_rating, supplier_id) VALUES(4735, 'Hot Bán Hàng Hình Xăm Mới Bắt Đầu Hình Xăm Bộ Pro Máy Cấp Nguồn Bộ Hình Xăm Bộ', 'Hot Bán Hàng Hình Xăm Mới Bắt Đầu Hình Xăm Bộ Pro Máy Cấp Nguồn Bộ Hình Xăm Bộ', '<pre>Chuyên nghiệp hình xăm Bộ, hoàn hảo cho bất kỳ nước bạn hiện tại.
Trải qua một thử nghiệm rộng rãi và kiểm soát chất lượng thủ tục.
Xây dựng trong ngắn mạch bảo vệ và rò rỉ bảo vệ giúp an toàn hơn, steadier và mạnh mẽ hơn khi phun xăm cho máy xăm.
Đi kèm với tất cả các dụng cụ, đáp ứng mọi nhu cầu của bạn.
Lý tưởng Máy xăm để lót và bóng, tuyệt vời cho sử dụng chuyên nghiệp.</pre>', 47, 'OEM', 'USED', 4.223003445289136, 70, 456600, 10, 0.0, 'https://my-test-11.slatic.net/p/ea5fc41a683196bd9e092b7524e30d45.jpg;https://my-test-11.slatic.net/p/559d7530f0b4f9e4ee4788db98de958b.jpg;https://my-test-11.slatic.net/p/f6d045f21b91a653ab4606c348d1651d.jpg;https://my-test-11.slatic.net/p/aae618470dea11f7e6c400841707a6fd.jpg;https://my-test-11.slatic.net/p/78e0556f6025e3b660038248b375705a.jpg;https://my-test-11.slatic.net/p/493984173bfcf48b0332f75bc242f596.jpg;https://my-test-11.slatic.net/p/ce93771b9970129fb2e79bdb78276318.jpg;https://my-test-11.slatic.net/p/555bf522fddf7a43a8952d7582b87dbc.jpg;', 0, 1);

INSERT INTO product (id, name, short_desc, full_desc, category_id, brand_name, status, weight, available_item, unit_price, discount_percent, avg_rating, img_url, total_rating, supplier_id) VALUES(4736, 'KEM BODY KÍCH TRẮNG YOGURT THÁI LAN 500G', 'KEM BODY KÍCH TRẮNG YOGURT THÁI LAN 500G', '<pre>Xuất xứ:Thailand
Trọng lượng:500gr
Kem dưỡngtrắng da toàn thân tinh chất sữa chua Body Thạch Yogurt với sự kết hợp các thành phần tinh chất sữa chua, dâu tây, vitamin giúp làn da trắng hồng một cách tự nhiên. Kem dưỡng trắng da toàn thân Thạch Yogurt cung cấp giải pháp toàn diện cho mọi loại da..
Công dụng:
Thúc đẩy quá trình tái tạo da tại tầng biểu bì, giúp ngăn ngừa các dấu hiệu lão hóa da.
Làm trắng hồng tự nhiên từ bên trong.
Không lột tẩy, không bắt nắng.
Giúp tăng cường tổng hợp collagen cho da.
Làm mờ thâm body và đốm nâu.
Chất kem như Ya-ua thoa tới đâu thấm tới đó.
Đảm bảo sau khi thoa kem khách sẻ không lo lộ vân..Mà da lại được makeup cực kì tự nhiên.
Chất kem mềm mịn như ya-ua thoa tới đâu tan thấm nhanh tới đó nhe.Kem đảm bảo chất lượng trắng thật không trắng ảo, không lộ vân, không bếch, không rích, không dính quần áo, thoa kem lên da là tan đều thấm ngay nha..mát lạnh thơm mùi nước hoa lại cực tiết kiệm.Chất kem mềm mịn như lotion dương ẩm,làm trắng da,tạo cho da làn da trắng sáng tự nhiên sau khi thoa kem. Bậc tone nhanh, không bếch rít, không lộ vân kem, thơm mùi nước hoa.</pre>', 47, 'OEM', 'USED', 2.1273185504618084, 48, 70000, 10, 4.5, 'https://vn-test-11.slatic.net/original/34b5fc2a8841f3b8db9ebca4feb2e958.jpg;https://vn-test-11.slatic.net/original/6845199e184a0c33de31925ed0c30917.jpg;https://vn-test-11.slatic.net/original/aa1f96071a72ff1fae83d823a386633f.jpg;https://vn-test-11.slatic.net/original/89dfa24e217e8f40b862eeafcceb62a6.jpg;https://vn-test-11.slatic.net/original/90ee4cfd9046b2707180f18f4492b995.jpg;', 2, 3);

INSERT INTO product (id, name, short_desc, full_desc, category_id, brand_name, status, weight, available_item, unit_price, discount_percent, avg_rating, img_url, total_rating, supplier_id) VALUES(4737, 'ĐẶC TRỊ MỤN CƠM - MỤN CÓC - MỤN THỊT BỆNH VIỆN DA LIỄU', 'ĐẶC TRỊ MỤN CƠM - MỤN CÓC - MỤN THỊT BỆNH VIỆN DA LIỄU', '<pre>BẠN Đang Cảm Thấy Khó Chịu Với Những NốtMỤN CÓC_HẠT CƠM Trên Tay, Chân Với Những Kích Thước Khác Nhau Và Đặc Biệt Đường Kính Của Mụn Có Thể Lên Tới 2cm Gây Ảnh Hưởng Đến Thẩm Mỹ Và Rất Đau Khi Chạm Vào.
Thấu Hiểu Được Điều Đó Chúng Tôi Đã Cung Cấp Thuốc Đặc Trị#Mụn_Cơm_Mụn_Cóc_MỤN_THỊT
ACid Trichloracetic 80% Là Sản Phẩm thuốc chấm #An_Toàn_Hiệu_Quả Được Nhiều người tin dùng
Thuốc Đặc Trị tận gốc tất cả các loại mụn CÓC, mụn CƠM, mụn THỊT, mụn mắt cá chân...
Mụn bong tận gốc sau 7-10 ngày chấm thuốc.
Thuốc được sản xuất tại Bệnh Viện Da Liễu TPHCM
CÁCH DÙNG:Bước 1 : Rửa sạch, lau khô vùng da sừng hoá, vùng bịmụn cóc,mụnhạt cơm, mắt cá chânBước 2: Ngâm phần da này trong nước ấm ít nhất 5 phút, lau khôBước 3: Lấy tăm bông chấm thuốc rồi chấm lênmụn cóc, chai chân -để 10phút sau đó lấy gạc cá nhân dán lại...LƯU Ý..không chấm thuốc lan ra vùng da ngoài sẻ nóng và rát,mỗi lần chấm lấy kim khều đầumụncho bục ra một tírồi chấm thuốc Sau 3 ngày đầumụnsẽ chín, 5-7 ngày nhânmụnsẽ bong ra ngoài lúc đó có thể bóc ra được7-15 ngày thịt sẽ đầy lại. Một sốmụnto chân sâu thì thời gian trị sẽ lâu.Thuốc của Bệnh Viện Da Liễu sản xuất nên mọi người hoàn toàn yên tâm sử dụng, Không khỏi Shop hoàn tiền
Giá: 250.000/hộp sale còn 169k.liên hệ đặt mua sản phẩm: 0868.803.595 #FREE_SHIP_TOÀN_QUỐC #mụncóc #mụncơm #mụnthịt</pre>', 47, 'OEM', 'NEW', 5.241468297427193, 86, 139000, 10, 0.0, 'https://vn-test-11.slatic.net/p/9b3a6e51809e953cc373fe3b0407a3c3.jpg;https://vn-test-11.slatic.net/p/64afded05d9fc7ee77b31f47d905373a.jpg;https://vn-test-11.slatic.net/p/05d2cb86911718cffd371f036e81ea64.jpg;https://vn-test-11.slatic.net/p/aa6776d7e7e42e2b798eddf7e9bc8e7a.jpg;https://vn-test-11.slatic.net/p/8f3932ad08c3d8fdf2fb1b42e6e53e28.jpg;', 0, 4);

INSERT INTO product (id, name, short_desc, full_desc, category_id, brand_name, status, weight, available_item, unit_price, discount_percent, avg_rating, img_url, total_rating, supplier_id) VALUES(4738, 'LỀU XÔNG HƠI TỰ BUNG', 'LỀU XÔNG HƠI TỰ BUNG', '<pre>+ Chất liệu vải: vải nylon-polyester cao cấp không thấm nước, ngăn không cho hơi thoát ra ngoài.
+ Khung: thép cacbon bọc nhựa cao cấp Rb=2000, khả năng đàn hồi cao
+ Kích thước: R110 cm x D110 cm x C110 cm
- Made in: Việt Nam
- Bảo hành 12 tháng. Đổi trả hàng nhanh chóng. Thời gian đổi trả trong vòng 7 ngày
- Dây kéo số 8 chắc chắn, bản lớn
 Đầu kéo số 8 tay cầm bản lớn, đầu kéo có cả mặt trong và mặt ngoài nên rất tiện lợi, ngồi trong hay bên ngoài đều kéo lại được.</pre>', 47, 'No Brand', 'NEW', 7.279211965397265, 18, 225000, 10, 0.0, 'https://vn-test-11.slatic.net/original/ae96664cfb4f48a3f49018b3b6ce86a4.jpg;https://vn-test-11.slatic.net/original/4b347cb22b9580984255f848d494428a.jpg;https://vn-test-11.slatic.net/original/8dd1dbc901a67b575d8bda9db87b5596.jpg;', 0, 4);

INSERT INTO product (id, name, short_desc, full_desc, category_id, brand_name, status, weight, available_item, unit_price, discount_percent, avg_rating, img_url, total_rating, supplier_id) VALUES(4739, 'Bóng Tăng Cường Nam Cương Cứng Gà Trống Silicon Co Giãn Tinh Hoàn', 'Bóng Tăng Cường Nam Cương Cứng Gà Trống Silicon Co Giãn Tinh Hoàn', '<pre>Tính năng:
Mềm mại và chắc chắn, nên phù hợp với mọi cương cứng vòng.
Bao quy đầu giải quyết vấn đề bao quy đầu hàng rào, chống, giúp cương cứng, và sự chậm trễ xuất tinh.
Điều này giới hạn lưu lượng máu từ gỗ, có nghĩa là bạn sẽ ở lại khó khăn hơn và thưởng thức làm gia tăng sức chịu đựng cho lâu giao hợp.
Hình dáng đặc biệt được thiết kế an toàn cho bé khi chơi và giữ không bị mất</pre>', 47, 'Sunshop', 'NEW', 8.53273473219699, 20, 82000, 10, 0.0, 'https://my-test-11.slatic.net/p/36eaa31266e866c92798a9e389c73c78.jpg;https://my-test-11.slatic.net/p/9285148219c877efb767ff74354f94a3.jpg;https://my-test-11.slatic.net/p/2b148bd0936899fe468d0abb98b9fdea.jpg;', 0, 3);

INSERT INTO product (id, name, short_desc, full_desc, category_id, brand_name, status, weight, available_item, unit_price, discount_percent, avg_rating, img_url, total_rating, supplier_id) VALUES(9610, 'Bao cao su Durex Kingtex 12 bao', 'Bao cao su Durex Kingtex 12 bao', '<pre>12 bao
Chất liệu mủ cao su thiên nhiên
Thiết kế ôm sát; vừa vặn
Chương Trình Ngày Axe Tối Durex 28/8 - 5/9Ưu Đãi khi mua Xịt Nước Hoa Axe 150ml mua thêm Durex Kingtex 12s với giá Chỉ còn 59kSưu tầm mã giảm giá 10% tối đa giảm 20k trên app cho combo Durex Kingtex 12s + Xịt nước hoa Axe 150ml</pre>', 961, 'Durex', 'NEW', 4.532664764805613, 6, 83600, 20, 4.3, 'https://vn-test-11.slatic.net/original/63cfef5d69b59c163157abf1488abdb1.jpg;https://vn-test-11.slatic.net/original/44f946f19e5563d65d93fb1988be41a9.jpg;https://vn-test-11.slatic.net/original/b4eb12a745b5cfb25135016f795f67f4.jpg;https://vn-test-11.slatic.net/original/c0369f1f48b4c82e89339fa04df20a66.jpg;https://vn-test-11.slatic.net/original/d02baeefa86fd82cfc4632b2e54e0832.jpg;https://vn-test-11.slatic.net/original/aca031fe41dcf6ab38a189cd8b3f8799.jpg;', 238, 5);

INSERT INTO review (id, product_id, reviewer, rating, `comment`) VALUES(96100, 9610, 'Lazada Customer', 4, 'nhiều khi bận phải nhờ người nhận giùm nên mấy mặt hàng này shop giao hàng nên che tên nhé. hơi tế nhị xíu');

INSERT INTO review (id, product_id, reviewer, rating, `comment`) VALUES(96101, 9610, 'Lazada Customer', 1, '');

INSERT INTO review (id, product_id, reviewer, rating, `comment`) VALUES(96102, 9610, 'Trung T.', 1, 'tôi rất thích thái độ làm việc. xóa tên mặt mặt hàng hợp lý. về chất lượng t nghĩ do công ty trực tiếp phân phối nên chắc ko cần bàn cãi. giao hàng phí 11k nhưng y xì hỏa tốc. chưa đầy 24giờ đã nhận được hàng. một lần nữa cảm ơn công ty.');

INSERT INTO review (id, product_id, reviewer, rating, `comment`) VALUES(96103, 9610, 'Lazada Customer', 1, 'Hàng giao nhanh nhưng đây là mặt hàng tế nhị, nhân viên giao hàng đứng giữa cửa hàng đọc to "bao cao su nhé, ra nhận hàng anh nhé" phiền shop chỉnh lại vấn đề này giúp mình.');

INSERT INTO review (id, product_id, reviewer, rating, `comment`) VALUES(96104, 9610, 'hoàng K.', 3, 'trên bao in chữ trung quốc là sao lazada
bên hộp không kèm theo tờ giấy tiếng việt như hàng chính hãng
lazada bán hàng fake ghi chính hãng đúng không');

INSERT INTO product (id, name, short_desc, full_desc, category_id, brand_name, status, weight, available_item, unit_price, discount_percent, avg_rating, img_url, total_rating, supplier_id) VALUES(9611, 'Bao cao su Durex Performa 12 bao', 'Bao cao su Durex Performa 12 bao', '<pre>12 bao
Chất liệu mủ cao su thiên nhiên
Thiết kế ôm sát; vừa vặn
Chi tiết bao bì có thể thay đổi theo từng đợt nhập hàng</pre>', 961, 'Durex', 'USED', 6.760579560699817, 16, 147000, 20, 4.2, 'https://vn-test-11.slatic.net/original/c38e270584cdd1128eb947cf2c76e669.jpg;https://vn-test-11.slatic.net/original/aca031fe41dcf6ab38a189cd8b3f8799.jpg;https://vn-test-11.slatic.net/original/3f8e39e035ac82cecfee8f6a9cf04015.jpg;https://vn-test-11.slatic.net/original/114ffbd99308556edd0acc7f2ebfb968.jpg;https://vn-test-11.slatic.net/original/c4d01d9b9ed7bc555d5797a0896e1f95.jpg;https://vn-test-11.slatic.net/original/4f83f8341a8d60eb70d26c8429d8dcfa.jpg;', 156, 6);

INSERT INTO review (id, product_id, reviewer, rating, `comment`) VALUES(96110, 9611, 'Lê P.', 2, 'Size bé kích cỡ không chuẨn như thông tin , có cục trắng trắng gì trong bao. K rõ cục đó là gì , dạng kem, không thấY thay đổi thời gian cải thiện');

INSERT INTO review (id, product_id, reviewer, rating, `comment`) VALUES(96111, 9611, 'Lazada Customer', 2, 'Hàng sử dụng tốt nhưng đợt này đóng gói kém hơn trước bao bị hơi bị móp. Vỏ hộp hoàn thiện không như trước.  Ngoài hộp mình thấy chữ số in giữa các hộp bị lệch không thẳng hàng nhau. Nhưng bao bên trong sử dụng thì ok');

INSERT INTO review (id, product_id, reviewer, rating, `comment`) VALUES(96112, 9611, 'Đỗ N.', 0, 'bao Durex dùng quá tốt. Ko kích ứng. đây là 1 trong những loại bao mỏng nhất mình thường dùng. sale off ko quá nhiều nhưng săn dc thấy giá vẫn hợp lý. sẽ tiếp tục ủng hộ Durex.');

INSERT INTO review (id, product_id, reviewer, rating, `comment`) VALUES(96113, 9611, 'Lazada Customer', 1, 'bao bì bên ngoài hơi móp méo.nhưng quan trọng là sản phẩm tốt.những ai muốn dùng khi đeo bao xong phải xoa đầu dv ít phút đợi cho chất gây tê có tác dụng thì mới có hiệu quả kéo dài được');

INSERT INTO review (id, product_id, reviewer, rating, `comment`) VALUES(96114, 9611, 'Tuan P.', 2, 'Hàng đúng chính hãng, giao hàng nhanh. Nhưng mà giao đến nơi bị móp méo, móp góc. Mình bóc thử 1 bao thấy rất dai nên nghĩ là hàng đúng.');

INSERT INTO product (id, name, short_desc, full_desc, category_id, brand_name, status, weight, available_item, unit_price, discount_percent, avg_rating, img_url, total_rating, supplier_id) VALUES(9612, 'Bao cao su Durex Kingtex 3 bao', 'Bao cao su Durex Kingtex 3 bao', '<pre>3 bao
Chất liệu mủ cao su thiên nhiên
Thiết kế ôm sát; vừa vặn</pre>', 961, 'Durex', 'USED', 2.29939074484839, 31, 28000, 20, 4.2, 'https://vn-test-11.slatic.net/p/5/bao-cao-su-durex-kingtex-3-bao-3716-8741962-c8f1bba28b808018fbb9d6e75be1da7a.jpg;https://vn-test-11.slatic.net/original/0fa158c06a8bb737294f6a96b98bf257.jpg;https://vn-test-11.slatic.net/original/0042d1845e239ab78af0248250f1956f.jpg;https://vn-test-11.slatic.net/original/f1b33526e1a04bd7687fd33dfa520291.jpg;https://vn-test-11.slatic.net/original/d02baeefa86fd82cfc4632b2e54e0832.jpg;https://vn-test-11.slatic.net/original/38a13d87d2b95db553ee5c1fe74478c4.jpg;https://vn-test-11.slatic.net/original/aca031fe41dcf6ab38a189cd8b3f8799.jpg;', 115, 4);

INSERT INTO review (id, product_id, reviewer, rating, `comment`) VALUES(96120, 9612, 'Lazada Customer', 3, 'bcs mùi thơm vl :v');

INSERT INTO review (id, product_id, reviewer, rating, `comment`) VALUES(96121, 9612, 'Trần C.', 2, 'Bao màu hồng, ít dầu, vẫn có mùi cao su như các loại Durex khác. Kích thước 49mm là loại nhỏ nhất hiện có ở Việt Nam rồi, tuy nhiên với mình thì hơi nhỏ. Lúc lăn xuống thân cảm thấy như có sợi dây chun. :)) Còn độ dày mỏng thì mình xài mới có vài loại nên thấy nó như nhau thôi, cảm giác còn thích hơn không xài bao, vì không bị tâm lý sợ có baby. :)) Khi thổi bóng bay cũng rất đẹp, nó thành màu hường dễ thương lắm, để cả tuần cũng không xẹp. :))');

INSERT INTO review (id, product_id, reviewer, rating, `comment`) VALUES(96122, 9612, 'Lazada Customer', 2, 'chất lượng thì chưa biết nhưng nơi xuất hàng đóng gói quá dở. Đồ cá nhân mà ghi tên sản phẩm thẳng lên trên bao đóng gói. Quá tệ!');

INSERT INTO review (id, product_id, reviewer, rating, `comment`) VALUES(96123, 9612, 'Hào.Ng', 3, 'Sản phẩm 49mm vừa khít cho bạn nào có cậu nhỏ vừa phải. Anh em nào to không thể đeo nổi vì chật lắm. Mỏng nên ấm áp nhưng so với sagami vẫn thấy sagami mỏng hơn. Giao hàng nhanh, hôm mua flash sale 19k rẻ hơn so với ngoài thuốc tây và siêu thị, giờ lên 28k vẫn còn rẻ chán. Anh em nên chú ý kích cỡ để mua cho đúng sản phẩm');

INSERT INTO review (id, product_id, reviewer, rating, `comment`) VALUES(96124, 9612, 'Thai n.', 4, 'Shop giao hàng chưa tới 24h, bảo mật cho khách rât tuyêt voi . Nguoi giao hang đien giao hoi mon gi noi hang ko co tên thay gia biêt đk hang bcs rât ok');

INSERT INTO product (id, name, short_desc, full_desc, category_id, brand_name, status, weight, available_item, unit_price, discount_percent, avg_rating, img_url, total_rating, supplier_id) VALUES(9613, 'Bao cao su gia đình cao cấp VRT Excellent - Hộp 144 cái', 'Bao cao su gia đình cao cấp VRT Excellent - Hộp 144 cái', '<pre>Được sản xuất theo công nghệ của Đức với từng chiếc bao mỏng và dai, cực an toàn để phòng tránh thai và các bệnh lây truyền qua tình dục.
Nhiều chất bôi trơn, truyền nhiệt tốt giúp không hề xảy ra tình trạng khô hay đau rát.
Không có chất MBT (Mercaptobenzothiazole), chất có thể gây ung thư theo khuyến cáo của WHO.
100% được kiểm tra lỗ thủng bằng máy dò điện từ.
Được sản xuất theo tiêu chuẩn ISO 4074:2014 và ISO 13485:2012.</pre>', 961, 'Excellent', 'NEW', 4.037902143227411, 71, 76000, 20, 4.7, 'https://vn-test-11.slatic.net/p/8fb9d68a8e01c35f77bcbdc39050ae55.jpg;https://vn-test-11.slatic.net/p/f0347c878813312abc023f7896449471.jpg;https://vn-test-11.slatic.net/p/5/bao-cao-su-gia-dinh-cao-cap-vrt-excellent-hop-144-cai-2761-61370951-f93491b38fa2a43eaa02199bd2efd906-catalog.jpg;https://vn-test-11.slatic.net/p/5/bao-cao-su-gia-dinh-cao-cap-vrt-excellent-hop-144-cai-2761-61370951-4e55497313fc79f66d41f91ddf647204-catalog.jpg;https://vn-test-11.slatic.net/p/5/bao-cao-su-gia-dinh-cao-cap-vrt-excellent-hop-144-cai-2761-61370951-05d14eeb600901f8e576227f22a19764-catalog.jpg;https://vn-test-11.slatic.net/p/5/bao-cao-su-gia-dinh-cao-cap-vrt-excellent-hop-144-cai-2761-61370951-870b7dff202c023865b2055805d9f79d-catalog.jpg;https://vn-test-11.slatic.net/p/5/bao-cao-su-gia-dinh-cao-cap-vrt-excellent-hop-144-cai-2761-61370951-82c55e3230d97d63ad60a0b1b5df4407-catalog.jpg;https://vn-test-11.slatic.net/p/5/bao-cao-su-gia-dinh-cao-cap-vrt-excellent-hop-144-cai-3828-61370951-b0879bb2b596bf105c408abe0d83aa0f-catalog.jpg;', 226, 5);

INSERT INTO review (id, product_id, reviewer, rating, `comment`) VALUES(96130, 9613, 'Nguyễn H.', 2, 'Dùng ok, mọi ng bảo có mùi cao su nhưng mình thấy bình thường dí mũi ngửi mới thấy. Hàng bán giống hình, bao cao su rất vừa.');

INSERT INTO review (id, product_id, reviewer, rating, `comment`) VALUES(96131, 9613, 'tynhot', 1, 'giao hàng nhanh chất lượng tốt');

INSERT INTO review (id, product_id, reviewer, rating, `comment`) VALUES(96132, 9613, 'Tran K.', 2, 'Hang dung mo ta chat lượng lam');

INSERT INTO review (id, product_id, reviewer, rating, `comment`) VALUES(96133, 9613, 'truong V.', 1, 'dc . hàng dùng dc . ngon');

INSERT INTO review (id, product_id, reviewer, rating, `comment`) VALUES(96134, 9613, 'Tô L.', 4, 'Tuyệt trong tầm giá này');

INSERT INTO product (id, name, short_desc, full_desc, category_id, brand_name, status, weight, available_item, unit_price, discount_percent, avg_rating, img_url, total_rating, supplier_id) VALUES(9614, 'Bộ 24 cái bao cao su mỏng truyền nhiệt Tâm Thiện Chí Guardian tặng 10 gói gel VIP', 'Bộ 24 cái bao cao su mỏng truyền nhiệt Tâm Thiện Chí Guardian tặng 10 gói gel VIP', '<pre>Giá thành cạnh tranh
Sản xuất trên dây chuyền công nghệ Đức cao cấp và tiên tiến
Chất liệu cao su tự nhiên, bao có độ đàn hồi cực tốt và có độ trong suốt gần như hoàn hảo
Dầu bôi trơn cao cấp cho cảm giác êm ái hơn trong mọi cuộc vui
Nhà bán hàng sẽ che tên khi đóng gói sản phẩm</pre>', 961, 'Tâm Thiện Chí', 'NEW', 8.191770726988477, 41, 35000, 20, 4.6, 'https://vn-test-11.slatic.net/original/b6b1ddad15a10d62c5c8a4ccfdd35e9f.jpg;https://vn-test-11.slatic.net/original/220f9c34d6022b1143c43d446c581d7a.jpg;https://vn-test-11.slatic.net/original/14dde953318ed4d043a829e3b2d92edc.jpg;', 102, 6);

INSERT INTO review (id, product_id, reviewer, rating, `comment`) VALUES(96140, 9614, 'phung P.', 0, 'Giao hàng nhanh ,sản phẩm giao đây đủ , chua du dung nên chưa rỏ vê chat lượng');

INSERT INTO review (id, product_id, reviewer, rating, `comment`) VALUES(96141, 9614, 'Lazada Customer', 1, 'tốt rẻ hàng vn nên yên tâm, ủng hộ 5 sao');

INSERT INTO review (id, product_id, reviewer, rating, `comment`) VALUES(96142, 9614, 'huy L.', 2, 'OK. Hàng không ghi tên, gói kỹ, giao nhanh và đầy đủ hàng, Cảm ơn shop/');

INSERT INTO review (id, product_id, reviewer, rating, `comment`) VALUES(96143, 9614, 'phạm T.', 4, 'tốt trong tầm giá');

INSERT INTO review (id, product_id, reviewer, rating, `comment`) VALUES(96144, 9614, 'Hung G.', 4, 'Hàng đúng như giới thiệu');

INSERT INTO product (id, name, short_desc, full_desc, category_id, brand_name, status, weight, available_item, unit_price, discount_percent, avg_rating, img_url, total_rating, supplier_id) VALUES(9615, 'Bộ 20 chiếc bao cao su giá rẻ dành cho gia đình VRT Excellent', 'Bộ 20 chiếc bao cao su giá rẻ dành cho gia đình VRT Excellent', '<pre>Được sản xuất theo công nghệ của Đức với từng chiếc bao mỏng và dai, cực an toàn để phòng tránh thai và các bệnh lây truyền qua tình dục.
Nhiều chất bôi trơn, truyền nhiệt tốt giúp không hề xảy ra tình trạng khô hay đau rát.
Không có chất MBT (Mercaptobenzothiazole), chất có thể gây ung thư theo khuyến cáo của WHO.
100% được kiểm tra lỗ thủng bằng máy dò điện từ.
Được sản xuất theo tiêu chuẩn ISO 4074:2014 và ISO 13485:2012.</pre>', 961, 'Excellent', 'USED', 3.1000102849571953, 44, 22000, 20, 4.5, 'https://vn-test-11.slatic.net/original/3dfa3be9cc8292f853d68cc3ca515c60.jpg;https://vn-test-11.slatic.net/p/5/bo-20-chiec-bao-cao-su-gia-re-danh-cho-gia-dinh-vrt-excellent-4102-15044772-8d0819076da2eaebf6d24fa2a7e9c455-catalog.jpg;https://vn-test-11.slatic.net/p/5/bo-20-chiec-bao-cao-su-gia-re-danh-cho-gia-dinh-vrt-excellent-4102-15044772-789136f512e9f7dac8592849371b0503-catalog.jpg;https://vn-test-11.slatic.net/p/5/bo-20-chiec-bao-cao-su-gia-re-danh-cho-gia-dinh-vrt-excellent-4102-15044772-d7d288745402acdb10bf87cc4245f582-catalog.jpg;https://vn-test-11.slatic.net/p/5/bo-20-chiec-bao-cao-su-gia-re-danh-cho-gia-dinh-vrt-excellent-4102-15044772-0168a3496331c079073397116a788351-catalog.jpg;https://vn-test-11.slatic.net/p/5/bo-20-chiec-bao-cao-su-gia-re-danh-cho-gia-dinh-vrt-excellent-4102-15044772-25d27b2f561b5b2122dca1f97e96a9bd-catalog.jpg;', 246, 9);

INSERT INTO review (id, product_id, reviewer, rating, `comment`) VALUES(96150, 9615, 'Lazada Customer', 4, 'giao hàng bao nhanh chỉ trong 2 ngày sản phẩm để bên trong gọn gàng bên ngoài chỉ để địa chỉ sđt rất im');

INSERT INTO review (id, product_id, reviewer, rating, `comment`) VALUES(96151, 9615, 'Nguyễn Đ.', 0, 'tốt dùng rất hay 👍👍👍👍');

INSERT INTO review (id, product_id, reviewer, rating, `comment`) VALUES(96152, 9615, 'Chu T.', 1, 'thế đéo nào chựa nhận được mà thông báo đã giao. trường hợp này kêu ai?');

INSERT INTO review (id, product_id, reviewer, rating, `comment`) VALUES(96153, 9615, 'Khang Đ.', 0, 'đủ số lượng, có hộp đóng gói kỹ càng, thích vụ giấu tên sp. lần trc do thằng vận chuyển bị ngáo, hôm nay cho lại 5 sao.');

INSERT INTO review (id, product_id, reviewer, rating, `comment`) VALUES(96154, 9615, 'Lazada Customer', 3, 'bao hơi dầy, ít chất bôi trơn...... Nhưng với giá tiền thì ok');

INSERT INTO product (id, name, short_desc, full_desc, category_id, brand_name, status, weight, available_item, unit_price, discount_percent, avg_rating, img_url, total_rating, supplier_id) VALUES(9616, 'Bao cao su bi gai kéo dài thời gian quan hệ cực hot lốc 10 chiếc. Bao cao su 6 bi nổi gai toàn thân tăng khoái cảm', 'Bao cao su bi gai kéo dài thời gian quan hệ cực hot lốc 10 chiếc. Bao cao su 6 bi nổi gai toàn thân tăng khoái cảm', '<pre>Bao bi gai kích thích
6 bi ở đầu gai toàn thân
Chất liệu cao su tự nhiên
Không kích ứng
Kéo dài thời gian quan hệ
Che tên khi giao hàng</pre>', 961, 'Powermen', 'NEW', 8.837723184161216, 78, 99000, 20, 4.3, 'https://vn-test-11.slatic.net/p/4628d739b084e9f58e761fee184c883d.jpg;https://vn-test-11.slatic.net/p/73d973655c918a312e7c51e7f05d9739.jpg;https://vn-test-11.slatic.net/p/b1e8dc3131edea103042c1b21176b9f4.jpg;https://vn-test-11.slatic.net/p/23921fdcb56416f68fb209644bef0307.jpg;https://vn-test-11.slatic.net/p/4d8fce062498b5cd20fe5bee407b06b9.jpg;', 4, 1);

INSERT INTO product (id, name, short_desc, full_desc, category_id, brand_name, status, weight, available_item, unit_price, discount_percent, avg_rating, img_url, total_rating, supplier_id) VALUES(9617, 'Bao Cao Su Innova Đen- Gai Lớn - Kéo Dài Thời Gian Cực Đã hộp 12c', 'Bao Cao Su Innova Đen- Gai Lớn - Kéo Dài Thời Gian Cực Đã hộp 12c', '<pre>Kéo dài thời gian cực tốt
Các hạt siêu gai được thiết kế nổi bật trên toàn thân
Tăng hưng phấn mãnh liệt cho đối phương
An toàn cho người dùng</pre>', 961, 'Innova', 'NEW', 4.169929534917293, 43, 59000, 20, 4.8, 'https://vn-test-11.slatic.net/original/173b801cbe6961777952a754c5f3010f.jpg;https://vn-test-11.slatic.net/original/7e4d8cf78d71377d0d0915752d0b128c.jpg;https://vn-test-11.slatic.net/original/31099457a4aea41227dcba24fc28716c.jpg;https://vn-test-11.slatic.net/original/86e0965710d2c9ad7cc9310972b63176.jpg;https://vn-test-11.slatic.net/original/87b1e6cb9f248a38d05b312877627c70.jpg;', 13, 2);

INSERT INTO review (id, product_id, reviewer, rating, `comment`) VALUES(96170, 9617, 'Tuan L.', 4, 'Tốt đúng như quản cáo');

INSERT INTO review (id, product_id, reviewer, rating, `comment`) VALUES(96171, 9617, 'cung', 4, 'rat tot , kéo dài cực lâu');

INSERT INTO review (id, product_id, reviewer, rating, `comment`) VALUES(96172, 9617, 'thông T.', 1, 'bao kéo dài đc có 20 phút à , nhưng thế ũng ổn rồi');

INSERT INTO review (id, product_id, reviewer, rating, `comment`) VALUES(96173, 9617, 'Lazada Customer', 0, 'Giao Hà nf nhan, gói cẩn thận, che nhãn kĩ càng.
Triệu like 👍');

INSERT INTO review (id, product_id, reviewer, rating, `comment`) VALUES(96174, 9617, 'hiếu M.', 4, 'giao nhanh. hàng chất lượng');

INSERT INTO product (id, name, short_desc, full_desc, category_id, brand_name, status, weight, available_item, unit_price, discount_percent, avg_rating, img_url, total_rating, supplier_id) VALUES(9618, 'Bao Cao Su Đôn Dên Kiểu (Mấu) + Tặng gel bôi trơn (YSDD)', 'Bao Cao Su Đôn Dên Kiểu (Mấu) + Tặng gel bôi trơn (YSDD)', '<pre>Tăng kích thước DV
Kiểu siêu gai có mấu
An toàn sức khỏe</pre>', 961, 'No Brand', 'USED', 0.9258448997233193, 79, 99000, 20, 3.6, 'https://vn-test-11.slatic.net/original/070d9502ba666fe82b5e4bcbf7b52696.jpg;https://vn-test-11.slatic.net/original/12d55b8049a3901cd228ebbccf13697c.jpg;https://vn-test-11.slatic.net/original/967270d889a1035400be9ede4e5b590b.jpg;https://vn-test-11.slatic.net/original/2b7f437646863d59884f3d0a3c3a2413.jpg;', 7, 8);

INSERT INTO review (id, product_id, reviewer, rating, `comment`) VALUES(96180, 9618, 'Lazada Customer', 3, 'rất hài lòng, vk mình rất thích');

INSERT INTO review (id, product_id, reviewer, rating, `comment`) VALUES(96181, 9618, 'Trịnh Đ.', 2, 'khá ổn, vk thích');

INSERT INTO review (id, product_id, reviewer, rating, `comment`) VALUES(96182, 9618, 'Lazada Customer', 1, 'ok');

INSERT INTO product (id, name, short_desc, full_desc, category_id, brand_name, status, weight, available_item, unit_price, discount_percent, avg_rating, img_url, total_rating, supplier_id) VALUES(9619, 'Bao cao su bi gai râu Nhật Bản cao cấp - Hộp 2c', 'Bao cao su bi gai râu Nhật Bản cao cấp - Hộp 2c', '<pre>Có gai râu kích thích
Gai xoắn đa dạng
Tăng ma xát tạo kích thích
Size: 52mm</pre>', 961, 'Powermen', 'NEW', 3.7045365881192196, 74, 49000, 20, 4.2, 'https://vn-test-11.slatic.net/original/134b622a6a616dc418ddc9960f087088.jpg;https://vn-test-11.slatic.net/original/c8b16810c653600187069ef5637e9fc1.jpg;https://vn-test-11.slatic.net/original/6f7812b0e1f13cc1fe32d2e274fb5dfd.jpg;https://vn-test-11.slatic.net/original/1cdf17dde0652112a2c5e09b36ddaba9.jpg;', 9, 5);

INSERT INTO review (id, product_id, reviewer, rating, `comment`) VALUES(96190, 9619, 'Bùi V.', 3, 'Sản phẩm cứng , cũ , nhiều chỗ cao su để quá lâu gần bục');

INSERT INTO review (id, product_id, reviewer, rating, `comment`) VALUES(96191, 9619, 'Lazada Customer', 3, 'hơi cứng. xước dương vật và âm đạo của cả hai.');

INSERT INTO product (id, name, short_desc, full_desc, category_id, brand_name, status, weight, available_item, unit_price, discount_percent, avg_rating, img_url, total_rating, supplier_id) VALUES(96110, '[15 chiếc] Bao Cao Su Malaysia Azodra kéo dài thời gian quan hệ, Gân Gai hộp lớn + Tặng bao cao su Combo hộp nhỏ - Gunshop', '[15 chiếc] Bao Cao Su Malaysia Azodra kéo dài thời gian quan hệ, Gân Gai hộp lớn + Tặng bao cao su Combo hộp nhỏ - Gunshop', '<pre>Các Ông đã bao giờ Xoạc nàng lên tới lên tới một "Tiếng " bao giờ chưa ?
Với tinh chất Benzocain nó khiến bạn chơi nàng vật vã hàng giờ liền chứng tỏ độ " Trâu " của bạn
Thiết kế gân gai Bạn rê đến đâu nàng phê tới đó
Thiết kế chống tuột bao " Dù ban chơi với tư thế độ khó cao như Lão hán đẩy xe bò " tự tin đẩy nàng đi mọi phương xa
Miễn phí vận chuyển khu vực Miền Nam " Hóa đơn 300k miễn phí vận chuyển toàn quốc
Che tên sản phảm khi giao hàng
Được sản xuất bởi dây chuyền hiện đại của Thái Lan. Đạt tiêu chuẩn an toàn của Bộ Y tế.
Miễn phí vận chuyển khu vực TP.HCM hóa đơn từ 300k miễn phí vận chuyển toàn quốc</pre>', 961, 'AZODRA', 'USED', 0.8609371556545531, 84, 69696, 20, 4.2, 'https://vn-test-11.slatic.net/p/4ee83e49f95bd6f16eff65f6849c8a75.jpg;https://vn-test-11.slatic.net/p/727b8e5acee5d505c86e9eb5b1f7fb2a.jpg;https://vn-test-11.slatic.net/p/24367649f85e6d6a9ee7ae930eff5077.jpg;https://vn-test-11.slatic.net/p/85e7e783a85bdbe550e10b14811f8635.jpg;https://vn-test-11.slatic.net/p/7fb0a17041e68ec4ce9a6d6dc393bd0d.jpg;', 361, 9);

INSERT INTO review (id, product_id, reviewer, rating, `comment`) VALUES(961100, 96110, 'Nguyễn H.', 0, 'Giá rẻ, chất lượng tốt, thổi bong bóng với bơm nước to đùng luôn mà ko bể, làm kẹo sin gum cũng ok vì mùi thơm nhẹ, nhai chung với đường là tuyệt hảo');

INSERT INTO review (id, product_id, reviewer, rating, `comment`) VALUES(961101, 96110, 'Lazada Guest', 3, 'Ban đầu có sự nghi ngờ không hề nhẹ về tính năng sản phẩm, nhưng sau khi sử dụng phải nói là hài lòng tuyệt đối luôn các ông ạ.');

INSERT INTO review (id, product_id, reviewer, rating, `comment`) VALUES(961102, 96110, 'nguyễn N.', 3, 'mình thấy cũng chẳng kéo dài đc bao nhiêu . cũng như bình thường , tầm 2p là xịt mẹ rồi');

INSERT INTO review (id, product_id, reviewer, rating, `comment`) VALUES(961103, 96110, 'Lazada Customer', 4, 'hang ok.sai tot nen mua');

INSERT INTO review (id, product_id, reviewer, rating, `comment`) VALUES(961104, 96110, 'Lazada Customer', 4, 'Shop tư vấn nhiệt tình dễ thương - Mình hay dùng kèm theo chai xịt stud 100 cộng bao này đúng lâu ra , 5 sao nhé');

INSERT INTO product (id, name, short_desc, full_desc, category_id, brand_name, status, weight, available_item, unit_price, discount_percent, avg_rating, img_url, total_rating, supplier_id) VALUES(96111, 'Bao Cao Su Đôn Dên Vảy Cá + Tặng 1 Gel Bôi Trơn (YSDD)', 'Bao Cao Su Đôn Dên Vảy Cá + Tặng 1 Gel Bôi Trơn (YSDD)', '<pre>,,,,,,,</pre>', 961, 'N/A', 'USED', 6.454834188297444, 44, 139000, 20, 5.0, 'https://vn-test-11.slatic.net/original/d3d56a33b10ba616993289386da3d4ce.jpg;https://vn-test-11.slatic.net/original/967270d889a1035400be9ede4e5b590b.jpg;https://vn-test-11.slatic.net/original/2b7f437646863d59884f3d0a3c3a2413.jpg;', 5, 7);

INSERT INTO review (id, product_id, reviewer, rating, `comment`) VALUES(961110, 96111, 'Tâm P.', 1, 'ok lam');

INSERT INTO review (id, product_id, reviewer, rating, `comment`) VALUES(961111, 96111, 'Trịnh Đ.', 1, 'Bà xã sướng là đc');

INSERT INTO product (id, name, short_desc, full_desc, category_id, brand_name, status, weight, available_item, unit_price, discount_percent, avg_rating, img_url, total_rating, supplier_id) VALUES(96112, 'Bao Cao Su Siêu Mỏng, Gai, Gân, Bi, Kéo Dài Thời Gian Power Men Ngọc Trai Hộp 12 Chiếc', 'Bao Cao Su Siêu Mỏng, Gai, Gân, Bi, Kéo Dài Thời Gian Power Men Ngọc Trai Hộp 12 Chiếc', '<pre> Bổ sung 9% Benzocain: Bao cao su siêu mỏng gân, gai, bi, kéo dài thời gian Powermen Ngọc Trai với 9% Benzocain là sản phẩm có sức mạnh kéo dài thời gian, chống xuất tinh sớm được yêu thích nhất trong dòng sản phẩm bao cao su powermen. (đa số các loại bao cao su Powermen khác có lượng hợp chất kéo dài thời gian Benzocain chỉ tới 5 hoặc 7%)
– 489 hạt nổi và 16 đường gân quanh bao: Bao cao su kéo dài thời gian Powermen Ngọc trai là những hạt nổi nhỏ và những đường gân quanh bao sẽ giúp cho bạn làm tăng kích thích và khoái cảm cho nàng. Giống như những loại bao cao su gai khác khi quan hệ những gai nổi nhỏ và đường gân này ma sát vào thành âm đạo và điểm G giúp nàng sướng rên lên theo từng nhịp đẩy.
– Vòng thắt chống tuột an toàn: Với thiết kế một lằn thắt ở đầu bao giúp bao ôm sát hơn và bạn sẽ không hề phải lo lắng bị tuột bao khi quan hệ hoặc khi quá sung mãn
– Siêu mỏng và nhiều gel bôi trơn: Đây là những tính năng rất phổ biến trong sản phẩm của hãng Powermen, bao mỏng, truyền nhiệt tốt đem lại cảm giác chân thực nhất cộng với lượng gel bôi trơn bên ngoài rất nhiều cho bạn cuộc yêu trơn tru và sung sướng
Chứng nhận chất lượng tiêu chuẩn ISO của Bao cao su siêu mỏng, gai, gân, bi, kéo dài thời gian Power Men Ngọc TraiTHÔNG TIN SẢN PHẨM– Chất liệu: 100% Mủ cao su tự nhiên
– Chất bôi trơn: nhiều
– Mùi: không mùi
– Kích thước : 20 cm x 52mm+-2
– Quy cách hộp : 12 chiếc
*Lưu ý:  Hiệu quả và công dụng có thể khác nhau tùy theo thể trạng,cơ địa mỗi người. Do đó, các bạn hãy liên hệ trực tiếp để được tư vấn rõ hơn.</pre>', 961, 'Powermen', 'NEW', 6.284816449111821, 54, 135000, 20, 4.4, 'https://vn-test-11.slatic.net/original/689c1fc6548379d5f3310e3ca77a2bd2.jpg;https://vn-test-11.slatic.net/original/f421e8c31d1d1373bd752db9e04c5b13.jpg;https://vn-test-11.slatic.net/original/52debdb14913913b965f3035395c36cb.jpg;https://vn-test-11.slatic.net/original/23aeeead8ab06e77c21ad8d0b775ba7e.jpg;', 7, 9);

INSERT INTO review (id, product_id, reviewer, rating, `comment`) VALUES(961120, 96112, 'Hùng N.', 0, 'gửi hàng gi bao cao su là dc rồi , còn viết gân gai bi chống xuất tinh sớm làm gì ! sẽ ko mua shop thêm 1 lần nào nữa !');

INSERT INTO review (id, product_id, reviewer, rating, `comment`) VALUES(961121, 96112, 'Vũ X.', 1, 'Không che tên sản phẩm như cam kết');

INSERT INTO review (id, product_id, reviewer, rating, `comment`) VALUES(961122, 96112, 'LUONG T.', 2, 'Sản phẩm tốt, đúng như quảng cáo, giao hàng nhanh chóng');

INSERT INTO review (id, product_id, reviewer, rating, `comment`) VALUES(961123, 96112, 'NOBOTA', 4, 'kéo dài rất ttots');

INSERT INTO product (id, name, short_desc, full_desc, category_id, brand_name, status, weight, available_item, unit_price, discount_percent, avg_rating, img_url, total_rating, supplier_id) VALUES(96113, 'Bộ 2 hộp Bao cao su Siêu mỏng Cao cấp Sagami Xtreme Super Thin 10 bao', 'Bộ 2 hộp Bao cao su Siêu mỏng Cao cấp Sagami Xtreme Super Thin 10 bao', '<pre>Kiểu truyền thống; trong suốt không mùi
Cực siêu mỏng , tạo cảm giác " có như không có"
Truyền nhiệt nhanh; co dãn theo kích cỡ , phù hợp với đại đa số người châu Á
Dầu bôi trơn cao cấp không mùi không vị</pre>', 961, 'Sagami', 'USED', 5.2425415004359746, 17, 117000, 20, 5.0, 'https://vn-test-11.slatic.net/original/81cfda544d1f4b9f1452335db1f95bc5.jpg;https://vn-test-11.slatic.net/original/dbe7c2ac2fb030c696fd47afdd8acca4.jpg;https://vn-test-11.slatic.net/p/5/bo-2-hop-bao-cao-su-sieu-mong-cao-cap-sagami-xtreme-super-thin-10-bao-2904-8613172-3f05d1d02e13a694124620e15d5ccf9a-catalog.jpg;https://vn-test-11.slatic.net/p/5/bo-2-hop-bao-cao-su-sieu-mong-cao-cap-sagami-xtreme-super-thin-10-bao-2904-8613172-87bf440bf7e3c71832e0ede9bdeba785-catalog.jpg;https://vn-test-11.slatic.net/p/5/bo-2-hop-bao-cao-su-sieu-mong-cao-cap-sagami-xtreme-super-thin-10-bao-2904-8613172-4746376a7874ec5cc27642ab4fb839ef-catalog.jpg;https://vn-test-11.slatic.net/p/5/bo-2-hop-bao-cao-su-sieu-mong-cao-cap-sagami-xtreme-super-thin-10-bao-2904-8613172-69632d6a47be6f98906a7215eb7e0880-catalog.jpg;https://vn-test-11.slatic.net/p/5/bo-2-hop-bao-cao-su-sieu-mong-cao-cap-sagami-xtreme-super-thin-10-bao-2904-8613172-8637e557cd65e8fa4e3bd1ebfda1cc88-catalog.jpg;', 21, 7);

INSERT INTO review (id, product_id, reviewer, rating, `comment`) VALUES(961130, 96113, 'thanh D.', 1, 'sản phẩm tốt , có che tên khi giao , quên dặn mà shop cũng che luôn . Chèn lót kỹ hộp dán kín mít. Cho shop năm sao :]]]');

INSERT INTO review (id, product_id, reviewer, rating, `comment`) VALUES(961131, 96113, 'Vũ L.', 1, 'hộp niêm phong kín, có tem chính hãng, đóng gói cẩn thận');

INSERT INTO review (id, product_id, reviewer, rating, `comment`) VALUES(961132, 96113, 'le D.', 4, 'ok');

INSERT INTO review (id, product_id, reviewer, rating, `comment`) VALUES(961133, 96113, 'Thắng C.', 4, 'mỏng tốt xài như k xài');

INSERT INTO review (id, product_id, reviewer, rating, `comment`) VALUES(961134, 96113, 'Cty T.', 3, 'Đúng hàng chính hãng. Siêu mỏng tương đương Durex Fetherlite Ultima. Giá quá tốt');

INSERT INTO product (id, name, short_desc, full_desc, category_id, brand_name, status, weight, available_item, unit_price, discount_percent, avg_rating, img_url, total_rating, supplier_id) VALUES(96114, 'Hộp 10 bao cao su Nhật Bản Okamoto Skinless Skin Purity(Phân phối bởi: YTELOC)', 'Hộp 10 bao cao su Nhật Bản Okamoto Skinless Skin Purity(Phân phối bởi: YTELOC)', '<pre>Thiết kế ôm vừa vặn
An toàn khi sử dụng
Bảo vệ sức khỏe</pre>', 961, 'OKAMOTO', 'USED', 3.635690513982446, 73, 49000, 20, 4.6, 'https://vn-test-11.slatic.net/p/5/hop-10-bao-cao-su-nhat-ban-okamoto-skinless-skin-purity-10s-1308-51024271-4c398e1fdd05ec542db274742b543a63-catalog.jpg;https://vn-test-11.slatic.net/original/d036a631cf7d4868a86e860552ea69da.jpg;https://vn-test-11.slatic.net/original/3ce51f869040e7fa62d37ec12ba37b7d.jpg;', 84, 3);

INSERT INTO review (id, product_id, reviewer, rating, `comment`) VALUES(961140, 96114, 'Nguyen Q.', 0, 'Dùng ngon, cảm giác dùng rất an tâm, rất đáng tiền.');

INSERT INTO review (id, product_id, reviewer, rating, `comment`) VALUES(961141, 96114, 'Dê T.', 2, 'hàng xài tốt');

INSERT INTO review (id, product_id, reviewer, rating, `comment`) VALUES(961142, 96114, 'Nguyễn Đ.', 0, 'Khi chưa nhận hàng tôi nghĩ nó cũng chỉ là như các loại bao cao su khác, nhưng khi mở ra sử dụng thì tôi thấy rất đáng tin với sản phẩm này, nhẹ nhàng, mịn màng mang lại cảm rất thật.');

INSERT INTO review (id, product_id, reviewer, rating, `comment`) VALUES(961143, 96114, 'Trịnh X.', 0, 'Đóng gói cẩn thận, hàng gửi nhanh trong 4 ngày, bao mỏng màu đỏ, sử dụng ok. Sẽ tiếp tục ủng hộ shop, hàng nên mua.');

INSERT INTO review (id, product_id, reviewer, rating, `comment`) VALUES(961144, 96114, '瀧上秋', 4, 'oh pls don''t stop oh yeah....oh yeah');

INSERT INTO product (id, name, short_desc, full_desc, category_id, brand_name, status, weight, available_item, unit_price, discount_percent, avg_rating, img_url, total_rating, supplier_id) VALUES(96115, 'Bao Cao Su Kéo Dài Thời Gian Gân Gai Azodra 4 in 1 Hộp 12 Cái', 'Bao Cao Su Kéo Dài Thời Gian Gân Gai Azodra 4 in 1 Hộp 12 Cái', '<pre>Xuất xứ: Thái Lan
Có gân nhỏ
Có gai nhỏ
Có kéo dài thời gian
Kích thước: 55mm</pre>', 961, 'No Brand', 'NEW', 4.677960237825465, 30, 49000, 20, 0.0, 'https://vn-test-11.slatic.net/p/c5fd2cc23cd6537f123cd97475fb9898.jpg;https://vn-test-11.slatic.net/p/5b11918b08fcc9387fee2ecd08c65612.jpg;https://vn-test-11.slatic.net/p/68c72425c8b94e6bb0dd5c2a404c8176.jpg;', 0, 8);

INSERT INTO product (id, name, short_desc, full_desc, category_id, brand_name, status, weight, available_item, unit_price, discount_percent, avg_rating, img_url, total_rating, supplier_id) VALUES(96116, 'Bộ 2 (24 chiếc) Bao cao su Malaysia Azodra 4 in 1 Kéo Dài Thời Gian Quan Hệ Gân Gai - Gunshop', 'Bộ 2 (24 chiếc) Bao cao su Malaysia Azodra 4 in 1 Kéo Dài Thời Gian Quan Hệ Gân Gai - Gunshop', '<pre>Sản phẩm tổng hợp nhiều tính năng bên trong : gân, gai, mỏng, kéo dài thời gian quan hệ. Hỗ trợ kéo dài thời gian gấp 2-3 lần bình thường.
Cao su thiên nhiên 100%, gel bôi trơn mềm mượt tạo cảm giác an toàn và dễ chịu trong cuộc yêu.
Được sản xuất bởi dây chuyền hiện đại của Thái Lan. Đạt tiêu chuẩn an toàn của Bộ Y tế.</pre>', 961, 'AZODRA', 'NEW', 5.0747466192785655, 88, 99000, 20, 4.6, 'https://vn-test-11.slatic.net/p/4f667e2a0134dca76fff1d9305917479.jpg;https://vn-test-11.slatic.net/p/727b8e5acee5d505c86e9eb5b1f7fb2a.jpg;https://vn-test-11.slatic.net/p/8a0fbaff4f9f68cd518fb4af8dd2165f.jpg;https://vn-test-11.slatic.net/p/315121699cf97e240895e04cef1f46fa.jpg;https://vn-test-11.slatic.net/p/37a4b4a62fc10699b10fbbe06a87849d.jpg;', 18, 6);

INSERT INTO review (id, product_id, reviewer, rating, `comment`) VALUES(961160, 96116, 'Xperia P.', 3, 'bcs kéo dài tg nhé, khi xuất thì không bị sốc,dễ chịu om khít size 52');

INSERT INTO product (id, name, short_desc, full_desc, category_id, brand_name, status, weight, available_item, unit_price, discount_percent, avg_rating, img_url, total_rating, supplier_id) VALUES(96117, 'Bộ Tiết Kiệm Bao Cao Su Tăng Kích Thước Kiểu ( Dạng Thường) Và Gel Bôi Trơn Durex Play (50ml) [GUNSHOP-BZ]', 'Bộ Tiết Kiệm Bao Cao Su Tăng Kích Thước Kiểu ( Dạng Thường) Và Gel Bôi Trơn Durex Play (50ml) [GUNSHOP-BZ]', '<pre>Tăng kích thước DV
Giúp bạn kéo dài gấp 2-3 lần bình thường.
Làm từ 100% cao su thiên nhiên, an toàn cho người sử dụng.
Tiết kiệm chi phí , có thể sử dụng nhiều lần.
Che tên sản phẩm khi giao hàng.
Miễn phí vận chuyển khu vực TP.HCM hóa đơn từ 300k miễn phí vận chuyển toàn quốc</pre>', 961, 'Baile', 'USED', 2.970724821849189, 33, 167000, 20, 5.0, 'https://vn-test-11.slatic.net/original/ddf7376d23fb844c09039177995a4a35.jpg;https://vn-test-11.slatic.net/p/bbc1413d1cf1bb0c361c8756bed6ccad.jpg;https://vn-test-11.slatic.net/original/562ff378ea8fbc5546483d3c3f34a196.jpg;https://vn-test-11.slatic.net/original/17b9688ec8962234d809811ae02ecab8.jpg;https://vn-test-11.slatic.net/original/0ed6f5363aecce426a67fe5d6cf9fac3.jpg;', 4, 2);

INSERT INTO product (id, name, short_desc, full_desc, category_id, brand_name, status, weight, available_item, unit_price, discount_percent, avg_rating, img_url, total_rating, supplier_id) VALUES(96118, 'Bao cao su Gân, Gai siêu lớn Gold Gai - Hộp 2 chiếc - Toro', 'Bao cao su Gân, Gai siêu lớn Gold Gai - Hộp 2 chiếc - Toro', '<pre>Loại bao cao su có râu, gai dài gần 1cm, chiếc có 3 vòng gai mềm, dài, xoắn ốc ôm xung quanh phần đầu bao cao su.
Có 3 vòng gai mềm mại ôm phần đầu bao và 1 vòng gai xoắn ốc bên trong</pre>', 961, 'Goldline', 'NEW', 2.3547422045447135, 56, 40000, 20, 4.0, 'https://vn-test-11.slatic.net/original/64b85a83acbdb86a40bd425f22006992.jpg;https://vn-test-11.slatic.net/p/ef1b44c576e4963dc6586150b4f888c9.jpg;https://vn-test-11.slatic.net/p/698f5745992748563a936b4879da7021.jpg;https://vn-test-11.slatic.net/p/adb54d8b7a8dd6ea6a90cc20f46c72d4.jpg;', 1, 6);

INSERT INTO product (id, name, short_desc, full_desc, category_id, brand_name, status, weight, available_item, unit_price, discount_percent, avg_rating, img_url, total_rating, supplier_id) VALUES(96119, 'Bao Cao Su Đôn dên Tăng Kích Thước (Gai,Điểm Nổi) Cao Cấp (CAM)- GUNSHOP', 'Bao Cao Su Đôn dên Tăng Kích Thước (Gai,Điểm Nổi) Cao Cấp (CAM)- GUNSHOP', '<pre>Thiết kế gân gai kích thích tối đa, giúp bạn gái dễ dàng "lên đỉnh".
Giúp bạn kéo dài gấp 2-3 lần bình thường.
Làm từ 100% cao su thiên nhiên, an toàn cho người sử dụng..
Che tên sản phẩm khi giao hàng.
Miễn phí vận chuyển khu vực TP.HCM hóa đơn từ 300k miễn phí vận chuyển toàn quốc</pre>', 961, 'Baile', 'NEW', 9.824244942304933, 88, 134696, 20, 5.0, 'https://vn-test-11.slatic.net/p/c21cdf091ec91842dfdbd59828a677a0.jpg;https://vn-test-11.slatic.net/p/bbc1413d1cf1bb0c361c8756bed6ccad.jpg;https://vn-test-11.slatic.net/p/a0a615030ec7cfe3d92dd7eb2a70d1d6.jpg;https://vn-test-11.slatic.net/p/397184a5d6bf71412943ffdb0822913c.jpg;', 1, 2);

INSERT INTO product (id, name, short_desc, full_desc, category_id, brand_name, status, weight, available_item, unit_price, discount_percent, avg_rating, img_url, total_rating, supplier_id) VALUES(96120, 'Bao cao su Durex Fetherlite Ultima 12 bao', 'Bao cao su Durex Fetherlite Ultima 12 bao', '<pre>12 bao
Chất liệu mủ cao su thiên nhiên
Thiết kế ôm sát; vừa vặn</pre>', 961, 'Durex', 'NEW', 9.192490095677627, 45, 139600, 20, 4.4, 'https://vn-test-11.slatic.net/original/5e1557b83a94e7f51e8f120e159404ca.jpg;https://vn-test-11.slatic.net/original/edfdb7962d019f38641057c53132f9b1.jpg;https://vn-test-11.slatic.net/original/adcba53cb4044371328174f375cc5a80.jpg;https://vn-test-11.slatic.net/original/b9eba032639732107f222a38481b0daf.jpg;https://vn-test-11.slatic.net/original/e1c5cdf0c1d0fb51280cdccd8eec08d1.jpg;https://vn-test-11.slatic.net/original/aca031fe41dcf6ab38a189cd8b3f8799.jpg;', 46, 4);

INSERT INTO review (id, product_id, reviewer, rating, `comment`) VALUES(961200, 96120, 'Anh N.', 4, 'Mặc hàng nhạy cảm, đặc biệt người Việt nữa, đóng gói nên tinh ý một chút chứ... Để tên sản phẩm lồ lộ ra như vậy... Nếu ko đã ra siêu thị mua rồi, mắc gì đặt trên lazada mặc hàng này làm chi, cuối cùng hiện nguyên cái tên BAO CAO SU, mà trong khi tôi nhờ bạn gái đồng nghiệp nhận dùm. Hazzzz');

INSERT INTO review (id, product_id, reviewer, rating, `comment`) VALUES(961201, 96120, 'Đặng T.', 0, 'Mình đã dặn đi dặn lại là đừng ghi tên sản phẩm, nhân viên cũng đã tiếp ý kiến mà chả hiểu sao lúc nhận đồ vẫn k chịu che tên sản phẩm.');

INSERT INTO review (id, product_id, reviewer, rating, `comment`) VALUES(961202, 96120, 'Nguyễn T.', 1, 'cửa hàng đã ko ghi tên sản phẩm bên ngoài hộp, và khi mình đặt hàng thì báo là sau 3-5 ngày mới nhận dc, nhưng ngay hôm sau mình đã nhận được luôn khiến cho mình hơi sốc :v');

INSERT INTO review (id, product_id, reviewer, rating, `comment`) VALUES(961203, 96120, 'Nguyễn V.', 4, 'Mua chung với Gel 1 tặng 1 và hưởng khuyến mãi 15% : tính ra giá chỉ 50% so với cửa hàng bên ngoài. Có hóa đơn và thời hạn sử dụng đến 2023.');

INSERT INTO review (id, product_id, reviewer, rating, `comment`) VALUES(961204, 96120, 'Vũ D.', 2, 'Hàng tốt, ok đúng như mẫu hay bán ngoài hiệu thuốc, tuy nhiên đội CPN gửi 4 hộp cho mình không hề đóng gói hẳn hoi, lúc nhận được hộp thì móp hộp thì méo biến dạng, như đống rác, chủ hàng để ý và báo cho đội CPN Lazada để ý lúc gửi.');

INSERT INTO product (id, name, short_desc, full_desc, category_id, brand_name, status, weight, available_item, unit_price, discount_percent, avg_rating, img_url, total_rating, supplier_id) VALUES(96121, '[NHẬP MÃ HTL2019 GIẢM NGAY 10% ] [ MUA LỚN TẶNG NHỎ ] Bao cao su Gân Gai Siêu mỏng Kéo dài thời gian 4in1 7% Safe Fit Fantastic Four - 12 chiếc', '[NHẬP MÃ HTL2019 GIẢM NGAY 10% ] [ MUA LỚN TẶNG NHỎ ] Bao cao su Gân Gai Siêu mỏng Kéo dài thời gian 4in1 7% Safe Fit Fantastic Four - 12 chiếc', '<pre>Tinh chất kéo dài thời gian Benzocain 7% với nồng độ cao nhất trong giới bao cao su hiện nay , chắc chắn Safe Fit Fantastic 4 sẽ giúp các chàng kéo dài ân ái lên gấp 2 lần bình thường . Một " bí mật " giúp cuộc yêu hoàn hảo hơn cả trên màn ảnh
Có hơn 500 hạt nổi và vòng gân trải dài đều khắp thân bao , tạo cho bạn tình cảm giác " đi đến đâu rợn tóc gáy đến đó " , chuyện lên đỉnh không còn xa vời trong mơ nữa
Với tính năng thắt chống tuột bao , các anh sẽ không còn nơm nớp lo âu về việc tuột bao nữa mà chỉ nghĩ việc " thể hiện cho tốt thôi "
Độ mỏng 0.06mm là một siêu phẩm trong dòng bao cao su gân gai hiện nay</pre>', 961, 'SAFE FIT', 'USED', 1.6946639168630706, 80, 76000, 20, 4.5, 'https://vn-test-11.slatic.net/p/fb5698dc62d4dbd6d9add62bc4cfd903.jpg;https://vn-test-11.slatic.net/p/0a92e6de3015767c375f91612793edf7.jpg;https://vn-test-11.slatic.net/p/5/bao-cao-su-gan-gai-sieu-mong-keo-dai-thoi-gian-4in1-7-safe-fit-fantastic-four-12-chiec-0505-88173103-77463633f55add6d2b425d2771fe2e26-catalog.jpg;https://vn-test-11.slatic.net/p/5/bao-cao-su-gan-gai-sieu-mong-keo-dai-thoi-gian-4in1-7-safe-fit-fantastic-four-12-chiec-0505-88173103-2385b29404c713b839c2d0c2c14af27c-catalog.jpg;https://vn-test-11.slatic.net/p/5/bao-cao-su-gan-gai-sieu-mong-keo-dai-thoi-gian-4in1-7-safe-fit-fantastic-four-12-chiec-0505-88173103-c7f4a92aa5987b53ad7a4807939b1074-catalog.jpg;https://vn-test-11.slatic.net/p/5/bao-cao-su-gan-gai-sieu-mong-keo-dai-thoi-gian-4in1-7-safe-fit-fantastic-four-12-chiec-0505-88173103-87663325ad4afad860ff319ad6d91c35-catalog.jpg;https://vn-test-11.slatic.net/original/89996bc56fc2ec6c13174bb37ba3e1d1.jpg;https://vn-test-11.slatic.net/original/cc5559dd5e1091e5f6ff5fe62a4036a0.jpg;', 86, 8);

INSERT INTO review (id, product_id, reviewer, rating, `comment`) VALUES(961210, 96121, 'thanh D.', 4, 'gai ko to lắm nhưng rất nhám vừa đủ xài, quất phát lên tiên ngay , mà chơi lâu kinh thật , mỏi cả lưng quằn quại mới ra , đáng tiền à . Gói kín đáo , gút !');

INSERT INTO review (id, product_id, reviewer, rating, `comment`) VALUES(961211, 96121, 'Lazada Customer', 2, 'hàng như hình ok r.... sẻ ổn hộ shop');

INSERT INTO review (id, product_id, reviewer, rating, `comment`) VALUES(961212, 96121, 'Lazada Customer', 1, 'OK. Tăng gấp đôi thời gian lên đỉnh');

INSERT INTO review (id, product_id, reviewer, rating, `comment`) VALUES(961213, 96121, 'Đặng Q.', 4, 'Mua lớn thì vừa ý, nhưng tặng nhỏ thì quá nhỏ. Nói chung ổn');

INSERT INTO review (id, product_id, reviewer, rating, `comment`) VALUES(961214, 96121, 'Lazada Customer', 1, 'má ơi giao hàng thần tốc , đặt 4h chiều hôm qua sáng nay 8h nhận . Hàng đóng kín đáo và rất lịch sự , mỗi sp đều có tem cảm thấy khá an tâm . Sẽ ủng hộ lại');

INSERT INTO product (id, name, short_desc, full_desc, category_id, brand_name, status, weight, available_item, unit_price, discount_percent, avg_rating, img_url, total_rating, supplier_id) VALUES(96122, 'Bao Cao Su INNOVA Kéo dài thời gian quan hệ gân gai (Malaysia) Đen (Hộp 12 chiếc) - Gunshop', 'Bao Cao Su INNOVA Kéo dài thời gian quan hệ gân gai (Malaysia) Đen (Hộp 12 chiếc) - Gunshop', '<pre>Thiết kế gân gai kích thích tối đa, giúp bạn gái dễ dàng "lên đỉnh".
Giúp bạn kéo dài gấp 2-3 lần bình thường.
Làm từ 100% cao su thiên nhiên, an toàn cho người sử dụng.
Sản xuất trên dây chuyền công nghệ hiện đại của Malaysia.
Che tên sản phẩm khi giao hàng.
Miễn phí vận chuyển khu vực TP.HCM hóa đơn từ 300k miễn phí vận chuyển toàn quốc</pre>', 961, 'Innova', 'NEW', 7.966637731439923, 69, 62990, 20, 4.1, 'https://vn-test-11.slatic.net/original/6c849983e731b97cb2506bdb3bb0c845.jpg;https://vn-test-11.slatic.net/p/727b8e5acee5d505c86e9eb5b1f7fb2a.jpg;https://vn-test-11.slatic.net/p/2964ee244152e95d88a8737582216429.jpg;https://vn-test-11.slatic.net/p/203a8114aeba02e4cef847bbb937214c.jpg;https://vn-test-11.slatic.net/p/08ea209961589faa4c5b5dcb45ea7b9d.jpg;https://vn-test-11.slatic.net/p/0d64697dc0599853371cc8497201d798.jpg;', 292, 9);

INSERT INTO review (id, product_id, reviewer, rating, `comment`) VALUES(961220, 96122, 'Dung', 1, '1sao . mua. 5hop tặng có 1 hop . nguoi ta thì mua 5 tặng 5 hop nhỏ . shop làm ăn ko uy tin cho 1 sao bỏ ghét');

INSERT INTO review (id, product_id, reviewer, rating, `comment`) VALUES(961221, 96122, 'Huynh Q.', 2, 'Đóng gói kĩ. Mua 5 lớn tặng 5 nhỏ. Chưa thử chất lượng nhưng giao hàng tặng quà rất hài lòng. Giá lại rẻ.');

INSERT INTO review (id, product_id, reviewer, rating, `comment`) VALUES(961222, 96122, 'Hồ Q.', 4, 'Rất đẹp. Đóng gói cẩn thận. Giao hàng nhiệt tình. Chất lượng tốt.');

INSERT INTO review (id, product_id, reviewer, rating, `comment`) VALUES(961223, 96122, 'Nguyễn A.', 1, 'Sp kích thước vừa khít gân không thấy chỉ thấy gai chấm li ti. Còn kéo dài hay không thì không biết tại chưa có điều kiện dùng thử ={{');

INSERT INTO review (id, product_id, reviewer, rating, `comment`) VALUES(961224, 96122, 'Võ L.', 2, 'Đóng gói cẩn thận. Giao hàng nhanh. Vỏ hộp mới. Sử dụng như thế nào thì sẽ đánh giá trong đơn hàng sau,');

INSERT INTO product (id, name, short_desc, full_desc, category_id, brand_name, status, weight, available_item, unit_price, discount_percent, avg_rating, img_url, total_rating, supplier_id) VALUES(96123, 'Bao cao su Super Gold cao cấp ( bộ 2 hộp)', 'Bao cao su Super Gold cao cấp ( bộ 2 hộp)', '<pre>Bao Cao Su Super GoldBao cao su Super goldlà một sản phẩm được cải tiền hơn của hãng Gold bao. Được sản xuất trên dây truyền công nghệ Nhật bản. Bao cao su super gold được thiết kế với có 6 kiểu dáng khác nhau: gai vòng, bi dọc, gân nổi lượn sóng quanh thân bao kết hợp với gel bôi trơn tăng cường ngoài bề mặt của thân bao, giúp bạn tình dễ dàng thăng hoa và đạt khoái cảm cao nhất trong mỗi lần yêu.size 52mm , nhiều bôi trơn.</pre>', 961, 'Super Gold', 'USED', 0.82775283067635, 34, 92000, 20, 5.0, 'https://vn-test-11.slatic.net/p/3e25915e35a28676ec6956bc55021973.jpg;https://vn-test-11.slatic.net/p/a49d974b2afdb1826fd770c012a829e4.jpg;https://vn-test-11.slatic.net/p/b244925fb778c7cabfb47d0ee38b0cfd.jpg;', 3, 1);

INSERT INTO review (id, product_id, reviewer, rating, `comment`) VALUES(961230, 96123, 'THÚY', 1, 'Ok .sài lần đầu .vợ kêu thích');

INSERT INTO review (id, product_id, reviewer, rating, `comment`) VALUES(961231, 96123, 'Phuc T.', 3, 'loại này gai còn có cả lông.  đúng là siêu khoái cảm');

INSERT INTO product (id, name, short_desc, full_desc, category_id, brand_name, status, weight, available_item, unit_price, discount_percent, avg_rating, img_url, total_rating, supplier_id) VALUES(96124, 'Bao cao su Bi dâu Straberry 10 chiếc (YSBCS-BGR) (Còn hàng. CHAT để đc Free Ship)', 'Bao cao su Bi dâu Straberry 10 chiếc (YSBCS-BGR) (Còn hàng. CHAT để đc Free Ship)', '<pre>Sản phẩm còn hàng. CHAT vs shop để đc Free Ship
Có bi gai kích thích
Dầu bôi trơn cao cấp không mùi không vị
Chất liệu cao su cao cấp chống dị ứng</pre>', 961, 'Powermen', 'USED', 1.6755837195680128, 70, 99000, 20, 4.3, 'https://vn-test-11.slatic.net/original/78aab76c0e6649435082d9e3c28aa75c.jpg;https://vn-test-11.slatic.net/p/5/bao-cao-su-bi-dau-straberry-10-chiec-9295-22880903-6934be43a024898daa953f64e298d1f5-catalog.jpg;https://vn-test-11.slatic.net/p/5/bao-cao-su-bi-dau-straberry-10-chiec-9295-22880903-2f675ed9179d106c6e5bf8ea87ce6e66-catalog.jpg;https://vn-test-11.slatic.net/original/063018d8d00ca75aa41de5a9d6b7e3fd.jpg;', 7, 7);

INSERT INTO review (id, product_id, reviewer, rating, `comment`) VALUES(961240, 96124, 'dang H.', 0, 'xài được');

INSERT INTO review (id, product_id, reviewer, rating, `comment`) VALUES(961241, 96124, 'Đậu D.', 2, 'gói hàng đẹp
đã dùng và thấy là hàng chính hãng
rất đáng mua');

INSERT INTO review (id, product_id, reviewer, rating, `comment`) VALUES(961242, 96124, 'nguyễn h.', 2, 'Quan hệ bao cao su bị rách');

INSERT INTO review (id, product_id, reviewer, rating, `comment`) VALUES(961243, 96124, 'Lazada Customer', 3, '');

INSERT INTO product (id, name, short_desc, full_desc, category_id, brand_name, status, weight, available_item, unit_price, discount_percent, avg_rating, img_url, total_rating, supplier_id) VALUES(96125, 'Bao cao su Durex Invisible 3 bao', 'Bao cao su Durex Invisible 3 bao', '<pre>3 bao
Chất liệu mủ cao su thiên nhiên
Thiết kế ôm sát; vừa vặn
Chi tiết bao bì có thể thay đổi theo từng đợt nhập hàng</pre>', 961, 'Durex', 'USED', 5.918205801814221, 24, 62000, 20, 4.3, 'https://vn-test-11.slatic.net/p/5/bao-cao-su-durex-invisible-3-bao-3717-6069072-2a1d52481d6d0bf19c855c0fdaabe6e2.jpg;https://vn-test-11.slatic.net/original/8cebaa6c5cfed4b14e8702e3b00bac3d.jpg;https://vn-test-11.slatic.net/original/aca031fe41dcf6ab38a189cd8b3f8799.jpg;https://vn-test-11.slatic.net/original/3f71cb857abaf16feb619ab74b153abe.jpg;https://vn-test-11.slatic.net/original/a5d61888acd770fc133536511568db26.jpg;https://vn-test-11.slatic.net/original/346785d12087fa322ec4b7545f956a22.jpg;https://vn-test-11.slatic.net/original/56e9497bb1c4750aaa732d31dfc372f1.jpg;', 65, 1);

INSERT INTO review (id, product_id, reviewer, rating, `comment`) VALUES(961250, 96125, 'Lazada Customer', 4, 'Hàng durex mình rất an tâm, khi lần đầu mua hàng cũng hơi ngại, được lazada gửi đơn thanh toán điện tử vào mail rất bài bản.');

INSERT INTO review (id, product_id, reviewer, rating, `comment`) VALUES(961251, 96125, 'Lazada Customer', 0, 'Không che tên sản phẩm gì hết. Chán Lazada');

INSERT INTO review (id, product_id, reviewer, rating, `comment`) VALUES(961252, 96125, 'Lazada Customer', 1, 'Dùng rất sướng địt vợ rên ư ử');

INSERT INTO review (id, product_id, reviewer, rating, `comment`) VALUES(961253, 96125, 'Nguyễn T.', 1, 'Giao Hàng Nhạy Cảm mà không che Tên Sản Phẩm.Lưu ý lần sau nha Lazada');

INSERT INTO review (id, product_id, reviewer, rating, `comment`) VALUES(961254, 96125, 'Lazada Customer', 1, 'không che tên ap đừng nên mua');

INSERT INTO product (id, name, short_desc, full_desc, category_id, brand_name, status, weight, available_item, unit_price, discount_percent, avg_rating, img_url, total_rating, supplier_id) VALUES(96126, 'Bao Cao Su Gai Gân Kéo Dài Thời Rocmen Đen Hộp 10c Tặng Hộp Bao gai 3c (YSBCS)', 'Bao Cao Su Gai Gân Kéo Dài Thời Rocmen Đen Hộp 10c Tặng Hộp Bao gai 3c (YSBCS)', '<pre>Hàng trăm gai nổi kích thích
Kéo dài thời gian quan hệ
Dầu bôi trơn cao cấp không mùi không vị
Chất liệu cao su cao cấp chống dị ứng</pre>', 961, 'Powermen', 'NEW', 8.353422494295437, 26, 90000, 20, 4.8, 'https://vn-test-11.slatic.net/original/1ac45d3f00274e60aa557e8cdb760b05.jpg;https://vn-test-11.slatic.net/original/af9531cf39e3024ea44689f084871148.jpg;https://vn-test-11.slatic.net/original/973d615179f68d52197da998043ff300.jpg;https://vn-test-11.slatic.net/original/d985ffe2ac10cb20d9729f705aa093b9.jpg;', 30, 5);

INSERT INTO review (id, product_id, reviewer, rating, `comment`) VALUES(961260, 96126, 'Phạm T.', 4, 'giao hàng nhanh, hàng dùng đc');

INSERT INTO review (id, product_id, reviewer, rating, `comment`) VALUES(961261, 96126, 'Đinh M.', 0, 'hàng tốt, sẽ ủng hộ dài dài');

INSERT INTO review (id, product_id, reviewer, rating, `comment`) VALUES(961262, 96126, 'Nguyễn S.', 4, 'khá tốt, nên mua');

INSERT INTO review (id, product_id, reviewer, rating, `comment`) VALUES(961263, 96126, 'Phùng N.', 0, 'dùng đc, nên mua');

INSERT INTO review (id, product_id, reviewer, rating, `comment`) VALUES(961264, 96126, 'Trần Đ.', 3, 'dùng đc lâu, có gai vk rất thích');

INSERT INTO product (id, name, short_desc, full_desc, category_id, brand_name, status, weight, available_item, unit_price, discount_percent, avg_rating, img_url, total_rating, supplier_id) VALUES(96127, '[Mua 1 Tặng 3] Bao cao su Feel 4 in1 Chính Hãng ( 1Bcs) + Tặng 3 Gel Bôi Trơn ThaiLand KY-Jelly (50ml) Mới 2019.', '[Mua 1 Tặng 3] Bao cao su Feel 4 in1 Chính Hãng ( 1Bcs) + Tặng 3 Gel Bôi Trơn ThaiLand KY-Jelly (50ml) Mới 2019.', '<pre>Xuất xứ: Malaysia. Thương hiệu: Feel Chính Hãng.
Gân và Gai nổi hạt kết hợp trong một.
Chất Benzocain 5% Chống Xuất Tinh Sớm Hiệu Quả cho Quý Ông.
Hương Dâu thơm dịu đầy ngọt ngào.
Gel Bôi trơn KY-Jelly giảm đau và trơn mượt hiệu quả.
100% từ cao su thiên nhiên.
Cam kết bảo mật tên sản phẩm khi giao hàng.</pre>', 961, 'Feel', 'USED', 8.021465591315405, 21, 109000, 20, 5.0, 'https://vn-test-11.slatic.net/p/c115c95e51a9b2256d6b610165c4ccd2.jpg;https://vn-test-11.slatic.net/p/6db3173b9682322fcf1a6c558fcb8fd8.jpg;https://vn-test-11.slatic.net/p/bc3a354180c4b93a1757a310e8ebdcd1.jpg;https://vn-test-11.slatic.net/p/332b2af0d889bc9029eda928e96b638c.jpg;https://vn-test-11.slatic.net/p/708f9e7b39f5b19db3fb92e4e8a9c0db.jpg;', 19, 7);

INSERT INTO review (id, product_id, reviewer, rating, `comment`) VALUES(961270, 96127, 'Lazada Customer', 4, 'Đúng chính hãng! Shop tư vấn nhiệt tình rất hài lòng.');

INSERT INTO review (id, product_id, reviewer, rating, `comment`) VALUES(961271, 96127, 'Lazada Customer', 2, 'Rất tốt!Ngại gì mà không tặng 5 sao');

INSERT INTO review (id, product_id, reviewer, rating, `comment`) VALUES(961272, 96127, 'Lazada Customer', 4, 'ok. Thật lòng mà nói shop này bán hàng tốt mà giá ổn định');

INSERT INTO review (id, product_id, reviewer, rating, `comment`) VALUES(961273, 96127, 'Lazada Customer', 2, 'Rất xứng đáng 5 sao!');

INSERT INTO review (id, product_id, reviewer, rating, `comment`) VALUES(961274, 96127, 'Lazada Customer', 3, 'Hài lòng khi chọn người bán này');

INSERT INTO product (id, name, short_desc, full_desc, category_id, brand_name, status, weight, available_item, unit_price, discount_percent, avg_rating, img_url, total_rating, supplier_id) VALUES(96128, 'Bộ 2 Hộp bao cao su gai râu tăng hưng phấn tặng bao có bi - Hộp 2c', 'Bộ 2 Hộp bao cao su gai râu tăng hưng phấn tặng bao có bi - Hộp 2c', '<pre>Gai râu lua tua tăng kích thích
Tăng ma xát tạo hưng phấn
Đường kính 52mm</pre>', 961, 'Powermen', 'USED', 7.449900547266777, 32, 99000, 20, 5.0, 'https://vn-test-11.slatic.net/original/0c8d150b08c99cd496b236a10edaf144.jpg;https://vn-test-11.slatic.net/original/a86297248097b1e961659b8e55b6e97e.jpg;https://vn-test-11.slatic.net/original/6fe00bebe8892f16f6d94f764e6cccb9.jpg;https://vn-test-11.slatic.net/original/f7d1f3128cc9a7495d740a53714e8cf9.jpg;', 3, 2);

INSERT INTO review (id, product_id, reviewer, rating, `comment`) VALUES(961280, 96128, 'Cần N.', 0, 'OK');

INSERT INTO review (id, product_id, reviewer, rating, `comment`) VALUES(961281, 96128, 'Trịnh Đ.', 0, 'Khá ổn');

INSERT INTO product (id, name, short_desc, full_desc, category_id, brand_name, status, weight, available_item, unit_price, discount_percent, avg_rating, img_url, total_rating, supplier_id) VALUES(96129, 'Bộ 50 chiếc bao cao su giá rẻ dành cho gia đình VRT Excellent', 'Bộ 50 chiếc bao cao su giá rẻ dành cho gia đình VRT Excellent', '<pre>Được sản xuất theo công nghệ của Đức với từng chiếc bao mỏng và dai, cực an toàn để phòng tránh thai và các bệnh lây truyền qua tình dục.
Nhiều chất bôi trơn, truyền nhiệt tốt giúp không hề xảy ra tình trạng khô hay đau rát.
Không có chất MBT (Mercaptobenzothiazole), chất có thể gây ung thư theo khuyến cáo của WHO.
100% được kiểm tra lỗ thủng bằng máy dò điện từ.
Được sản xuất theo tiêu chuẩn ISO 4074:2014 và ISO 13485:2012.</pre>', 961, 'Excellent', 'USED', 8.009631397046759, 69, 47000, 20, 4.6, 'https://vn-test-11.slatic.net/p/b30f9aeac448281861d4ac4ec0aec5cf.jpg;https://vn-test-11.slatic.net/p/fbed0c0907815b593da0c0b667ca4d3a.jpg;https://vn-test-11.slatic.net/p/5/bo-50-chiec-bao-cao-su-gia-re-danh-cho-gia-dinh-vrt-excellent-4082-16044772-8d0819076da2eaebf6d24fa2a7e9c455-catalog.jpg;https://vn-test-11.slatic.net/p/5/bo-50-chiec-bao-cao-su-gia-re-danh-cho-gia-dinh-vrt-excellent-4082-16044772-789136f512e9f7dac8592849371b0503-catalog.jpg;https://vn-test-11.slatic.net/p/5/bo-50-chiec-bao-cao-su-gia-re-danh-cho-gia-dinh-vrt-excellent-4082-16044772-0168a3496331c079073397116a788351-catalog.jpg;https://vn-test-11.slatic.net/p/5/bo-50-chiec-bao-cao-su-gia-re-danh-cho-gia-dinh-vrt-excellent-4082-16044772-d7d288745402acdb10bf87cc4245f582-catalog.jpg;https://vn-test-11.slatic.net/p/5/bo-50-chiec-bao-cao-su-gia-re-danh-cho-gia-dinh-vrt-excellent-4082-16044772-25d27b2f561b5b2122dca1f97e96a9bd-catalog.jpg;', 78, 3);

INSERT INTO review (id, product_id, reviewer, rating, `comment`) VALUES(961290, 96129, 'Bùi N.', 0, 'shop đóng gói cẩn thận nhưng mặt hàng mua shop ghi lộ liễu quá, mong shop giao hàng cẩn thận hơn khi ghi sản phẩm trên bao bì');

INSERT INTO review (id, product_id, reviewer, rating, `comment`) VALUES(961291, 96129, 'NGỌC P.', 1, 'Sản phẩm giá rẻ mà dùng tốt lắm. Đóng gói cẩn thận sẽ ủng hộ dài dài');

INSERT INTO review (id, product_id, reviewer, rating, `comment`) VALUES(961292, 96129, 'Doan Q.', 3, 'hàng đểu khô và cứng như lốp xe, mọi người k nên mua');

INSERT INTO review (id, product_id, reviewer, rating, `comment`) VALUES(961293, 96129, 'Nguyễn H.', 2, 'đã nhận được hàng đủ 50 cái có kèm theo giấy cảm ơn đóng gói kĩ càng và không để tên sản phẩm ở ngoài.. rất hài lòng');

INSERT INTO review (id, product_id, reviewer, rating, `comment`) VALUES(961294, 96129, 'Trung', 4, 'dc.fgggghhhhh');

INSERT INTO product (id, name, short_desc, full_desc, category_id, brand_name, status, weight, available_item, unit_price, discount_percent, avg_rating, img_url, total_rating, supplier_id) VALUES(96130, 'Bao cao su có bi siêu kích thích - Hộp 2c', 'Bao cao su có bi siêu kích thích - Hộp 2c', '<pre>Có bi nổi kích thích
Gai xoắn đa dạng
Tăng ma xát tạo kích thích
Size: 52mm</pre>', 961, 'Powermen', 'NEW', 1.1732941111230824, 24, 49000, 20, 3.8, 'https://vn-test-11.slatic.net/original/1e47543efea9b040adb689c88c9ef7f1.jpg;https://vn-test-11.slatic.net/original/f01dcdd59fdda7938285b740f4f8c14d.jpg;https://vn-test-11.slatic.net/original/e2d1d6162751a4a671ede5fd3bf84c6f.jpg;', 5, 5);

INSERT INTO review (id, product_id, reviewer, rating, `comment`) VALUES(961300, 96130, 'Diễm L.', 3, 'Đặt bcs bi thì lại cho gai... sản phẩm k ra gì, phí tiền');

INSERT INTO review (id, product_id, reviewer, rating, `comment`) VALUES(961301, 96130, 'Bùi V.', 0, 'Sản phẩm cũ , rão , dùng rất chán');

INSERT INTO review (id, product_id, reviewer, rating, `comment`) VALUES(961302, 96130, 'Truong T.', 3, 'giao hàng tôt');

INSERT INTO product (id, name, short_desc, full_desc, category_id, brand_name, status, weight, available_item, unit_price, discount_percent, avg_rating, img_url, total_rating, supplier_id) VALUES(96131, 'Bộ 10 chiếc bao cao su giá rẻ dành cho gia đình VRT Excellent', 'Bộ 10 chiếc bao cao su giá rẻ dành cho gia đình VRT Excellent', '<pre>Quý khách được đổi trả với lỗi của nhà sản xuất hoặc nhà bán hàng trong vòng 07 ngày. Vui lòng liên hệ bộ phận chăm sóc khách hàng để được hỗ trợ.
Bao cao su giá rẻ, trơn, không mùi dùng cho gia đình
Giúp phòng tránh thai và dự phòng các bệnh lây truyền qua đường tình dục và HIV.
Bao chất lượng cao.</pre>', 961, 'Excellent', 'USED', 4.111551324078248, 97, 16000, 20, 4.6, 'https://vn-test-11.slatic.net/p/5/bo-10-chiec-bao-cao-su-gia-re-danh-cho-gia-dinh-vrt-excellent-4061-46344772-dea65959a80e0a4466f640b82688c360-catalog.jpg;https://vn-test-11.slatic.net/p/5/bo-10-chiec-bao-cao-su-gia-re-danh-cho-gia-dinh-vrt-excellent-4061-46344772-17fd1bda16b93ab2e1f4c79390606e7c-catalog.jpg;https://vn-test-11.slatic.net/p/5/bo-10-chiec-bao-cao-su-gia-re-danh-cho-gia-dinh-vrt-excellent-4061-46344772-789136f512e9f7dac8592849371b0503-catalog.jpg;https://vn-test-11.slatic.net/p/5/bo-10-chiec-bao-cao-su-gia-re-danh-cho-gia-dinh-vrt-excellent-4061-46344772-bedb0008243f8163f6e1a9756215a6e9-catalog.jpg;https://vn-test-11.slatic.net/p/5/bo-10-chiec-bao-cao-su-gia-re-danh-cho-gia-dinh-vrt-excellent-4061-46344772-fe16f8ec13d112f922159b7437e83509-catalog.jpg;https://vn-test-11.slatic.net/p/5/bo-10-chiec-bao-cao-su-gia-re-danh-cho-gia-dinh-vrt-excellent-4061-46344772-25d27b2f561b5b2122dca1f97e96a9bd-catalog.jpg;', 45, 3);

INSERT INTO review (id, product_id, reviewer, rating, `comment`) VALUES(961310, 96131, 'Hau N.', 3, 'gối hàng đẹp, shop củng rấp phần thanh toán vào trông để tre tên sản phẩm nên mội người cứ yên tâm mà mua');

INSERT INTO review (id, product_id, reviewer, rating, `comment`) VALUES(961311, 96131, 'Lee B.', 1, 'Hàng tốt như hình');

INSERT INTO review (id, product_id, reviewer, rating, `comment`) VALUES(961312, 96131, 'Nguyễn T.', 0, 'Cửa hàng lừa đảo bán hàng không có lương tâm');

INSERT INTO review (id, product_id, reviewer, rating, `comment`) VALUES(961313, 96131, 'Lê V.', 3, 'ok');

INSERT INTO review (id, product_id, reviewer, rating, `comment`) VALUES(961314, 96131, 'Lazada Customer', 2, 'rất hài lòng vs sản phẩm và cách đóng gói');

INSERT INTO product (id, name, short_desc, full_desc, category_id, brand_name, status, weight, available_item, unit_price, discount_percent, avg_rating, img_url, total_rating, supplier_id) VALUES(96132, 'Bao cao su Durex Invisible Extra Lubricant 10 bao', 'Bao cao su Durex Invisible Extra Lubricant 10 bao', '<pre>Chất liệu mủ cao su thiên nhiên
Thiết kế ôm sát; vừa vặn
Mỏng nhẹ; mang lại cảm giác chân thực nhất
Chi tiết bao bì thay đổi theo từng đợt nhập hàng</pre>', 961, 'Durex', 'NEW', 5.423132683760299, 19, 156800, 20, 4.1, 'https://vn-test-11.slatic.net/original/87ed2150ca39f3875cc7fb22928b3b64.jpg;', 29, 4);

INSERT INTO review (id, product_id, reviewer, rating, `comment`) VALUES(961320, 96132, 'Hoàng T.', 1, 'chất lượng sản phẩm chưa nói nhưng cách đóng gói hàng rất tệ. Không che tên sản phẩm nhạy cảm đi mà vẫn để nguyên nên tôi quyết định đánh giá 1*. Mong các bạn lần sau chú ý hơn vấn đề này hơn.');

INSERT INTO review (id, product_id, reviewer, rating, `comment`) VALUES(961321, 96132, 'Lazada Customer', 0, 'bao đầu đã bị rách, ái ngại quá');

INSERT INTO review (id, product_id, reviewer, rating, `comment`) VALUES(961322, 96132, 'thanh N.', 0, 'hàng dỏm bị rác có bầu bắt đền');

INSERT INTO review (id, product_id, reviewer, rating, `comment`) VALUES(961323, 96132, 'Nguyễn C.', 3, 'Giao hàng nhanh. Đóng gói cẩn thận. Nhưng những mặt hàng như vầy thì lazada ko nên in tên sản phẩm trên gói hàng');

INSERT INTO review (id, product_id, reviewer, rating, `comment`) VALUES(961324, 96132, 'Lazada Customer', 0, 'Hàng chất lượng');

INSERT INTO product (id, name, short_desc, full_desc, category_id, brand_name, status, weight, available_item, unit_price, discount_percent, avg_rating, img_url, total_rating, supplier_id) VALUES(96133, 'Bộ 6 hộp Bao Cao Su Innova Đen- Gai Lớn - Kéo Dài Thời Gian Cực Đã hộp 3c', 'Bộ 6 hộp Bao Cao Su Innova Đen- Gai Lớn - Kéo Dài Thời Gian Cực Đã hộp 3c', '<pre> SHOP SẼ HOÀN TIỀN 100% NẾU PHÁT HIỆN HÀNG GIẢ
Kéo dài thời gian cực tốt
Các hạt siêu gai được thiết kế nổi bật trên toàn thân
Tăng hưng phấn mãnh liệt cho đối phương
An toàn cho người dùng
- Xuất xứ: Malaysia</pre>', 961, 'Innova', 'NEW', 8.776212988841273, 87, 99000, 20, 5.0, 'https://vn-test-11.slatic.net/p/c5f0b6faec2ec6f583fa4c464ed4ac45.jpg;https://vn-test-11.slatic.net/p/c866d0bba43775c169a021e78558a8ec.jpg;https://vn-test-11.slatic.net/p/00629b2fd9ed166219c30d9ddc7fb244.jpg;https://vn-test-11.slatic.net/p/87b1e6cb9f248a38d05b312877627c70.jpg;', 1, 3);

INSERT INTO review (id, product_id, reviewer, rating, `comment`) VALUES(961330, 96133, 'anh', 4, 'combo khá rẻ so với hộp lơn.kéo dài khá tốt.');

INSERT INTO product (id, name, short_desc, full_desc, category_id, brand_name, status, weight, available_item, unit_price, discount_percent, avg_rating, img_url, total_rating, supplier_id) VALUES(96134, 'Hộp Bao cao su Siêu mỏng SAGAMI SUPER THIN hộp 10 - tặng 3 chiếc BCS GALLANT Super Thin', 'Hộp Bao cao su Siêu mỏng SAGAMI SUPER THIN hộp 10 - tặng 3 chiếc BCS GALLANT Super Thin', '<pre>Quý khách được đổi trả trong vòng 07 ngày với lỗi phát sinh từ nhà bán hàng. Vui lòng liên hệ Bộ phận chăm sóc khách hàng để được hỗ trợ đổi trả.
Bao cao su Siêu mỏng mang đến cảm giác chân thật. Qùa tặng 1 hộp Bao cao su siêu mỏng GALLANT Super Thin Hộp 3 chiếc
Bao cao su Đàn hồi tốt
Bao cao su với Độ dài và rộng phù hợp với người Châu Á. Chất lượng hàng đầu Nhật Bản
Gel bôi trơn Cao cấp Thái Lan
Gói Gel bôi trơn tiện lợi khi mang đi chơi
Nhà phân phối VSmile Vietnam với uy tín phân phối các sản phẩm Hỗ trợ an toàn tình dục trên thị trường.</pre>', 961, 'Sagami', 'NEW', 6.621170268768151, 17, 99000, 20, 4.4, 'https://vn-test-11.slatic.net/p/5/hop-bao-cao-su-sieu-mong-sagami-super-thin-hop-10-tang-3-chiec-bcs-gallant-super-thin-2430-96930724-11c4041f13eb95a65da0eb265f9b6cbf-catalog.jpg;https://vn-test-11.slatic.net/p/5/hop-bao-cao-su-sieu-mong-sagami-super-thin-hop-10-tang-3-chiec-bcs-gallant-super-thin-2430-96930724-bc585594e0d775885f57753d07fe4c4d-catalog.jpg;https://vn-test-11.slatic.net/p/5/hop-bao-cao-su-sieu-mong-sagami-super-thin-hop-10-tang-3-chiec-bcs-gallant-super-thin-2430-96930724-8ae516df6df075fe9965c5f5a0c79942-catalog.jpg;', 7, 3);

INSERT INTO review (id, product_id, reviewer, rating, `comment`) VALUES(961340, 96134, 'Lazada Customer', 3, 'Dùng thích đấy. Mà ông nào dai 1 chút thì ko cần em kéo dài đâu, cứ em sagami mà chơi');

INSERT INTO review (id, product_id, reviewer, rating, `comment`) VALUES(961341, 96134, 'Hung D.', 1, 'Giao hàng nhanh. Giá tốt. Hàng chất lượng!');

INSERT INTO review (id, product_id, reviewer, rating, `comment`) VALUES(961342, 96134, 'trần P.', 0, 'đã nhận được sản phẩm của shop. gói rất gọn và đẹp. đánh giá 5 sao luôn');

INSERT INTO product (id, name, short_desc, full_desc, category_id, brand_name, status, weight, available_item, unit_price, discount_percent, avg_rating, img_url, total_rating, supplier_id) VALUES(96135, 'Hộp bao cao su Durex Performa 12 bao + Tặng 1 hộp bao cao su Durex Performa 3 bao', 'Hộp bao cao su Durex Performa 12 bao + Tặng 1 hộp bao cao su Durex Performa 3 bao', '<pre>Hộp 12 bao
Chất liệu mủ cao su thiên nhiên
Thiết kế ôm sát; vừa vặn
Chi tiết bao bì có thể thay đổi theo từng đợt nhập hàngn</pre>', 961, 'Durex', 'USED', 6.260191358373479, 70, 187600, 20, 4.3, 'https://vn-test-11.slatic.net/p/5/hop-bao-cao-su-durex-performa-12-bao-tang-1-hop-bao-cao-su-durex-performa-3-bao-2470-51521834-bf442b3f92cb63eee28a47870232196e-catalog.jpg;https://vn-test-11.slatic.net/original/c38e270584cdd1128eb947cf2c76e669.jpg;https://vn-test-11.slatic.net/original/33be4f860dd42227953713c115103d6b.jpg;', 81, 4);

INSERT INTO review (id, product_id, reviewer, rating, `comment`) VALUES(961350, 96135, 'Nguyễn C.', 1, 'Tôi chọn giao hàng tiêu chuẩn tốn 25k, lần trước giao bởi giao hàng nhanh có 2.5 ngày là nhận hàng rồi, lần này DHL giao hàng đến tận 6 ngày, chả khác gì giao hàng tiết kiệm... làm tốn thêm tiền ship.. thất vọng cách giao hàng');

INSERT INTO review (id, product_id, reviewer, rating, `comment`) VALUES(961351, 96135, 'Nguyễn N.', 0, 'Hộp sản phẩm được giao nhưng lại không được che tên, trong khi đánh dấu khu vực nhận là cơ quan/công ty, rất là ngại, không biết đã có ai kịp nhìn thấy tên sản phẩm chưa.');

INSERT INTO review (id, product_id, reviewer, rating, `comment`) VALUES(961352, 96135, 'Lazada Customer', 3, 'Đã nhận hàng đóng gói ok nhưng bị va đập nhiều thì phải mở ra méo móp hết hộp, hi vọng lần sau sẽ tốt hơn');

INSERT INTO review (id, product_id, reviewer, rating, `comment`) VALUES(961353, 96135, 'Quan N.', 0, 'Ko che tên hàng nhạy cảm. Sản phẩm chính hãng');

INSERT INTO review (id, product_id, reviewer, rating, `comment`) VALUES(961354, 96135, 'Võ Q.', 0, 'Tại sao phần địa chỉ giao hàng app không hỏi lại user khi thanh toán nhỉ ? Giờ gửi qua địa chỉ gia đình user cho ba má user xài à ?');

INSERT INTO product (id, name, short_desc, full_desc, category_id, brand_name, status, weight, available_item, unit_price, discount_percent, avg_rating, img_url, total_rating, supplier_id) VALUES(96136, 'Bao cao su Sagami Super Thin siêu mỏng Nhật Bản - Hộp 10 chiếc', 'Bao cao su Sagami Super Thin siêu mỏng Nhật Bản - Hộp 10 chiếc', '<pre>- Siêu mỏng mang đến cảm giác chân thật
- Đàn hồi tốt
- Độ dài và rộng phù hợp với người Châu Á
- Chất lượng hàng đầu Nhật Bản
- Thương hiệu uy tín</pre>', 961, 'Sagami', 'USED', 4.066837158944358, 74, 62000, 20, 4.7, 'https://vn-test-11.slatic.net/original/d681facdd41c827d65c2b5b8d81e83c7.jpg;https://vn-test-11.slatic.net/original/96191b4a26f340095a00335633cec9d1.jpg;https://vn-test-11.slatic.net/original/f1f032225ad710bd48596f3f2e9f2324.jpg;https://vn-test-11.slatic.net/original/910291e5967226b7062acffe23588a44.jpg;https://vn-test-11.slatic.net/original/2e75716ca00cdb06575bdd2ce5f1a2ad.jpg;https://vn-test-11.slatic.net/original/40fda92a5fc8c10545400e08d684285c.jpg;', 69, 6);

INSERT INTO review (id, product_id, reviewer, rating, `comment`) VALUES(961360, 96136, 'Lazada Customer', 3, 'tốt ôm sát và mỏng auto sướng');

INSERT INTO review (id, product_id, reviewer, rating, `comment`) VALUES(961361, 96136, 'pphj999', 1, 'nếu có chất kéo dài thời gian quan hệ thì tuyệt');

INSERT INTO review (id, product_id, reviewer, rating, `comment`) VALUES(961362, 96136, 'Thanh T.', 1, 'sp tốt .dùng ok');

INSERT INTO review (id, product_id, reviewer, rating, `comment`) VALUES(961363, 96136, 'Lazada Customer', 4, 'đáng đồng tiền bát gạo, cảm giác chân thật hẳn');

INSERT INTO review (id, product_id, reviewer, rating, `comment`) VALUES(961364, 96136, 'Lazada Customer', 1, 'Giao hàng đúng hẹn. Hàng chuẩn, như quảng cáo, tốt.');

INSERT INTO product (id, name, short_desc, full_desc, category_id, brand_name, status, weight, available_item, unit_price, discount_percent, avg_rating, img_url, total_rating, supplier_id) VALUES(96137, '[10 chiếc] Bộ 10 Bao cao su Hồng Kong X Bi lớn đầu bao - Gunshop', '[10 chiếc] Bộ 10 Bao cao su Hồng Kong X Bi lớn đầu bao - Gunshop', '<pre>Các Ông đã bao giờ Xoạc "Phải Thét Lên" bao giờ chưa ?
Với tinh chất n nó khiến bạn chơi nàng vật vã hàng giờ liền chứng tỏ độ " Trâu " của bạn
Thiết kế gân gai Bạn rê đến đâu nàng phê tới đó
Thiết kế Gân Gaitự tin đẩy nàng lên đỉnh
Miễn phí vận chuyển khu vực Miền Nam " Hóa đơn 300k miễn phí vận chuyển toàn quốc
Che tên sản phảm khi giao hàng</pre>', 961, 'X', 'USED', 9.289009140355022, 7, 81696, 20, 4.6, 'https://vn-test-11.slatic.net/p/668249398d494f38c93e72d77b9b1b27.jpg;https://vn-test-11.slatic.net/p/727b8e5acee5d505c86e9eb5b1f7fb2a.jpg;https://vn-test-11.slatic.net/p/3720a2a1b47d1a1576b973c7d4dc24e6.jpg;https://vn-test-11.slatic.net/p/b53ada7e9e8a7e5045720654b128a194.jpg;https://vn-test-11.slatic.net/p/917bed5235b986a44a83d075b48311b9.jpg;https://vn-test-11.slatic.net/p/87bf01096267d793c05328787bb204db.jpg;', 17, 5);

INSERT INTO review (id, product_id, reviewer, rating, `comment`) VALUES(961370, 96137, 'Buon A.', 2, 'giam qua');

INSERT INTO review (id, product_id, reviewer, rating, `comment`) VALUES(961371, 96137, 'Lê H.', 2, 'hàng giống mẫu tốt cho 5 sao');

INSERT INTO review (id, product_id, reviewer, rating, `comment`) VALUES(961372, 96137, 'Chau N.', 2, 'Nào thử mới biết');

INSERT INTO review (id, product_id, reviewer, rating, `comment`) VALUES(961373, 96137, 'Chau N.', 4, 'ok');

INSERT INTO product (id, name, short_desc, full_desc, category_id, brand_name, status, weight, available_item, unit_price, discount_percent, avg_rating, img_url, total_rating, supplier_id) VALUES(96138, 'Bao cao su VRT Excellent x 144 cái - Tặng 10 gói gel VIP', 'Bao cao su VRT Excellent x 144 cái - Tặng 10 gói gel VIP', '<pre>Nhà bán hàng sẽ hỗ trợ che tên sản phẩm trên kiện hàng
Chất liệu cao su cao cấp qua 9 bước thử nghiệm độ bền của bao
Sản phẩm được sản xuất theodây chuyền công nghệ Đức tiến tiến
Phòng tránh thai và các bệnh lây qua đường tình dục
Độ mỏng tốt</pre>', 961, 'OEM', 'NEW', 4.025972905618021, 64, 90000, 20, 4.5, 'https://vn-test-11.slatic.net/original/5116bcaf3525b4cd7a4426a385fc3ec1.jpg;https://vn-test-11.slatic.net/original/d8f1ee2853bdf1dce40d32ff02af0898.jpg;https://vn-test-11.slatic.net/original/5592e653c67769b1db0d28d740ee6e0c.jpg;https://vn-test-11.slatic.net/original/b73ce5f220c1cbd854497b8ab1273d7c.jpg;', 11, 5);

INSERT INTO review (id, product_id, reviewer, rating, `comment`) VALUES(961380, 96138, 'Tel V.', 2, 'giao hang nhanh dung va day du');

INSERT INTO review (id, product_id, reviewer, rating, `comment`) VALUES(961381, 96138, 'đan T.', 0, 'Sp thich hop vs gđ nhung can nhac cac bn ai dat mua hang thi nho nhe dug de nhu minh nho ck minh nhận che ten sp mo ra que vs nhan vien giao hang hjhj');

INSERT INTO review (id, product_id, reviewer, rating, `comment`) VALUES(961382, 96138, 'hoang T.', 0, 'Bcs thì đủ.con quà tặng thì k có');

INSERT INTO review (id, product_id, reviewer, rating, `comment`) VALUES(961383, 96138, 'Thái S.', 0, 'hàng tốt. đóng gói cẩn thận. có hỗ trợ che tên sp');

INSERT INTO review (id, product_id, reviewer, rating, `comment`) VALUES(961384, 96138, 'lưu T.', 2, 'Tôt2');

INSERT INTO product (id, name, short_desc, full_desc, category_id, brand_name, status, weight, available_item, unit_price, discount_percent, avg_rating, img_url, total_rating, supplier_id) VALUES(96139, 'BCS21 Combo Bao cao Su Sagami + Xịt Kéo Dài Thời Gian Quan Hệ Trị Xuất Tinh Sớm Procomil Spray Đức (Khuyến Cáo Hàng Ngon)', 'BCS21 Combo Bao cao Su Sagami + Xịt Kéo Dài Thời Gian Quan Hệ Trị Xuất Tinh Sớm Procomil Spray Đức (Khuyến Cáo Hàng Ngon)', '<pre>Combo Gồm hộp 3 chiếc bcs Sagami + 1 Hộp Xịt Kéo Dài Thời Gian Procomil 15ml Hàng Chuẩn Đức
Bảo mật thông tin khách hàng - thông tin sản phẩm ( dấu tên sản phẩm khi giao)
Kéo Dài Thời Gian - Hàng chính hãng cao cấp - Kéo Dài Tối Thiểu Là Gấp Đôi thời gian ban đầu
Cách phân biệt hàng thật giả: Hàng thật khi mở nắp, nắp sẽ mút lại và phát tiếng nổ. Hàng giả thì sẽ mở rất dễ dàng.
Từ khóa tìm kiếm " BCS21 "</pre>', 961, 'Procomil', 'NEW', 2.215944664091743, 69, 340650, 20, 4.9, 'https://vn-test-11.slatic.net/p/5bbf0783d83636cd50240f8273bab026.jpg;https://vn-test-11.slatic.net/p/438eb193a7e91810b78583f92bc6c565.jpg;https://vn-test-11.slatic.net/p/368785e006137009b79b28da0ddbc5b2.jpg;https://vn-test-11.slatic.net/p/0b4a842287b11092b588a1d29e6ad85d.jpg;https://vn-test-11.slatic.net/p/be6cd0eedab9bdb8b9c64f280336cf26.jpg;https://vn-test-11.slatic.net/p/e04ffe69d9c32251d219a606619f21b5.jpg;', 18, 6);

INSERT INTO review (id, product_id, reviewer, rating, `comment`) VALUES(961390, 96139, 'An U.', 2, 'mua cho ông chồng xài. cứ tưởng sẽ cải thiện hơn. không ngờ dùng xong, chịch chỉ muốn ông ta ra mau mau. lâu quá, e chịu không nổi. giao hàng rất nhanh và kín đáo. cho 10 điểm +');

INSERT INTO review (id, product_id, reviewer, rating, `comment`) VALUES(961391, 96139, 'Ngọc T.', 1, 'Xịt này bá đạo lắm, xịt để ngấm, cảm giác tê tê thích lắm. Quan hệ cảm thấy rất xung và sướng, cảm giác ham muốn rất hừng hực, thời gian qh cải thiện đáng kể. thường chỉ được vài nhấp là ra rồi. xịt món này giờ quan hệ được cả 20 phút. Bà vợ rất thích.');

INSERT INTO review (id, product_id, reviewer, rating, `comment`) VALUES(961392, 96139, 'Lazada Customer', 4, '5 sao');

INSERT INTO review (id, product_id, reviewer, rating, `comment`) VALUES(961393, 96139, 'Phượng', 4, 'tuyệt vời lắm. dùng hiệu quả tốt, đúng với quảng cáo, xung rất xung');

INSERT INTO review (id, product_id, reviewer, rating, `comment`) VALUES(961394, 96139, 'Quốc B.', 3, 'hoàn hảo, giao hàng kín đáo, tác dụng nhanh, hiệu quả kéo dài tốt.');


INSERT INTO product (id, name, short_desc, full_desc, category_id, brand_name, status, weight, available_item, unit_price, discount_percent, avg_rating, img_url, total_rating, supplier_id) VALUES(480, 'Sáp vuốt tóc X-Men Spiky 22g', 'Sáp vuốt tóc X-Men Spiky 22g', '<pre>Sản phậm tạo kiểu tóc dành cho tóc nam ngắn và cực ngắn.
Giúp giữu tóc tự nhiên, dễ dàng tạo lại kiểu tóc.
Giữ cho tóc luôn có độ bóng mượt, tự nhiên.
Tóc luôn vào nếp, khỏe suốt ngày dài năng động.
Người dùng dễ mang theo khi ra ngoài.
Dễ sử dụng, dễ bảo quản.</pre>', 48, 'X-men', 'NEW', 7.2766424978173845, 94, 30000, 50, 4.4, 'https://vn-test-11.slatic.net/p/9eada7ea4a3e069411beae56e7e0ab32.jpg;https://vn-test-11.slatic.net/original/9b890bb0b7d369c2458eb01d537c2de8.jpg;https://vn-test-11.slatic.net/original/d7289200121b98e695a4735474f03397.jpg;https://vn-test-11.slatic.net/original/a554abdab4a3bff2ca1d52ebd8ddbb85.jpg;', 25, 6);

INSERT INTO review (id, product_id, reviewer, rating, `comment`) VALUES(4800, 480, 'Kha N.', 4, 'hag dep ok dog goi can than');

INSERT INTO review (id, product_id, reviewer, rating, `comment`) VALUES(4801, 480, 'Ace C.', 3, 'sản phẩm có mùi rất thơm vs lại giữ nếp tóc rất tốt');

INSERT INTO review (id, product_id, reviewer, rating, `comment`) VALUES(4802, 480, 'Trần Đ.', 4, 'keo bị chảy, khá rít, và sử dụng không như mong muốn');

INSERT INTO review (id, product_id, reviewer, rating, `comment`) VALUES(4803, 480, 'Lazada Customer', 4, 'sản phẩm đóng gói kĩ lưỡng.  tốt');

INSERT INTO review (id, product_id, reviewer, rating, `comment`) VALUES(4804, 480, 'trí L.', 1, 'Sử dụng tốt bền lâu');

INSERT INTO product (id, name, short_desc, full_desc, category_id, brand_name, status, weight, available_item, unit_price, discount_percent, avg_rating, img_url, total_rating, supplier_id) VALUES(481, 'Xịt Ngăn Mùi Nivea Giảm Hình Thành Vệt Ố Vàng Trên Quần Áo Black & White Dành Cho Nam 150ml _ 82241', 'Xịt Ngăn Mùi Nivea Giảm Hình Thành Vệt Ố Vàng Trên Quần Áo Black & White Dành Cho Nam 150ml _ 82241', '<pre>Công thức độc quyền giúp giảm hình thành vệt ố vàng trên áo
Giúp giảm tiết mồ hôi và ngăn mùi hiệu quả đến 48 giờ*
Không bổ sung cồn, chất tạo màu, chất bảo quản
Hương thơm nam tính</pre>', 48, 'Nivea', 'NEW', 6.891839730015002, 73, 44643, 50, 4.4, 'https://vn-test-11.slatic.net/original/74b757c94fedb58a91ec78c4c515f957.jpg;https://vn-test-11.slatic.net/original/d846db35503be754a4cae60be35d6a13.jpg;https://vn-test-11.slatic.net/original/496d44a04fd99fda55a0d0d04f16ce45.jpg;https://vn-test-11.slatic.net/original/8db598bee87ceb362a73b7effd215049.jpg;', 129, 9);

INSERT INTO review (id, product_id, reviewer, rating, `comment`) VALUES(4810, 481, 'Hoang H.', 1, 'thơm hàng chính hãng');

INSERT INTO review (id, product_id, reviewer, rating, `comment`) VALUES(4811, 481, 'Thành', 4, 'made in Thailand. Mùi hương nhẹ, dễ chịu. Mau khô. Mình rất thích. Cảm ơn shop nhé!');

INSERT INTO review (id, product_id, reviewer, rating, `comment`) VALUES(4812, 481, 'Hồng S.', 3, 'tốt, mùi k nồng và rất dễ chịu');

INSERT INTO review (id, product_id, reviewer, rating, `comment`) VALUES(4813, 481, 'Hồ M.', 4, 'trên shop gọi đt báo trúng thưởng ngày 12/12 1 phần quà YouCool. nhưng chờ mãi ko thấy 🤣🤣🤣');

INSERT INTO review (id, product_id, reviewer, rating, `comment`) VALUES(4814, 481, 'Dương K.', 1, 'đóng góp cẩn thận mùi thơm dễ chịu ns chung vé ri gút');

INSERT INTO product (id, name, short_desc, full_desc, category_id, brand_name, status, weight, available_item, unit_price, discount_percent, avg_rating, img_url, total_rating, supplier_id) VALUES(482, 'Kem rửa mặt tút da trắng khỏe cho nam Oxy White Complete 100g', 'Kem rửa mặt tút da trắng khỏe cho nam Oxy White Complete 100g', '<pre>Trắng da
Trẻ hóa làn da
Mờ vết thâm
Dùng cho da thường; bị thâm nám; sạm da</pre>', 48, 'Rohto', 'NEW', 8.632606698821586, 8, 67000, 50, 4.6, 'https://vn-test-11.slatic.net/original/68cf75f70ebba8f7bb1e0cf64b0e7a53.jpg;https://vn-test-11.slatic.net/original/569234c4c747ea39e52571983ee0ab27.jpg;https://vn-test-11.slatic.net/original/cb8a7352534aec95e3817ded6406ab53.jpg;https://vn-test-11.slatic.net/original/d56cd0de0d7cc27ea0a9b1c6cc182bcc.jpg;', 116, 4);

INSERT INTO review (id, product_id, reviewer, rating, `comment`) VALUES(4820, 482, 'Quoc T.', 1, 'hàng đóng gói tốt nhưng ko pk hàg sài tốt ko thôi cho 5 🌟');

INSERT INTO review (id, product_id, reviewer, rating, `comment`) VALUES(4821, 482, 'BM D.', 3, 'tốt mình mua 3 lần r');

INSERT INTO review (id, product_id, reviewer, rating, `comment`) VALUES(4822, 482, 'Nhuan B.', 1, 'test rồi nhưng vẫn ko thấy trắng. hay do xài lâu mới trắng');

INSERT INTO review (id, product_id, reviewer, rating, `comment`) VALUES(4823, 482, 'Hoàng h.', 2, 'Giao hàng quá lâu. Quá 2 ngày th gian tiêu chuẩn rồi chưa thấy.
Trong khi sản phẩm khác ở tận Hà Nội mà đặt sau đã nhận đc ngay hôm đầu tiên.');

INSERT INTO review (id, product_id, reviewer, rating, `comment`) VALUES(4824, 482, 'Nguyễn T.', 4, 'Giao hàng nhanh, mới dùng nên chưa biết hiệu quả tới đâu. Còn mã thẻ cào là giả dối, nhập không được.');

INSERT INTO product (id, name, short_desc, full_desc, category_id, brand_name, status, weight, available_item, unit_price, discount_percent, avg_rating, img_url, total_rating, supplier_id) VALUES(484, 'Viên Cường Dương Thảo Dược Maxman - Kéo Dài Thời Gian 3800 mg', 'Viên Cường Dương Thảo Dược Maxman - Kéo Dài Thời Gian 3800 mg', '<pre>Viên cường dương giúp cho sự cương của DVhoặc kéo dài thời gian cương của bộ phận này trong quá trình giao.hợp. còn chữa các chứng bệnh rối loạn cương.dương, hoặc đơn giản chỉ phục vụ nhu cầu kéo dài thời gian quan.hệ tình.dục của nam giới.
– MaxMan 3800mg là thực phẩm chức năng có giúp hỗ trợ DV được cương.cứng và đạt khoái cảm khi quan.hệ, giúp quá trình quan.hệ được diễn ra lâu hơn.
– MaxMan 3800mg giúp tăng cảm giác ấm áp và rạo.rực khi quan.hệ.
– Maxman 3800mg Giúp thời gian kéo dài có thể hơn 1 giờ.
Quy cách: Mỗi Hộp MaxMan 3800mg bao gồm 1 Vỉ 10 viên nang </pre>', 48, 'No Brand', 'USED', 9.278876867791693, 74, 190000, 50, 4.2, 'https://vn-test-11.slatic.net/original/af985a808bf55a113f1ab1bf1dcbc518.jpg;https://vn-test-11.slatic.net/original/158feb7204cd6b13888b910c4546ae4f.jpg;https://vn-test-11.slatic.net/original/679a7b792a34ad2d5195a0e96385dcf8.jpg;', 101, 9);

INSERT INTO review (id, product_id, reviewer, rating, `comment`) VALUES(4840, 484, 'Lazada Customer', 1, 'Với số tiền như vậy thì chất lượng là ok, đúng là giúp kéo dài thời gian. 
Lưu ý: cần uống trước 30-60ph trước khi chiến đấu :). Mọi người đừng nhầm: đây không phải là thuốc kích dục đâu, nên một số người nghĩ uống vào phải lên ầm ầm. 
1 viên/3 ngày. Không biết lâu dài có sao không shop?');

INSERT INTO review (id, product_id, reviewer, rating, `comment`) VALUES(4841, 484, 'Kido H.', 0, 'người giao hàng có nhất thiết phải đứng ở ngoài thét " anh ơi em giao thuốc cường dương! " cho cả xóm nghe không?  nếu xài tốt mong lần sau shop nhắc người giao giúp.');

INSERT INTO review (id, product_id, reviewer, rating, `comment`) VALUES(4842, 484, 'Nguyễn Q.', 4, 'uống không có một chút tác dụng gì hết. giống uống bột sắn');

INSERT INTO review (id, product_id, reviewer, rating, `comment`) VALUES(4843, 484, 'Lazada Customer', 4, 'Giá cả hợp lý , hiệu quả nên sẽ mua dùng tiếp');

INSERT INTO review (id, product_id, reviewer, rating, `comment`) VALUES(4844, 484, 'Lazada Customer', 1, 'cứng và lâu hơn!');

INSERT INTO product (id, name, short_desc, full_desc, category_id, brand_name, status, weight, available_item, unit_price, discount_percent, avg_rating, img_url, total_rating, supplier_id) VALUES(485, 'Sáp Vuốt Tóc Nam Loreal - Wax Vuốt Tóc Nam - Gel Tạo Kiểu Tóc Dạng Trong - Mềm Tóc - GEL1', 'Sáp Vuốt Tóc Nam Loreal - Wax Vuốt Tóc Nam - Gel Tạo Kiểu Tóc Dạng Trong - Mềm Tóc - GEL1', '<pre>Các ưu điểm của Loreal:
Độ giữ nếp cao
Mùi hương dịu nhẹ
Không để lại gàu hay các phản ứng phụ với da đầu người sử dụng
Thiết kế bắt mắt trẻ trung
Phù hợp với mọi loại tóc</pre>', 48, 'Loreal Professional', 'NEW', 2.814624018340067, 55, 27000, 50, 4.4, 'https://vn-test-11.slatic.net/p/f18a054321ed38430d8230bf647be21a.jpg;https://vn-test-11.slatic.net/p/5af760f67552c5434222f3c8f7a72c18.jpg;https://vn-test-11.slatic.net/p/d41ef764f92e8b7304a9bb21e83e028d.jpg;https://vn-test-11.slatic.net/p/28eaa10928b31311b9ea7598f3b73e1f.jpg;', 7, 6);

INSERT INTO product (id, name, short_desc, full_desc, category_id, brand_name, status, weight, available_item, unit_price, discount_percent, avg_rating, img_url, total_rating, supplier_id) VALUES(486, 'Dung dịch kích thích mọc mày, mọc râu, lông mi Genive', 'Dung dịch kích thích mọc mày, mọc râu, lông mi Genive', '<pre>Kích thích mi và mày mọc nhanh hơn tạo nên những đường cong đen mượt giúp phần nào tô điểm thêm cho đôi mắt một sức hút đầy quyến rũ và gợi cảm.
Thiết kế nhỏ gọn và tiện dụng với dạng con lăn.
Phục hồi các cấu trúc nang lông, giúp lông mày lông mi và hàm râu mọc đều và dày hơn.
Giúp sợi lông cứng cáp, khỏe mạnh, cho bạn hàng chân mày đen óng, cong vút đầy lôi cuốn và quyến rũ.</pre>', 48, 'OEM', 'NEW', 1.0395550220691456, 20, 39000, 50, 3.6, 'https://vn-test-11.slatic.net/original/72a99f6577b8e4079b3875c8a477e237.jpg;https://vn-test-11.slatic.net/original/b688a160b0a10c0aa354251517b2e143.jpg;https://vn-test-11.slatic.net/original/175429a1408291311467949a5ce65d45.jpg;', 109, 6);

INSERT INTO review (id, product_id, reviewer, rating, `comment`) VALUES(4860, 486, 'Trương V.', 2, 'Mới nhận về để xem xài vài ngày xem sao, thứ nhất gói sản phẩm rất kĩ, lúc trước có mua chai snoc gì đó xài ngon lắm giờ thử dùng chai lăn thử mua tới tận 2 chai');

INSERT INTO review (id, product_id, reviewer, rating, `comment`) VALUES(4861, 486, 'Đoan T.', 1, 'm để hình cho mọi người tự biết phân biệt. hàng thật m mua bên Thái và hàng của shop.hàng thật sẽ có mùi thơm rất dễ chịu hàng của shop là ko mùi, hàng thật tem có độ láng còn bên shop là tem giấy.cách in mã vạch cũng khác nhau.1* vì ko có j tệ hơn.m mua bằng tài khoản và tên chính thức chứ ko phải cố tình phá shop đâu xin đừng lừa đảo người mua');

INSERT INTO review (id, product_id, reviewer, rating, `comment`) VALUES(4862, 486, 'Xuân N.', 4, 'còn chai lăn mới bán cho khách xài .lăn manh cũng ko ra thuốc .kiểm tra lại .như vậy mình ko dám dạt hàng vì khó lăn làm sao người sử dung mới có hiệu quả dược. mình dạt mua về bán lại cho khách .làm sao mình dám dạt hàng nữa');

INSERT INTO review (id, product_id, reviewer, rating, `comment`) VALUES(4863, 486, 'Lazada Customer', 4, 'tào lao k tác dụng');

INSERT INTO review (id, product_id, reviewer, rating, `comment`) VALUES(4864, 486, 'Võ V.', 0, 'hàng có giá thành rẻ, về chất lượng thì bằng 0, phí giao hàng hơn 50% sản phẩm, nói chung mua sản phẩm này xong mới biết mình ngu.!
cho 1 sao vì không có xếp loại thấp hơn!');

INSERT INTO product (id, name, short_desc, full_desc, category_id, brand_name, status, weight, available_item, unit_price, discount_percent, avg_rating, img_url, total_rating, supplier_id) VALUES(487, 'BAO CAO SU KÉO DÀI QUAN HỆ', 'BAO CAO SU KÉO DÀI QUAN HỆ', '<pre>An toàn cho người sử dụng
Thiết kế có gai mềm giúp tạo cảm giác lạ khi quan hệ
Chất bôi trơn Lignocaine 9% giúp kéo dài thời gian quan hệ
Xuất xứ: Malaysia
Hộp: 12 cái
Thành phần: 100% mủ cao su thiên nhiên
Giúp phòng tránh bệnh lây nhiễm khi quan hệ</pre>', 48, 'OEM', 'USED', 6.398502361222703, 12, 64000, 50, 4.8, 'https://vn-test-11.slatic.net/original/100cd421afcbe21caf5fbf9a73dd150f.jpg;https://vn-test-11.slatic.net/original/597f4c93fd8b79ccfe718297d7505eed.jpg;https://vn-test-11.slatic.net/original/62d191cfd52843c4db759439356ebe63.jpg;', 18, 7);

INSERT INTO review (id, product_id, reviewer, rating, `comment`) VALUES(4870, 487, 'Lazada Customer', 4, 'Hiệu quả tốt');

INSERT INTO review (id, product_id, reviewer, rating, `comment`) VALUES(4871, 487, 'Lazada Customer', 2, 'dùng rất ok');

INSERT INTO review (id, product_id, reviewer, rating, `comment`) VALUES(4872, 487, 'Thanhtam N.', 2, 'dùng rất là ok .mình thử nhiều mà tháy ok này rất là tiệc cảm ơn sóp nha');

INSERT INTO review (id, product_id, reviewer, rating, `comment`) VALUES(4873, 487, 'Lazada Customer', 4, 'Chất lượng ok');

INSERT INTO review (id, product_id, reviewer, rating, `comment`) VALUES(4874, 487, 'Nguyễn C.', 4, 'khá ok,nhưng phí giao hàng hơi cao');

INSERT INTO product (id, name, short_desc, full_desc, category_id, brand_name, status, weight, available_item, unit_price, discount_percent, avg_rating, img_url, total_rating, supplier_id) VALUES(488, '[Mua 1 Tặng 1] Bao cao su Feel 4in1 Chính Hãng (1Bcs) + Chai Xịt Longtime Chống Xuất Tinh Sớm (5ml).', '[Mua 1 Tặng 1] Bao cao su Feel 4in1 Chính Hãng (1Bcs) + Chai Xịt Longtime Chống Xuất Tinh Sớm (5ml).', '<pre>Xuất xứ: Malaysia. Thương hiệu: Feel Chính Hãng.
Kéo Dài Thời Gian quan hệ hiệu quả nhất.
Bao cao su kết hợp Gân, Gai và Hương thơm Dâu quyến rũ.
Mang lại cảm giác mát lạnh sau 5phút xịt.
Không gây kích ứng da, không tác dụng phụ.
Dễ dàng vệ sinh sạch sẽ sau khi sử dụng
Cam kết bảo mật tên sản phẩm khi giao hàng.</pre>', 48, 'Feel', 'NEW', 8.443096378757488, 69, 56700, 50, 4.6, 'https://vn-test-11.slatic.net/p/3ed072f6461a71ad5db5a71c62c3606b.jpg;https://vn-test-11.slatic.net/p/d53b83e10fdb979cf27084fa4453391b.jpg;https://vn-test-11.slatic.net/p/09e0b4183d2d0767c55a2f25adb08bb9.jpg;https://vn-test-11.slatic.net/p/708f9e7b39f5b19db3fb92e4e8a9c0db.jpg;https://vn-test-11.slatic.net/p/bc3a354180c4b93a1757a310e8ebdcd1.jpg;', 47, 9);

INSERT INTO review (id, product_id, reviewer, rating, `comment`) VALUES(4880, 488, 'Nguyễn T.', 3, 'chua xai nen k biet chat luong ntn,sp giong hinh,dong goi can than,ok.sao sp k co to giay ghi huong dan sd,thanh phan...vay shop');

INSERT INTO review (id, product_id, reviewer, rating, `comment`) VALUES(4881, 488, 'Lazada Customer', 1, 'sp tot ,ok');

INSERT INTO review (id, product_id, reviewer, rating, `comment`) VALUES(4882, 488, 'Đạt N.', 0, 'có tác dụng, các bạn nên xịt khi chưa cương cứng thì hiệu quả hơn (với mình là vậy, còn k rõ các bạn sao) xịt 3 hơi xong thoa đều lên đầu dv là ổn. mùi hơi hắc. đề nghị các bạn thận trọng khi sử dụng sản phẩm xịt kẻo sau bị trơ.');

INSERT INTO review (id, product_id, reviewer, rating, `comment`) VALUES(4883, 488, 'huynh P.', 0, 'tốt');

INSERT INTO review (id, product_id, reviewer, rating, `comment`) VALUES(4884, 488, 'đỗ T.', 2, 'ok');

INSERT INTO product (id, name, short_desc, full_desc, category_id, brand_name, status, weight, available_item, unit_price, discount_percent, avg_rating, img_url, total_rating, supplier_id) VALUES(489, 'Tông đơ cắt tóc Codos T6', 'Tông đơ cắt tóc Codos T6', '<pre>Chất liệu cao cấp.
Thiết kế hiện đại.
Độ bền cao.
An toàn khi sử dụng.
Tiết kiệm, bền bỉ, thời gian sạc nhanh.
Vận hành mạnh mẽ.</pre>', 48, 'CODOS', 'NEW', 7.313215356056671, 48, 358000, 50, 4.7, 'https://vn-test-11.slatic.net/p/5/tong-do-cat-toc-codos-t6-0824-2457918-cc71d2b15425d1db4e63621d495c0d73-catalog.jpg;https://vn-test-11.slatic.net/p/5/tong-do-cat-toc-codos-t6-0824-2457918-b86f9d45a68b4df405b5a76ea855ed80-catalog.jpg;https://vn-test-11.slatic.net/p/5/tong-do-cat-toc-codos-t6-0824-2457918-da3666b48be01e996a336cbb0fa21571-catalog.jpg;https://vn-test-11.slatic.net/p/5/tong-do-cat-toc-codos-t6-0824-2457918-654ea0ae015de2661bd7884c8b1d2d24-catalog.jpg;https://vn-test-11.slatic.net/p/5/tong-do-cat-toc-codos-t6-0824-2457918-328d5fe3acf5b1c334d65d5228f2f7ce-catalog.jpg;https://vn-test-11.slatic.net/p/5/tong-do-cat-toc-codos-t6-0824-2457918-90f36c76adea608fe2ae928e5219fb85-catalog.jpg;https://vn-test-11.slatic.net/p/5/tong-do-cat-toc-codos-t6-0824-2457918-78b4c431bafec3e6f9a1cb3a9c3a2266-catalog.jpg;https://vn-test-11.slatic.net/p/5/tong-do-cat-toc-codos-t6-0824-2457918-d51e2d9c1297db85ed6f7b6475868761-catalog.jpg;', 89, 8);

INSERT INTO review (id, product_id, reviewer, rating, `comment`) VALUES(4890, 489, 'Lazada Customer', 2, 'mới xài. chưa biết độ bền sao, nhưng máy rất tốt. cắt 10 đầu rồi chưa hết quả pin tặng kèm. mọi người nên mua');

INSERT INTO review (id, product_id, reviewer, rating, `comment`) VALUES(4891, 489, 'Trần H.', 0, 'Mình đã nhận được sản phẩm máy tông đơ codos T6 của shop sáng nay. Mình có thắc mắc về sản phẩm tại vị trí nút khởi động. Ký hiệu tắt và mở là 2 số "0" và "1" mà không phải là "off" và "on" như trên hộp sản phẩm cũng như những clip mình xem trên mạng (mình có gửi hình đính kèm). Đề nghị shop giải thích giùm mình. Cảm quan ban đầu về sản phẩm thì tương đối ổn, còn chất lượng thì thời gian sử dụng mới biết được. Cảm ơn shop.');

INSERT INTO review (id, product_id, reviewer, rating, `comment`) VALUES(4892, 489, 'NhưMột C.', 4, 'lúc đầu cũng hơi lo lắng vì sp này nhiều nhà cung cấp vs nhiều mức giá quá! Sau khi dùng 1 vài lần thấy máy êm vs cắt khá ngọt. Hài lòng về sp');

INSERT INTO review (id, product_id, reviewer, rating, `comment`) VALUES(4893, 489, 'Vantracdiep', 0, 'sản phẩm tốt . đúng như hình quảng cáo . đóng gói cẩn thận . tông đơ chạy êm sắt bén ngọt . hàng tốt good 5 sao .');

INSERT INTO review (id, product_id, reviewer, rating, `comment`) VALUES(4894, 489, 'Hải', 3, 'máy cầm rất đã tay, kèm 2 pin tha hồ dùng, máy có chất lượng hoàn thiện rất đẹp, nhìn là thích ngay nha các bác. Tha hồ cắt undercut hay tỉa lông cho thú cưng cũng rất tốt.');

INSERT INTO product (id, name, short_desc, full_desc, category_id, brand_name, status, weight, available_item, unit_price, discount_percent, avg_rating, img_url, total_rating, supplier_id) VALUES(4810, 'Máy cạo râu boteng V1 cao cấp', 'Máy cạo râu boteng V1 cao cấp', '<pre>Lưỡi dao không gỉ
Thiết kế nhỏ gọn
Không làm tổn thương da
kiểu dáng sang trọng</pre>', 48, 'Boteng', 'USED', 7.448044003075781, 77, 85000, 50, 4.4, 'https://vn-test-11.slatic.net/p/5/may-cao-rau-boteng-v1-cao-cap-0801-15916411-139a419c05ee19b908b1d6270c8801e0-catalog.jpg;https://vn-test-11.slatic.net/p/5/may-cao-rau-boteng-v1-cao-cap-0801-15916411-6be2afcfb30eddffd17908c690b1bb9e-catalog.jpg;https://vn-test-11.slatic.net/p/5/may-cao-rau-boteng-v1-cao-cap-0801-15916411-26d6fc28fd00010e85ab658fc6b46ff0-catalog.jpg;https://vn-test-11.slatic.net/p/5/may-cao-rau-boteng-v1-cao-cap-0801-15916411-66f0529b8fa8e9878ad98f7db6cefdb0-catalog.jpg;', 97, 4);

INSERT INTO review (id, product_id, reviewer, rating, `comment`) VALUES(48100, 4810, 'Đặng T.', 3, 'Hôm nay mới nhận được hàng. Ban đầu thấy máy dùng tốt, về độ hoàn thiện rất tốt so với giá tiền. Còn bền hay không thì để đánh giá sau.');

INSERT INTO review (id, product_id, reviewer, rating, `comment`) VALUES(48101, 4810, 'Phạm V.', 4, '');

INSERT INTO review (id, product_id, reviewer, rating, `comment`) VALUES(48102, 4810, 'Song C.', 3, 'mk dùg đc máy cạo râu này đc 2 thág r hàng nhỏ ngọn đóg gói cẩn thận khi mua có cả hộp đựng nhìn vô cùng sag chảnh nha');

INSERT INTO review (id, product_id, reviewer, rating, `comment`) VALUES(48103, 4810, 'Trương M.', 1, 'Quá tốt trong tần giá cực kỳ hài lòng');

INSERT INTO review (id, product_id, reviewer, rating, `comment`) VALUES(48104, 4810, 'Long', 4, 'Máy dùng tốt và rất êm!!!');

INSERT INTO product (id, name, short_desc, full_desc, category_id, brand_name, status, weight, available_item, unit_price, discount_percent, avg_rating, img_url, total_rating, supplier_id) VALUES(4811, 'Gel vệ sinh nam Winmen - Hương bạc hà, hương quế - Dung dịch vệ sinh vùng kín nam giới', 'Gel vệ sinh nam Winmen - Hương bạc hà, hương quế - Dung dịch vệ sinh vùng kín nam giới', '<pre>Winmen có chất sát khuẩn Quaternary ammonium group có trong thành phần của chất kháng khuẩn, chống nấm, dưỡng ẩm, làm mịn da.
Có tác dụng trên nhiều loại vi khuẩn khác nhau như vi khuẩn gram âm, gram dương, các siêu vi khuẩn như Herpes (gây bệnh sùi mào gà), HIV (invitro).
Quaternary ammonium group tác dụng với hàm lượng thấp, không gây kích ứng da, niêm mạc, không thấm qua da và niêm mạc nên là chất sát khuẩn lý tưởng, an toàn.
Bổ sung thêm một số chất có nguồn gốc từ thiên nhiên: Dịch chiết cây Lô Hội: Làm mềm và dưỡng ẩm da, niêm mạc, không tạo môi trường ẩm cho vi khuẩn phát triển.</pre>', 48, 'OEM', 'NEW', 8.376036396167612, 88, 59000, 50, 4.8, 'https://vn-test-11.slatic.net/p/46f9cd8bb3a360df9b9ff1fd7562c81c.jpg;https://vn-test-11.slatic.net/original/37564bf2b3e23cad6efaff8b8d595b83.jpg;https://vn-test-11.slatic.net/original/777a6f6a699c970e26434c88551c8cb3.jpg;https://vn-test-11.slatic.net/original/4db1993a247335c402e47efd3d873c94.jpg;https://vn-test-11.slatic.net/original/2ffacbb790994cc5e3d960b1c22fa1b3.jpg;', 30, 3);

INSERT INTO review (id, product_id, reviewer, rating, `comment`) VALUES(48110, 4811, 'Lazada Customer', 1, 'Dùng sạch, rất OK, Hương bạc hà thơm nhẹ');

INSERT INTO review (id, product_id, reviewer, rating, `comment`) VALUES(48111, 4811, 'nguyễn K.', 4, 'mùi thơm đúng mẫu');

INSERT INTO review (id, product_id, reviewer, rating, `comment`) VALUES(48112, 4811, 'Lazada Customer', 3, 'Sạch sẽ, tốt.');

INSERT INTO review (id, product_id, reviewer, rating, `comment`) VALUES(48113, 4811, 'Tịnh P.', 2, 'Sạch sẽ ,rất thích sản phẩm này');

INSERT INTO review (id, product_id, reviewer, rating, `comment`) VALUES(48114, 4811, 'Nguyễn A.', 3, 'Sạch, mát và thơm. Tốt 👍👍👍');

INSERT INTO product (id, name, short_desc, full_desc, category_id, brand_name, status, weight, available_item, unit_price, discount_percent, avg_rating, img_url, total_rating, supplier_id) VALUES(4812, 'Serum DermaDoctor Đặc Trị Mụn Kháng Viêm Chống Dị Ứng', 'Serum DermaDoctor Đặc Trị Mụn Kháng Viêm Chống Dị Ứng', '<pre>Tinh chất hoàn toàn từ thiên nhiên thảo dượcThấm thấu nhanh vào sâu trong tế bào hư tổnCung cấp vitamin và khoáng chất để tái tạo daLàm khô nhân mụn từ bên trong tự rụng mấtGiúp loại bỏ hoàn toàn các mụn ẩn nấp sau daChống sưng tấy mẫn đỏ viêm nhiểm do bụi bẩnTrịdị ứng da do sài sản phẩm kém chất lượngCam kết ngưng ngay cơn đau rát khó chịu trên daTriệt tiêu vĩnh viễn tất cả các nhân tố gây ra mụnKết hợp với sữa rữa mặt và kem tái tạo da thêmCam kết hiệu quả sau 3 ngày sử dụng serum mụnCam kết ngưng mụn vĩnh viễn nếu dùng thường xuyên</pre>', 48, 'DERMAdoctor', 'NEW', 1.5937017059138792, 73, 52200, 50, 4.6, 'https://vn-test-11.slatic.net/original/3d0a7659b3131f1246f5ce617917784f.jpg;https://vn-test-11.slatic.net/original/89bca39d3ad6cb4c603c5bfbfa56a29e.jpg;https://vn-test-11.slatic.net/original/66119387c4e3a703fe194c827f4de1cb.jpg;https://vn-test-11.slatic.net/original/ca1f0850e78b74d10172425e8796e620.jpg;https://vn-test-11.slatic.net/original/ff487928eaf155313e309d0d9f71c73d.jpg;https://vn-test-11.slatic.net/original/e2f1fa9f3896618ae48f1d65bcd4e320.jpg;https://vn-test-11.slatic.net/original/0e1062a34bf90fe1391e50e368d5c587.jpg;https://vn-test-11.slatic.net/original/c71f7eef19bf9cf2dcf0b886a8d1ef9a.jpg;', 77, 3);

INSERT INTO review (id, product_id, reviewer, rating, `comment`) VALUES(48120, 4812, 'Tùng', 2, 'Mặc dù chưa sử dụng . Thấy serum hơi ít ko đầy bình , chắc chỉ có 5ml thôi . Đc tặng mặt nạ , đóng gói ok , dùng tốt sẽ mua típ');

INSERT INTO review (id, product_id, reviewer, rating, `comment`) VALUES(48121, 4812, 'The A.', 4, 'Đánh giá bản thân serum:
- Không có nhiều tác dụng với sẹo mụn (kể cả vết mới xuất hiện sau khi mụn vỡ). Cho 4 sao vì lí do này.
- Hiệu quả tốt với mụn đầu đen. Sau 1 thời gian bôi lấy que đẩy ra rất dễ dàng, ko đau.
Nhận xét về shop:
- Giao hàng nhanh chóng, đóng gói cẩn thận.
- Có 1 mặt nạ dưỡng da tặng kèm. Các bạn nữ có thể thấy cái này có ích, nhưng mình là nam nên cái đó chỉ dùng cho đỡ phí thôi.
Đề xuất nên bán kèm với que đẩy mụn, mình ở HN tiền ship bằng xừ tiền hàng.');

INSERT INTO review (id, product_id, reviewer, rating, `comment`) VALUES(48122, 4812, 'duy D.', 2, 'sai rất hiệu quả ,chỉ có bôi 2 đêm mụn đã lặn . mùi thơm rất dễ chịu ,khi nào sài hết mình sẻ ủng hộ sop thêm .');

INSERT INTO review (id, product_id, reviewer, rating, `comment`) VALUES(48123, 4812, 'Đoàn T.', 1, 'mụn thì bớt ... nói chuq thích  lắm  nhưq thâm rổ do mụn để lại phải đi đìu trị thoii');

INSERT INTO review (id, product_id, reviewer, rating, `comment`) VALUES(48124, 4812, 'Nguyễn H.', 2, 'Thật tuyệt vời chỉ sau 1 đêm mụn đã lặn sạch sẻ, mặt lán mịn luôn, rất đáng tiền, nhìn tuy nhỏ có 5ml thôi mà đúng chất lượng tốt');

INSERT INTO product (id, name, short_desc, full_desc, category_id, brand_name, status, weight, available_item, unit_price, discount_percent, avg_rating, img_url, total_rating, supplier_id) VALUES(4813, 'Sữa dưỡng trắng da 4 trong 1 cho Quý Ông Grinif All In One 4 Gentleman 120ml', 'Sữa dưỡng trắng da 4 trong 1 cho Quý Ông Grinif All In One 4 Gentleman 120ml', '<pre>Loại bỏ đen sạm; thâm do mụn
Giúp da trắng hồng rạng rỡ
Chống lão hóa; giảm nếp nhăn
Cảm nhận thay đổi chỉ sau 1 tuần
Chiết xuất từ 17 thành phần thiên nhiên
Không lo kích ứng
Thẩm thấu nhanh, không bị bết dính khó chịu
Sản phẩm 4 trong 1: giúp tiết kiệm thời gian và chi phí
100% nhập khẩu Hàn quốc
Dung tích: 120ml
Đền gấp 10 lần nếu phát hiện hàng giả</pre>', 48, 'Grinif', 'NEW', 7.748338475416807, 51, 599000, 50, 4.3, 'https://vn-test-11.slatic.net/p/5/sua-duong-trang-da-4-trong-1-cho-quy-ong-grinif-all-in-one-4-gentleman-120ml-5012-5711662-7bd60cba030036b7bb9aa47141a55921-catalog.jpg;https://vn-test-11.slatic.net/p/5/sua-duong-trang-da-4-trong-1-cho-quy-ong-grinif-all-in-one-4-gentleman-120ml-8276-5711662-080c26e2bbee32e6457cc4dfc606692a-catalog.jpg;https://vn-test-11.slatic.net/p/5/sua-duong-trang-da-4-trong-1-cho-quy-ong-grinif-all-in-one-4-gentleman-120ml-8276-5711662-9427db53d44c4216963e9ad5018acd17-catalog.jpg;https://vn-test-11.slatic.net/p/5/sua-duong-trang-da-4-trong-1-cho-quy-ong-grinif-all-in-one-4-gentleman-120ml-8276-5711662-5cbbc5fefefe742963e440210b875104-catalog.jpg;https://vn-test-11.slatic.net/original/cc7453943b176da0a154392a13d5106e.jpg;', 141, 8);

INSERT INTO review (id, product_id, reviewer, rating, `comment`) VALUES(48130, 4813, 'Phú S.', 2, 'Giao hàng rất lâu, tôi phải chạy tới chổ của shiper để lấy hàng. Sp dùng thấm khá nhanh, thơm dễ chịu.Đóng gói khá kỉ. Giá thì khá rẻ... mình mua đợt giảm giá+ voucher giảm giá nên chỉ có 365k(ko tính phí ship)');

INSERT INTO review (id, product_id, reviewer, rating, `comment`) VALUES(48131, 4813, 'Phong N.', 1, 'mình dùng hết 2 lọ rồi cũng chẳng có gì thay đổi đâu, nên các bạn mua hàng đừng kì vọng qá vào 1 sản phẩm 4 trong 1. càng dùng càng đen đi thì có chứ ko trắng lên đâu.');

INSERT INTO review (id, product_id, reviewer, rating, `comment`) VALUES(48132, 4813, 'Lazada Customer', 0, 'Sản phẩm ấn mãi mới ra và dùng dính dính như bột mì và không trắng như đã nói và đây là lọ thứ 2 rồi');

INSERT INTO review (id, product_id, reviewer, rating, `comment`) VALUES(48133, 4813, 'Lê K.', 1, 'Mình xài sản phẩm này dc hơn 1 tháng,ngày xài hai lần thấy da đẹp vs trắng sáng hơn, ai cũng ngạc nhiên..sản phẩm đôi khi bơm hơi khó lên.(mjh thử bít lỗ vòi bằng tay vừa bóp lên tí  để lấy hơi đẩy thì thấy sữa lên bình thường)các bạn thử xem.sản phẩm này thấy có thể xài khoảng dc 4 5 tháng nếu dùng xài liên tục thì thấy hiệu quả trong vòng 1 tháng');

INSERT INTO review (id, product_id, reviewer, rating, `comment`) VALUES(48134, 4813, 'Lazada Customer', 4, 'Đây là lần thứ n mình mua hàng Gri. Đóng gói cẩn thận, tem niêm yết sp đều ok. Chỉ có đều hơi bị tiếc là mấy đợt trc mua đều ko ngay đợt giảm giá!!!! Lúc trc có đợt giảm giá là nt vào fb mình nhưng mấy lần này thì ko :(');

INSERT INTO product (id, name, short_desc, full_desc, category_id, brand_name, status, weight, available_item, unit_price, discount_percent, avg_rating, img_url, total_rating, supplier_id) VALUES(4814, 'SERUM DƯỠNG TRẮNG DA HYARULONIC DẠNG MOUSSE QMEN', 'SERUM DƯỠNG TRẮNG DA HYARULONIC DẠNG MOUSSE QMEN', '<pre>- Sản phẩm chứa glycerin làm chậm quá trình lão hóa.
- Giảm sẹo và rạn da hiệu quả.
- Làm dịu và nuôi dưỡng làn da sau khi tiếp xúc với ánh mặt trời.
- Giúp da mềm mịn, làm dịu và duy trì độ ẩm cần thiết.</pre>', 48, 'Qmen Cosmetics ThaiLand', 'NEW', 8.267653122375073, 74, 380000, 50, 5.0, 'https://vn-test-11.slatic.net/original/2f7ef704b6672d3bfd43cbae7c250247.jpg;https://vn-test-11.slatic.net/original/5b6a7e5fb1e20c0ee4f9b905cb63a3dd.jpg;https://vn-test-11.slatic.net/original/29894834a6633a122e7ced9e8145f57d.jpg;', 12, 1);

INSERT INTO review (id, product_id, reviewer, rating, `comment`) VALUES(48140, 4814, 'Bùi H.', 0, 'Hàng khá okie. Nhưng hết 1 chai rồi vẫn không trắng');

INSERT INTO review (id, product_id, reviewer, rating, `comment`) VALUES(48141, 4814, 'Lazada Customer', 3, 'sản phẩm chất lượng , giao hàng nhanh!');

INSERT INTO review (id, product_id, reviewer, rating, `comment`) VALUES(48142, 4814, 'Lazada Customer', 2, 'sản phẩm chất lượng');

INSERT INTO review (id, product_id, reviewer, rating, `comment`) VALUES(48143, 4814, 'Lazada Customer', 1, 'da trắng và mịn hơn rõ!');

INSERT INTO review (id, product_id, reviewer, rating, `comment`) VALUES(48144, 4814, 'Lazada Customer', 1, 'Lần đầu tiên dùng 1 loại serum mà thích như vậy lun đó hihihi');

INSERT INTO product (id, name, short_desc, full_desc, category_id, brand_name, status, weight, available_item, unit_price, discount_percent, avg_rating, img_url, total_rating, supplier_id) VALUES(4815, 'Sáp vuốt tóc Volcanic Clay Apestomen 2018 version 3 bản nắp nhôm', 'Sáp vuốt tóc Volcanic Clay Apestomen 2018 version 3 bản nắp nhôm', '<pre>Sáp vuốt tóc Volcanic Clay Apestomen 2018 version 3 bản nắp nhôm
Volcanic Clay - món quà từ quốc đảo Sư tử
NẾU BẠN ĐANG CHÁN NGẮT LOẠI SÁP ĐANG SỬ DỤNG
Bạn đã bao giờ dùng 1 sản phẩm sáp vuốt mà bạn không bao giờ phải chú ý nhiều đến việc có GIỮ NẾP ĐƯỢC TRÊN 10 TIẾNG hay không, có bóng không, ĐỘ PHỒNG có cao không, TEXTURE có nhiều không hay có thể tạo được NHIỀU KIỂU TÓC LINH HOẠT
Thời gian đó bạn có thể thoải mái tận hưởng cuộc sống mà không cần chú ý quá nhiều đến mái tóc
Độ giữ nếp ổn định, không gây bết dính và đem lại cảm giác thoải mái khi:
Chơi thể thao
Hoạt động nhiều
Đi biển
mùi hương trái cây tổng hợp
Made by Apes to Men Singapore
➡️ Giá: 340.000 - 80ml dùng nửa năm mãi không hết
Lọ 80g dùng thoải mái
Chất sáp đặc, độ giữ nếp cực cao
Không bóng,khô tự nhiên
Mùi hương hoa quả nhẹ nhàng
Dễ gội rửa
Đội mũ bảo hiểm bỏ ra vuốt lại vô tư
#volcanicclay #sapvuottocvolcanic #waxvolcanic #volcanic
#sapvuottocnam #sapvuottoc #sapvuottocchinhhang
Sáp vuốt tóc Volcanic Clay Apestomen 2018 version 3 bản nắp nhôm</pre>', 48, 'Volcanic Clay', 'USED', 6.988183367468435, 51, 200000, 50, 4.6, 'https://vn-test-11.slatic.net/original/82baf77ea5e859a7c51ca8844f21c24a.jpg;https://vn-test-11.slatic.net/original/d1cf367a19984d6d51ace0c5e2bb632b.jpg;https://vn-test-11.slatic.net/original/7051050ac49072f4053e437d2b206cda.jpg;', 95, 1);

INSERT INTO review (id, product_id, reviewer, rating, `comment`) VALUES(48150, 4815, 'Hải L.', 3, 'Quá tuyệt');

INSERT INTO review (id, product_id, reviewer, rating, `comment`) VALUES(48151, 4815, 'Đinh T.', 0, 'Sáp chất lượng khá là tốt,  độ giữ nếp cao và có mùi thơm dễ chịu . Mình rất hài lòng về chất lượng cũng như giá cả.');

INSERT INTO review (id, product_id, reviewer, rating, `comment`) VALUES(48152, 4815, 'Lazada Customer', 2, 'Sáp chuẩn mà giá mềm chúc shop càng phát triển');

INSERT INTO review (id, product_id, reviewer, rating, `comment`) VALUES(48153, 4815, 'Nguyen D.', 0, 'Đóng gói kĩ, hàng đẹp, chất lượng');

INSERT INTO review (id, product_id, reviewer, rating, `comment`) VALUES(48154, 4815, 'minh', 1, 'sáp chuẩn ! good');

INSERT INTO product (id, name, short_desc, full_desc, category_id, brand_name, status, weight, available_item, unit_price, discount_percent, avg_rating, img_url, total_rating, supplier_id) VALUES(4816, 'Sáp vuốt tóc Kingsman tạo kiểu cho nam [ Gunshop-VS01 ]', 'Sáp vuốt tóc Kingsman tạo kiểu cho nam [ Gunshop-VS01 ]', '<pre>Sáp có mùi thơm nhẹ, giữ nếp lâu dễ dàng tạo kiểu.
Sáp có thành phần tự nhiên.
Sáp Kingsman khô và cứng không bóng nhờn không bết tóc, giữ nếp 5/6.
Che tên sản phẩm khi giao hàng.</pre>', 48, 'Kingsman', 'USED', 3.492247864779894, 10, 50000, 50, 4.5, 'https://vn-test-11.slatic.net/original/6a2d6b22ed0003fcd623014e0ef5077f.jpg;https://vn-test-11.slatic.net/p/727b8e5acee5d505c86e9eb5b1f7fb2a.jpg;https://vn-test-11.slatic.net/original/5784a33b8ea437b6a137f64bab2fd4f8.jpg;https://vn-test-11.slatic.net/original/ac6de64631375f58ea8c99b2029f62fd.jpg;https://vn-test-11.slatic.net/original/64a3b4595b8467c7de12903b2c992d52.jpg;', 239, 8);

INSERT INTO review (id, product_id, reviewer, rating, `comment`) VALUES(48160, 4816, 'phuong', 4, '');

INSERT INTO review (id, product_id, reviewer, rating, `comment`) VALUES(48161, 4816, 'Nguyễn V.', 4, 'không như mong đợi vuốt được 3 phút tóc lại mềm lại 🙏🙏');

INSERT INTO review (id, product_id, reviewer, rating, `comment`) VALUES(48162, 4816, 'Nguyễn P.', 4, '- Sáp giữ nếp tốt, không rít tay, thơm nhẹ, hộp bị móp một tí, nhưng không ảnh hưởng đến chất lượng');

INSERT INTO review (id, product_id, reviewer, rating, `comment`) VALUES(48163, 4816, 'Hanh', 2, 'Tuyệt vời. Lần đầu mở hộp thấy mặt sáp ko dc mịn màng đẹp đẽ nghĩ bụng dùng chơi cho biết, chắc chả ra gì. nhưng thực tế thì dùng rất thích, giữ nếp rất tốt, một ngày di chuyển nhiều, tháo ra đội vào mũ bảo hiểm nhiều lần nhưng đến 18h30 tóc vẫn giữ form, chỉ cần chỉnh nhẹ 1-2 phát là lại bồng bềnh như chưa có gì xảy ra. Chất sáp dễ trôi theo nước nên ko bị cảm giác dính khi rửa tay, gội đầu cũng rất dễ. Vỏ hộp tuy chưa toát dc vẻ chanh sả, cao cấp, nhưng làm bằng kim loại đã thích hơn nhựa rồi. Còn có một lớp lót hút ẩm dưới mặt nắp như dòng cao cấp mình thường dùng. Một sản phẩm tuyệt vời nhưng giá lại chỉ bằng một phần nhỏ các loại cao cấp mình hay dùng mà chất lượng ko bằng, có chăng là nhiều chất dưỡng cho tóc hơn. Đã dùng dc 3 ngày liền và sẽ dùng hằng ngày cho mau hết còn thử loại khác ủng hộ shop nhưng chắc nhanh cũng phải qua tết tới vì hộp siêu to :)))');

INSERT INTO review (id, product_id, reviewer, rating, `comment`) VALUES(48164, 4816, 'Hoang050795', 0, 'giao hàng hơi lâu
chất lượng tạm ổn
sáp cũng tí nữa thì đẹp');

INSERT INTO product (id, name, short_desc, full_desc, category_id, brand_name, status, weight, available_item, unit_price, discount_percent, avg_rating, img_url, total_rating, supplier_id) VALUES(4817, 'Daocạo râu nào tốt hiện nay - Dụng cụ cạo râu cổ điển, ĐẸP, sang trọng, sạch mịn màng - bán hàng uy tín bởi AHA SHOP', 'Daocạo râu nào tốt hiện nay - Dụng cụ cạo râu cổ điển, ĐẸP, sang trọng, sạch mịn màng - bán hàng uy tín bởi AHA SHOP', '<pre> Được thiết kế để người dùng cảm giác thoải mái khi sử dụng
 Chất liệu hợp kim Brass cao cấp, sản phẩm có độ hoàn thiện đẹp tuyệt vời.
 Thiết kế của tay cầm chống trơn trượt, làm cho việc sử dụng trở nên thuận tiện.
Hộp đựng nhựa gọn nhẹ, tiện dụng
 Kích thước 9CM / 3.5INCH
 Trọng lượng khoảng 55g / 0.12lb</pre>', 48, 'Ali-shop', 'USED', 1.513495951583702, 93, 144045, 50, 4.7, 'https://vn-test-11.slatic.net/p/5/dao-cao-rau-nao-tot-nhat-hien-nay-dung-cu-cao-rau-co-dien-dep-sang-trong-sach-min-mang-ban-hang-uy-tin-boi-aha-shop-4586-56929702-8213352b9a42c3836a90b4e60e2362b5-catalog.jpg;https://vn-test-11.slatic.net/p/5/dao-cao-rau-nao-tot-nhat-hien-nay-dung-cu-cao-rau-co-dien-dep-sang-trong-sach-min-mang-ban-hang-uy-tin-boi-aha-shop-4586-56929702-9d0773f4bf87b55f21f623b07f58708a-catalog.jpg;https://vn-test-11.slatic.net/p/5/dao-cao-rau-nao-tot-nhat-hien-nay-dung-cu-cao-rau-co-dien-dep-sang-trong-sach-min-mang-ban-hang-uy-tin-boi-aha-shop-0004-56929702-7cf9dd46d30c1501f785ec7b7e041b7d-catalog.jpg;https://vn-test-11.slatic.net/p/5/dao-cao-rau-nao-tot-nhat-hien-nay-dung-cu-cao-rau-co-dien-dep-sang-trong-sach-min-mang-ban-hang-uy-tin-boi-aha-shop-0004-56929702-66169da797ef8fda05c6538492b4cb0d-catalog.jpg;https://vn-test-11.slatic.net/p/5/dao-cao-rau-nao-tot-nhat-hien-nay-dung-cu-cao-rau-co-dien-dep-sang-trong-sach-min-mang-ban-hang-uy-tin-boi-aha-shop-0004-56929702-d89183a2f497ab8c13909baa7d29521a-catalog.jpg;https://vn-test-11.slatic.net/p/5/dao-cao-rau-nao-tot-nhat-hien-nay-dung-cu-cao-rau-co-dien-dep-sang-trong-sach-min-mang-ban-hang-uy-tin-boi-aha-shop-0004-56929702-31af468a122d8e4e6b671b808419d48a-catalog.jpg;https://vn-test-11.slatic.net/p/5/dao-cao-rau-nao-tot-nhat-hien-nay-dung-cu-cao-rau-co-dien-dep-sang-trong-sach-min-mang-ban-hang-uy-tin-boi-aha-shop-0004-56929702-d41101b50cad9d6c564852885c27f919-catalog.jpg;https://vn-test-11.slatic.net/p/5/dao-cao-rau-nao-tot-nhat-hien-nay-dung-cu-cao-rau-co-dien-dep-sang-trong-sach-min-mang-ban-hang-uy-tin-boi-aha-shop-0004-56929702-18fee21434a8025e041ae18cfdc753db-catalog.jpg;', 38, 8);

INSERT INTO review (id, product_id, reviewer, rating, `comment`) VALUES(48170, 4817, 'Võ T.', 3, 'hàng đẹp 👍');

INSERT INTO review (id, product_id, reviewer, rating, `comment`) VALUES(48171, 4817, 'Thanh D.', 1, 'Dao cạo râu hàng chất lượng cạo rất êm sạch sẽ mịn màng  giá tiền hợp lý dễ mua .những ai có rau nên mua');

INSERT INTO review (id, product_id, reviewer, rating, `comment`) VALUES(48172, 4817, 'Nam V.', 0, 'Sản phẩm tốt!');

INSERT INTO review (id, product_id, reviewer, rating, `comment`) VALUES(48173, 4817, 'Duc T.', 3, 'sp tốt chất lượng. các đấng mày râu nên mua để dùng .....');

INSERT INTO review (id, product_id, reviewer, rating, `comment`) VALUES(48174, 4817, 'Hùng', 0, 'Hàng đẹp chất lượng');

INSERT INTO product (id, name, short_desc, full_desc, category_id, brand_name, status, weight, available_item, unit_price, discount_percent, avg_rating, img_url, total_rating, supplier_id) VALUES(4818, 'Máy cạo râu cao cấp Kemei KM-7390 Tặng máy tỉa lông mũi KEMEI trị giá 100000', 'Máy cạo râu cao cấp Kemei KM-7390 Tặng máy tỉa lông mũi KEMEI trị giá 100000', '<pre>Dễ dàng vệ sinh đầu cạo râu bằng nước (Không rửa cả máy). Có thể cạo râu khô hoặc cạo ướt với ít nước và kem cạo râu.
Máy cạo râu cao cấp Kemei với hệ thống đầu có thể gập linh hoạt, cùng với 3 lưỡi cắt có thể đàn hồi, điều chỉnh để ôm sát theo mọi đường cong trên khuôn mặt khi cạo.
Lưỡi cạo Super Lift and Cut ( Nâng và cắt) mang đến khả năng cạo râu rất sát.
Trên mỗi đầu cắt với hệ thống rãnh dọc kép giúp cạo râu nhanh hơn.
Tích hợp thêm đầu tông đơ phụ tiện lợi, giúp bạn tỉa lông mai, tạo kiểu râu quai nón hoặc hỗ trợ tỉa ngắn râu dài để cạo râu nhanh hơn.
Chất liệu cao cấp với công nghệ tiên tiến nhất hiện này, an toàn khi sử dụng, không gây tổn hại đến da.
Thời gian sử dụng không dây lên đến 40 phút khi sạc đầy. Sạc đầy pin trong 8h và đặc biệt với chế độ sạc nhanh chỉ 3 phút cho một lần cạo.
Có thể sử dụng không dây hoặc cắm điện trực tiếp.
Đi kèm với máy có nắp bảo vệ đầu dao cạo, chổi vệ sinh máy, túi rút để cất giữ máy khi đi công tác hoặc du lịch…</pre>', 48, 'Kemei', 'USED', 4.306807731820294, 31, 296100, 50, 4.4, 'https://vn-test-11.slatic.net/p/706ce4a89fb1566f01f470a80cf1ee87.jpg;https://vn-test-11.slatic.net/p/5/may-cao-rau-cao-cap-kemei-km-7390-xanh-phoi-bac-tang-kem-may-tialong-mui-thuong-hieu-kemei-1611-1481536-340cf892feee0c76edcd5da651462a9c-catalog.jpg;https://vn-test-11.slatic.net/p/5/may-cao-rau-cao-cap-kemei-km-7390-xanh-phoi-bac-tang-kem-may-tialong-mui-thuong-hieu-kemei-1611-1481536-1436b0449c214866a90e5f3cfa88787c-catalog.jpg;https://vn-test-11.slatic.net/p/5/may-cao-rau-cao-cap-kemei-km-7390-xanh-phoi-bac-tang-kem-may-tialong-mui-thuong-hieu-kemei-1611-1481536-286f9a0255e69ad839b97fefa4724d48-catalog.jpg;https://vn-test-11.slatic.net/p/5/may-cao-rau-cao-cap-kemei-km-7390-xanh-phoi-bac-tang-kem-may-tialong-mui-thuong-hieu-kemei-1611-1481536-127c8e4b7642494f99e39a9436e7d6b9-catalog.jpg;https://vn-test-11.slatic.net/p/5/may-cao-rau-cao-cap-kemei-km-7390-xanh-phoi-bac-tang-kem-may-tialong-mui-thuong-hieu-kemei-1611-1481536-9a458886e874958f68d91b5ec8543790-catalog.jpg;https://vn-test-11.slatic.net/p/5/may-cao-rau-cao-cap-kemei-km-7390-xanh-phoi-bac-tang-kem-may-tialong-mui-thuong-hieu-kemei-1611-1481536-7e9eac8580f32654db5eef2a1363f1ff-catalog.jpg;https://vn-test-11.slatic.net/original/e38aa56c3285fadf8c7438350413352d.jpg;', 43, 6);

INSERT INTO review (id, product_id, reviewer, rating, `comment`) VALUES(48180, 4818, 'Trần H.', 1, 'Sp ok lắm shop');

INSERT INTO review (id, product_id, reviewer, rating, `comment`) VALUES(48181, 4818, 'Binh', 1, 'Sản phẩm đúng như đặt hàng. Có kèm khuyến mại. Mình từng dùng sản phẩm tương đương giá. Thấy máy này dùng bình thường.');

INSERT INTO review (id, product_id, reviewer, rating, `comment`) VALUES(48182, 4818, 'Tung P.', 2, 'máy chạy khoẻ lắm shop đáng tiền bỏ ra mua cạo sạch máy km cũng oke lắm chạy rất tốt rấu hài lòng, máy có bền ko sau tg sử dụng mới biết đc');

INSERT INTO review (id, product_id, reviewer, rating, `comment`) VALUES(48183, 4818, 'Mi S.', 2, 'Sản phẩm dùng rất ok. Giá rẻ, dùng êm. Gói cẩn thận, giao hàng nhanh, uy tín. Sẽ còn mua hàng tiếp tục ở shop');

INSERT INTO review (id, product_id, reviewer, rating, `comment`) VALUES(48184, 4818, 'Bùi C.', 0, 'thấy máy hơi yếu');

INSERT INTO product (id, name, short_desc, full_desc, category_id, brand_name, status, weight, available_item, unit_price, discount_percent, avg_rating, img_url, total_rating, supplier_id) VALUES(4819, 'Kem Dưỡng Trắng Da Cao Cấp VICTORIA Dành Cho Nam Giới 50g', 'Kem Dưỡng Trắng Da Cao Cấp VICTORIA Dành Cho Nam Giới 50g', '<pre>Nguyên liệu an toàn cho làn da không gây hại cho làn da
Chăm sóc và nuôi dưỡng làn da từ sâu bên trong mang lại cho bạn làn da khỏe mạnh
Dưỡng trắng da mịn màng, chống nắng, ngăn ngừa mụn nám và tái tạo làn da
Hiệu quả sau vài ngàysử dụng cho bạn một là da sáng hồng tự nhiên</pre>', 48, 'Mỹ Phẩm Hân Vy', 'USED', 7.969782036442665, 51, 479000, 50, 4.4, 'https://vn-test-11.slatic.net/p/5/kem-duong-trang-da-cao-cap-victoria-danh-cho-nam-gioi-1129-89566951-e5518f182336ed25dc677009bfe61021-catalog.jpg;https://vn-test-11.slatic.net/p/5/kem-duong-trang-da-cao-cap-victoria-danh-cho-nam-gioi-1129-89566951-efdd504b78011433838df8b9ca10f48a-catalog.jpg;https://vn-test-11.slatic.net/p/5/kem-duong-trang-da-cao-cap-victoria-danh-cho-nam-gioi-1129-89566951-f05fe59268ab1e14808b2a4c60b9d564-catalog.jpg;', 51, 4);

INSERT INTO review (id, product_id, reviewer, rating, `comment`) VALUES(48190, 4819, 'trần H.', 3, 'mình không biết mọi người xài thế nào , mình xài thấy kem này không tốt , kem không thấm vào da mà bết lại không trên da luôn , để kem trong nhà không có nắng chiếu vào mà kem giống chảy ra vậy , nói chung xài thử thôi không xài nữa');

INSERT INTO review (id, product_id, reviewer, rating, `comment`) VALUES(48191, 4819, 'Hai N.', 2, 'Dùng được 10 ngày thì nổi mụn nguyên cả mặt. Tôi kg có ý xúc phạm nhưng theo tôi thì có lẻ sp này là hàng giả. Rất thất vọng.');

INSERT INTO review (id, product_id, reviewer, rating, `comment`) VALUES(48192, 4819, 'Lê T.', 0, 'Đôi lời muốn chia sẻ cùng anh em
Thứ nhất dùng da có trắng mịn lên và có hiệu quả rõ rệt
Thứ 2: Thấy mấy ông xài kêu đẹp trai lên có nhiều người thích, tôi khẳng định là muốn đẹp trai và nhiều người thích thì còn đầu tư nhiều lắm các ông nhé, quàn áo nè, xe cộ nè, ăn nói nè, tóc tai nhé, chứ hũ kem 500k mà các ông bảo đẹp lên nhiều người thích là tôi thấy không chuẩn đâu');

INSERT INTO review (id, product_id, reviewer, rating, `comment`) VALUES(48193, 4819, 'Nguyễn T.', 4, 'nói chung là tốt. thấy có mấy người kêu sp này có người hợp da có người không hợp da nên mình hơi đắn đo, khi mua về sử dụng thì thời gian đầu sợ chưa quen da sẽ bị kích ứng và nổi một chút mụn nên chỉ dám xài ngày có 1 lần, sau 1 tuần mới dám xài ngày 2 lần, vậy nên sau 20ngay mới thấy hiệu quả rõ rệt, hộp này khá to nên chắc còn lâu nữa mới tiếp tục ủng hộ shop đc');

INSERT INTO review (id, product_id, reviewer, rating, `comment`) VALUES(48194, 4819, 'Mai N.', 1, 'sản phẩm khá phù hợp với làn da nếu bạn sử dụng đúng cách. mình có mua cho anh xã 1 hũ, vì mình có xài nhiều về mỹ phẩm nên có kinh nghiệm rồi, thời gian đầu xài da chưa quen nên dễ bị ửng lên với có mụn lắm. Y rằng vừa xài được 2 ngày đã bị, thế là mình cho anh xã ngưng xài 4 ngày sau đó xài lại ngyaf 1 lần vào ban đêm, cách này có vẻ rất hiệu nghiệm da đã quen kem dùng rất thích, da anh xã mình đã đẹp lên nhiều rồi');

INSERT INTO product (id, name, short_desc, full_desc, category_id, brand_name, status, weight, available_item, unit_price, discount_percent, avg_rating, img_url, total_rating, supplier_id) VALUES(4820, 'Combo 1 dạo cạo râu và 30 lưỡi dao kép Dao cạo râu', 'Combo 1 dạo cạo râu và 30 lưỡi dao kép Dao cạo râu', '<pre>-Chất liệu : Thép không gỉ
-Trọng lượng : 200g
-Lưỡi kép sắc ben, an toàn hơn khi sử dụng.Lưỡi thứ nhất kéo chân lông ra và cắt, lưỡi thứ hai tiếp theo sau cắt phần còn lại vào sát hơn, giúp cạo thật sạch, cho bạn một khuôn mặt sáng bóng rạng ngời
-Phần tay cầm thiết kế linh hoạt giúp cạo râu được dễ dàng
-Tiết kiệm chi phí tối đa</pre>', 48, 'No Brand', 'USED', 9.722536632545042, 92, 100000, 50, 4.6, 'https://vn-test-11.slatic.net/original/e92ec82d25e7515008f078a12266fcde.jpg;https://vn-test-11.slatic.net/original/ee70bcfd78e2c1935ac0770b8e9dbd9a.jpg;https://vn-test-11.slatic.net/original/e4731c79cc452f256f6ec909f9163093.jpg;https://vn-test-11.slatic.net/original/45aa3deea9f7bb5a66a8db5e3a2065cd.jpg;https://vn-test-11.slatic.net/original/91d58c8f0d15a1d62abbf5c73dd6d165.jpg;https://vn-test-11.slatic.net/original/beb5dbf0bb0ac2482355a6bcd52462ae.jpg;https://vn-test-11.slatic.net/original/eb66c9657470129b5614772fce920c79.jpg;https://vn-test-11.slatic.net/original/8c5be17d5f4e225ef08e0dac5e757ac0.jpg;', 38, 4);

INSERT INTO review (id, product_id, reviewer, rating, `comment`) VALUES(48200, 4820, 'nguyen V.', 2, 'tốt với giá tiền');

INSERT INTO review (id, product_id, reviewer, rating, `comment`) VALUES(48201, 4820, 'Nguyễn D.', 3, 'Dao ko được dao sắc lắm');

INSERT INTO review (id, product_id, reviewer, rating, `comment`) VALUES(48202, 4820, 'Tran Q.', 1, 'Hàng đúng hình');

INSERT INTO review (id, product_id, reviewer, rating, `comment`) VALUES(48203, 4820, 'Luu H.', 3, 'Minh đăt 2 đơn sao ko chuyen cung luc ma chuyen 2 lần tôn 2 lần ship vây');

INSERT INTO review (id, product_id, reviewer, rating, `comment`) VALUES(48204, 4820, 'Tiên P.', 1, 'dong goi ki hang giong mo ta va tot');

INSERT INTO product (id, name, short_desc, full_desc, category_id, brand_name, status, weight, available_item, unit_price, discount_percent, avg_rating, img_url, total_rating, supplier_id) VALUES(4821, 'TRỊ XUẤT TINH SỚM KÉO DÀI QUAN HỆ TD CHO NAM GIỚI', 'TRỊ XUẤT TINH SỚM KÉO DÀI QUAN HỆ TD CHO NAM GIỚI', '<pre>Giúp tăng bản lĩnh nam giới khi tiếp xúc với phụ nữ nhờ kéo dài thời gian yêu
Kéo dài thời gian yêu gấp 3-4 lần- trị chứng xuất tinh sớm cho nam giớinhờ chứa Locaine 10%
Đối tượng sử dụng: nam giới bị yếu sinh lý, xuất tinh sớm , nhanh ra, muốn kéo dài thời gian quan hệ lâu hơn.
Tác dụng nhanh ,hiệu quả an toàn
Nhỏ gọn tiện dụng mang theo bên mình
Sp nhập khẩu Anh quốc
Xem kĩ hướng dẫn sử dụng - thắc mắc chi tiết hãy chat với shop</pre>', 48, 'OEM', 'USED', 8.533257011681357, 56, 195000, 50, 4.5, 'https://vn-test-11.slatic.net/original/fdf776416d2b7c752823fa708f6dfe66.jpg;https://vn-test-11.slatic.net/original/ac671991c5288b189e05ae90d80f5a76.jpg;https://vn-test-11.slatic.net/original/f43e7d652bed737ea46bc242d172aaff.jpg;https://vn-test-11.slatic.net/original/5e9c6a563b2209dbe4b2f62186249f0a.jpg;', 2, 6);

INSERT INTO review (id, product_id, reviewer, rating, `comment`) VALUES(48210, 4821, 'Lazada Customer', 2, 'Tuyệt, lâu ra quá  hơi mệt...hết sẽ ủng ho tiep');

INSERT INTO product (id, name, short_desc, full_desc, category_id, brand_name, status, weight, available_item, unit_price, discount_percent, avg_rating, img_url, total_rating, supplier_id) VALUES(4822, '[Tặng Vòng đeo tai nghe] Bộ sản phẩm chăm sóc da Nivea dành cho nam giới: Kem dưỡng da 30ml và Sữa rửa mặt ngăn ngừa mụn 100g', '[Tặng Vòng đeo tai nghe] Bộ sản phẩm chăm sóc da Nivea dành cho nam giới: Kem dưỡng da 30ml và Sữa rửa mặt ngăn ngừa mụn 100g', '<pre>Công thức đột phá được đặc chế riêng cho da phái mạnh
Mùi hương nam tính lôi cuốn
Nuôi dưỡng và tái tạo da từ sâu bên trong cho da dần trở nên khỏe mạnh tràn đầy sức sống
Phù hợp với mọi loại da</pre>', 48, 'Nivea', 'NEW', 8.761431925344093, 66, 87846, 50, 4.6, 'https://vn-test-11.slatic.net/p/df144b17f71001543bf776a3d1933f55.jpg;https://vn-test-11.slatic.net/p/8d0cc2bf4ea66d505870ee8ba8598413.jpg;https://vn-test-11.slatic.net/p/1eac567fe5e1efd12d23d89c12353cf5.jpg;https://vn-test-11.slatic.net/p/ad1512b114446a64a112a61ac0516de0.jpg;', 13, 2);

INSERT INTO review (id, product_id, reviewer, rating, `comment`) VALUES(48220, 4822, 'NGUYEN A.', 4, 'Sản phẩm rất tuyệt vời');

INSERT INTO review (id, product_id, reviewer, rating, `comment`) VALUES(48221, 4822, 'Đoàn P.', 1, 'ok dc');

INSERT INTO review (id, product_id, reviewer, rating, `comment`) VALUES(48222, 4822, 'Dũng P.', 1, 'sp tôt.. dùng thích');

INSERT INTO review (id, product_id, reviewer, rating, `comment`) VALUES(48223, 4822, 'Vu P.', 2, 'sản phẩm đúng như mô tả giao hàng nhanh chóng Cảm ơn Nivea nhiều lắm');

INSERT INTO review (id, product_id, reviewer, rating, `comment`) VALUES(48224, 4822, 'Hồng S.', 0, 'sản phẩm tốt. có cái tai nghe thì k biết cách để làm thành vòng đeo đc');

INSERT INTO product (id, name, short_desc, full_desc, category_id, brand_name, status, weight, available_item, unit_price, discount_percent, avg_rating, img_url, total_rating, supplier_id) VALUES(4823, 'Máy Cạo Râu Philips Pq206 - Hàng công ty (Bảo hành chính hãng 2 năm)', 'Máy Cạo Râu Philips Pq206 - Hàng công ty (Bảo hành chính hãng 2 năm)', '<pre>Dùng pin AA
Hệ thống cạo râu close up
Đầu cạo xoay độc lập
Lưỡi dao cạo tự làm sắc và có độ bền lâu đến 2 năm</pre>', 48, 'Philips', 'USED', 1.028100264269859, 44, 318000, 50, 4.6, 'https://vn-test-11.slatic.net/original/22fd4c758a1dae61c3ee4117ab4e3792.jpg;https://vn-test-11.slatic.net/original/840f7d1893207dc9bc9e40e8b653391e.jpg;https://vn-test-11.slatic.net/original/91434572061b5906cab633cb4e6ca8d8.jpg;https://vn-test-11.slatic.net/original/b4a7733d23cc138e8a3f198e7f7adf5e.jpg;https://vn-test-11.slatic.net/original/6ed66cb7bcc7e5ba61cfeefab158da9c.jpg;', 111, 3);

INSERT INTO review (id, product_id, reviewer, rating, `comment`) VALUES(48230, 4823, 'Nguyễn H.', 2, 'Chất lượng ổn so với giá, hoàn thiện tốt. Máy cạo khỏe, sạch. Dùng pin con thỏ khá tiện ko sợ pin sạc bị chai');

INSERT INTO review (id, product_id, reviewer, rating, `comment`) VALUES(48231, 4823, 'Lazada Customer', 3, 'Sản phẩm được đóng gói cẩn thận, bên ngoài đúng như mô tả. Dùng với pin mới rất thích.
Chỉ chưa biết mua đầu dao thay thế ra sao.
chất lượng thì chờ thời gian trả lời.');

INSERT INTO review (id, product_id, reviewer, rating, `comment`) VALUES(48232, 4823, 'Thangdinh', 2, 'tự hỏi là khi  sử dụng máy  k bén nữa thì mua đầu dao ở đâu?');

INSERT INTO review (id, product_id, reviewer, rating, `comment`) VALUES(48233, 4823, 'Tien', 2, 'Hàng chuẩn, nên mua, xài tốt');

INSERT INTO review (id, product_id, reviewer, rating, `comment`) VALUES(48234, 4823, 'Vĩnh K.', 0, 'máy dùng rất tốt');

INSERT INTO product (id, name, short_desc, full_desc, category_id, brand_name, status, weight, available_item, unit_price, discount_percent, avg_rating, img_url, total_rating, supplier_id) VALUES(4824, 'Sáp vuốt tóc Variety Matte Lasting + Gôm Xịt tóc đen đỏ 400ml', 'Sáp vuốt tóc Variety Matte Lasting + Gôm Xịt tóc đen đỏ 400ml', '<pre>Sản phẩm thích hợp với các kiểu tóc: pompadour, undercut, bờm ngựa hay các kiểu tóc vuốt dựng khác
Giữ nếp tốt trên 10 giờ
Hương thơm nam tính dễ chịu, mang lại cho bạn sự tự tin với kiểu tóc mà mình lựa chọn.
Dễ dàng tạo tạo lại kiểu tóc theo ý muốn
Khả năng chống mũ bảo hiểm khá tốt</pre>', 48, 'OEM', 'USED', 5.459224064765878, 90, 63000, 50, 4.5, 'https://vn-test-11.slatic.net/original/23789e176c483f8c53cda04eb0070622.jpg;https://vn-test-11.slatic.net/original/bf3c43bdb40ee9383446c065d1741e80.jpg;https://vn-test-11.slatic.net/p/5/sap-vuot-toc-variety-matte-lasting-va-gom-xit-toc-luxurious-400ml-4717-54726211-4376fecf2f01fd692f0722c3c8bfffc6-catalog.jpg;https://vn-test-11.slatic.net/original/aa821e054f36ff3111bc595369d6be5e.jpg;https://vn-test-11.slatic.net/original/203d2b77fb97150644e820ba8aaa22f0.jpg;https://vn-test-11.slatic.net/original/97b6d08dc16f45a53888966e82fe0f4b.jpg;https://vn-test-11.slatic.net/original/026c6ade5bada2370a665c872a9eccd0.jpg;', 222, 3);

INSERT INTO review (id, product_id, reviewer, rating, `comment`) VALUES(48240, 4824, 'phung T.', 4, 'giao hàng nhanh, đóng gói kĩ, sáp vuốt tóc xài ổn, duy chỉ có chai xịt không đuổi được gián muỗi, ai có ý định mua về để xịt kiến, gián thì nên né ra nha');

INSERT INTO review (id, product_id, reviewer, rating, `comment`) VALUES(48241, 4824, 'Phạm T.', 4, 'Hàng như quảng cáo rất tốt');

INSERT INTO review (id, product_id, reviewer, rating, `comment`) VALUES(48242, 4824, 'Hoàng V.', 0, 'nhìn đẹp chất lượng chưa biết');

INSERT INTO review (id, product_id, reviewer, rating, `comment`) VALUES(48243, 4824, 'nguyễn V.', 3, 'rất tốt nha. sẽ ủng hộ shop');

INSERT INTO review (id, product_id, reviewer, rating, `comment`) VALUES(48244, 4824, 'Vũ H.', 1, 'Nhận hàng nhanh, đóng gói hộp cẩn thận. Hàng dùng tốt, mới dùng sáp thấy rất ok, tạo kiểu tốt, ko có mùi. Gôm thì ít bữa nữa dùng rồi sẽ nhận xét thêm.');

INSERT INTO product (id, name, short_desc, full_desc, category_id, brand_name, status, weight, available_item, unit_price, discount_percent, avg_rating, img_url, total_rating, supplier_id) VALUES(4825, 'Bộ chăm sóc da Lcosin cho nam', 'Bộ chăm sóc da Lcosin cho nam', '<pre>Bộsản phẩm chăm sóc da dành cho nam
1.Sữa rửa măt 120g,
2.Lotion 150ml
3. Kem dưỡng 50g
4. Tăng kèm 3 măt nạ giấy
tác dụng : làm sạch sâu, kiểm soát dầu, giảm tình trạng thô sần và mụn, cải thiện màu da không đồng đều giúp da kiềm dầu láng mịn và tự nhiên. Là con trai cũng nên make up ạ. HDSD: Rửa mặt sạch với sữa rửa mặt hàng ngày. Sau đó dùng toner thấm ra bông tẩy trang lau nhẹ hoặc lấy lượng vừa đủ ra tay vỗ nhẹ lên da mặt và matxa . Khi toner thấm hết lấy 1 lượng kem dưỡng da vỗ đều lên mặt. Mặt nạ đắp sau bước toner và trước.bước dưỡng da. Đắp 15-20p , ko cần rửa lại or rửa lại nếu dư chất dưỡng . #Lcosin #boduo</pre>', 48, 'No Brand', 'NEW', 5.871966010729287, 43, 159000, 50, 5.0, 'https://vn-test-11.slatic.net/p/628715b940ba3d42f26e6c791fbd04c0.jpg;https://vn-test-11.slatic.net/p/f98b8e2e86f0e20fcdfaa52563befcfb.jpg;https://vn-test-11.slatic.net/p/6c9ba60b382048ddd545a8ea805889b5.jpg;', 3, 8);

INSERT INTO review (id, product_id, reviewer, rating, `comment`) VALUES(48250, 4825, 'xuân P.', 0, 'hàng tốt');

INSERT INTO review (id, product_id, reviewer, rating, `comment`) VALUES(48251, 4825, 'Nguyễn K.', 1, 'sản phẩm chất lượng');

INSERT INTO product (id, name, short_desc, full_desc, category_id, brand_name, status, weight, available_item, unit_price, discount_percent, avg_rating, img_url, total_rating, supplier_id) VALUES(4826, 'Sữa rửa mặt nam than đen hoạt tính sáng da Nivea Men Deep White Oil Clear 100g _ 84415', 'Sữa rửa mặt nam than đen hoạt tính sáng da Nivea Men Deep White Oil Clear 100g _ 84415', '<pre>Phù hợp với mọi loại da
Dành cho nam giới
Phục hồi da sáng khỏe
Da sạch sâu và se khít lỗ chân lông</pre>', 48, 'Nivea', 'NEW', 1.2593132076169757, 3, 54940, 50, 4.7, 'https://vn-test-11.slatic.net/original/ea72f751a02b6e8ee424bb1dea15718a.jpg;https://vn-test-11.slatic.net/original/04756f2ebd9964430f148cd157fe3d4d.jpg;https://vn-test-11.slatic.net/original/7a3dd399ecab8018fce776bff7d4c343.jpg;https://vn-test-11.slatic.net/original/8db598bee87ceb362a73b7effd215049.jpg;', 56, 9);

INSERT INTO review (id, product_id, reviewer, rating, `comment`) VALUES(48260, 4826, 'Quốc B.', 2, 'rửa thấy mát');

INSERT INTO review (id, product_id, reviewer, rating, `comment`) VALUES(48261, 4826, 'Xạo K.', 0, 'rửa xong thấy mát bóng da mặt thấy cũng sạch');

INSERT INTO review (id, product_id, reviewer, rating, `comment`) VALUES(48262, 4826, 'Lê V.', 3, 'Sản phẩm đóng gói cẩn thận, giao hàng đúng ngày, nhân viên nhiệt tình.');

INSERT INTO review (id, product_id, reviewer, rating, `comment`) VALUES(48263, 4826, 'Trần T.', 0, 'good');

INSERT INTO review (id, product_id, reviewer, rating, `comment`) VALUES(48264, 4826, 'Nguyễn A.', 4, 'Ok');

INSERT INTO product (id, name, short_desc, full_desc, category_id, brand_name, status, weight, available_item, unit_price, discount_percent, avg_rating, img_url, total_rating, supplier_id) VALUES(4827, 'Sữa rửa mặt Nam trắng da sạch mụn Cao cấp Hàn Quốc 120ml - Hàng Chính Hãng', 'Sữa rửa mặt Nam trắng da sạch mụn Cao cấp Hàn Quốc 120ml - Hàng Chính Hãng', '<pre>Công thức kết hợp giữa than hoạt tính, bùn khoáng và tinh chất trà xanh
Làm sạch da, loại bỏ bã nhờn, ngăn ngừa mụn, làm mềm da
Dung tích: 120ml</pre>', 48, 'Korea', 'NEW', 7.584301121647154, 47, 105300, 50, 4.3, 'https://vn-test-11.slatic.net/p/5/sua-rua-mat-nam-trang-da-sach-mun-cao-cap-han-quoc-120ml-hangchinh-hang-9379-8194603-9cd69da281643d7c6cc6ca170490e345-catalog.jpg;https://vn-test-11.slatic.net/p/5/sua-rua-mat-nam-trang-da-sach-mun-cao-cap-han-quoc-120ml-hangchinh-hang-9379-8194603-facd08cd6b7d9c69aa9b3a0095661adc-catalog.jpg;https://vn-test-11.slatic.net/p/5/sua-rua-mat-nam-trang-da-sach-mun-cao-cap-han-quoc-120ml-hangchinh-hang-7605-8194603-7734c9ef8ae12fd8d6247add3c47a629-catalog.jpg;https://vn-test-11.slatic.net/p/5/sua-rua-mat-nam-trang-da-sach-mun-cao-cap-han-quoc-120ml-hangchinh-hang-7605-8194603-e0e2a858c0bdfb95699a970f1c3bbc60-catalog.jpg;', 97, 4);

INSERT INTO review (id, product_id, reviewer, rating, `comment`) VALUES(48270, 4827, 'Lazada Customer', 4, 'Sản phẩm không có côg dụng như quảng cáo');

INSERT INTO review (id, product_id, reviewer, rating, `comment`) VALUES(48271, 4827, 'Thuận N.', 4, 'giao hàng nhanh... sp dùng tốt có than hoạt tính nữa. có diêud mùi hơi ghê ghê thôi. 😉 còn chất lượng dùng lâu rồi mới biết');

INSERT INTO review (id, product_id, reviewer, rating, `comment`) VALUES(48272, 4827, 'Cao Q.', 3, 'Thích hợp cho loại da bình thường. Tẩy rửa nhẹ nhàng, mùi thơm dịu nhẹ! 
Bạn nào da nhiều nhờn, làm việc hoạt động ra mồi hôi mặt nhiều thì không hiệu quả lắm! Nên xài loại tẩy mạnh chút cho sạch da! Loại này không sạch hết  được, làm mặt mình mụn đầu đen hơi nhiều!');

INSERT INTO review (id, product_id, reviewer, rating, `comment`) VALUES(48273, 4827, 'Ha M.', 4, 'Thấy mọi người khen nhiều quá mình mua về cho ba mình xài haha Ba mình dạo này hay sờ mặt khi soi gương rồi cười tự khen mình đẹp trai lai láng lắm =))');

INSERT INTO review (id, product_id, reviewer, rating, `comment`) VALUES(48274, 4827, 'Sieucoi P.', 4, 'Mình mới dùng đc 2-3 ngày đã thấy có hiệu quả rồi.da mặt mình bớt mụn và kiểm soát nhờn tốt hơn.hàng tốt rất đáng mua.^^');

INSERT INTO product (id, name, short_desc, full_desc, category_id, brand_name, status, weight, available_item, unit_price, discount_percent, avg_rating, img_url, total_rating, supplier_id) VALUES(4828, 'ThuỐc kích thích mọc lông mày, râu, tóc thailand SNOR', 'ThuỐc kích thích mọc lông mày, râu, tóc thailand SNOR', '<pre>Thuốc snor chính hãng thái lan.
- Mọc râu, lông, là liệu trình kích thích mọc râu, lông, hiệu quả nhất hiện nay, giúp chân râu, lông, bền vững, không gãy rụng sau khi ngưng sử dụng.
- Sản phẩm kích thích phát triển lông, được sản xuất tại Thái Lan. Giúp lông, râu… mọc dày và rậm rạp tự nhiên. Thừa hưởng một đôi mày dày, mái khỏe và hàm râu đẹp, khoẻ mạnh đó là một điều tuyệt vời và ước mơ của nhiều người.
Công dụng:
- Kích thích râu… phát triển đều và tự nhiên..
- Râu mọc rậm và dài sau 2 tuần
- Cung cấp protein giúp sợi lông, tóc, râu cứng cáp khỏe mạnh
- Xuất xứ: Thái Lan.
- Hạn sử dụng 2020
#mocrau, #thuocmocrau, #rautochanmay, #snor, #thuockichthicmocrautoc, #râu, #tóc, #chanmay, #serummocrau, #Minoxidil, #NAKASHIMA , #daufgoi, #serummoctoc, #kichthicmoctoc, #tritrungtoc, #snor, #snorthailan, #thuocsnor</pre>', 48, 'No Brand', 'USED', 2.3992497080653266, 19, 35500, 50, 4.9, 'https://vn-test-11.slatic.net/p/53078d2ff92b4ae6120da5490a0edf49.jpg;https://vn-test-11.slatic.net/original/971af3bb5a4e551f2d275611c3d196b3.jpg;https://vn-test-11.slatic.net/original/905f313de6102d43b0fe5ea808703e61.jpg;https://vn-test-11.slatic.net/original/fc5ccd022cd454e799e395e67e827607.jpg;https://vn-test-11.slatic.net/original/f69e973631d7eff2914010b51ad84b61.jpg;https://vn-test-11.slatic.net/original/657b94f5efa96a0f24891781db968a07.jpg;', 14, 2);

INSERT INTO review (id, product_id, reviewer, rating, `comment`) VALUES(48280, 4828, 'Lương T.', 1, 'mới dùng hôm nay,râu chưa mọc.');

INSERT INTO review (id, product_id, reviewer, rating, `comment`) VALUES(48281, 4828, 'nguyenchidung', 1, 'Dang du dung .. chua the danh gia ....!!!????');

INSERT INTO review (id, product_id, reviewer, rating, `comment`) VALUES(48282, 4828, 'vo T.', 2, 'hài lòng .');

INSERT INTO review (id, product_id, reviewer, rating, `comment`) VALUES(48283, 4828, 'Hằng Đ.', 2, 'mong là có hiệu quả, và ko bị dị ứng');

INSERT INTO product (id, name, short_desc, full_desc, category_id, brand_name, status, weight, available_item, unit_price, discount_percent, avg_rating, img_url, total_rating, supplier_id) VALUES(4829, 'SÁP VUỐT TÓC LOREAL PROFESSIONAL WAX CHÍNH HÃNG', 'SÁP VUỐT TÓC LOREAL PROFESSIONAL WAX CHÍNH HÃNG', '<pre>☘☘☘ Gel vuốt tóc Loreal Professional Wax ( sáp trong)( dùng dc cho cả nam và nữ). Dạng hộp thiếc tròn. giá lẻ: #45k/hộp. ( bao giá rẻ) Tạo kiểu tóc chuyên nghiệp. Giữ nếp tóc cực lâu kể cả khi đội nón bảo hiểm. Thích hợp với mọi loại tóc , không gây kích ứng da và tác dụng phụ . Sản phẩm dành cho cả nam và nữ.☘ Để tóc luôn vào nếp, đẹp và bóng, bạn cần chọn cho mình một loại keo vuốt tóc tốt và thật phù hợp. Trên thị trường hiện nay có rất nhiều loại gel vuốt tóc, nhưng khi sử dụng các bạn thường gặp tình trạng ngứa, gàu, tóc bị dính bết khó chịu, gây tổn hại đến da đầu… Cùng Sắm mang đến cho bạn sản phẩm Wax Vuốt Tóc L''orealđặc biệt dưới dạng sáp</pre>', 48, 'No Brand', 'NEW', 3.441312259715999, 84, 49900, 50, 5.0, 'https://vn-test-11.slatic.net/original/b58d7a27990e2f23f1d5f082d9853f0e.jpg;https://vn-test-11.slatic.net/original/817eec914014abda0ffb49fa9a065c49.jpg;https://vn-test-11.slatic.net/original/7bfa7748a63c47c8455673eb5ce98bbc.jpg;https://vn-test-11.slatic.net/original/6659b3bb0167d25d5b08ec307036cc96.jpg;https://vn-test-11.slatic.net/original/8a45ce5ce08372e405970403a1cf0f98.jpg;https://vn-test-11.slatic.net/original/461ff2d843e2bc028161c4af3679b805.jpg;https://vn-test-11.slatic.net/original/c829a8fcd9ca63ef119e481337c89407.jpg;', 15, 8);

INSERT INTO review (id, product_id, reviewer, rating, `comment`) VALUES(48290, 4829, 'Chí H.', 1, 'Ok. đóng gói cẩn thận rất hài lòng mùi thơm nhẹ. giá hợp lí.');

INSERT INTO review (id, product_id, reviewer, rating, `comment`) VALUES(48291, 4829, 'Ngọc V.', 2, 'Gói hàng đẹp , sản phẩm thơm rất tốt !');

INSERT INTO review (id, product_id, reviewer, rating, `comment`) VALUES(48292, 4829, 'Túuu B.', 4, 'đã nhận .. hàng y hình nhé');

INSERT INTO review (id, product_id, reviewer, rating, `comment`) VALUES(48293, 4829, 'Huỳnh N.', 2, 'Xài rất tốt. Giữ nếp lâu. Thơm nhẹ');

INSERT INTO product (id, name, short_desc, full_desc, category_id, brand_name, status, weight, available_item, unit_price, discount_percent, avg_rating, img_url, total_rating, supplier_id) VALUES(4830, 'Romano - xịt ngăn mùi toàn thân Equity 150ml', 'Romano - xịt ngăn mùi toàn thân Equity 150ml', '<pre>- Công thức ngăn mồ hôi có bổ sung thành phần diệt khuẩn giúp khô thoáng vượt trội suốt 24h
- Mang đến hương thơm quyến rũ
- Thương hiệu uy tín dành cho nam giới
- Chai dạng xịt tiện dụng</pre>', 48, 'Romano', 'USED', 1.129420213546068, 18, 53000, 50, 5.0, 'https://vn-test-11.slatic.net/original/f12c15b63e2f4811a5d41585e611e40b.jpg;https://vn-test-11.slatic.net/original/9d3920761320d2d8419c197ee75be41f.jpg;https://vn-test-11.slatic.net/original/0cf234b06ba8ccf5adee55537c1c5200.jpg;https://vn-test-11.slatic.net/original/68c863c40a8470e0c56904d6af0c4750.jpg;', 2, 1);

INSERT INTO review (id, product_id, reviewer, rating, `comment`) VALUES(48300, 4830, 'huynhtrang99', 1, 'thơm.ok');

INSERT INTO product (id, name, short_desc, full_desc, category_id, brand_name, status, weight, available_item, unit_price, discount_percent, avg_rating, img_url, total_rating, supplier_id) VALUES(4831, 'Sửa Rửa Mặt tạo Bọt Siêu Mịn Trắng Da cho nam giới Nivea Men Extra White (100ml)', 'Sửa Rửa Mặt tạo Bọt Siêu Mịn Trắng Da cho nam giới Nivea Men Extra White (100ml)', '<pre>Với sức mạnh từ bùn khoáng, nay dưới dạng bọt siêu mịn, sữa rửa mặt sáng da vượt trội NIVEA MEN làm sạch nhanh và sâu bụi bẩn, bã nhờn trên da; đồng thời, dưỡng ẩm từ sâu bên trong lỗ chân lông đem đến làn da sạch nhanh hiệu quả mà không bị khô, cho da dần trở nên sáng mịn. Sản phẩm có công thức dịu nhẹ, không gây kích ứng da hay bắt nắng. Hãy trải nghiệm một làn da sáng vượt trội với sữa rửa mặt NIVEA MEN.THÔNG TIN CHI TIẾTLoại sản phẩm
Sửa rửa mặt làm sạch nhanh và sâu bụi bẩn và bã nhờn, đồng thời công thức tạo bọt siêu mịn giúp dưỡng ẩm từ sâu bên trong lỗ chân lông, cho làn da sạch nhanh hiệu quả mà không bị khô.Loại da phù hợp
Da thâm sạm, nhiều nhờn.Thành phần chính
Bùn khoáng.Độ an toàn
Sản phẩm có công thức dịu nhẹ không gây kích ứng da hay bắt nắng.Cách dùng
Làm ướt mặt, dùng một lượng nhỏ sản phẩm tạo bọt và mát-xa mặt, sau đó rửa sạch với nước.Lưu ý
Tránh sử dụng khi da đang bị trầy xước, ngưng sử dụng ngay khi có dấu hiệu rát da.Cách bảo quản
Bảo quản nơi khô thoáng, ở nhiệt độ thường, để xa tầm tay trẻ em.</pre>', 48, 'Nivea', 'NEW', 6.580690550619703, 32, 79000, 50, 4.3, 'https://vn-test-11.slatic.net/p/5/sua-rua-mat-tao-bot-sieu-min-trang-da-cho-nam-gioi-nivea-men-extrawhite-100ml-7449-0852075-7a31a26a8c320167df9704d6aad353dc-catalog.jpg;', 3, 7);

INSERT INTO review (id, product_id, reviewer, rating, `comment`) VALUES(48310, 4831, 'Lazada Customer', 1, 'sản phẩm dùng rất dễ chịu');

INSERT INTO product (id, name, short_desc, full_desc, category_id, brand_name, status, weight, available_item, unit_price, discount_percent, avg_rating, img_url, total_rating, supplier_id) VALUES(4832, 'Bộ 4 dao cạo râu loại 3 lưỡi', 'Bộ 4 dao cạo râu loại 3 lưỡi', '<pre>Hệ thống 3 lưỡi dao sắc bén
Cơ chế đầu dao chuyển động lên xuống linh hoạt
Thiết kế tay cầm chắc chắn
Nhanh gọn tiện lợi</pre>', 48, 'None', 'USED', 1.2731382365865753, 6, 49500, 50, 0.0, 'https://vn-test-11.slatic.net/p/5/bo-4-dao-cao-rau-loai-3-luoi-6882-3273716-003a6ce2a6032fba3f75b329e16e8791-catalog.jpg;https://vn-test-11.slatic.net/original/594a73110c3a1f4e7dfda89b7bb122fa.jpg;https://vn-test-11.slatic.net/original/0396a6fa810d2dc26cc20c555862718e.jpg;https://vn-test-11.slatic.net/original/3cdcdfe9bcd21ec9ae5fae1ef32a6ba9.jpg;', 0, 4);

INSERT INTO product (id, name, short_desc, full_desc, category_id, brand_name, status, weight, available_item, unit_price, discount_percent, avg_rating, img_url, total_rating, supplier_id) VALUES(4833, 'Máy cạo râu cao cấp Kemei KM-2016 - Tặng thêm lưỡi dao cạo', 'Máy cạo râu cao cấp Kemei KM-2016 - Tặng thêm lưỡi dao cạo', '<pre>Máy cạo râu cao cấp Kemei KM-2016 - Tặng thêm lưỡi dao cạo tiện lợi.
Máy cạo râu nhập khẩu chính hãng thương hiệu hàng đầu.
Thiết kế nhỏ gọn thông minh.
Loại dao: 2 lưỡi kép.
Kiểu : Đầu cạo ngang.
Sử dụng an toàn dễ dàng.</pre>', 48, 'Kemei', 'NEW', 8.226419001192111, 46, 149000, 50, 4.7, 'https://vn-test-11.slatic.net/original/82db9b608f813d388f5fbca192f7a507.jpg;https://vn-test-11.slatic.net/original/fefa39e8c15eb1867cd523bceda004b2.jpg;https://vn-test-11.slatic.net/original/fd2e5fe120a8a2ff9512439bcca2e036.jpg;https://vn-test-11.slatic.net/original/2dba04a0ad256ffde1075d6dfdb2b577.jpg;https://vn-test-11.slatic.net/original/7bc0c87d7e49b4418a68e7f4577e10c1.jpg;https://vn-test-11.slatic.net/original/327c6e7ebcffbf89bff3a31e611c92eb.jpg;https://vn-test-11.slatic.net/original/bbc0fb5aec3415455663ee35c13e1f6a.jpg;', 15, 6);

INSERT INTO review (id, product_id, reviewer, rating, `comment`) VALUES(48330, 4833, 'Đức M.', 1, 'cạo sát. máy mạnh nhưng cạo dk râu ngắn thôi . dài thì k cạo dk máy tạm ổn');

INSERT INTO review (id, product_id, reviewer, rating, `comment`) VALUES(48331, 4833, 'Chihieu D.', 4, 'nhận máy rất hài lòng. máy như mô tả, đẹp. cạo thử thấy rất sát, k bị rát. về tuoi tho của máy va lưỡi dao thi chưa đánh giá được.');

INSERT INTO review (id, product_id, reviewer, rating, `comment`) VALUES(48332, 4833, 'Nguyen P.', 4, 'Cạo sát, máy mạnh, cần time để đánh giá thêm,');

INSERT INTO review (id, product_id, reviewer, rating, `comment`) VALUES(48333, 4833, 'HUY H.', 2, 'mới mua nên cắt rất êm. ngọt k rát . dùng 1 thời gian k biết sẽ thế nào.');

INSERT INTO review (id, product_id, reviewer, rating, `comment`) VALUES(48334, 4833, 'Viên T.', 0, 'Hàng khá ổn, cạo sạch, so với mức giá này thì xài ok');

INSERT INTO product (id, name, short_desc, full_desc, category_id, brand_name, status, weight, available_item, unit_price, discount_percent, avg_rating, img_url, total_rating, supplier_id) VALUES(4834, 'Dầu Thần Ấn Độ - Chống Xuất Tinh Sớm -Tăng Cường Độ Cương Cứng', 'Dầu Thần Ấn Độ - Chống Xuất Tinh Sớm -Tăng Cường Độ Cương Cứng', '<pre>Tăng cường độ cứng cương cứng
 kéo dài thời gian quan hệ và ngăn chặn xuất tinh sớm
ngăn chặn bệnh lây truyền qu</pre>', 48, 'OEM', 'USED', 6.077152736359737, 11, 250000, 50, 5.0, 'https://vn-test-11.slatic.net/p/5/dau-than-an-do-chong-xuat-tinh-som-tang-cuong-do-cuong-cung-2712-00907303-c1b5ee5fc5653d9e5c291ed8781c099d-catalog.jpg;https://vn-test-11.slatic.net/p/5/dau-than-an-do-chong-xuat-tinh-som-tang-cuong-do-cuong-cung-2712-00907303-23ca9f3c7bb8a2a8c7a691a3ca541e9d-catalog.jpg;https://vn-test-11.slatic.net/p/5/dau-than-an-do-chong-xuat-tinh-som-tang-cuong-do-cuong-cung-2712-00907303-264f74d0fc357bc13eccea3fb23a3354-catalog.jpg;', 4, 2);

INSERT INTO product (id, name, short_desc, full_desc, category_id, brand_name, status, weight, available_item, unit_price, discount_percent, avg_rating, img_url, total_rating, supplier_id) VALUES(4835, 'Gel vệ sinh nam Winmen 110ml - Dung dịch vệ sinh vùng kín nam giới - Hương bạc hà mát lạnh', 'Gel vệ sinh nam Winmen 110ml - Dung dịch vệ sinh vùng kín nam giới - Hương bạc hà mát lạnh', '<pre>Vệ sinh vùng kín nam giới, giúp khử mùi hôi, làm sạch da vùng kín.
Không kích thích niêm mạc, khôi phục cân bằng độ ẩm, độ PH da.
Có chất sát khuẩn có tác dụng trên nhiều loại vi khuẩn khác nhau.
Dịch chiết cây Lô Hội…: Làm mềm và dưỡng ẩm da
Lấy lại sự tự tin cho quý ông trong cuộc sống.
2 dòng sản phẩm: Hương Bạc Hà và Hương Quế.</pre>', 48, 'No Brand', 'NEW', 6.455164838062564, 80, 53000, 50, 4.4, 'https://vn-test-11.slatic.net/p/d708a335b197a513b6a2dfee623fbf2f.jpg;https://vn-test-11.slatic.net/original/4a7bc7a25b44850a69c47b13115cd0fd.jpg;https://vn-test-11.slatic.net/original/137c37e1727448146cddf0deda5844a2.jpg;https://vn-test-11.slatic.net/original/ecdbc754c083a7a4494ffa5807cca0ea.jpg;https://vn-test-11.slatic.net/original/708537100e04773775a4e0cf10646fa8.jpg;https://vn-test-11.slatic.net/original/879a25c6ef7edcfb4547a9c4bf7c3226.jpg;https://vn-test-11.slatic.net/original/4f9b241618ded7de65b541f8ccecd390.jpg;https://vn-test-11.slatic.net/original/6ce4eb28d5e930f468dac73e22046008.jpg;', 41, 7);

INSERT INTO review (id, product_id, reviewer, rating, `comment`) VALUES(48350, 4835, 'Luan P.', 4, 'nhân viên giao hàng kém,  cách giao tiếp thiếu lịch sự. Giao hàng không nắm rõ địa điểm giao hàng. hỏi ra thì không biết đường đi. tác phòng giao dịch kém... đề nghị shop nên kiếm người biết đường 1 chút,  thời gian thì không có mà phải chạy ra tới nhân viên giao hàng mà lấy tới 30phut mới nhận được hàng.');

INSERT INTO review (id, product_id, reviewer, rating, `comment`) VALUES(48351, 4835, 'Nguyễn M.', 3, '+đóng gói chắc chắn bảo vệ sản phẩm tốt, dùng sản phẩm thơm lắm, cảm giác bôi lên ... :))) cảm ơn shop!');

INSERT INTO review (id, product_id, reviewer, rating, `comment`) VALUES(48352, 4835, 'nguyễn Q.', 4, 'shop kiểu như là bán ế loại hương quế hay gì á. mình đã đặt loại hương bạc hà rồi mà vẫn giao hương quế. mình cũng có đọc nhưng đánh giá của mọi người và m.n cũng có nói,  nhưng vẫn đặt vì tin tưởng nhưng thật sự thất vọng về cách mà shop bán hàng. shop cần cải thiện các bán hàng nếu muốn giữ khách. sản phẩm thì mình k biết đây là hàng thật hay hàng nhát nhưng khi mở nắp chai để lấy dung dịch ra thì mình thấy có 1 lớp keo dích. thật sự quá thất vọng');

INSERT INTO review (id, product_id, reviewer, rating, `comment`) VALUES(48353, 4835, 'Nguyễn Q.', 0, 'đã sử dụng nhiều lần . ok lắm');

INSERT INTO review (id, product_id, reviewer, rating, `comment`) VALUES(48354, 4835, 'Lazada Customer', 0, 'Đóng gói kĩ.....');

INSERT INTO product (id, name, short_desc, full_desc, category_id, brand_name, status, weight, available_item, unit_price, discount_percent, avg_rating, img_url, total_rating, supplier_id) VALUES(4836, 'Dao cạo râu lưỡi kép - 5 lưỡi thay thế', 'Dao cạo râu lưỡi kép - 5 lưỡi thay thế', '<pre>Chất liệu: Lưỡi dao được làm từ thép không gỉ, thân dao được làm từ nhựa dẻo cao cấp và được kháng khuẩn
Quy cách: gồm 1 thân và 5 lưỡi. Mỗi lưỡi dao được thiết kế gồm 2 lưỡi kép giúp cạo râu nhanh, sạch tuyệt đối.
HDSD: Rửa mặt bằng nước ,thoa kem cạo râu lên da.Cạo theo chiều thuận của râu
HDBQ: Sau khi sử dụng, rửa sạch lại bằng nước, vẩy khô.Tránh xa tầm tay trẻ em.</pre>', 48, 'OEM', 'NEW', 6.3446702830371615, 73, 44000, 50, 3.8, 'https://vn-test-11.slatic.net/original/c7773952f2d6898ff65e6b6d28489b23.jpg;https://vn-test-11.slatic.net/original/2b30833ed41a6422a7c04e35a2c8cf9d.jpg;https://vn-test-11.slatic.net/original/269a649cf9f0742ca23bf8da76058e02.jpg;', 28, 9);

INSERT INTO review (id, product_id, reviewer, rating, `comment`) VALUES(48360, 4836, 'Dao D.', 4, 'Hàng sài êm , cạo sạch , không bị rát da');

INSERT INTO review (id, product_id, reviewer, rating, `comment`) VALUES(48361, 4836, 'Giang T.', 4, 'Lỗi tại mình không xem chi tiết nhưng việc bán hàng nhái (Gillette) thì không tốt chút nào. Hình ảnh dễ gây hiểu lầm.');

INSERT INTO review (id, product_id, reviewer, rating, `comment`) VALUES(48362, 4836, 'Lazada Customer', 1, 'ủng hộ ad nhìu nhìu');

INSERT INTO review (id, product_id, reviewer, rating, `comment`) VALUES(48363, 4836, 'Mai M.', 3, 'Đúng hàng siêu rẻ, mua về vứt hết vô sọt rác');

INSERT INTO review (id, product_id, reviewer, rating, `comment`) VALUES(48364, 4836, 'Prin K.', 2, 'hàng rẻ đẹp,  nói chung rất hài lòng');

INSERT INTO product (id, name, short_desc, full_desc, category_id, brand_name, status, weight, available_item, unit_price, discount_percent, avg_rating, img_url, total_rating, supplier_id) VALUES(4837, 'Gel Bôi Trơn Tinh Trùng Nhật Bản 150g', 'Gel Bôi Trơn Tinh Trùng Nhật Bản 150g', '<pre>Tăng độ trơn mượt khi QH, tăng hưng phấn và giảm tổn thương DV
Dạng: gel sệt
Dễ dàng vệ sinh.</pre>', 48, 'Cokelife', 'USED', 3.6318088872388135, 66, 250000, 50, 5.0, 'https://vn-test-11.slatic.net/p/5/gel-boi-tron-tinh-trung-nhat-ban-150g-5705-47698203-959f486f37aa3e1c50ad10b8e53371ad-catalog.jpg;https://vn-test-11.slatic.net/p/5/gel-boi-tron-tinh-trung-nhat-ban-150g-5705-47698203-885ae1b99dccd68bbe44d9f09b6cea86-catalog.jpg;https://vn-test-11.slatic.net/p/5/gel-boi-tron-tinh-trung-nhat-ban-150g-5705-47698203-016ee4c91923cf8afa34ebb81981351b-catalog.jpg;', 4, 2);

INSERT INTO review (id, product_id, reviewer, rating, `comment`) VALUES(48370, 4837, 'Lazada Customer', 3, 'sản phẩm tốt! cám ơn shop');

INSERT INTO review (id, product_id, reviewer, rating, `comment`) VALUES(48371, 4837, 'Lazada Customer', 4, 'Rất êm nha');

INSERT INTO review (id, product_id, reviewer, rating, `comment`) VALUES(48372, 4837, 'Lazada Customer', 3, 'tốt');

INSERT INTO product (id, name, short_desc, full_desc, category_id, brand_name, status, weight, available_item, unit_price, discount_percent, avg_rating, img_url, total_rating, supplier_id) VALUES(4838, 'Máy Cạo Râu Panasonic Es6850 (Trắng Phối Xanh)', 'Máy Cạo Râu Panasonic Es6850 (Trắng Phối Xanh)', '<pre>Máy cạo dâu đa năng,giúp phái mạnh có thể dễ dàng cạo dâu mà không phải mất nhiều thời gian.có thể mang đi mọi nơi kể cả những nơi không có điện, với thời gian pin sử dụng lâu dài, cùng với tuổi thọ phụ kiện cực lâu…– Nhãn hiệu:chính hãng
– Mã sản phẩm:ES6850
– Loại: máy cạo râu khô sử dụng pin
– Năng lượng sử dụng: 2 pin AA
– Màu sắc: xanh phối bạc
– Kích thước sản phẩm: 11 cm x 6 cm x 4.2 cm
– Trọng lượng đóng gói: 150 g– Sản xuất tại: Thái Lan– Bảo hành 12 tháng toàn quốc tại bất cứ chi nhánh</pre>', 48, 'Panasonic', 'NEW', 5.233133849869904, 10, 180000, 50, 4.4, 'https://vn-test-11.slatic.net/p/5/may-cao-rau-panasonic-es6850-trang-phoi-xanh-8663-95792422-b711d0c060d0a131963ece11cbe7b2bb-catalog.jpg;https://vn-test-11.slatic.net/original/853c6cdb1ffeb90e23dcc75bd8002342.jpg;https://vn-test-11.slatic.net/original/19e28ee3a22d420a20f8348884aca2b0.jpg;', 66, 3);

INSERT INTO review (id, product_id, reviewer, rating, `comment`) VALUES(48380, 4838, 'Huy', 2, 'dùng rất tốt và ko bị đau khi cạo râu');

INSERT INTO review (id, product_id, reviewer, rating, `comment`) VALUES(48381, 4838, 'Đình T.', 0, 'Đã nhận 
Máy xài rất tốt
Mình cạo ngày 1 mà râu cứng nữa nên sợ nhanh hỏng lưỡi
Nên kinh doanh thêm lưỡi nữa mới ok');

INSERT INTO review (id, product_id, reviewer, rating, `comment`) VALUES(48382, 4838, 'Lương T.', 0, 'Hàng giao nhanh. Chất lượng sản phẩm tốt với giá rẻ, máy cạo nhanh, chạy pin AA hết có thể thay luôn. Có lưỡi dao phụ đi kèm nữa thì tốt.');

INSERT INTO review (id, product_id, reviewer, rating, `comment`) VALUES(48383, 4838, 'Lazada Customer', 2, 'máy dùng rất ok!');

INSERT INTO review (id, product_id, reviewer, rating, `comment`) VALUES(48384, 4838, 'Trương T.', 0, 'cạo không êm');

INSERT INTO product (id, name, short_desc, full_desc, category_id, brand_name, status, weight, available_item, unit_price, discount_percent, avg_rating, img_url, total_rating, supplier_id) VALUES(4839, 'Serum mọc râu, lông tóc THAILAND Snor', 'Serum mọc râu, lông tóc THAILAND Snor', '<pre>Thuốc snor chính hãng thái lan.
- Mọc râu, lông, là liệu trình kích thích mọc râu, lông, hiệu quả nhất hiện nay, giúp chân râu, lông, bền vững, không gãy rụng sau khi ngưng sử dụng.
- Sản phẩm kích thích phát triển lông, được sản xuất tại Thái Lan. Giúp lông, râu… mọc dày và rậm rạp tự nhiên. Thừa hưởng một đôi mày dày, mái khỏe và hàm râu đẹp, khoẻ mạnh đó là một điều tuyệt vời và ước mơ của nhiều người.
Công dụng:
- Kích thích râu… phát triển đều và tự nhiên..
- Râu mọc rậm và dài sau 2 tuần
- Cung cấp protein giúp sợi lông, tóc, râu cứng cáp khỏe mạnh
- Xuất xứ: Thái Lan.
- Hạn sử dụng 2020
#mocrau, #thuocmocrau, #rautochanmay, #snor, #thuockichthicmocrautoc, #râu, #tóc, #chanmay, #serummocrau, #Minoxidil, #NAKASHIMA , #daufgoi, #serummoctoc, #kichthicmoctoc, #tritrungtoc, #snor, #snorthailan, #thuocsnor</pre>', 48, 'No Brand', 'USED', 6.732999567050191, 86, 76000, 50, 5.0, 'https://vn-test-11.slatic.net/p/9c9bbc7b1e5a3783f913c43710713927.jpg;https://vn-test-11.slatic.net/p/8f9ee0c18051ca68f1b4c0fe1b504af9.jpg;https://vn-test-11.slatic.net/p/9ace473aca4a346937b3d3864234fe21.jpg;https://vn-test-11.slatic.net/p/e0be0c7790ae1ee72eb571fd08cd60ba.jpg;', 5, 7);

INSERT INTO review (id, product_id, reviewer, rating, `comment`) VALUES(48390, 4839, 'Vô D.', 4, 'SP. giao hàng nhanh');

INSERT INTO review (id, product_id, reviewer, rating, `comment`) VALUES(48391, 4839, 'mai V.', 2, 'sản phẩm dùng rất ok');

INSERT INTO review (id, product_id, reviewer, rating, `comment`) VALUES(48392, 4839, 'Vân A.', 4, 'Giao hàng nhanh, uy tín chất lượng.');

INSERT INTO role (id, role) VALUES(1, 'MEMBER');

update product set discount_price = (unit_price - ((unit_price*discount_percent)/100));

update cart set updated_date = current_date;
update category set updated_date = current_date;
update product set updated_date = current_date;
update review set updated_date = current_date;
update supplier set updated_date = current_date;
update `user` set updated_date = current_date;
update user_token set updated_date = current_date;

update cart set version = 0;
update category set version = 0;
update product set version = 0;
update review set version = 0;
update supplier set version = 0;
update `user` set version = 0;
update user_token set version = 0
